route;date;hour;prediction
1;2025-11-01;0;5
1;2025-11-01;1;0
1;2025-11-01;2;0
1;2025-11-01;3;0
1;2025-11-01;4;8
1;2025-11-01;5;143
1;2025-11-01;6;523
1;2025-11-01;7;1523
1;2025-11-01;8;1889
1;2025-11-01;9;1423
1;2025-11-01;10;1328
1;2025-11-01;11;1404
1;2025-11-01;12;1376
1;2025-11-01;13;1436
1;2025-11-01;14;1368
1;2025-11-01;15;1529
1;2025-11-01;16;1608
1;2025-11-01;17;1783
1;2025-11-01;18;1587
1;2025-11-01;19;1209
1;2025-11-01;20;822
1;2025-11-01;21;506
1;2025-11-01;22;252
1;2025-11-01;23;53
1;2025-11-02;0;0
1;2025-11-02;1;0
1;2025-11-02;2;0
1;2025-11-02;3;0
1;2025-11-02;4;0
1;2025-11-02;5;29
1;2025-11-02;6;138
1;2025-11-02;7;274
1;2025-11-02;8;373
1;2025-11-02;9;631
1;2025-11-02;10;716
1;2025-11-02;11;703
1;2025-11-02;12;882
1;2025-11-02;13;919
1;2025-11-02;14;823
1;2025-11-02;15;764
1;2025-11-02;16;704
1;2025-11-02;17;651
1;2025-11-02;18;590
1;2025-11-02;19;506
1;2025-11-02;20;381
1;2025-11-02;21;293
1;2025-11-02;22;120
1;2025-11-02;23;34
1;2025-11-03;0;0
1;2025-11-03;1;0
1;2025-11-03;2;0
1;2025-11-03;3;0
1;2025-11-03;4;0
1;2025-11-03;5;28
1;2025-11-03;6;133
1;2025-11-03;7;262
1;2025-11-03;8;358
1;2025-11-03;9;604
1;2025-11-03;10;686
1;2025-11-03;11;674
1;2025-11-03;12;845
1;2025-11-03;13;880
1;2025-11-03;14;789
1;2025-11-03;15;732
1;2025-11-03;16;674
1;2025-11-03;17;624
1;2025-11-03;18;565
1;2025-11-03;19;485
1;2025-11-03;20;365
1;2025-11-03;21;281
1;2025-11-03;22;115
1;2025-11-03;23;32
1;2025-11-04;0;0
1;2025-11-04;1;0
1;2025-11-04;2;0
1;2025-11-04;3;0
1;2025-11-04;4;0
1;2025-11-04;5;28
1;2025-11-04;6;137
1;2025-11-04;7;270
1;2025-11-04;8;369
1;2025-11-04;9;623
1;2025-11-04;10;707
1;2025-11-04;11;694
1;2025-11-04;12;871
1;2025-11-04;13;907
1;2025-11-04;14;813
1;2025-11-04;15;754
1;2025-11-04;16;695
1;2025-11-04;17;643
1;2025-11-04;18;583
1;2025-11-04;19;500
1;2025-11-04;20;376
1;2025-11-04;21;290
1;2025-11-04;22;118
1;2025-11-04;23;33
1;2025-11-05;0;4
1;2025-11-05;1;0
1;2025-11-05;2;0
1;2025-11-05;3;0
1;2025-11-05;4;9
1;2025-11-05;5;139
1;2025-11-05;6;553
1;2025-11-05;7;1519
1;2025-11-05;8;1933
1;2025-11-05;9;1429
1;2025-11-05;10;1312
1;2025-11-05;11;1330
1;2025-11-05;12;1356
1;2025-11-05;13;1426
1;2025-11-05;14;1355
1;2025-11-05;15;1478
1;2025-11-05;16;1490
1;2025-11-05;17;1773
1;2025-11-05;18;1792
1;2025-11-05;19;1377
1;2025-11-05;20;912
1;2025-11-05;21;488
1;2025-11-05;22;249
1;2025-11-05;23;44
1;2025-11-06;0;5
1;2025-11-06;1;0
1;2025-11-06;2;0
1;2025-11-06;3;0
1;2025-11-06;4;8
1;2025-11-06;5;131
1;2025-11-06;6;518
1;2025-11-06;7;1498
1;2025-11-06;8;1971
1;2025-11-06;9;1454
1;2025-11-06;10;1329
1;2025-11-06;11;1333
1;2025-11-06;12;1395
1;2025-11-06;13;1422
1;2025-11-06;14;1389
1;2025-11-06;15;1521
1;2025-11-06;16;1533
1;2025-11-06;17;1784
1;2025-11-06;18;1801
1;2025-11-06;19;1354
1;2025-11-06;20;897
1;2025-11-06;21;489
1;2025-11-06;22;235
1;2025-11-06;23;51
1;2025-11-07;0;5
1;2025-11-07;1;0
1;2025-11-07;2;0
1;2025-11-07;3;0
1;2025-11-07;4;8
1;2025-11-07;5;142
1;2025-11-07;6;519
1;2025-11-07;7;1512
1;2025-11-07;8;1876
1;2025-11-07;9;1412
1;2025-11-07;10;1318
1;2025-11-07;11;1394
1;2025-11-07;12;1366
1;2025-11-07;13;1426
1;2025-11-07;14;1358
1;2025-11-07;15;1518
1;2025-11-07;16;1597
1;2025-11-07;17;1771
1;2025-11-07;18;1575
1;2025-11-07;19;1201
1;2025-11-07;20;816
1;2025-11-07;21;502
1;2025-11-07;22;250
1;2025-11-07;23;53
1;2025-11-08;0;5
1;2025-11-08;1;0
1;2025-11-08;2;0
1;2025-11-08;3;0
1;2025-11-08;4;0
1;2025-11-08;5;33
1;2025-11-08;6;172
1;2025-11-08;7;338
1;2025-11-08;8;476
1;2025-11-08;9;736
1;2025-11-08;10;868
1;2025-11-08;11;806
1;2025-11-08;12;980
1;2025-11-08;13;1021
1;2025-11-08;14;949
1;2025-11-08;15;823
1;2025-11-08;16;758
1;2025-11-08;17;704
1;2025-11-08;18;641
1;2025-11-08;19;582
1;2025-11-08;20;428
1;2025-11-08;21;313
1;2025-11-08;22;143
1;2025-11-08;23;33
1;2025-11-09;0;0
1;2025-11-09;1;0
1;2025-11-09;2;0
1;2025-11-09;3;0
1;2025-11-09;4;0
1;2025-11-09;5;29
1;2025-11-09;6;138
1;2025-11-09;7;274
1;2025-11-09;8;373
1;2025-11-09;9;631
1;2025-11-09;10;716
1;2025-11-09;11;703
1;2025-11-09;12;882
1;2025-11-09;13;919
1;2025-11-09;14;823
1;2025-11-09;15;764
1;2025-11-09;16;704
1;2025-11-09;17;651
1;2025-11-09;18;590
1;2025-11-09;19;506
1;2025-11-09;20;381
1;2025-11-09;21;293
1;2025-11-09;22;120
1;2025-11-09;23;34
1;2025-11-10;0;0
1;2025-11-10;1;0
1;2025-11-10;2;0
1;2025-11-10;3;0
1;2025-11-10;4;9
1;2025-11-10;5;135
1;2025-11-10;6;531
1;2025-11-10;7;1472
1;2025-11-10;8;1878
1;2025-11-10;9;1388
1;2025-11-10;10;1224
1;2025-11-10;11;1264
1;2025-11-10;12;1313
1;2025-11-10;13;1334
1;2025-11-10;14;1309
1;2025-11-10;15;1451
1;2025-11-10;16;1532
1;2025-11-10;17;1774
1;2025-11-10;18;1874
1;2025-11-10;19;1408
1;2025-11-10;20;887
1;2025-11-10;21;476
1;2025-11-10;22;212
1;2025-11-10;23;39
1;2025-11-11;0;3
1;2025-11-11;1;0
1;2025-11-11;2;0
1;2025-11-11;3;0
1;2025-11-11;4;7
1;2025-11-11;5;137
1;2025-11-11;6;557
1;2025-11-11;7;1589
1;2025-11-11;8;1946
1;2025-11-11;9;1505
1;2025-11-11;10;1342
1;2025-11-11;11;1348
1;2025-11-11;12;1382
1;2025-11-11;13;1405
1;2025-11-11;14;1335
1;2025-11-11;15;1453
1;2025-11-11;16;1469
1;2025-11-11;17;1767
1;2025-11-11;18;1802
1;2025-11-11;19;1433
1;2025-11-11;20;909
1;2025-11-11;21;491
1;2025-11-11;22;238
1;2025-11-11;23;44
1;2025-11-12;0;4
1;2025-11-12;1;0
1;2025-11-12;2;0
1;2025-11-12;3;0
1;2025-11-12;4;9
1;2025-11-12;5;139
1;2025-11-12;6;553
1;2025-11-12;7;1519
1;2025-11-12;8;1933
1;2025-11-12;9;1429
1;2025-11-12;10;1312
1;2025-11-12;11;1330
1;2025-11-12;12;1356
1;2025-11-12;13;1426
1;2025-11-12;14;1355
1;2025-11-12;15;1478
1;2025-11-12;16;1490
1;2025-11-12;17;1773
1;2025-11-12;18;1792
1;2025-11-12;19;1377
1;2025-11-12;20;912
1;2025-11-12;21;488
1;2025-11-12;22;249
1;2025-11-12;23;44
1;2025-11-13;0;5
1;2025-11-13;1;0
1;2025-11-13;2;0
1;2025-11-13;3;0
1;2025-11-13;4;8
1;2025-11-13;5;131
1;2025-11-13;6;518
1;2025-11-13;7;1498
1;2025-11-13;8;1971
1;2025-11-13;9;1454
1;2025-11-13;10;1329
1;2025-11-13;11;1333
1;2025-11-13;12;1395
1;2025-11-13;13;1422
1;2025-11-13;14;1389
1;2025-11-13;15;1521
1;2025-11-13;16;1533
1;2025-11-13;17;1784
1;2025-11-13;18;1801
1;2025-11-13;19;1354
1;2025-11-13;20;897
1;2025-11-13;21;489
1;2025-11-13;22;235
1;2025-11-13;23;51
1;2025-11-14;0;5
1;2025-11-14;1;0
1;2025-11-14;2;0
1;2025-11-14;3;0
1;2025-11-14;4;8
1;2025-11-14;5;142
1;2025-11-14;6;519
1;2025-11-14;7;1512
1;2025-11-14;8;1876
1;2025-11-14;9;1412
1;2025-11-14;10;1318
1;2025-11-14;11;1394
1;2025-11-14;12;1366
1;2025-11-14;13;1426
1;2025-11-14;14;1358
1;2025-11-14;15;1518
1;2025-11-14;16;1597
1;2025-11-14;17;1771
1;2025-11-14;18;1575
1;2025-11-14;19;1201
1;2025-11-14;20;816
1;2025-11-14;21;502
1;2025-11-14;22;250
1;2025-11-14;23;53
1;2025-11-15;0;5
1;2025-11-15;1;0
1;2025-11-15;2;0
1;2025-11-15;3;0
1;2025-11-15;4;0
1;2025-11-15;5;33
1;2025-11-15;6;172
1;2025-11-15;7;338
1;2025-11-15;8;476
1;2025-11-15;9;736
1;2025-11-15;10;868
1;2025-11-15;11;806
1;2025-11-15;12;980
1;2025-11-15;13;1021
1;2025-11-15;14;949
1;2025-11-15;15;823
1;2025-11-15;16;758
1;2025-11-15;17;704
1;2025-11-15;18;641
1;2025-11-15;19;582
1;2025-11-15;20;428
1;2025-11-15;21;313
1;2025-11-15;22;143
1;2025-11-15;23;33
1;2025-11-16;0;0
1;2025-11-16;1;0
1;2025-11-16;2;0
1;2025-11-16;3;0
1;2025-11-16;4;0
1;2025-11-16;5;29
1;2025-11-16;6;138
1;2025-11-16;7;274
1;2025-11-16;8;373
1;2025-11-16;9;631
1;2025-11-16;10;716
1;2025-11-16;11;703
1;2025-11-16;12;882
1;2025-11-16;13;919
1;2025-11-16;14;823
1;2025-11-16;15;764
1;2025-11-16;16;704
1;2025-11-16;17;651
1;2025-11-16;18;590
1;2025-11-16;19;506
1;2025-11-16;20;381
1;2025-11-16;21;293
1;2025-11-16;22;120
1;2025-11-16;23;34
1;2025-11-17;0;0
1;2025-11-17;1;0
1;2025-11-17;2;0
1;2025-11-17;3;0
1;2025-11-17;4;9
1;2025-11-17;5;135
1;2025-11-17;6;531
1;2025-11-17;7;1472
1;2025-11-17;8;1878
1;2025-11-17;9;1388
1;2025-11-17;10;1224
1;2025-11-17;11;1264
1;2025-11-17;12;1313
1;2025-11-17;13;1334
1;2025-11-17;14;1309
1;2025-11-17;15;1451
1;2025-11-17;16;1532
1;2025-11-17;17;1774
1;2025-11-17;18;1874
1;2025-11-17;19;1408
1;2025-11-17;20;887
1;2025-11-17;21;476
1;2025-11-17;22;212
1;2025-11-17;23;39
1;2025-11-18;0;3
1;2025-11-18;1;0
1;2025-11-18;2;0
1;2025-11-18;3;0
1;2025-11-18;4;7
1;2025-11-18;5;137
1;2025-11-18;6;557
1;2025-11-18;7;1589
1;2025-11-18;8;1946
1;2025-11-18;9;1505
1;2025-11-18;10;1342
1;2025-11-18;11;1348
1;2025-11-18;12;1382
1;2025-11-18;13;1405
1;2025-11-18;14;1335
1;2025-11-18;15;1453
1;2025-11-18;16;1469
1;2025-11-18;17;1767
1;2025-11-18;18;1802
1;2025-11-18;19;1433
1;2025-11-18;20;909
1;2025-11-18;21;491
1;2025-11-18;22;238
1;2025-11-18;23;44
1;2025-11-19;0;4
1;2025-11-19;1;0
1;2025-11-19;2;0
1;2025-11-19;3;0
1;2025-11-19;4;9
1;2025-11-19;5;139
1;2025-11-19;6;553
1;2025-11-19;7;1519
1;2025-11-19;8;1933
1;2025-11-19;9;1429
1;2025-11-19;10;1312
1;2025-11-19;11;1330
1;2025-11-19;12;1356
1;2025-11-19;13;1426
1;2025-11-19;14;1355
1;2025-11-19;15;1478
1;2025-11-19;16;1490
1;2025-11-19;17;1773
1;2025-11-19;18;1792
1;2025-11-19;19;1377
1;2025-11-19;20;912
1;2025-11-19;21;488
1;2025-11-19;22;249
1;2025-11-19;23;44
1;2025-11-20;0;5
1;2025-11-20;1;0
1;2025-11-20;2;0
1;2025-11-20;3;0
1;2025-11-20;4;8
1;2025-11-20;5;131
1;2025-11-20;6;518
1;2025-11-20;7;1498
1;2025-11-20;8;1971
1;2025-11-20;9;1454
1;2025-11-20;10;1329
1;2025-11-20;11;1333
1;2025-11-20;12;1395
1;2025-11-20;13;1422
1;2025-11-20;14;1389
1;2025-11-20;15;1521
1;2025-11-20;16;1533
1;2025-11-20;17;1784
1;2025-11-20;18;1801
1;2025-11-20;19;1354
1;2025-11-20;20;897
1;2025-11-20;21;489
1;2025-11-20;22;235
1;2025-11-20;23;51
1;2025-11-21;0;5
1;2025-11-21;1;0
1;2025-11-21;2;0
1;2025-11-21;3;0
1;2025-11-21;4;8
1;2025-11-21;5;142
1;2025-11-21;6;519
1;2025-11-21;7;1512
1;2025-11-21;8;1876
1;2025-11-21;9;1412
1;2025-11-21;10;1318
1;2025-11-21;11;1394
1;2025-11-21;12;1366
1;2025-11-21;13;1426
1;2025-11-21;14;1358
1;2025-11-21;15;1518
1;2025-11-21;16;1597
1;2025-11-21;17;1771
1;2025-11-21;18;1575
1;2025-11-21;19;1201
1;2025-11-21;20;816
1;2025-11-21;21;502
1;2025-11-21;22;250
1;2025-11-21;23;53
1;2025-11-22;0;5
1;2025-11-22;1;0
1;2025-11-22;2;0
1;2025-11-22;3;0
1;2025-11-22;4;0
1;2025-11-22;5;33
1;2025-11-22;6;172
1;2025-11-22;7;338
1;2025-11-22;8;476
1;2025-11-22;9;736
1;2025-11-22;10;868
1;2025-11-22;11;806
1;2025-11-22;12;980
1;2025-11-22;13;1021
1;2025-11-22;14;949
1;2025-11-22;15;823
1;2025-11-22;16;758
1;2025-11-22;17;704
1;2025-11-22;18;641
1;2025-11-22;19;582
1;2025-11-22;20;428
1;2025-11-22;21;313
1;2025-11-22;22;143
1;2025-11-22;23;33
1;2025-11-23;0;0
1;2025-11-23;1;0
1;2025-11-23;2;0
1;2025-11-23;3;0
1;2025-11-23;4;0
1;2025-11-23;5;29
1;2025-11-23;6;138
1;2025-11-23;7;274
1;2025-11-23;8;373
1;2025-11-23;9;631
1;2025-11-23;10;716
1;2025-11-23;11;703
1;2025-11-23;12;882
1;2025-11-23;13;919
1;2025-11-23;14;823
1;2025-11-23;15;764
1;2025-11-23;16;704
1;2025-11-23;17;651
1;2025-11-23;18;590
1;2025-11-23;19;506
1;2025-11-23;20;381
1;2025-11-23;21;293
1;2025-11-23;22;120
1;2025-11-23;23;34
1;2025-11-24;0;0
1;2025-11-24;1;0
1;2025-11-24;2;0
1;2025-11-24;3;0
1;2025-11-24;4;9
1;2025-11-24;5;135
1;2025-11-24;6;531
1;2025-11-24;7;1472
1;2025-11-24;8;1878
1;2025-11-24;9;1388
1;2025-11-24;10;1224
1;2025-11-24;11;1264
1;2025-11-24;12;1313
1;2025-11-24;13;1334
1;2025-11-24;14;1309
1;2025-11-24;15;1451
1;2025-11-24;16;1532
1;2025-11-24;17;1774
1;2025-11-24;18;1874
1;2025-11-24;19;1408
1;2025-11-24;20;887
1;2025-11-24;21;476
1;2025-11-24;22;212
1;2025-11-24;23;39
1;2025-11-25;0;3
1;2025-11-25;1;0
1;2025-11-25;2;0
1;2025-11-25;3;0
1;2025-11-25;4;7
1;2025-11-25;5;137
1;2025-11-25;6;557
1;2025-11-25;7;1589
1;2025-11-25;8;1946
1;2025-11-25;9;1505
1;2025-11-25;10;1342
1;2025-11-25;11;1348
1;2025-11-25;12;1382
1;2025-11-25;13;1405
1;2025-11-25;14;1335
1;2025-11-25;15;1453
1;2025-11-25;16;1469
1;2025-11-25;17;1767
1;2025-11-25;18;1802
1;2025-11-25;19;1433
1;2025-11-25;20;909
1;2025-11-25;21;491
1;2025-11-25;22;238
1;2025-11-25;23;44
1;2025-11-26;0;4
1;2025-11-26;1;0
1;2025-11-26;2;0
1;2025-11-26;3;0
1;2025-11-26;4;9
1;2025-11-26;5;139
1;2025-11-26;6;553
1;2025-11-26;7;1519
1;2025-11-26;8;1933
1;2025-11-26;9;1429
1;2025-11-26;10;1312
1;2025-11-26;11;1330
1;2025-11-26;12;1356
1;2025-11-26;13;1426
1;2025-11-26;14;1355
1;2025-11-26;15;1478
1;2025-11-26;16;1490
1;2025-11-26;17;1773
1;2025-11-26;18;1792
1;2025-11-26;19;1377
1;2025-11-26;20;912
1;2025-11-26;21;488
1;2025-11-26;22;249
1;2025-11-26;23;44
1;2025-11-27;0;5
1;2025-11-27;1;0
1;2025-11-27;2;0
1;2025-11-27;3;0
1;2025-11-27;4;8
1;2025-11-27;5;131
1;2025-11-27;6;518
1;2025-11-27;7;1498
1;2025-11-27;8;1971
1;2025-11-27;9;1454
1;2025-11-27;10;1329
1;2025-11-27;11;1333
1;2025-11-27;12;1395
1;2025-11-27;13;1422
1;2025-11-27;14;1389
1;2025-11-27;15;1521
1;2025-11-27;16;1533
1;2025-11-27;17;1784
1;2025-11-27;18;1801
1;2025-11-27;19;1354
1;2025-11-27;20;897
1;2025-11-27;21;489
1;2025-11-27;22;235
1;2025-11-27;23;51
1;2025-11-28;0;5
1;2025-11-28;1;0
1;2025-11-28;2;0
1;2025-11-28;3;0
1;2025-11-28;4;8
1;2025-11-28;5;142
1;2025-11-28;6;519
1;2025-11-28;7;1512
1;2025-11-28;8;1876
1;2025-11-28;9;1412
1;2025-11-28;10;1318
1;2025-11-28;11;1394
1;2025-11-28;12;1366
1;2025-11-28;13;1426
1;2025-11-28;14;1358
1;2025-11-28;15;1518
1;2025-11-28;16;1597
1;2025-11-28;17;1771
1;2025-11-28;18;1575
1;2025-11-28;19;1201
1;2025-11-28;20;816
1;2025-11-28;21;502
1;2025-11-28;22;250
1;2025-11-28;23;53
1;2025-11-29;0;5
1;2025-11-29;1;0
1;2025-11-29;2;0
1;2025-11-29;3;0
1;2025-11-29;4;0
1;2025-11-29;5;33
1;2025-11-29;6;172
1;2025-11-29;7;338
1;2025-11-29;8;476
1;2025-11-29;9;736
1;2025-11-29;10;868
1;2025-11-29;11;806
1;2025-11-29;12;980
1;2025-11-29;13;1021
1;2025-11-29;14;949
1;2025-11-29;15;823
1;2025-11-29;16;758
1;2025-11-29;17;704
1;2025-11-29;18;641
1;2025-11-29;19;582
1;2025-11-29;20;428
1;2025-11-29;21;313
1;2025-11-29;22;143
1;2025-11-29;23;33
1;2025-11-30;0;0
1;2025-11-30;1;0
1;2025-11-30;2;0
1;2025-11-30;3;0
1;2025-11-30;4;0
1;2025-11-30;5;29
1;2025-11-30;6;138
1;2025-11-30;7;274
1;2025-11-30;8;373
1;2025-11-30;9;631
1;2025-11-30;10;716
1;2025-11-30;11;703
1;2025-11-30;12;882
1;2025-11-30;13;919
1;2025-11-30;14;823
1;2025-11-30;15;764
1;2025-11-30;16;704
1;2025-11-30;17;651
1;2025-11-30;18;590
1;2025-11-30;19;506
1;2025-11-30;20;381
1;2025-11-30;21;293
1;2025-11-30;22;120
1;2025-11-30;23;34
1;2025-12-01;0;0
1;2025-12-01;1;0
1;2025-12-01;2;0
1;2025-12-01;3;0
1;2025-12-01;4;9
1;2025-12-01;5;135
1;2025-12-01;6;531
1;2025-12-01;7;1472
1;2025-12-01;8;1878
1;2025-12-01;9;1388
1;2025-12-01;10;1224
1;2025-12-01;11;1264
1;2025-12-01;12;1313
1;2025-12-01;13;1334
1;2025-12-01;14;1309
1;2025-12-01;15;1451
1;2025-12-01;16;1532
1;2025-12-01;17;1774
1;2025-12-01;18;1874
1;2025-12-01;19;1408
1;2025-12-01;20;887
1;2025-12-01;21;476
1;2025-12-01;22;212
1;2025-12-01;23;39
1;2025-12-02;0;3
1;2025-12-02;1;0
1;2025-12-02;2;0
1;2025-12-02;3;0
1;2025-12-02;4;7
1;2025-12-02;5;137
1;2025-12-02;6;557
1;2025-12-02;7;1589
1;2025-12-02;8;1946
1;2025-12-02;9;1505
1;2025-12-02;10;1342
1;2025-12-02;11;1348
1;2025-12-02;12;1382
1;2025-12-02;13;1405
1;2025-12-02;14;1335
1;2025-12-02;15;1453
1;2025-12-02;16;1469
1;2025-12-02;17;1767
1;2025-12-02;18;1802
1;2025-12-02;19;1433
1;2025-12-02;20;909
1;2025-12-02;21;491
1;2025-12-02;22;238
1;2025-12-02;23;44
1;2025-12-03;0;4
1;2025-12-03;1;0
1;2025-12-03;2;0
1;2025-12-03;3;0
1;2025-12-03;4;9
1;2025-12-03;5;139
1;2025-12-03;6;553
1;2025-12-03;7;1519
1;2025-12-03;8;1933
1;2025-12-03;9;1429
1;2025-12-03;10;1312
1;2025-12-03;11;1330
1;2025-12-03;12;1356
1;2025-12-03;13;1426
1;2025-12-03;14;1355
1;2025-12-03;15;1478
1;2025-12-03;16;1490
1;2025-12-03;17;1773
1;2025-12-03;18;1792
1;2025-12-03;19;1377
1;2025-12-03;20;912
1;2025-12-03;21;488
1;2025-12-03;22;249
1;2025-12-03;23;44
1;2025-12-04;0;5
1;2025-12-04;1;0
1;2025-12-04;2;0
1;2025-12-04;3;0
1;2025-12-04;4;8
1;2025-12-04;5;131
1;2025-12-04;6;518
1;2025-12-04;7;1498
1;2025-12-04;8;1971
1;2025-12-04;9;1454
1;2025-12-04;10;1329
1;2025-12-04;11;1333
1;2025-12-04;12;1395
1;2025-12-04;13;1422
1;2025-12-04;14;1389
1;2025-12-04;15;1521
1;2025-12-04;16;1533
1;2025-12-04;17;1784
1;2025-12-04;18;1801
1;2025-12-04;19;1354
1;2025-12-04;20;897
1;2025-12-04;21;489
1;2025-12-04;22;235
1;2025-12-04;23;51
1;2025-12-05;0;5
1;2025-12-05;1;0
1;2025-12-05;2;0
1;2025-12-05;3;0
1;2025-12-05;4;8
1;2025-12-05;5;142
1;2025-12-05;6;519
1;2025-12-05;7;1512
1;2025-12-05;8;1876
1;2025-12-05;9;1412
1;2025-12-05;10;1318
1;2025-12-05;11;1394
1;2025-12-05;12;1366
1;2025-12-05;13;1426
1;2025-12-05;14;1358
1;2025-12-05;15;1518
1;2025-12-05;16;1597
1;2025-12-05;17;1771
1;2025-12-05;18;1575
1;2025-12-05;19;1201
1;2025-12-05;20;816
1;2025-12-05;21;502
1;2025-12-05;22;250
1;2025-12-05;23;53
1;2025-12-06;0;5
1;2025-12-06;1;0
1;2025-12-06;2;0
1;2025-12-06;3;0
1;2025-12-06;4;0
1;2025-12-06;5;33
1;2025-12-06;6;172
1;2025-12-06;7;338
1;2025-12-06;8;476
1;2025-12-06;9;736
1;2025-12-06;10;868
1;2025-12-06;11;806
1;2025-12-06;12;980
1;2025-12-06;13;1021
1;2025-12-06;14;949
1;2025-12-06;15;823
1;2025-12-06;16;758
1;2025-12-06;17;704
1;2025-12-06;18;641
1;2025-12-06;19;582
1;2025-12-06;20;428
1;2025-12-06;21;313
1;2025-12-06;22;143
1;2025-12-06;23;33
1;2025-12-07;0;0
1;2025-12-07;1;0
1;2025-12-07;2;0
1;2025-12-07;3;0
1;2025-12-07;4;0
1;2025-12-07;5;29
1;2025-12-07;6;138
1;2025-12-07;7;274
1;2025-12-07;8;373
1;2025-12-07;9;631
1;2025-12-07;10;716
1;2025-12-07;11;703
1;2025-12-07;12;882
1;2025-12-07;13;919
1;2025-12-07;14;823
1;2025-12-07;15;764
1;2025-12-07;16;704
1;2025-12-07;17;651
1;2025-12-07;18;590
1;2025-12-07;19;506
1;2025-12-07;20;381
1;2025-12-07;21;293
1;2025-12-07;22;120
1;2025-12-07;23;34
1;2025-12-08;0;0
1;2025-12-08;1;0
1;2025-12-08;2;0
1;2025-12-08;3;0
1;2025-12-08;4;9
1;2025-12-08;5;135
1;2025-12-08;6;531
1;2025-12-08;7;1472
1;2025-12-08;8;1878
1;2025-12-08;9;1388
1;2025-12-08;10;1224
1;2025-12-08;11;1264
1;2025-12-08;12;1313
1;2025-12-08;13;1334
1;2025-12-08;14;1309
1;2025-12-08;15;1451
1;2025-12-08;16;1532
1;2025-12-08;17;1774
1;2025-12-08;18;1874
1;2025-12-08;19;1408
1;2025-12-08;20;887
1;2025-12-08;21;476
1;2025-12-08;22;212
1;2025-12-08;23;39
1;2025-12-09;0;3
1;2025-12-09;1;0
1;2025-12-09;2;0
1;2025-12-09;3;0
1;2025-12-09;4;7
1;2025-12-09;5;137
1;2025-12-09;6;557
1;2025-12-09;7;1589
1;2025-12-09;8;1946
1;2025-12-09;9;1505
1;2025-12-09;10;1342
1;2025-12-09;11;1348
1;2025-12-09;12;1382
1;2025-12-09;13;1405
1;2025-12-09;14;1335
1;2025-12-09;15;1453
1;2025-12-09;16;1469
1;2025-12-09;17;1767
1;2025-12-09;18;1802
1;2025-12-09;19;1433
1;2025-12-09;20;909
1;2025-12-09;21;491
1;2025-12-09;22;238
1;2025-12-09;23;44
1;2025-12-10;0;4
1;2025-12-10;1;0
1;2025-12-10;2;0
1;2025-12-10;3;0
1;2025-12-10;4;9
1;2025-12-10;5;139
1;2025-12-10;6;553
1;2025-12-10;7;1519
1;2025-12-10;8;1933
1;2025-12-10;9;1429
1;2025-12-10;10;1312
1;2025-12-10;11;1330
1;2025-12-10;12;1356
1;2025-12-10;13;1426
1;2025-12-10;14;1355
1;2025-12-10;15;1478
1;2025-12-10;16;1490
1;2025-12-10;17;1773
1;2025-12-10;18;1792
1;2025-12-10;19;1377
1;2025-12-10;20;912
1;2025-12-10;21;488
1;2025-12-10;22;249
1;2025-12-10;23;44
1;2025-12-11;0;5
1;2025-12-11;1;0
1;2025-12-11;2;0
1;2025-12-11;3;0
1;2025-12-11;4;8
1;2025-12-11;5;131
1;2025-12-11;6;518
1;2025-12-11;7;1498
1;2025-12-11;8;1971
1;2025-12-11;9;1454
1;2025-12-11;10;1329
1;2025-12-11;11;1333
1;2025-12-11;12;1395
1;2025-12-11;13;1422
1;2025-12-11;14;1389
1;2025-12-11;15;1521
1;2025-12-11;16;1533
1;2025-12-11;17;1784
1;2025-12-11;18;1801
1;2025-12-11;19;1354
1;2025-12-11;20;897
1;2025-12-11;21;489
1;2025-12-11;22;235
1;2025-12-11;23;51
1;2025-12-12;0;5
1;2025-12-12;1;0
1;2025-12-12;2;0
1;2025-12-12;3;0
1;2025-12-12;4;8
1;2025-12-12;5;142
1;2025-12-12;6;519
1;2025-12-12;7;1512
1;2025-12-12;8;1876
1;2025-12-12;9;1412
1;2025-12-12;10;1318
1;2025-12-12;11;1394
1;2025-12-12;12;1366
1;2025-12-12;13;1426
1;2025-12-12;14;1358
1;2025-12-12;15;1518
1;2025-12-12;16;1597
1;2025-12-12;17;1771
1;2025-12-12;18;1575
1;2025-12-12;19;1201
1;2025-12-12;20;816
1;2025-12-12;21;502
1;2025-12-12;22;250
1;2025-12-12;23;53
1;2025-12-13;0;5
1;2025-12-13;1;0
1;2025-12-13;2;0
1;2025-12-13;3;0
1;2025-12-13;4;0
1;2025-12-13;5;33
1;2025-12-13;6;172
1;2025-12-13;7;338
1;2025-12-13;8;476
1;2025-12-13;9;736
1;2025-12-13;10;868
1;2025-12-13;11;806
1;2025-12-13;12;980
1;2025-12-13;13;1021
1;2025-12-13;14;949
1;2025-12-13;15;823
1;2025-12-13;16;758
1;2025-12-13;17;704
1;2025-12-13;18;641
1;2025-12-13;19;582
1;2025-12-13;20;428
1;2025-12-13;21;313
1;2025-12-13;22;143
1;2025-12-13;23;33
1;2025-12-14;0;0
1;2025-12-14;1;0
1;2025-12-14;2;0
1;2025-12-14;3;0
1;2025-12-14;4;0
1;2025-12-14;5;29
1;2025-12-14;6;138
1;2025-12-14;7;274
1;2025-12-14;8;373
1;2025-12-14;9;631
1;2025-12-14;10;716
1;2025-12-14;11;703
1;2025-12-14;12;882
1;2025-12-14;13;919
1;2025-12-14;14;823
1;2025-12-14;15;764
1;2025-12-14;16;704
1;2025-12-14;17;651
1;2025-12-14;18;590
1;2025-12-14;19;506
1;2025-12-14;20;381
1;2025-12-14;21;293
1;2025-12-14;22;120
1;2025-12-14;23;34
1;2025-12-15;0;0
1;2025-12-15;1;0
1;2025-12-15;2;0
1;2025-12-15;3;0
1;2025-12-15;4;9
1;2025-12-15;5;135
1;2025-12-15;6;531
1;2025-12-15;7;1472
1;2025-12-15;8;1878
1;2025-12-15;9;1388
1;2025-12-15;10;1224
1;2025-12-15;11;1264
1;2025-12-15;12;1313
1;2025-12-15;13;1334
1;2025-12-15;14;1309
1;2025-12-15;15;1451
1;2025-12-15;16;1532
1;2025-12-15;17;1774
1;2025-12-15;18;1874
1;2025-12-15;19;1408
1;2025-12-15;20;887
1;2025-12-15;21;476
1;2025-12-15;22;212
1;2025-12-15;23;39
1;2025-12-16;0;3
1;2025-12-16;1;0
1;2025-12-16;2;0
1;2025-12-16;3;0
1;2025-12-16;4;7
1;2025-12-16;5;137
1;2025-12-16;6;557
1;2025-12-16;7;1589
1;2025-12-16;8;1946
1;2025-12-16;9;1505
1;2025-12-16;10;1342
1;2025-12-16;11;1348
1;2025-12-16;12;1382
1;2025-12-16;13;1405
1;2025-12-16;14;1335
1;2025-12-16;15;1453
1;2025-12-16;16;1469
1;2025-12-16;17;1767
1;2025-12-16;18;1802
1;2025-12-16;19;1433
1;2025-12-16;20;909
1;2025-12-16;21;491
1;2025-12-16;22;238
1;2025-12-16;23;44
1;2025-12-17;0;4
1;2025-12-17;1;0
1;2025-12-17;2;0
1;2025-12-17;3;0
1;2025-12-17;4;9
1;2025-12-17;5;139
1;2025-12-17;6;553
1;2025-12-17;7;1519
1;2025-12-17;8;1933
1;2025-12-17;9;1429
1;2025-12-17;10;1312
1;2025-12-17;11;1330
1;2025-12-17;12;1356
1;2025-12-17;13;1426
1;2025-12-17;14;1355
1;2025-12-17;15;1478
1;2025-12-17;16;1490
1;2025-12-17;17;1773
1;2025-12-17;18;1792
1;2025-12-17;19;1377
1;2025-12-17;20;912
1;2025-12-17;21;488
1;2025-12-17;22;249
1;2025-12-17;23;44
1;2025-12-18;0;5
1;2025-12-18;1;0
1;2025-12-18;2;0
1;2025-12-18;3;0
1;2025-12-18;4;8
1;2025-12-18;5;131
1;2025-12-18;6;518
1;2025-12-18;7;1498
1;2025-12-18;8;1971
1;2025-12-18;9;1454
1;2025-12-18;10;1329
1;2025-12-18;11;1333
1;2025-12-18;12;1395
1;2025-12-18;13;1422
1;2025-12-18;14;1389
1;2025-12-18;15;1521
1;2025-12-18;16;1533
1;2025-12-18;17;1784
1;2025-12-18;18;1801
1;2025-12-18;19;1354
1;2025-12-18;20;897
1;2025-12-18;21;489
1;2025-12-18;22;235
1;2025-12-18;23;51
1;2025-12-19;0;5
1;2025-12-19;1;0
1;2025-12-19;2;0
1;2025-12-19;3;0
1;2025-12-19;4;8
1;2025-12-19;5;142
1;2025-12-19;6;519
1;2025-12-19;7;1512
1;2025-12-19;8;1876
1;2025-12-19;9;1412
1;2025-12-19;10;1318
1;2025-12-19;11;1394
1;2025-12-19;12;1366
1;2025-12-19;13;1426
1;2025-12-19;14;1358
1;2025-12-19;15;1518
1;2025-12-19;16;1597
1;2025-12-19;17;1771
1;2025-12-19;18;1575
1;2025-12-19;19;1201
1;2025-12-19;20;816
1;2025-12-19;21;502
1;2025-12-19;22;250
1;2025-12-19;23;53
1;2025-12-20;0;5
1;2025-12-20;1;0
1;2025-12-20;2;0
1;2025-12-20;3;0
1;2025-12-20;4;0
1;2025-12-20;5;33
1;2025-12-20;6;172
1;2025-12-20;7;338
1;2025-12-20;8;476
1;2025-12-20;9;736
1;2025-12-20;10;868
1;2025-12-20;11;806
1;2025-12-20;12;980
1;2025-12-20;13;1021
1;2025-12-20;14;949
1;2025-12-20;15;823
1;2025-12-20;16;758
1;2025-12-20;17;704
1;2025-12-20;18;641
1;2025-12-20;19;582
1;2025-12-20;20;428
1;2025-12-20;21;313
1;2025-12-20;22;143
1;2025-12-20;23;33
1;2025-12-21;0;0
1;2025-12-21;1;0
1;2025-12-21;2;0
1;2025-12-21;3;0
1;2025-12-21;4;0
1;2025-12-21;5;29
1;2025-12-21;6;138
1;2025-12-21;7;274
1;2025-12-21;8;373
1;2025-12-21;9;631
1;2025-12-21;10;716
1;2025-12-21;11;703
1;2025-12-21;12;882
1;2025-12-21;13;919
1;2025-12-21;14;823
1;2025-12-21;15;764
1;2025-12-21;16;704
1;2025-12-21;17;651
1;2025-12-21;18;590
1;2025-12-21;19;506
1;2025-12-21;20;381
1;2025-12-21;21;293
1;2025-12-21;22;120
1;2025-12-21;23;34
1;2025-12-22;0;0
1;2025-12-22;1;0
1;2025-12-22;2;0
1;2025-12-22;3;0
1;2025-12-22;4;9
1;2025-12-22;5;135
1;2025-12-22;6;531
1;2025-12-22;7;1472
1;2025-12-22;8;1878
1;2025-12-22;9;1388
1;2025-12-22;10;1224
1;2025-12-22;11;1264
1;2025-12-22;12;1313
1;2025-12-22;13;1334
1;2025-12-22;14;1309
1;2025-12-22;15;1451
1;2025-12-22;16;1532
1;2025-12-22;17;1774
1;2025-12-22;18;1874
1;2025-12-22;19;1408
1;2025-12-22;20;887
1;2025-12-22;21;476
1;2025-12-22;22;212
1;2025-12-22;23;39
1;2025-12-23;0;3
1;2025-12-23;1;0
1;2025-12-23;2;0
1;2025-12-23;3;0
1;2025-12-23;4;7
1;2025-12-23;5;137
1;2025-12-23;6;557
1;2025-12-23;7;1589
1;2025-12-23;8;1946
1;2025-12-23;9;1505
1;2025-12-23;10;1342
1;2025-12-23;11;1348
1;2025-12-23;12;1382
1;2025-12-23;13;1405
1;2025-12-23;14;1335
1;2025-12-23;15;1453
1;2025-12-23;16;1469
1;2025-12-23;17;1767
1;2025-12-23;18;1802
1;2025-12-23;19;1433
1;2025-12-23;20;909
1;2025-12-23;21;491
1;2025-12-23;22;238
1;2025-12-23;23;44
1;2025-12-24;0;4
1;2025-12-24;1;0
1;2025-12-24;2;0
1;2025-12-24;3;0
1;2025-12-24;4;9
1;2025-12-24;5;139
1;2025-12-24;6;553
1;2025-12-24;7;1519
1;2025-12-24;8;1933
1;2025-12-24;9;1429
1;2025-12-24;10;1312
1;2025-12-24;11;1330
1;2025-12-24;12;1356
1;2025-12-24;13;1426
1;2025-12-24;14;1355
1;2025-12-24;15;1478
1;2025-12-24;16;1490
1;2025-12-24;17;1773
1;2025-12-24;18;1792
1;2025-12-24;19;1377
1;2025-12-24;20;912
1;2025-12-24;21;488
1;2025-12-24;22;249
1;2025-12-24;23;44
1;2025-12-25;0;5
1;2025-12-25;1;0
1;2025-12-25;2;0
1;2025-12-25;3;0
1;2025-12-25;4;8
1;2025-12-25;5;131
1;2025-12-25;6;518
1;2025-12-25;7;1498
1;2025-12-25;8;1971
1;2025-12-25;9;1454
1;2025-12-25;10;1329
1;2025-12-25;11;1333
1;2025-12-25;12;1395
1;2025-12-25;13;1422
1;2025-12-25;14;1389
1;2025-12-25;15;1521
1;2025-12-25;16;1533
1;2025-12-25;17;1784
1;2025-12-25;18;1801
1;2025-12-25;19;1354
1;2025-12-25;20;897
1;2025-12-25;21;489
1;2025-12-25;22;235
1;2025-12-25;23;51
1;2025-12-26;0;5
1;2025-12-26;1;0
1;2025-12-26;2;0
1;2025-12-26;3;0
1;2025-12-26;4;8
1;2025-12-26;5;142
1;2025-12-26;6;519
1;2025-12-26;7;1512
1;2025-12-26;8;1876
1;2025-12-26;9;1412
1;2025-12-26;10;1318
1;2025-12-26;11;1394
1;2025-12-26;12;1366
1;2025-12-26;13;1426
1;2025-12-26;14;1358
1;2025-12-26;15;1518
1;2025-12-26;16;1597
1;2025-12-26;17;1771
1;2025-12-26;18;1575
1;2025-12-26;19;1201
1;2025-12-26;20;816
1;2025-12-26;21;502
1;2025-12-26;22;250
1;2025-12-26;23;53
1;2025-12-27;0;5
1;2025-12-27;1;0
1;2025-12-27;2;0
1;2025-12-27;3;0
1;2025-12-27;4;0
1;2025-12-27;5;33
1;2025-12-27;6;172
1;2025-12-27;7;338
1;2025-12-27;8;476
1;2025-12-27;9;736
1;2025-12-27;10;868
1;2025-12-27;11;806
1;2025-12-27;12;980
1;2025-12-27;13;1021
1;2025-12-27;14;949
1;2025-12-27;15;823
1;2025-12-27;16;758
1;2025-12-27;17;704
1;2025-12-27;18;641
1;2025-12-27;19;582
1;2025-12-27;20;428
1;2025-12-27;21;313
1;2025-12-27;22;143
1;2025-12-27;23;33
1;2025-12-28;0;0
1;2025-12-28;1;0
1;2025-12-28;2;0
1;2025-12-28;3;0
1;2025-12-28;4;0
1;2025-12-28;5;29
1;2025-12-28;6;138
1;2025-12-28;7;274
1;2025-12-28;8;373
1;2025-12-28;9;631
1;2025-12-28;10;716
1;2025-12-28;11;703
1;2025-12-28;12;882
1;2025-12-28;13;919
1;2025-12-28;14;823
1;2025-12-28;15;764
1;2025-12-28;16;704
1;2025-12-28;17;651
1;2025-12-28;18;590
1;2025-12-28;19;506
1;2025-12-28;20;381
1;2025-12-28;21;293
1;2025-12-28;22;120
1;2025-12-28;23;34
1;2025-12-29;0;0
1;2025-12-29;1;0
1;2025-12-29;2;0
1;2025-12-29;3;0
1;2025-12-29;4;9
1;2025-12-29;5;135
1;2025-12-29;6;531
1;2025-12-29;7;1472
1;2025-12-29;8;1878
1;2025-12-29;9;1388
1;2025-12-29;10;1224
1;2025-12-29;11;1264
1;2025-12-29;12;1313
1;2025-12-29;13;1334
1;2025-12-29;14;1309
1;2025-12-29;15;1451
1;2025-12-29;16;1532
1;2025-12-29;17;1774
1;2025-12-29;18;1874
1;2025-12-29;19;1408
1;2025-12-29;20;887
1;2025-12-29;21;476
1;2025-12-29;22;212
1;2025-12-29;23;39
1;2025-12-30;0;3
1;2025-12-30;1;0
1;2025-12-30;2;0
1;2025-12-30;3;0
1;2025-12-30;4;7
1;2025-12-30;5;137
1;2025-12-30;6;557
1;2025-12-30;7;1589
1;2025-12-30;8;1946
1;2025-12-30;9;1505
1;2025-12-30;10;1342
1;2025-12-30;11;1348
1;2025-12-30;12;1382
1;2025-12-30;13;1405
1;2025-12-30;14;1335
1;2025-12-30;15;1453
1;2025-12-30;16;1469
1;2025-12-30;17;1767
1;2025-12-30;18;1802
1;2025-12-30;19;1433
1;2025-12-30;20;909
1;2025-12-30;21;491
1;2025-12-30;22;238
1;2025-12-30;23;44
1;2025-12-31;0;0
1;2025-12-31;1;0
1;2025-12-31;2;0
1;2025-12-31;3;0
1;2025-12-31;4;0
1;2025-12-31;5;28
1;2025-12-31;6;136
1;2025-12-31;7;268
1;2025-12-31;8;365
1;2025-12-31;9;617
1;2025-12-31;10;701
1;2025-12-31;11;688
1;2025-12-31;12;863
1;2025-12-31;13;899
1;2025-12-31;14;806
1;2025-12-31;15;747
1;2025-12-31;16;689
1;2025-12-31;17;637
1;2025-12-31;18;577
1;2025-12-31;19;496
1;2025-12-31;20;373
1;2025-12-31;21;287
1;2025-12-31;22;117
1;2025-12-31;23;33
5;2025-11-01;0;0
5;2025-11-01;1;0
5;2025-11-01;2;0
5;2025-11-01;3;0
5;2025-11-01;4;0
5;2025-11-01;5;0
5;2025-11-01;6;0
5;2025-11-01;7;0
5;2025-11-01;8;0
5;2025-11-01;9;0
5;2025-11-01;10;0
5;2025-11-01;11;0
5;2025-11-01;12;0
5;2025-11-01;13;0
5;2025-11-01;14;0
5;2025-11-01;15;0
5;2025-11-01;16;0
5;2025-11-01;17;0
5;2025-11-01;18;0
5;2025-11-01;19;0
5;2025-11-01;20;0
5;2025-11-01;21;0
5;2025-11-01;22;0
5;2025-11-01;23;0
5;2025-11-02;0;0
5;2025-11-02;1;0
5;2025-11-02;2;0
5;2025-11-02;3;0
5;2025-11-02;4;0
5;2025-11-02;5;0
5;2025-11-02;6;0
5;2025-11-02;7;0
5;2025-11-02;8;0
5;2025-11-02;9;0
5;2025-11-02;10;0
5;2025-11-02;11;0
5;2025-11-02;12;0
5;2025-11-02;13;0
5;2025-11-02;14;0
5;2025-11-02;15;0
5;2025-11-02;16;0
5;2025-11-02;17;0
5;2025-11-02;18;0
5;2025-11-02;19;0
5;2025-11-02;20;0
5;2025-11-02;21;0
5;2025-11-02;22;0
5;2025-11-02;23;0
5;2025-11-03;0;0
5;2025-11-03;1;0
5;2025-11-03;2;0
5;2025-11-03;3;0
5;2025-11-03;4;0
5;2025-11-03;5;0
5;2025-11-03;6;0
5;2025-11-03;7;0
5;2025-11-03;8;0
5;2025-11-03;9;0
5;2025-11-03;10;0
5;2025-11-03;11;0
5;2025-11-03;12;0
5;2025-11-03;13;0
5;2025-11-03;14;0
5;2025-11-03;15;0
5;2025-11-03;16;0
5;2025-11-03;17;0
5;2025-11-03;18;0
5;2025-11-03;19;0
5;2025-11-03;20;0
5;2025-11-03;21;0
5;2025-11-03;22;0
5;2025-11-03;23;0
5;2025-11-04;0;0
5;2025-11-04;1;0
5;2025-11-04;2;0
5;2025-11-04;3;0
5;2025-11-04;4;0
5;2025-11-04;5;0
5;2025-11-04;6;0
5;2025-11-04;7;0
5;2025-11-04;8;0
5;2025-11-04;9;0
5;2025-11-04;10;0
5;2025-11-04;11;0
5;2025-11-04;12;0
5;2025-11-04;13;0
5;2025-11-04;14;0
5;2025-11-04;15;0
5;2025-11-04;16;0
5;2025-11-04;17;0
5;2025-11-04;18;0
5;2025-11-04;19;0
5;2025-11-04;20;0
5;2025-11-04;21;0
5;2025-11-04;22;0
5;2025-11-04;23;0
5;2025-11-05;0;0
5;2025-11-05;1;0
5;2025-11-05;2;0
5;2025-11-05;3;0
5;2025-11-05;4;0
5;2025-11-05;5;0
5;2025-11-05;6;0
5;2025-11-05;7;0
5;2025-11-05;8;0
5;2025-11-05;9;0
5;2025-11-05;10;0
5;2025-11-05;11;0
5;2025-11-05;12;0
5;2025-11-05;13;0
5;2025-11-05;14;0
5;2025-11-05;15;0
5;2025-11-05;16;0
5;2025-11-05;17;0
5;2025-11-05;18;0
5;2025-11-05;19;0
5;2025-11-05;20;0
5;2025-11-05;21;0
5;2025-11-05;22;0
5;2025-11-05;23;0
5;2025-11-06;0;0
5;2025-11-06;1;0
5;2025-11-06;2;0
5;2025-11-06;3;0
5;2025-11-06;4;0
5;2025-11-06;5;0
5;2025-11-06;6;0
5;2025-11-06;7;0
5;2025-11-06;8;0
5;2025-11-06;9;0
5;2025-11-06;10;0
5;2025-11-06;11;0
5;2025-11-06;12;0
5;2025-11-06;13;0
5;2025-11-06;14;0
5;2025-11-06;15;0
5;2025-11-06;16;0
5;2025-11-06;17;0
5;2025-11-06;18;0
5;2025-11-06;19;0
5;2025-11-06;20;0
5;2025-11-06;21;0
5;2025-11-06;22;0
5;2025-11-06;23;0
5;2025-11-07;0;0
5;2025-11-07;1;0
5;2025-11-07;2;0
5;2025-11-07;3;0
5;2025-11-07;4;0
5;2025-11-07;5;0
5;2025-11-07;6;0
5;2025-11-07;7;0
5;2025-11-07;8;0
5;2025-11-07;9;0
5;2025-11-07;10;0
5;2025-11-07;11;0
5;2025-11-07;12;0
5;2025-11-07;13;0
5;2025-11-07;14;0
5;2025-11-07;15;0
5;2025-11-07;16;0
5;2025-11-07;17;0
5;2025-11-07;18;0
5;2025-11-07;19;0
5;2025-11-07;20;0
5;2025-11-07;21;0
5;2025-11-07;22;0
5;2025-11-07;23;0
5;2025-11-08;0;0
5;2025-11-08;1;0
5;2025-11-08;2;0
5;2025-11-08;3;0
5;2025-11-08;4;0
5;2025-11-08;5;0
5;2025-11-08;6;0
5;2025-11-08;7;0
5;2025-11-08;8;0
5;2025-11-08;9;0
5;2025-11-08;10;0
5;2025-11-08;11;0
5;2025-11-08;12;0
5;2025-11-08;13;0
5;2025-11-08;14;0
5;2025-11-08;15;0
5;2025-11-08;16;0
5;2025-11-08;17;0
5;2025-11-08;18;0
5;2025-11-08;19;0
5;2025-11-08;20;0
5;2025-11-08;21;0
5;2025-11-08;22;0
5;2025-11-08;23;0
5;2025-11-09;0;0
5;2025-11-09;1;0
5;2025-11-09;2;0
5;2025-11-09;3;0
5;2025-11-09;4;0
5;2025-11-09;5;0
5;2025-11-09;6;0
5;2025-11-09;7;0
5;2025-11-09;8;0
5;2025-11-09;9;0
5;2025-11-09;10;0
5;2025-11-09;11;0
5;2025-11-09;12;0
5;2025-11-09;13;0
5;2025-11-09;14;0
5;2025-11-09;15;0
5;2025-11-09;16;0
5;2025-11-09;17;0
5;2025-11-09;18;0
5;2025-11-09;19;0
5;2025-11-09;20;0
5;2025-11-09;21;0
5;2025-11-09;22;0
5;2025-11-09;23;0
5;2025-11-10;0;0
5;2025-11-10;1;0
5;2025-11-10;2;0
5;2025-11-10;3;0
5;2025-11-10;4;0
5;2025-11-10;5;0
5;2025-11-10;6;0
5;2025-11-10;7;0
5;2025-11-10;8;0
5;2025-11-10;9;0
5;2025-11-10;10;0
5;2025-11-10;11;0
5;2025-11-10;12;0
5;2025-11-10;13;0
5;2025-11-10;14;0
5;2025-11-10;15;0
5;2025-11-10;16;0
5;2025-11-10;17;0
5;2025-11-10;18;0
5;2025-11-10;19;0
5;2025-11-10;20;0
5;2025-11-10;21;0
5;2025-11-10;22;0
5;2025-11-10;23;0
5;2025-11-11;0;0
5;2025-11-11;1;0
5;2025-11-11;2;0
5;2025-11-11;3;0
5;2025-11-11;4;0
5;2025-11-11;5;0
5;2025-11-11;6;0
5;2025-11-11;7;0
5;2025-11-11;8;0
5;2025-11-11;9;0
5;2025-11-11;10;0
5;2025-11-11;11;0
5;2025-11-11;12;0
5;2025-11-11;13;0
5;2025-11-11;14;0
5;2025-11-11;15;0
5;2025-11-11;16;0
5;2025-11-11;17;0
5;2025-11-11;18;0
5;2025-11-11;19;0
5;2025-11-11;20;0
5;2025-11-11;21;0
5;2025-11-11;22;0
5;2025-11-11;23;0
5;2025-11-12;0;0
5;2025-11-12;1;0
5;2025-11-12;2;0
5;2025-11-12;3;0
5;2025-11-12;4;0
5;2025-11-12;5;0
5;2025-11-12;6;0
5;2025-11-12;7;0
5;2025-11-12;8;0
5;2025-11-12;9;0
5;2025-11-12;10;0
5;2025-11-12;11;0
5;2025-11-12;12;0
5;2025-11-12;13;0
5;2025-11-12;14;0
5;2025-11-12;15;0
5;2025-11-12;16;0
5;2025-11-12;17;0
5;2025-11-12;18;0
5;2025-11-12;19;0
5;2025-11-12;20;0
5;2025-11-12;21;0
5;2025-11-12;22;0
5;2025-11-12;23;0
5;2025-11-13;0;0
5;2025-11-13;1;0
5;2025-11-13;2;0
5;2025-11-13;3;0
5;2025-11-13;4;0
5;2025-11-13;5;0
5;2025-11-13;6;0
5;2025-11-13;7;0
5;2025-11-13;8;0
5;2025-11-13;9;0
5;2025-11-13;10;0
5;2025-11-13;11;0
5;2025-11-13;12;0
5;2025-11-13;13;0
5;2025-11-13;14;0
5;2025-11-13;15;0
5;2025-11-13;16;0
5;2025-11-13;17;0
5;2025-11-13;18;0
5;2025-11-13;19;0
5;2025-11-13;20;0
5;2025-11-13;21;0
5;2025-11-13;22;0
5;2025-11-13;23;0
5;2025-11-14;0;0
5;2025-11-14;1;0
5;2025-11-14;2;0
5;2025-11-14;3;0
5;2025-11-14;4;0
5;2025-11-14;5;0
5;2025-11-14;6;0
5;2025-11-14;7;0
5;2025-11-14;8;0
5;2025-11-14;9;0
5;2025-11-14;10;0
5;2025-11-14;11;0
5;2025-11-14;12;0
5;2025-11-14;13;0
5;2025-11-14;14;0
5;2025-11-14;15;0
5;2025-11-14;16;0
5;2025-11-14;17;0
5;2025-11-14;18;0
5;2025-11-14;19;0
5;2025-11-14;20;0
5;2025-11-14;21;0
5;2025-11-14;22;0
5;2025-11-14;23;0
5;2025-11-15;0;0
5;2025-11-15;1;0
5;2025-11-15;2;0
5;2025-11-15;3;0
5;2025-11-15;4;0
5;2025-11-15;5;0
5;2025-11-15;6;0
5;2025-11-15;7;0
5;2025-11-15;8;0
5;2025-11-15;9;0
5;2025-11-15;10;0
5;2025-11-15;11;0
5;2025-11-15;12;0
5;2025-11-15;13;0
5;2025-11-15;14;0
5;2025-11-15;15;0
5;2025-11-15;16;0
5;2025-11-15;17;0
5;2025-11-15;18;0
5;2025-11-15;19;0
5;2025-11-15;20;0
5;2025-11-15;21;0
5;2025-11-15;22;0
5;2025-11-15;23;0
5;2025-11-16;0;0
5;2025-11-16;1;0
5;2025-11-16;2;0
5;2025-11-16;3;0
5;2025-11-16;4;0
5;2025-11-16;5;0
5;2025-11-16;6;0
5;2025-11-16;7;0
5;2025-11-16;8;0
5;2025-11-16;9;0
5;2025-11-16;10;0
5;2025-11-16;11;0
5;2025-11-16;12;0
5;2025-11-16;13;0
5;2025-11-16;14;0
5;2025-11-16;15;0
5;2025-11-16;16;0
5;2025-11-16;17;0
5;2025-11-16;18;0
5;2025-11-16;19;0
5;2025-11-16;20;0
5;2025-11-16;21;0
5;2025-11-16;22;0
5;2025-11-16;23;0
5;2025-11-17;0;0
5;2025-11-17;1;0
5;2025-11-17;2;0
5;2025-11-17;3;0
5;2025-11-17;4;0
5;2025-11-17;5;0
5;2025-11-17;6;0
5;2025-11-17;7;0
5;2025-11-17;8;0
5;2025-11-17;9;0
5;2025-11-17;10;0
5;2025-11-17;11;0
5;2025-11-17;12;0
5;2025-11-17;13;0
5;2025-11-17;14;0
5;2025-11-17;15;0
5;2025-11-17;16;0
5;2025-11-17;17;0
5;2025-11-17;18;0
5;2025-11-17;19;0
5;2025-11-17;20;0
5;2025-11-17;21;0
5;2025-11-17;22;0
5;2025-11-17;23;0
5;2025-11-18;0;0
5;2025-11-18;1;0
5;2025-11-18;2;0
5;2025-11-18;3;0
5;2025-11-18;4;0
5;2025-11-18;5;0
5;2025-11-18;6;0
5;2025-11-18;7;0
5;2025-11-18;8;0
5;2025-11-18;9;0
5;2025-11-18;10;0
5;2025-11-18;11;0
5;2025-11-18;12;0
5;2025-11-18;13;0
5;2025-11-18;14;0
5;2025-11-18;15;0
5;2025-11-18;16;0
5;2025-11-18;17;0
5;2025-11-18;18;0
5;2025-11-18;19;0
5;2025-11-18;20;0
5;2025-11-18;21;0
5;2025-11-18;22;0
5;2025-11-18;23;0
5;2025-11-19;0;0
5;2025-11-19;1;0
5;2025-11-19;2;0
5;2025-11-19;3;0
5;2025-11-19;4;0
5;2025-11-19;5;0
5;2025-11-19;6;0
5;2025-11-19;7;0
5;2025-11-19;8;0
5;2025-11-19;9;0
5;2025-11-19;10;0
5;2025-11-19;11;0
5;2025-11-19;12;0
5;2025-11-19;13;0
5;2025-11-19;14;0
5;2025-11-19;15;0
5;2025-11-19;16;0
5;2025-11-19;17;0
5;2025-11-19;18;0
5;2025-11-19;19;0
5;2025-11-19;20;0
5;2025-11-19;21;0
5;2025-11-19;22;0
5;2025-11-19;23;0
5;2025-11-20;0;0
5;2025-11-20;1;0
5;2025-11-20;2;0
5;2025-11-20;3;0
5;2025-11-20;4;0
5;2025-11-20;5;0
5;2025-11-20;6;0
5;2025-11-20;7;0
5;2025-11-20;8;0
5;2025-11-20;9;0
5;2025-11-20;10;0
5;2025-11-20;11;0
5;2025-11-20;12;0
5;2025-11-20;13;0
5;2025-11-20;14;0
5;2025-11-20;15;0
5;2025-11-20;16;0
5;2025-11-20;17;0
5;2025-11-20;18;0
5;2025-11-20;19;0
5;2025-11-20;20;0
5;2025-11-20;21;0
5;2025-11-20;22;0
5;2025-11-20;23;0
5;2025-11-21;0;0
5;2025-11-21;1;0
5;2025-11-21;2;0
5;2025-11-21;3;0
5;2025-11-21;4;0
5;2025-11-21;5;0
5;2025-11-21;6;0
5;2025-11-21;7;0
5;2025-11-21;8;0
5;2025-11-21;9;0
5;2025-11-21;10;0
5;2025-11-21;11;0
5;2025-11-21;12;0
5;2025-11-21;13;0
5;2025-11-21;14;0
5;2025-11-21;15;0
5;2025-11-21;16;0
5;2025-11-21;17;0
5;2025-11-21;18;0
5;2025-11-21;19;0
5;2025-11-21;20;0
5;2025-11-21;21;0
5;2025-11-21;22;0
5;2025-11-21;23;0
5;2025-11-22;0;0
5;2025-11-22;1;0
5;2025-11-22;2;0
5;2025-11-22;3;0
5;2025-11-22;4;0
5;2025-11-22;5;0
5;2025-11-22;6;0
5;2025-11-22;7;0
5;2025-11-22;8;0
5;2025-11-22;9;0
5;2025-11-22;10;0
5;2025-11-22;11;0
5;2025-11-22;12;0
5;2025-11-22;13;0
5;2025-11-22;14;0
5;2025-11-22;15;0
5;2025-11-22;16;0
5;2025-11-22;17;0
5;2025-11-22;18;0
5;2025-11-22;19;0
5;2025-11-22;20;0
5;2025-11-22;21;0
5;2025-11-22;22;0
5;2025-11-22;23;0
5;2025-11-23;0;0
5;2025-11-23;1;0
5;2025-11-23;2;0
5;2025-11-23;3;0
5;2025-11-23;4;0
5;2025-11-23;5;0
5;2025-11-23;6;0
5;2025-11-23;7;0
5;2025-11-23;8;0
5;2025-11-23;9;0
5;2025-11-23;10;0
5;2025-11-23;11;0
5;2025-11-23;12;0
5;2025-11-23;13;0
5;2025-11-23;14;0
5;2025-11-23;15;0
5;2025-11-23;16;0
5;2025-11-23;17;0
5;2025-11-23;18;0
5;2025-11-23;19;0
5;2025-11-23;20;0
5;2025-11-23;21;0
5;2025-11-23;22;0
5;2025-11-23;23;0
5;2025-11-24;0;0
5;2025-11-24;1;0
5;2025-11-24;2;0
5;2025-11-24;3;0
5;2025-11-24;4;0
5;2025-11-24;5;0
5;2025-11-24;6;0
5;2025-11-24;7;0
5;2025-11-24;8;0
5;2025-11-24;9;0
5;2025-11-24;10;0
5;2025-11-24;11;0
5;2025-11-24;12;0
5;2025-11-24;13;0
5;2025-11-24;14;0
5;2025-11-24;15;0
5;2025-11-24;16;0
5;2025-11-24;17;0
5;2025-11-24;18;0
5;2025-11-24;19;0
5;2025-11-24;20;0
5;2025-11-24;21;0
5;2025-11-24;22;0
5;2025-11-24;23;0
5;2025-11-25;0;0
5;2025-11-25;1;0
5;2025-11-25;2;0
5;2025-11-25;3;0
5;2025-11-25;4;0
5;2025-11-25;5;0
5;2025-11-25;6;0
5;2025-11-25;7;0
5;2025-11-25;8;0
5;2025-11-25;9;0
5;2025-11-25;10;0
5;2025-11-25;11;0
5;2025-11-25;12;0
5;2025-11-25;13;0
5;2025-11-25;14;0
5;2025-11-25;15;0
5;2025-11-25;16;0
5;2025-11-25;17;0
5;2025-11-25;18;0
5;2025-11-25;19;0
5;2025-11-25;20;0
5;2025-11-25;21;0
5;2025-11-25;22;0
5;2025-11-25;23;0
5;2025-11-26;0;0
5;2025-11-26;1;0
5;2025-11-26;2;0
5;2025-11-26;3;0
5;2025-11-26;4;0
5;2025-11-26;5;0
5;2025-11-26;6;0
5;2025-11-26;7;0
5;2025-11-26;8;0
5;2025-11-26;9;0
5;2025-11-26;10;0
5;2025-11-26;11;0
5;2025-11-26;12;0
5;2025-11-26;13;0
5;2025-11-26;14;0
5;2025-11-26;15;0
5;2025-11-26;16;0
5;2025-11-26;17;0
5;2025-11-26;18;0
5;2025-11-26;19;0
5;2025-11-26;20;0
5;2025-11-26;21;0
5;2025-11-26;22;0
5;2025-11-26;23;0
5;2025-11-27;0;0
5;2025-11-27;1;0
5;2025-11-27;2;0
5;2025-11-27;3;0
5;2025-11-27;4;0
5;2025-11-27;5;0
5;2025-11-27;6;0
5;2025-11-27;7;0
5;2025-11-27;8;0
5;2025-11-27;9;0
5;2025-11-27;10;0
5;2025-11-27;11;0
5;2025-11-27;12;0
5;2025-11-27;13;0
5;2025-11-27;14;0
5;2025-11-27;15;0
5;2025-11-27;16;0
5;2025-11-27;17;0
5;2025-11-27;18;0
5;2025-11-27;19;0
5;2025-11-27;20;0
5;2025-11-27;21;0
5;2025-11-27;22;0
5;2025-11-27;23;0
5;2025-11-28;0;0
5;2025-11-28;1;0
5;2025-11-28;2;0
5;2025-11-28;3;0
5;2025-11-28;4;0
5;2025-11-28;5;0
5;2025-11-28;6;0
5;2025-11-28;7;0
5;2025-11-28;8;0
5;2025-11-28;9;0
5;2025-11-28;10;0
5;2025-11-28;11;0
5;2025-11-28;12;0
5;2025-11-28;13;0
5;2025-11-28;14;0
5;2025-11-28;15;0
5;2025-11-28;16;0
5;2025-11-28;17;0
5;2025-11-28;18;0
5;2025-11-28;19;0
5;2025-11-28;20;0
5;2025-11-28;21;0
5;2025-11-28;22;0
5;2025-11-28;23;0
5;2025-11-29;0;0
5;2025-11-29;1;0
5;2025-11-29;2;0
5;2025-11-29;3;0
5;2025-11-29;4;0
5;2025-11-29;5;0
5;2025-11-29;6;0
5;2025-11-29;7;0
5;2025-11-29;8;0
5;2025-11-29;9;0
5;2025-11-29;10;0
5;2025-11-29;11;0
5;2025-11-29;12;0
5;2025-11-29;13;0
5;2025-11-29;14;0
5;2025-11-29;15;0
5;2025-11-29;16;0
5;2025-11-29;17;0
5;2025-11-29;18;0
5;2025-11-29;19;0
5;2025-11-29;20;0
5;2025-11-29;21;0
5;2025-11-29;22;0
5;2025-11-29;23;0
5;2025-11-30;0;0
5;2025-11-30;1;0
5;2025-11-30;2;0
5;2025-11-30;3;0
5;2025-11-30;4;0
5;2025-11-30;5;0
5;2025-11-30;6;0
5;2025-11-30;7;0
5;2025-11-30;8;0
5;2025-11-30;9;0
5;2025-11-30;10;0
5;2025-11-30;11;0
5;2025-11-30;12;0
5;2025-11-30;13;0
5;2025-11-30;14;0
5;2025-11-30;15;0
5;2025-11-30;16;0
5;2025-11-30;17;0
5;2025-11-30;18;0
5;2025-11-30;19;0
5;2025-11-30;20;0
5;2025-11-30;21;0
5;2025-11-30;22;0
5;2025-11-30;23;0
5;2025-12-01;0;0
5;2025-12-01;1;0
5;2025-12-01;2;0
5;2025-12-01;3;0
5;2025-12-01;4;0
5;2025-12-01;5;0
5;2025-12-01;6;0
5;2025-12-01;7;0
5;2025-12-01;8;0
5;2025-12-01;9;0
5;2025-12-01;10;0
5;2025-12-01;11;0
5;2025-12-01;12;0
5;2025-12-01;13;0
5;2025-12-01;14;0
5;2025-12-01;15;0
5;2025-12-01;16;0
5;2025-12-01;17;0
5;2025-12-01;18;0
5;2025-12-01;19;0
5;2025-12-01;20;0
5;2025-12-01;21;0
5;2025-12-01;22;0
5;2025-12-01;23;0
5;2025-12-02;0;0
5;2025-12-02;1;0
5;2025-12-02;2;0
5;2025-12-02;3;0
5;2025-12-02;4;0
5;2025-12-02;5;0
5;2025-12-02;6;0
5;2025-12-02;7;0
5;2025-12-02;8;0
5;2025-12-02;9;0
5;2025-12-02;10;0
5;2025-12-02;11;0
5;2025-12-02;12;0
5;2025-12-02;13;0
5;2025-12-02;14;0
5;2025-12-02;15;0
5;2025-12-02;16;0
5;2025-12-02;17;0
5;2025-12-02;18;0
5;2025-12-02;19;0
5;2025-12-02;20;0
5;2025-12-02;21;0
5;2025-12-02;22;0
5;2025-12-02;23;0
5;2025-12-03;0;0
5;2025-12-03;1;0
5;2025-12-03;2;0
5;2025-12-03;3;0
5;2025-12-03;4;0
5;2025-12-03;5;0
5;2025-12-03;6;0
5;2025-12-03;7;0
5;2025-12-03;8;0
5;2025-12-03;9;0
5;2025-12-03;10;0
5;2025-12-03;11;0
5;2025-12-03;12;0
5;2025-12-03;13;0
5;2025-12-03;14;0
5;2025-12-03;15;0
5;2025-12-03;16;0
5;2025-12-03;17;0
5;2025-12-03;18;0
5;2025-12-03;19;0
5;2025-12-03;20;0
5;2025-12-03;21;0
5;2025-12-03;22;0
5;2025-12-03;23;0
5;2025-12-04;0;0
5;2025-12-04;1;0
5;2025-12-04;2;0
5;2025-12-04;3;0
5;2025-12-04;4;0
5;2025-12-04;5;0
5;2025-12-04;6;0
5;2025-12-04;7;0
5;2025-12-04;8;0
5;2025-12-04;9;0
5;2025-12-04;10;0
5;2025-12-04;11;0
5;2025-12-04;12;0
5;2025-12-04;13;0
5;2025-12-04;14;0
5;2025-12-04;15;0
5;2025-12-04;16;0
5;2025-12-04;17;0
5;2025-12-04;18;0
5;2025-12-04;19;0
5;2025-12-04;20;0
5;2025-12-04;21;0
5;2025-12-04;22;0
5;2025-12-04;23;0
5;2025-12-05;0;0
5;2025-12-05;1;0
5;2025-12-05;2;0
5;2025-12-05;3;0
5;2025-12-05;4;0
5;2025-12-05;5;0
5;2025-12-05;6;0
5;2025-12-05;7;0
5;2025-12-05;8;0
5;2025-12-05;9;0
5;2025-12-05;10;0
5;2025-12-05;11;0
5;2025-12-05;12;0
5;2025-12-05;13;0
5;2025-12-05;14;0
5;2025-12-05;15;0
5;2025-12-05;16;0
5;2025-12-05;17;0
5;2025-12-05;18;0
5;2025-12-05;19;0
5;2025-12-05;20;0
5;2025-12-05;21;0
5;2025-12-05;22;0
5;2025-12-05;23;0
5;2025-12-06;0;0
5;2025-12-06;1;0
5;2025-12-06;2;0
5;2025-12-06;3;0
5;2025-12-06;4;0
5;2025-12-06;5;0
5;2025-12-06;6;0
5;2025-12-06;7;0
5;2025-12-06;8;0
5;2025-12-06;9;0
5;2025-12-06;10;0
5;2025-12-06;11;0
5;2025-12-06;12;0
5;2025-12-06;13;0
5;2025-12-06;14;0
5;2025-12-06;15;0
5;2025-12-06;16;0
5;2025-12-06;17;0
5;2025-12-06;18;0
5;2025-12-06;19;0
5;2025-12-06;20;0
5;2025-12-06;21;0
5;2025-12-06;22;0
5;2025-12-06;23;0
5;2025-12-07;0;0
5;2025-12-07;1;0
5;2025-12-07;2;0
5;2025-12-07;3;0
5;2025-12-07;4;0
5;2025-12-07;5;0
5;2025-12-07;6;0
5;2025-12-07;7;0
5;2025-12-07;8;0
5;2025-12-07;9;0
5;2025-12-07;10;0
5;2025-12-07;11;0
5;2025-12-07;12;0
5;2025-12-07;13;0
5;2025-12-07;14;0
5;2025-12-07;15;0
5;2025-12-07;16;0
5;2025-12-07;17;0
5;2025-12-07;18;0
5;2025-12-07;19;0
5;2025-12-07;20;0
5;2025-12-07;21;0
5;2025-12-07;22;0
5;2025-12-07;23;0
5;2025-12-08;0;0
5;2025-12-08;1;0
5;2025-12-08;2;0
5;2025-12-08;3;0
5;2025-12-08;4;0
5;2025-12-08;5;0
5;2025-12-08;6;0
5;2025-12-08;7;0
5;2025-12-08;8;0
5;2025-12-08;9;0
5;2025-12-08;10;0
5;2025-12-08;11;0
5;2025-12-08;12;0
5;2025-12-08;13;0
5;2025-12-08;14;0
5;2025-12-08;15;0
5;2025-12-08;16;0
5;2025-12-08;17;0
5;2025-12-08;18;0
5;2025-12-08;19;0
5;2025-12-08;20;0
5;2025-12-08;21;0
5;2025-12-08;22;0
5;2025-12-08;23;0
5;2025-12-09;0;0
5;2025-12-09;1;0
5;2025-12-09;2;0
5;2025-12-09;3;0
5;2025-12-09;4;0
5;2025-12-09;5;0
5;2025-12-09;6;0
5;2025-12-09;7;0
5;2025-12-09;8;0
5;2025-12-09;9;0
5;2025-12-09;10;0
5;2025-12-09;11;0
5;2025-12-09;12;0
5;2025-12-09;13;0
5;2025-12-09;14;0
5;2025-12-09;15;0
5;2025-12-09;16;0
5;2025-12-09;17;0
5;2025-12-09;18;0
5;2025-12-09;19;0
5;2025-12-09;20;0
5;2025-12-09;21;0
5;2025-12-09;22;0
5;2025-12-09;23;0
5;2025-12-10;0;0
5;2025-12-10;1;0
5;2025-12-10;2;0
5;2025-12-10;3;0
5;2025-12-10;4;0
5;2025-12-10;5;0
5;2025-12-10;6;0
5;2025-12-10;7;0
5;2025-12-10;8;0
5;2025-12-10;9;0
5;2025-12-10;10;0
5;2025-12-10;11;0
5;2025-12-10;12;0
5;2025-12-10;13;0
5;2025-12-10;14;0
5;2025-12-10;15;0
5;2025-12-10;16;0
5;2025-12-10;17;0
5;2025-12-10;18;0
5;2025-12-10;19;0
5;2025-12-10;20;0
5;2025-12-10;21;0
5;2025-12-10;22;0
5;2025-12-10;23;0
5;2025-12-11;0;0
5;2025-12-11;1;0
5;2025-12-11;2;0
5;2025-12-11;3;0
5;2025-12-11;4;0
5;2025-12-11;5;0
5;2025-12-11;6;0
5;2025-12-11;7;0
5;2025-12-11;8;0
5;2025-12-11;9;0
5;2025-12-11;10;0
5;2025-12-11;11;0
5;2025-12-11;12;0
5;2025-12-11;13;0
5;2025-12-11;14;0
5;2025-12-11;15;0
5;2025-12-11;16;0
5;2025-12-11;17;0
5;2025-12-11;18;0
5;2025-12-11;19;0
5;2025-12-11;20;0
5;2025-12-11;21;0
5;2025-12-11;22;0
5;2025-12-11;23;0
5;2025-12-12;0;0
5;2025-12-12;1;0
5;2025-12-12;2;0
5;2025-12-12;3;0
5;2025-12-12;4;0
5;2025-12-12;5;0
5;2025-12-12;6;0
5;2025-12-12;7;0
5;2025-12-12;8;0
5;2025-12-12;9;0
5;2025-12-12;10;0
5;2025-12-12;11;0
5;2025-12-12;12;0
5;2025-12-12;13;0
5;2025-12-12;14;0
5;2025-12-12;15;0
5;2025-12-12;16;0
5;2025-12-12;17;0
5;2025-12-12;18;0
5;2025-12-12;19;0
5;2025-12-12;20;0
5;2025-12-12;21;0
5;2025-12-12;22;0
5;2025-12-12;23;0
5;2025-12-13;0;0
5;2025-12-13;1;0
5;2025-12-13;2;0
5;2025-12-13;3;0
5;2025-12-13;4;0
5;2025-12-13;5;0
5;2025-12-13;6;0
5;2025-12-13;7;0
5;2025-12-13;8;0
5;2025-12-13;9;0
5;2025-12-13;10;0
5;2025-12-13;11;0
5;2025-12-13;12;0
5;2025-12-13;13;0
5;2025-12-13;14;0
5;2025-12-13;15;0
5;2025-12-13;16;0
5;2025-12-13;17;0
5;2025-12-13;18;0
5;2025-12-13;19;0
5;2025-12-13;20;0
5;2025-12-13;21;0
5;2025-12-13;22;0
5;2025-12-13;23;0
5;2025-12-14;0;0
5;2025-12-14;1;0
5;2025-12-14;2;0
5;2025-12-14;3;0
5;2025-12-14;4;0
5;2025-12-14;5;0
5;2025-12-14;6;0
5;2025-12-14;7;0
5;2025-12-14;8;0
5;2025-12-14;9;0
5;2025-12-14;10;0
5;2025-12-14;11;0
5;2025-12-14;12;0
5;2025-12-14;13;0
5;2025-12-14;14;0
5;2025-12-14;15;0
5;2025-12-14;16;0
5;2025-12-14;17;0
5;2025-12-14;18;0
5;2025-12-14;19;0
5;2025-12-14;20;0
5;2025-12-14;21;0
5;2025-12-14;22;0
5;2025-12-14;23;0
5;2025-12-15;0;0
5;2025-12-15;1;0
5;2025-12-15;2;0
5;2025-12-15;3;0
5;2025-12-15;4;0
5;2025-12-15;5;0
5;2025-12-15;6;0
5;2025-12-15;7;0
5;2025-12-15;8;0
5;2025-12-15;9;0
5;2025-12-15;10;0
5;2025-12-15;11;0
5;2025-12-15;12;0
5;2025-12-15;13;0
5;2025-12-15;14;0
5;2025-12-15;15;0
5;2025-12-15;16;0
5;2025-12-15;17;0
5;2025-12-15;18;0
5;2025-12-15;19;0
5;2025-12-15;20;0
5;2025-12-15;21;0
5;2025-12-15;22;0
5;2025-12-15;23;0
5;2025-12-16;0;0
5;2025-12-16;1;0
5;2025-12-16;2;0
5;2025-12-16;3;0
5;2025-12-16;4;0
5;2025-12-16;5;0
5;2025-12-16;6;0
5;2025-12-16;7;0
5;2025-12-16;8;0
5;2025-12-16;9;0
5;2025-12-16;10;0
5;2025-12-16;11;0
5;2025-12-16;12;0
5;2025-12-16;13;0
5;2025-12-16;14;0
5;2025-12-16;15;0
5;2025-12-16;16;0
5;2025-12-16;17;0
5;2025-12-16;18;0
5;2025-12-16;19;0
5;2025-12-16;20;0
5;2025-12-16;21;0
5;2025-12-16;22;0
5;2025-12-16;23;0
5;2025-12-17;0;0
5;2025-12-17;1;0
5;2025-12-17;2;0
5;2025-12-17;3;0
5;2025-12-17;4;0
5;2025-12-17;5;0
5;2025-12-17;6;0
5;2025-12-17;7;0
5;2025-12-17;8;0
5;2025-12-17;9;0
5;2025-12-17;10;0
5;2025-12-17;11;0
5;2025-12-17;12;0
5;2025-12-17;13;0
5;2025-12-17;14;0
5;2025-12-17;15;0
5;2025-12-17;16;0
5;2025-12-17;17;0
5;2025-12-17;18;0
5;2025-12-17;19;0
5;2025-12-17;20;0
5;2025-12-17;21;0
5;2025-12-17;22;0
5;2025-12-17;23;0
5;2025-12-18;0;0
5;2025-12-18;1;0
5;2025-12-18;2;0
5;2025-12-18;3;0
5;2025-12-18;4;0
5;2025-12-18;5;0
5;2025-12-18;6;0
5;2025-12-18;7;0
5;2025-12-18;8;0
5;2025-12-18;9;0
5;2025-12-18;10;0
5;2025-12-18;11;0
5;2025-12-18;12;0
5;2025-12-18;13;0
5;2025-12-18;14;0
5;2025-12-18;15;0
5;2025-12-18;16;0
5;2025-12-18;17;0
5;2025-12-18;18;0
5;2025-12-18;19;0
5;2025-12-18;20;0
5;2025-12-18;21;0
5;2025-12-18;22;0
5;2025-12-18;23;0
5;2025-12-19;0;0
5;2025-12-19;1;0
5;2025-12-19;2;0
5;2025-12-19;3;0
5;2025-12-19;4;0
5;2025-12-19;5;0
5;2025-12-19;6;0
5;2025-12-19;7;0
5;2025-12-19;8;0
5;2025-12-19;9;0
5;2025-12-19;10;0
5;2025-12-19;11;0
5;2025-12-19;12;0
5;2025-12-19;13;0
5;2025-12-19;14;0
5;2025-12-19;15;0
5;2025-12-19;16;0
5;2025-12-19;17;0
5;2025-12-19;18;0
5;2025-12-19;19;0
5;2025-12-19;20;0
5;2025-12-19;21;0
5;2025-12-19;22;0
5;2025-12-19;23;0
5;2025-12-20;0;0
5;2025-12-20;1;0
5;2025-12-20;2;0
5;2025-12-20;3;0
5;2025-12-20;4;0
5;2025-12-20;5;0
5;2025-12-20;6;0
5;2025-12-20;7;0
5;2025-12-20;8;0
5;2025-12-20;9;0
5;2025-12-20;10;0
5;2025-12-20;11;0
5;2025-12-20;12;0
5;2025-12-20;13;0
5;2025-12-20;14;0
5;2025-12-20;15;0
5;2025-12-20;16;0
5;2025-12-20;17;0
5;2025-12-20;18;0
5;2025-12-20;19;0
5;2025-12-20;20;0
5;2025-12-20;21;0
5;2025-12-20;22;0
5;2025-12-20;23;0
5;2025-12-21;0;0
5;2025-12-21;1;0
5;2025-12-21;2;0
5;2025-12-21;3;0
5;2025-12-21;4;0
5;2025-12-21;5;0
5;2025-12-21;6;0
5;2025-12-21;7;0
5;2025-12-21;8;0
5;2025-12-21;9;0
5;2025-12-21;10;0
5;2025-12-21;11;0
5;2025-12-21;12;0
5;2025-12-21;13;0
5;2025-12-21;14;0
5;2025-12-21;15;0
5;2025-12-21;16;0
5;2025-12-21;17;0
5;2025-12-21;18;0
5;2025-12-21;19;0
5;2025-12-21;20;0
5;2025-12-21;21;0
5;2025-12-21;22;0
5;2025-12-21;23;0
5;2025-12-22;0;0
5;2025-12-22;1;0
5;2025-12-22;2;0
5;2025-12-22;3;0
5;2025-12-22;4;0
5;2025-12-22;5;0
5;2025-12-22;6;0
5;2025-12-22;7;0
5;2025-12-22;8;0
5;2025-12-22;9;0
5;2025-12-22;10;0
5;2025-12-22;11;0
5;2025-12-22;12;0
5;2025-12-22;13;0
5;2025-12-22;14;0
5;2025-12-22;15;0
5;2025-12-22;16;0
5;2025-12-22;17;0
5;2025-12-22;18;0
5;2025-12-22;19;0
5;2025-12-22;20;0
5;2025-12-22;21;0
5;2025-12-22;22;0
5;2025-12-22;23;0
5;2025-12-23;0;0
5;2025-12-23;1;0
5;2025-12-23;2;0
5;2025-12-23;3;0
5;2025-12-23;4;0
5;2025-12-23;5;0
5;2025-12-23;6;0
5;2025-12-23;7;0
5;2025-12-23;8;0
5;2025-12-23;9;0
5;2025-12-23;10;0
5;2025-12-23;11;0
5;2025-12-23;12;0
5;2025-12-23;13;0
5;2025-12-23;14;0
5;2025-12-23;15;0
5;2025-12-23;16;0
5;2025-12-23;17;0
5;2025-12-23;18;0
5;2025-12-23;19;0
5;2025-12-23;20;0
5;2025-12-23;21;0
5;2025-12-23;22;0
5;2025-12-23;23;0
5;2025-12-24;0;0
5;2025-12-24;1;0
5;2025-12-24;2;0
5;2025-12-24;3;0
5;2025-12-24;4;0
5;2025-12-24;5;0
5;2025-12-24;6;0
5;2025-12-24;7;0
5;2025-12-24;8;0
5;2025-12-24;9;0
5;2025-12-24;10;0
5;2025-12-24;11;0
5;2025-12-24;12;0
5;2025-12-24;13;0
5;2025-12-24;14;0
5;2025-12-24;15;0
5;2025-12-24;16;0
5;2025-12-24;17;0
5;2025-12-24;18;0
5;2025-12-24;19;0
5;2025-12-24;20;0
5;2025-12-24;21;0
5;2025-12-24;22;0
5;2025-12-24;23;0
5;2025-12-25;0;0
5;2025-12-25;1;0
5;2025-12-25;2;0
5;2025-12-25;3;0
5;2025-12-25;4;0
5;2025-12-25;5;0
5;2025-12-25;6;0
5;2025-12-25;7;0
5;2025-12-25;8;0
5;2025-12-25;9;0
5;2025-12-25;10;0
5;2025-12-25;11;0
5;2025-12-25;12;0
5;2025-12-25;13;0
5;2025-12-25;14;0
5;2025-12-25;15;0
5;2025-12-25;16;0
5;2025-12-25;17;0
5;2025-12-25;18;0
5;2025-12-25;19;0
5;2025-12-25;20;0
5;2025-12-25;21;0
5;2025-12-25;22;0
5;2025-12-25;23;0
5;2025-12-26;0;0
5;2025-12-26;1;0
5;2025-12-26;2;0
5;2025-12-26;3;0
5;2025-12-26;4;0
5;2025-12-26;5;0
5;2025-12-26;6;0
5;2025-12-26;7;0
5;2025-12-26;8;0
5;2025-12-26;9;0
5;2025-12-26;10;0
5;2025-12-26;11;0
5;2025-12-26;12;0
5;2025-12-26;13;0
5;2025-12-26;14;0
5;2025-12-26;15;0
5;2025-12-26;16;0
5;2025-12-26;17;0
5;2025-12-26;18;0
5;2025-12-26;19;0
5;2025-12-26;20;0
5;2025-12-26;21;0
5;2025-12-26;22;0
5;2025-12-26;23;0
5;2025-12-27;0;0
5;2025-12-27;1;0
5;2025-12-27;2;0
5;2025-12-27;3;0
5;2025-12-27;4;0
5;2025-12-27;5;0
5;2025-12-27;6;0
5;2025-12-27;7;0
5;2025-12-27;8;0
5;2025-12-27;9;0
5;2025-12-27;10;0
5;2025-12-27;11;0
5;2025-12-27;12;0
5;2025-12-27;13;0
5;2025-12-27;14;0
5;2025-12-27;15;0
5;2025-12-27;16;0
5;2025-12-27;17;0
5;2025-12-27;18;0
5;2025-12-27;19;0
5;2025-12-27;20;0
5;2025-12-27;21;0
5;2025-12-27;22;0
5;2025-12-27;23;0
5;2025-12-28;0;0
5;2025-12-28;1;0
5;2025-12-28;2;0
5;2025-12-28;3;0
5;2025-12-28;4;0
5;2025-12-28;5;0
5;2025-12-28;6;0
5;2025-12-28;7;0
5;2025-12-28;8;0
5;2025-12-28;9;0
5;2025-12-28;10;0
5;2025-12-28;11;0
5;2025-12-28;12;0
5;2025-12-28;13;0
5;2025-12-28;14;0
5;2025-12-28;15;0
5;2025-12-28;16;0
5;2025-12-28;17;0
5;2025-12-28;18;0
5;2025-12-28;19;0
5;2025-12-28;20;0
5;2025-12-28;21;0
5;2025-12-28;22;0
5;2025-12-28;23;0
5;2025-12-29;0;0
5;2025-12-29;1;0
5;2025-12-29;2;0
5;2025-12-29;3;0
5;2025-12-29;4;0
5;2025-12-29;5;0
5;2025-12-29;6;0
5;2025-12-29;7;0
5;2025-12-29;8;0
5;2025-12-29;9;0
5;2025-12-29;10;0
5;2025-12-29;11;0
5;2025-12-29;12;0
5;2025-12-29;13;0
5;2025-12-29;14;0
5;2025-12-29;15;0
5;2025-12-29;16;0
5;2025-12-29;17;0
5;2025-12-29;18;0
5;2025-12-29;19;0
5;2025-12-29;20;0
5;2025-12-29;21;0
5;2025-12-29;22;0
5;2025-12-29;23;0
5;2025-12-30;0;0
5;2025-12-30;1;0
5;2025-12-30;2;0
5;2025-12-30;3;0
5;2025-12-30;4;0
5;2025-12-30;5;0
5;2025-12-30;6;0
5;2025-12-30;7;0
5;2025-12-30;8;0
5;2025-12-30;9;0
5;2025-12-30;10;0
5;2025-12-30;11;0
5;2025-12-30;12;0
5;2025-12-30;13;0
5;2025-12-30;14;0
5;2025-12-30;15;0
5;2025-12-30;16;0
5;2025-12-30;17;0
5;2025-12-30;18;0
5;2025-12-30;19;0
5;2025-12-30;20;0
5;2025-12-30;21;0
5;2025-12-30;22;0
5;2025-12-30;23;0
5;2025-12-31;0;0
5;2025-12-31;1;0
5;2025-12-31;2;0
5;2025-12-31;3;0
5;2025-12-31;4;0
5;2025-12-31;5;0
5;2025-12-31;6;0
5;2025-12-31;7;0
5;2025-12-31;8;0
5;2025-12-31;9;0
5;2025-12-31;10;0
5;2025-12-31;11;0
5;2025-12-31;12;0
5;2025-12-31;13;0
5;2025-12-31;14;0
5;2025-12-31;15;0
5;2025-12-31;16;0
5;2025-12-31;17;0
5;2025-12-31;18;0
5;2025-12-31;19;0
5;2025-12-31;20;0
5;2025-12-31;21;0
5;2025-12-31;22;0
5;2025-12-31;23;0
7;2025-11-01;0;66
7;2025-11-01;1;12
7;2025-11-01;2;0
7;2025-11-01;3;0
7;2025-11-01;4;1
7;2025-11-01;5;188
7;2025-11-01;6;670
7;2025-11-01;7;1567
7;2025-11-01;8;2340
7;2025-11-01;9;1783
7;2025-11-01;10;1563
7;2025-11-01;11;1493
7;2025-11-01;12;1584
7;2025-11-01;13;1669
7;2025-11-01;14;1729
7;2025-11-01;15;1853
7;2025-11-01;16;2054
7;2025-11-01;17;2246
7;2025-11-01;18;2122
7;2025-11-01;19;1509
7;2025-11-01;20;1045
7;2025-11-01;21;620
7;2025-11-01;22;361
7;2025-11-01;23;231
7;2025-11-02;0;106
7;2025-11-02;1;20
7;2025-11-02;2;0
7;2025-11-02;3;0
7;2025-11-02;4;0
7;2025-11-02;5;42
7;2025-11-02;6;230
7;2025-11-02;7;354
7;2025-11-02;8;556
7;2025-11-02;9;691
7;2025-11-02;10;795
7;2025-11-02;11;976
7;2025-11-02;12;1134
7;2025-11-02;13;1190
7;2025-11-02;14;1255
7;2025-11-02;15;1182
7;2025-11-02;16;1133
7;2025-11-02;17;1087
7;2025-11-02;18;993
7;2025-11-02;19;910
7;2025-11-02;20;686
7;2025-11-02;21;561
7;2025-11-02;22;338
7;2025-11-02;23;176
7;2025-11-03;0;101
7;2025-11-03;1;19
7;2025-11-03;2;0
7;2025-11-03;3;0
7;2025-11-03;4;0
7;2025-11-03;5;40
7;2025-11-03;6;220
7;2025-11-03;7;339
7;2025-11-03;8;533
7;2025-11-03;9;662
7;2025-11-03;10;762
7;2025-11-03;11;935
7;2025-11-03;12;1087
7;2025-11-03;13;1141
7;2025-11-03;14;1203
7;2025-11-03;15;1133
7;2025-11-03;16;1086
7;2025-11-03;17;1042
7;2025-11-03;18;951
7;2025-11-03;19;872
7;2025-11-03;20;657
7;2025-11-03;21;538
7;2025-11-03;22;324
7;2025-11-03;23;169
7;2025-11-04;0;104
7;2025-11-04;1;20
7;2025-11-04;2;0
7;2025-11-04;3;0
7;2025-11-04;4;0
7;2025-11-04;5;41
7;2025-11-04;6;227
7;2025-11-04;7;349
7;2025-11-04;8;549
7;2025-11-04;9;682
7;2025-11-04;10;785
7;2025-11-04;11;963
7;2025-11-04;12;1120
7;2025-11-04;13;1175
7;2025-11-04;14;1239
7;2025-11-04;15;1167
7;2025-11-04;16;1119
7;2025-11-04;17;1074
7;2025-11-04;18;980
7;2025-11-04;19;899
7;2025-11-04;20;677
7;2025-11-04;21;554
7;2025-11-04;22;334
7;2025-11-04;23;174
7;2025-11-05;0;59
7;2025-11-05;1;9
7;2025-11-05;2;0
7;2025-11-05;3;0
7;2025-11-05;4;2
7;2025-11-05;5;201
7;2025-11-05;6;664
7;2025-11-05;7;1559
7;2025-11-05;8;2498
7;2025-11-05;9;1850
7;2025-11-05;10;1637
7;2025-11-05;11;1409
7;2025-11-05;12;1522
7;2025-11-05;13;1492
7;2025-11-05;14;1605
7;2025-11-05;15;1764
7;2025-11-05;16;1824
7;2025-11-05;17;2327
7;2025-11-05;18;2544
7;2025-11-05;19;1717
7;2025-11-05;20;1090
7;2025-11-05;21;641
7;2025-11-05;22;329
7;2025-11-05;23;191
7;2025-11-06;0;63
7;2025-11-06;1;12
7;2025-11-06;2;0
7;2025-11-06;3;0
7;2025-11-06;4;1
7;2025-11-06;5;195
7;2025-11-06;6;724
7;2025-11-06;7;1649
7;2025-11-06;8;2521
7;2025-11-06;9;1843
7;2025-11-06;10;1563
7;2025-11-06;11;1466
7;2025-11-06;12;1507
7;2025-11-06;13;1508
7;2025-11-06;14;1641
7;2025-11-06;15;1710
7;2025-11-06;16;1826
7;2025-11-06;17;2289
7;2025-11-06;18;2683
7;2025-11-06;19;1682
7;2025-11-06;20;1086
7;2025-11-06;21;653
7;2025-11-06;22;313
7;2025-11-06;23;194
7;2025-11-07;0;66
7;2025-11-07;1;12
7;2025-11-07;2;0
7;2025-11-07;3;0
7;2025-11-07;4;1
7;2025-11-07;5;186
7;2025-11-07;6;665
7;2025-11-07;7;1555
7;2025-11-07;8;2323
7;2025-11-07;9;1771
7;2025-11-07;10;1552
7;2025-11-07;11;1482
7;2025-11-07;12;1573
7;2025-11-07;13;1657
7;2025-11-07;14;1717
7;2025-11-07;15;1840
7;2025-11-07;16;2039
7;2025-11-07;17;2230
7;2025-11-07;18;2107
7;2025-11-07;19;1498
7;2025-11-07;20;1037
7;2025-11-07;21;615
7;2025-11-07;22;358
7;2025-11-07;23;229
7;2025-11-08;0;103
7;2025-11-08;1;22
7;2025-11-08;2;0
7;2025-11-08;3;0
7;2025-11-08;4;0
7;2025-11-08;5;59
7;2025-11-08;6;296
7;2025-11-08;7;464
7;2025-11-08;8;764
7;2025-11-08;9;888
7;2025-11-08;10;999
7;2025-11-08;11;1160
7;2025-11-08;12;1288
7;2025-11-08;13;1294
7;2025-11-08;14;1427
7;2025-11-08;15;1266
7;2025-11-08;16;1212
7;2025-11-08;17;1144
7;2025-11-08;18;1087
7;2025-11-08;19;1090
7;2025-11-08;20;819
7;2025-11-08;21;642
7;2025-11-08;22;358
7;2025-11-08;23;226
7;2025-11-09;0;106
7;2025-11-09;1;20
7;2025-11-09;2;0
7;2025-11-09;3;0
7;2025-11-09;4;0
7;2025-11-09;5;42
7;2025-11-09;6;230
7;2025-11-09;7;354
7;2025-11-09;8;556
7;2025-11-09;9;691
7;2025-11-09;10;795
7;2025-11-09;11;976
7;2025-11-09;12;1134
7;2025-11-09;13;1190
7;2025-11-09;14;1255
7;2025-11-09;15;1182
7;2025-11-09;16;1133
7;2025-11-09;17;1087
7;2025-11-09;18;993
7;2025-11-09;19;910
7;2025-11-09;20;686
7;2025-11-09;21;561
7;2025-11-09;22;338
7;2025-11-09;23;176
7;2025-11-10;0;65
7;2025-11-10;1;13
7;2025-11-10;2;0
7;2025-11-10;3;0
7;2025-11-10;4;1
7;2025-11-10;5;196
7;2025-11-10;6;703
7;2025-11-10;7;1638
7;2025-11-10;8;2454
7;2025-11-10;9;1810
7;2025-11-10;10;1531
7;2025-11-10;11;1344
7;2025-11-10;12;1476
7;2025-11-10;13;1471
7;2025-11-10;14;1493
7;2025-11-10;15;1696
7;2025-11-10;16;1778
7;2025-11-10;17;2278
7;2025-11-10;18;2563
7;2025-11-10;19;1738
7;2025-11-10;20;1096
7;2025-11-10;21;572
7;2025-11-10;22;305
7;2025-11-10;23;156
7;2025-11-11;0;50
7;2025-11-11;1;10
7;2025-11-11;2;0
7;2025-11-11;3;0
7;2025-11-11;4;2
7;2025-11-11;5;202
7;2025-11-11;6;696
7;2025-11-11;7;1655
7;2025-11-11;8;2474
7;2025-11-11;9;1823
7;2025-11-11;10;1587
7;2025-11-11;11;1471
7;2025-11-11;12;1543
7;2025-11-11;13;1544
7;2025-11-11;14;1584
7;2025-11-11;15;1790
7;2025-11-11;16;1798
7;2025-11-11;17;2331
7;2025-11-11;18;2571
7;2025-11-11;19;1794
7;2025-11-11;20;1099
7;2025-11-11;21;650
7;2025-11-11;22;309
7;2025-11-11;23;179
7;2025-11-12;0;59
7;2025-11-12;1;9
7;2025-11-12;2;0
7;2025-11-12;3;0
7;2025-11-12;4;2
7;2025-11-12;5;201
7;2025-11-12;6;664
7;2025-11-12;7;1559
7;2025-11-12;8;2498
7;2025-11-12;9;1850
7;2025-11-12;10;1637
7;2025-11-12;11;1409
7;2025-11-12;12;1522
7;2025-11-12;13;1492
7;2025-11-12;14;1605
7;2025-11-12;15;1764
7;2025-11-12;16;1824
7;2025-11-12;17;2327
7;2025-11-12;18;2544
7;2025-11-12;19;1717
7;2025-11-12;20;1090
7;2025-11-12;21;641
7;2025-11-12;22;329
7;2025-11-12;23;191
7;2025-11-13;0;63
7;2025-11-13;1;12
7;2025-11-13;2;0
7;2025-11-13;3;0
7;2025-11-13;4;1
7;2025-11-13;5;195
7;2025-11-13;6;724
7;2025-11-13;7;1649
7;2025-11-13;8;2521
7;2025-11-13;9;1843
7;2025-11-13;10;1563
7;2025-11-13;11;1466
7;2025-11-13;12;1507
7;2025-11-13;13;1508
7;2025-11-13;14;1641
7;2025-11-13;15;1710
7;2025-11-13;16;1826
7;2025-11-13;17;2289
7;2025-11-13;18;2683
7;2025-11-13;19;1682
7;2025-11-13;20;1086
7;2025-11-13;21;653
7;2025-11-13;22;313
7;2025-11-13;23;194
7;2025-11-14;0;66
7;2025-11-14;1;12
7;2025-11-14;2;0
7;2025-11-14;3;0
7;2025-11-14;4;1
7;2025-11-14;5;186
7;2025-11-14;6;665
7;2025-11-14;7;1555
7;2025-11-14;8;2323
7;2025-11-14;9;1771
7;2025-11-14;10;1552
7;2025-11-14;11;1482
7;2025-11-14;12;1573
7;2025-11-14;13;1657
7;2025-11-14;14;1717
7;2025-11-14;15;1840
7;2025-11-14;16;2039
7;2025-11-14;17;2230
7;2025-11-14;18;2107
7;2025-11-14;19;1498
7;2025-11-14;20;1037
7;2025-11-14;21;615
7;2025-11-14;22;358
7;2025-11-14;23;229
7;2025-11-15;0;103
7;2025-11-15;1;22
7;2025-11-15;2;0
7;2025-11-15;3;0
7;2025-11-15;4;0
7;2025-11-15;5;59
7;2025-11-15;6;296
7;2025-11-15;7;464
7;2025-11-15;8;764
7;2025-11-15;9;888
7;2025-11-15;10;999
7;2025-11-15;11;1160
7;2025-11-15;12;1288
7;2025-11-15;13;1294
7;2025-11-15;14;1427
7;2025-11-15;15;1266
7;2025-11-15;16;1212
7;2025-11-15;17;1144
7;2025-11-15;18;1087
7;2025-11-15;19;1090
7;2025-11-15;20;819
7;2025-11-15;21;642
7;2025-11-15;22;358
7;2025-11-15;23;226
7;2025-11-16;0;106
7;2025-11-16;1;20
7;2025-11-16;2;0
7;2025-11-16;3;0
7;2025-11-16;4;0
7;2025-11-16;5;42
7;2025-11-16;6;230
7;2025-11-16;7;354
7;2025-11-16;8;556
7;2025-11-16;9;691
7;2025-11-16;10;795
7;2025-11-16;11;976
7;2025-11-16;12;1134
7;2025-11-16;13;1190
7;2025-11-16;14;1255
7;2025-11-16;15;1182
7;2025-11-16;16;1133
7;2025-11-16;17;1087
7;2025-11-16;18;993
7;2025-11-16;19;910
7;2025-11-16;20;686
7;2025-11-16;21;561
7;2025-11-16;22;338
7;2025-11-16;23;176
7;2025-11-17;0;65
7;2025-11-17;1;13
7;2025-11-17;2;0
7;2025-11-17;3;0
7;2025-11-17;4;1
7;2025-11-17;5;196
7;2025-11-17;6;703
7;2025-11-17;7;1638
7;2025-11-17;8;2454
7;2025-11-17;9;1810
7;2025-11-17;10;1531
7;2025-11-17;11;1344
7;2025-11-17;12;1476
7;2025-11-17;13;1471
7;2025-11-17;14;1493
7;2025-11-17;15;1696
7;2025-11-17;16;1778
7;2025-11-17;17;2278
7;2025-11-17;18;2563
7;2025-11-17;19;1738
7;2025-11-17;20;1096
7;2025-11-17;21;572
7;2025-11-17;22;305
7;2025-11-17;23;156
7;2025-11-18;0;50
7;2025-11-18;1;10
7;2025-11-18;2;0
7;2025-11-18;3;0
7;2025-11-18;4;2
7;2025-11-18;5;202
7;2025-11-18;6;696
7;2025-11-18;7;1655
7;2025-11-18;8;2474
7;2025-11-18;9;1823
7;2025-11-18;10;1587
7;2025-11-18;11;1471
7;2025-11-18;12;1543
7;2025-11-18;13;1544
7;2025-11-18;14;1584
7;2025-11-18;15;1790
7;2025-11-18;16;1798
7;2025-11-18;17;2331
7;2025-11-18;18;2571
7;2025-11-18;19;1794
7;2025-11-18;20;1099
7;2025-11-18;21;650
7;2025-11-18;22;309
7;2025-11-18;23;179
7;2025-11-19;0;59
7;2025-11-19;1;9
7;2025-11-19;2;0
7;2025-11-19;3;0
7;2025-11-19;4;2
7;2025-11-19;5;201
7;2025-11-19;6;664
7;2025-11-19;7;1559
7;2025-11-19;8;2498
7;2025-11-19;9;1850
7;2025-11-19;10;1637
7;2025-11-19;11;1409
7;2025-11-19;12;1522
7;2025-11-19;13;1492
7;2025-11-19;14;1605
7;2025-11-19;15;1764
7;2025-11-19;16;1824
7;2025-11-19;17;2327
7;2025-11-19;18;2544
7;2025-11-19;19;1717
7;2025-11-19;20;1090
7;2025-11-19;21;641
7;2025-11-19;22;329
7;2025-11-19;23;191
7;2025-11-20;0;63
7;2025-11-20;1;12
7;2025-11-20;2;0
7;2025-11-20;3;0
7;2025-11-20;4;1
7;2025-11-20;5;195
7;2025-11-20;6;724
7;2025-11-20;7;1649
7;2025-11-20;8;2521
7;2025-11-20;9;1843
7;2025-11-20;10;1563
7;2025-11-20;11;1466
7;2025-11-20;12;1507
7;2025-11-20;13;1508
7;2025-11-20;14;1641
7;2025-11-20;15;1710
7;2025-11-20;16;1826
7;2025-11-20;17;2289
7;2025-11-20;18;2683
7;2025-11-20;19;1682
7;2025-11-20;20;1086
7;2025-11-20;21;653
7;2025-11-20;22;313
7;2025-11-20;23;194
7;2025-11-21;0;66
7;2025-11-21;1;12
7;2025-11-21;2;0
7;2025-11-21;3;0
7;2025-11-21;4;1
7;2025-11-21;5;186
7;2025-11-21;6;665
7;2025-11-21;7;1555
7;2025-11-21;8;2323
7;2025-11-21;9;1771
7;2025-11-21;10;1552
7;2025-11-21;11;1482
7;2025-11-21;12;1573
7;2025-11-21;13;1657
7;2025-11-21;14;1717
7;2025-11-21;15;1840
7;2025-11-21;16;2039
7;2025-11-21;17;2230
7;2025-11-21;18;2107
7;2025-11-21;19;1498
7;2025-11-21;20;1037
7;2025-11-21;21;615
7;2025-11-21;22;358
7;2025-11-21;23;229
7;2025-11-22;0;103
7;2025-11-22;1;22
7;2025-11-22;2;0
7;2025-11-22;3;0
7;2025-11-22;4;0
7;2025-11-22;5;59
7;2025-11-22;6;296
7;2025-11-22;7;464
7;2025-11-22;8;764
7;2025-11-22;9;888
7;2025-11-22;10;999
7;2025-11-22;11;1160
7;2025-11-22;12;1288
7;2025-11-22;13;1294
7;2025-11-22;14;1427
7;2025-11-22;15;1266
7;2025-11-22;16;1212
7;2025-11-22;17;1144
7;2025-11-22;18;1087
7;2025-11-22;19;1090
7;2025-11-22;20;819
7;2025-11-22;21;642
7;2025-11-22;22;358
7;2025-11-22;23;226
7;2025-11-23;0;106
7;2025-11-23;1;20
7;2025-11-23;2;0
7;2025-11-23;3;0
7;2025-11-23;4;0
7;2025-11-23;5;42
7;2025-11-23;6;230
7;2025-11-23;7;354
7;2025-11-23;8;556
7;2025-11-23;9;691
7;2025-11-23;10;795
7;2025-11-23;11;976
7;2025-11-23;12;1134
7;2025-11-23;13;1190
7;2025-11-23;14;1255
7;2025-11-23;15;1182
7;2025-11-23;16;1133
7;2025-11-23;17;1087
7;2025-11-23;18;993
7;2025-11-23;19;910
7;2025-11-23;20;686
7;2025-11-23;21;561
7;2025-11-23;22;338
7;2025-11-23;23;176
7;2025-11-24;0;65
7;2025-11-24;1;13
7;2025-11-24;2;0
7;2025-11-24;3;0
7;2025-11-24;4;1
7;2025-11-24;5;196
7;2025-11-24;6;703
7;2025-11-24;7;1638
7;2025-11-24;8;2454
7;2025-11-24;9;1810
7;2025-11-24;10;1531
7;2025-11-24;11;1344
7;2025-11-24;12;1476
7;2025-11-24;13;1471
7;2025-11-24;14;1493
7;2025-11-24;15;1696
7;2025-11-24;16;1778
7;2025-11-24;17;2278
7;2025-11-24;18;2563
7;2025-11-24;19;1738
7;2025-11-24;20;1096
7;2025-11-24;21;572
7;2025-11-24;22;305
7;2025-11-24;23;156
7;2025-11-25;0;50
7;2025-11-25;1;10
7;2025-11-25;2;0
7;2025-11-25;3;0
7;2025-11-25;4;2
7;2025-11-25;5;202
7;2025-11-25;6;696
7;2025-11-25;7;1655
7;2025-11-25;8;2474
7;2025-11-25;9;1823
7;2025-11-25;10;1587
7;2025-11-25;11;1471
7;2025-11-25;12;1543
7;2025-11-25;13;1544
7;2025-11-25;14;1584
7;2025-11-25;15;1790
7;2025-11-25;16;1798
7;2025-11-25;17;2331
7;2025-11-25;18;2571
7;2025-11-25;19;1794
7;2025-11-25;20;1099
7;2025-11-25;21;650
7;2025-11-25;22;309
7;2025-11-25;23;179
7;2025-11-26;0;59
7;2025-11-26;1;9
7;2025-11-26;2;0
7;2025-11-26;3;0
7;2025-11-26;4;2
7;2025-11-26;5;201
7;2025-11-26;6;664
7;2025-11-26;7;1559
7;2025-11-26;8;2498
7;2025-11-26;9;1850
7;2025-11-26;10;1637
7;2025-11-26;11;1409
7;2025-11-26;12;1522
7;2025-11-26;13;1492
7;2025-11-26;14;1605
7;2025-11-26;15;1764
7;2025-11-26;16;1824
7;2025-11-26;17;2327
7;2025-11-26;18;2544
7;2025-11-26;19;1717
7;2025-11-26;20;1090
7;2025-11-26;21;641
7;2025-11-26;22;329
7;2025-11-26;23;191
7;2025-11-27;0;63
7;2025-11-27;1;12
7;2025-11-27;2;0
7;2025-11-27;3;0
7;2025-11-27;4;1
7;2025-11-27;5;195
7;2025-11-27;6;724
7;2025-11-27;7;1649
7;2025-11-27;8;2521
7;2025-11-27;9;1843
7;2025-11-27;10;1563
7;2025-11-27;11;1466
7;2025-11-27;12;1507
7;2025-11-27;13;1508
7;2025-11-27;14;1641
7;2025-11-27;15;1710
7;2025-11-27;16;1826
7;2025-11-27;17;2289
7;2025-11-27;18;2683
7;2025-11-27;19;1682
7;2025-11-27;20;1086
7;2025-11-27;21;653
7;2025-11-27;22;313
7;2025-11-27;23;194
7;2025-11-28;0;66
7;2025-11-28;1;12
7;2025-11-28;2;0
7;2025-11-28;3;0
7;2025-11-28;4;1
7;2025-11-28;5;186
7;2025-11-28;6;665
7;2025-11-28;7;1555
7;2025-11-28;8;2323
7;2025-11-28;9;1771
7;2025-11-28;10;1552
7;2025-11-28;11;1482
7;2025-11-28;12;1573
7;2025-11-28;13;1657
7;2025-11-28;14;1717
7;2025-11-28;15;1840
7;2025-11-28;16;2039
7;2025-11-28;17;2230
7;2025-11-28;18;2107
7;2025-11-28;19;1498
7;2025-11-28;20;1037
7;2025-11-28;21;615
7;2025-11-28;22;358
7;2025-11-28;23;229
7;2025-11-29;0;103
7;2025-11-29;1;22
7;2025-11-29;2;0
7;2025-11-29;3;0
7;2025-11-29;4;0
7;2025-11-29;5;59
7;2025-11-29;6;296
7;2025-11-29;7;464
7;2025-11-29;8;764
7;2025-11-29;9;888
7;2025-11-29;10;999
7;2025-11-29;11;1160
7;2025-11-29;12;1288
7;2025-11-29;13;1294
7;2025-11-29;14;1427
7;2025-11-29;15;1266
7;2025-11-29;16;1212
7;2025-11-29;17;1144
7;2025-11-29;18;1087
7;2025-11-29;19;1090
7;2025-11-29;20;819
7;2025-11-29;21;642
7;2025-11-29;22;358
7;2025-11-29;23;226
7;2025-11-30;0;106
7;2025-11-30;1;20
7;2025-11-30;2;0
7;2025-11-30;3;0
7;2025-11-30;4;0
7;2025-11-30;5;42
7;2025-11-30;6;230
7;2025-11-30;7;354
7;2025-11-30;8;556
7;2025-11-30;9;691
7;2025-11-30;10;795
7;2025-11-30;11;976
7;2025-11-30;12;1134
7;2025-11-30;13;1190
7;2025-11-30;14;1255
7;2025-11-30;15;1182
7;2025-11-30;16;1133
7;2025-11-30;17;1087
7;2025-11-30;18;993
7;2025-11-30;19;910
7;2025-11-30;20;686
7;2025-11-30;21;561
7;2025-11-30;22;338
7;2025-11-30;23;176
7;2025-12-01;0;65
7;2025-12-01;1;13
7;2025-12-01;2;0
7;2025-12-01;3;0
7;2025-12-01;4;1
7;2025-12-01;5;196
7;2025-12-01;6;703
7;2025-12-01;7;1638
7;2025-12-01;8;2454
7;2025-12-01;9;1810
7;2025-12-01;10;1531
7;2025-12-01;11;1344
7;2025-12-01;12;1476
7;2025-12-01;13;1471
7;2025-12-01;14;1493
7;2025-12-01;15;1696
7;2025-12-01;16;1778
7;2025-12-01;17;2278
7;2025-12-01;18;2563
7;2025-12-01;19;1738
7;2025-12-01;20;1096
7;2025-12-01;21;572
7;2025-12-01;22;305
7;2025-12-01;23;156
7;2025-12-02;0;50
7;2025-12-02;1;10
7;2025-12-02;2;0
7;2025-12-02;3;0
7;2025-12-02;4;2
7;2025-12-02;5;202
7;2025-12-02;6;696
7;2025-12-02;7;1655
7;2025-12-02;8;2474
7;2025-12-02;9;1823
7;2025-12-02;10;1587
7;2025-12-02;11;1471
7;2025-12-02;12;1543
7;2025-12-02;13;1544
7;2025-12-02;14;1584
7;2025-12-02;15;1790
7;2025-12-02;16;1798
7;2025-12-02;17;2331
7;2025-12-02;18;2571
7;2025-12-02;19;1794
7;2025-12-02;20;1099
7;2025-12-02;21;650
7;2025-12-02;22;309
7;2025-12-02;23;179
7;2025-12-03;0;59
7;2025-12-03;1;9
7;2025-12-03;2;0
7;2025-12-03;3;0
7;2025-12-03;4;2
7;2025-12-03;5;201
7;2025-12-03;6;664
7;2025-12-03;7;1559
7;2025-12-03;8;2498
7;2025-12-03;9;1850
7;2025-12-03;10;1637
7;2025-12-03;11;1409
7;2025-12-03;12;1522
7;2025-12-03;13;1492
7;2025-12-03;14;1605
7;2025-12-03;15;1764
7;2025-12-03;16;1824
7;2025-12-03;17;2327
7;2025-12-03;18;2544
7;2025-12-03;19;1717
7;2025-12-03;20;1090
7;2025-12-03;21;641
7;2025-12-03;22;329
7;2025-12-03;23;191
7;2025-12-04;0;63
7;2025-12-04;1;12
7;2025-12-04;2;0
7;2025-12-04;3;0
7;2025-12-04;4;1
7;2025-12-04;5;195
7;2025-12-04;6;724
7;2025-12-04;7;1649
7;2025-12-04;8;2521
7;2025-12-04;9;1843
7;2025-12-04;10;1563
7;2025-12-04;11;1466
7;2025-12-04;12;1507
7;2025-12-04;13;1508
7;2025-12-04;14;1641
7;2025-12-04;15;1710
7;2025-12-04;16;1826
7;2025-12-04;17;2289
7;2025-12-04;18;2683
7;2025-12-04;19;1682
7;2025-12-04;20;1086
7;2025-12-04;21;653
7;2025-12-04;22;313
7;2025-12-04;23;194
7;2025-12-05;0;66
7;2025-12-05;1;12
7;2025-12-05;2;0
7;2025-12-05;3;0
7;2025-12-05;4;1
7;2025-12-05;5;186
7;2025-12-05;6;665
7;2025-12-05;7;1555
7;2025-12-05;8;2323
7;2025-12-05;9;1771
7;2025-12-05;10;1552
7;2025-12-05;11;1482
7;2025-12-05;12;1573
7;2025-12-05;13;1657
7;2025-12-05;14;1717
7;2025-12-05;15;1840
7;2025-12-05;16;2039
7;2025-12-05;17;2230
7;2025-12-05;18;2107
7;2025-12-05;19;1498
7;2025-12-05;20;1037
7;2025-12-05;21;615
7;2025-12-05;22;358
7;2025-12-05;23;229
7;2025-12-06;0;103
7;2025-12-06;1;22
7;2025-12-06;2;0
7;2025-12-06;3;0
7;2025-12-06;4;0
7;2025-12-06;5;59
7;2025-12-06;6;296
7;2025-12-06;7;464
7;2025-12-06;8;764
7;2025-12-06;9;888
7;2025-12-06;10;999
7;2025-12-06;11;1160
7;2025-12-06;12;1288
7;2025-12-06;13;1294
7;2025-12-06;14;1427
7;2025-12-06;15;1266
7;2025-12-06;16;1212
7;2025-12-06;17;1144
7;2025-12-06;18;1087
7;2025-12-06;19;1090
7;2025-12-06;20;819
7;2025-12-06;21;642
7;2025-12-06;22;358
7;2025-12-06;23;226
7;2025-12-07;0;106
7;2025-12-07;1;20
7;2025-12-07;2;0
7;2025-12-07;3;0
7;2025-12-07;4;0
7;2025-12-07;5;42
7;2025-12-07;6;230
7;2025-12-07;7;354
7;2025-12-07;8;556
7;2025-12-07;9;691
7;2025-12-07;10;795
7;2025-12-07;11;976
7;2025-12-07;12;1134
7;2025-12-07;13;1190
7;2025-12-07;14;1255
7;2025-12-07;15;1182
7;2025-12-07;16;1133
7;2025-12-07;17;1087
7;2025-12-07;18;993
7;2025-12-07;19;910
7;2025-12-07;20;686
7;2025-12-07;21;561
7;2025-12-07;22;338
7;2025-12-07;23;176
7;2025-12-08;0;65
7;2025-12-08;1;13
7;2025-12-08;2;0
7;2025-12-08;3;0
7;2025-12-08;4;1
7;2025-12-08;5;196
7;2025-12-08;6;703
7;2025-12-08;7;1638
7;2025-12-08;8;2454
7;2025-12-08;9;1810
7;2025-12-08;10;1531
7;2025-12-08;11;1344
7;2025-12-08;12;1476
7;2025-12-08;13;1471
7;2025-12-08;14;1493
7;2025-12-08;15;1696
7;2025-12-08;16;1778
7;2025-12-08;17;2278
7;2025-12-08;18;2563
7;2025-12-08;19;1738
7;2025-12-08;20;1096
7;2025-12-08;21;572
7;2025-12-08;22;305
7;2025-12-08;23;156
7;2025-12-09;0;50
7;2025-12-09;1;10
7;2025-12-09;2;0
7;2025-12-09;3;0
7;2025-12-09;4;2
7;2025-12-09;5;202
7;2025-12-09;6;696
7;2025-12-09;7;1655
7;2025-12-09;8;2474
7;2025-12-09;9;1823
7;2025-12-09;10;1587
7;2025-12-09;11;1471
7;2025-12-09;12;1543
7;2025-12-09;13;1544
7;2025-12-09;14;1584
7;2025-12-09;15;1790
7;2025-12-09;16;1798
7;2025-12-09;17;2331
7;2025-12-09;18;2571
7;2025-12-09;19;1794
7;2025-12-09;20;1099
7;2025-12-09;21;650
7;2025-12-09;22;309
7;2025-12-09;23;179
7;2025-12-10;0;59
7;2025-12-10;1;9
7;2025-12-10;2;0
7;2025-12-10;3;0
7;2025-12-10;4;2
7;2025-12-10;5;201
7;2025-12-10;6;664
7;2025-12-10;7;1559
7;2025-12-10;8;2498
7;2025-12-10;9;1850
7;2025-12-10;10;1637
7;2025-12-10;11;1409
7;2025-12-10;12;1522
7;2025-12-10;13;1492
7;2025-12-10;14;1605
7;2025-12-10;15;1764
7;2025-12-10;16;1824
7;2025-12-10;17;2327
7;2025-12-10;18;2544
7;2025-12-10;19;1717
7;2025-12-10;20;1090
7;2025-12-10;21;641
7;2025-12-10;22;329
7;2025-12-10;23;191
7;2025-12-11;0;63
7;2025-12-11;1;12
7;2025-12-11;2;0
7;2025-12-11;3;0
7;2025-12-11;4;1
7;2025-12-11;5;195
7;2025-12-11;6;724
7;2025-12-11;7;1649
7;2025-12-11;8;2521
7;2025-12-11;9;1843
7;2025-12-11;10;1563
7;2025-12-11;11;1466
7;2025-12-11;12;1507
7;2025-12-11;13;1508
7;2025-12-11;14;1641
7;2025-12-11;15;1710
7;2025-12-11;16;1826
7;2025-12-11;17;2289
7;2025-12-11;18;2683
7;2025-12-11;19;1682
7;2025-12-11;20;1086
7;2025-12-11;21;653
7;2025-12-11;22;313
7;2025-12-11;23;194
7;2025-12-12;0;66
7;2025-12-12;1;12
7;2025-12-12;2;0
7;2025-12-12;3;0
7;2025-12-12;4;1
7;2025-12-12;5;186
7;2025-12-12;6;665
7;2025-12-12;7;1555
7;2025-12-12;8;2323
7;2025-12-12;9;1771
7;2025-12-12;10;1552
7;2025-12-12;11;1482
7;2025-12-12;12;1573
7;2025-12-12;13;1657
7;2025-12-12;14;1717
7;2025-12-12;15;1840
7;2025-12-12;16;2039
7;2025-12-12;17;2230
7;2025-12-12;18;2107
7;2025-12-12;19;1498
7;2025-12-12;20;1037
7;2025-12-12;21;615
7;2025-12-12;22;358
7;2025-12-12;23;229
7;2025-12-13;0;103
7;2025-12-13;1;22
7;2025-12-13;2;0
7;2025-12-13;3;0
7;2025-12-13;4;0
7;2025-12-13;5;59
7;2025-12-13;6;296
7;2025-12-13;7;464
7;2025-12-13;8;764
7;2025-12-13;9;888
7;2025-12-13;10;999
7;2025-12-13;11;1160
7;2025-12-13;12;1288
7;2025-12-13;13;1294
7;2025-12-13;14;1427
7;2025-12-13;15;1266
7;2025-12-13;16;1212
7;2025-12-13;17;1144
7;2025-12-13;18;1087
7;2025-12-13;19;1090
7;2025-12-13;20;819
7;2025-12-13;21;642
7;2025-12-13;22;358
7;2025-12-13;23;226
7;2025-12-14;0;106
7;2025-12-14;1;20
7;2025-12-14;2;0
7;2025-12-14;3;0
7;2025-12-14;4;0
7;2025-12-14;5;42
7;2025-12-14;6;230
7;2025-12-14;7;354
7;2025-12-14;8;556
7;2025-12-14;9;691
7;2025-12-14;10;795
7;2025-12-14;11;976
7;2025-12-14;12;1134
7;2025-12-14;13;1190
7;2025-12-14;14;1255
7;2025-12-14;15;1182
7;2025-12-14;16;1133
7;2025-12-14;17;1087
7;2025-12-14;18;993
7;2025-12-14;19;910
7;2025-12-14;20;686
7;2025-12-14;21;561
7;2025-12-14;22;338
7;2025-12-14;23;176
7;2025-12-15;0;65
7;2025-12-15;1;13
7;2025-12-15;2;0
7;2025-12-15;3;0
7;2025-12-15;4;1
7;2025-12-15;5;196
7;2025-12-15;6;703
7;2025-12-15;7;1638
7;2025-12-15;8;2454
7;2025-12-15;9;1810
7;2025-12-15;10;1531
7;2025-12-15;11;1344
7;2025-12-15;12;1476
7;2025-12-15;13;1471
7;2025-12-15;14;1493
7;2025-12-15;15;1696
7;2025-12-15;16;1778
7;2025-12-15;17;2278
7;2025-12-15;18;2563
7;2025-12-15;19;1738
7;2025-12-15;20;1096
7;2025-12-15;21;572
7;2025-12-15;22;305
7;2025-12-15;23;156
7;2025-12-16;0;50
7;2025-12-16;1;10
7;2025-12-16;2;0
7;2025-12-16;3;0
7;2025-12-16;4;2
7;2025-12-16;5;202
7;2025-12-16;6;696
7;2025-12-16;7;1655
7;2025-12-16;8;2474
7;2025-12-16;9;1823
7;2025-12-16;10;1587
7;2025-12-16;11;1471
7;2025-12-16;12;1543
7;2025-12-16;13;1544
7;2025-12-16;14;1584
7;2025-12-16;15;1790
7;2025-12-16;16;1798
7;2025-12-16;17;2331
7;2025-12-16;18;2571
7;2025-12-16;19;1794
7;2025-12-16;20;1099
7;2025-12-16;21;650
7;2025-12-16;22;309
7;2025-12-16;23;179
7;2025-12-17;0;59
7;2025-12-17;1;9
7;2025-12-17;2;0
7;2025-12-17;3;0
7;2025-12-17;4;2
7;2025-12-17;5;201
7;2025-12-17;6;664
7;2025-12-17;7;1559
7;2025-12-17;8;2498
7;2025-12-17;9;1850
7;2025-12-17;10;1637
7;2025-12-17;11;1409
7;2025-12-17;12;1522
7;2025-12-17;13;1492
7;2025-12-17;14;1605
7;2025-12-17;15;1764
7;2025-12-17;16;1824
7;2025-12-17;17;2327
7;2025-12-17;18;2544
7;2025-12-17;19;1717
7;2025-12-17;20;1090
7;2025-12-17;21;641
7;2025-12-17;22;329
7;2025-12-17;23;191
7;2025-12-18;0;63
7;2025-12-18;1;12
7;2025-12-18;2;0
7;2025-12-18;3;0
7;2025-12-18;4;1
7;2025-12-18;5;195
7;2025-12-18;6;724
7;2025-12-18;7;1649
7;2025-12-18;8;2521
7;2025-12-18;9;1843
7;2025-12-18;10;1563
7;2025-12-18;11;1466
7;2025-12-18;12;1507
7;2025-12-18;13;1508
7;2025-12-18;14;1641
7;2025-12-18;15;1710
7;2025-12-18;16;1826
7;2025-12-18;17;2289
7;2025-12-18;18;2683
7;2025-12-18;19;1682
7;2025-12-18;20;1086
7;2025-12-18;21;653
7;2025-12-18;22;313
7;2025-12-18;23;194
7;2025-12-19;0;66
7;2025-12-19;1;12
7;2025-12-19;2;0
7;2025-12-19;3;0
7;2025-12-19;4;1
7;2025-12-19;5;186
7;2025-12-19;6;665
7;2025-12-19;7;1555
7;2025-12-19;8;2323
7;2025-12-19;9;1771
7;2025-12-19;10;1552
7;2025-12-19;11;1482
7;2025-12-19;12;1573
7;2025-12-19;13;1657
7;2025-12-19;14;1717
7;2025-12-19;15;1840
7;2025-12-19;16;2039
7;2025-12-19;17;2230
7;2025-12-19;18;2107
7;2025-12-19;19;1498
7;2025-12-19;20;1037
7;2025-12-19;21;615
7;2025-12-19;22;358
7;2025-12-19;23;229
7;2025-12-20;0;103
7;2025-12-20;1;22
7;2025-12-20;2;0
7;2025-12-20;3;0
7;2025-12-20;4;0
7;2025-12-20;5;59
7;2025-12-20;6;296
7;2025-12-20;7;464
7;2025-12-20;8;764
7;2025-12-20;9;888
7;2025-12-20;10;999
7;2025-12-20;11;1160
7;2025-12-20;12;1288
7;2025-12-20;13;1294
7;2025-12-20;14;1427
7;2025-12-20;15;1266
7;2025-12-20;16;1212
7;2025-12-20;17;1144
7;2025-12-20;18;1087
7;2025-12-20;19;1090
7;2025-12-20;20;819
7;2025-12-20;21;642
7;2025-12-20;22;358
7;2025-12-20;23;226
7;2025-12-21;0;106
7;2025-12-21;1;20
7;2025-12-21;2;0
7;2025-12-21;3;0
7;2025-12-21;4;0
7;2025-12-21;5;42
7;2025-12-21;6;230
7;2025-12-21;7;354
7;2025-12-21;8;556
7;2025-12-21;9;691
7;2025-12-21;10;795
7;2025-12-21;11;976
7;2025-12-21;12;1134
7;2025-12-21;13;1190
7;2025-12-21;14;1255
7;2025-12-21;15;1182
7;2025-12-21;16;1133
7;2025-12-21;17;1087
7;2025-12-21;18;993
7;2025-12-21;19;910
7;2025-12-21;20;686
7;2025-12-21;21;561
7;2025-12-21;22;338
7;2025-12-21;23;176
7;2025-12-22;0;65
7;2025-12-22;1;13
7;2025-12-22;2;0
7;2025-12-22;3;0
7;2025-12-22;4;1
7;2025-12-22;5;196
7;2025-12-22;6;703
7;2025-12-22;7;1638
7;2025-12-22;8;2454
7;2025-12-22;9;1810
7;2025-12-22;10;1531
7;2025-12-22;11;1344
7;2025-12-22;12;1476
7;2025-12-22;13;1471
7;2025-12-22;14;1493
7;2025-12-22;15;1696
7;2025-12-22;16;1778
7;2025-12-22;17;2278
7;2025-12-22;18;2563
7;2025-12-22;19;1738
7;2025-12-22;20;1096
7;2025-12-22;21;572
7;2025-12-22;22;305
7;2025-12-22;23;156
7;2025-12-23;0;50
7;2025-12-23;1;10
7;2025-12-23;2;0
7;2025-12-23;3;0
7;2025-12-23;4;2
7;2025-12-23;5;202
7;2025-12-23;6;696
7;2025-12-23;7;1655
7;2025-12-23;8;2474
7;2025-12-23;9;1823
7;2025-12-23;10;1587
7;2025-12-23;11;1471
7;2025-12-23;12;1543
7;2025-12-23;13;1544
7;2025-12-23;14;1584
7;2025-12-23;15;1790
7;2025-12-23;16;1798
7;2025-12-23;17;2331
7;2025-12-23;18;2571
7;2025-12-23;19;1794
7;2025-12-23;20;1099
7;2025-12-23;21;650
7;2025-12-23;22;309
7;2025-12-23;23;179
7;2025-12-24;0;59
7;2025-12-24;1;9
7;2025-12-24;2;0
7;2025-12-24;3;0
7;2025-12-24;4;2
7;2025-12-24;5;201
7;2025-12-24;6;664
7;2025-12-24;7;1559
7;2025-12-24;8;2498
7;2025-12-24;9;1850
7;2025-12-24;10;1637
7;2025-12-24;11;1409
7;2025-12-24;12;1522
7;2025-12-24;13;1492
7;2025-12-24;14;1605
7;2025-12-24;15;1764
7;2025-12-24;16;1824
7;2025-12-24;17;2327
7;2025-12-24;18;2544
7;2025-12-24;19;1717
7;2025-12-24;20;1090
7;2025-12-24;21;641
7;2025-12-24;22;329
7;2025-12-24;23;191
7;2025-12-25;0;63
7;2025-12-25;1;12
7;2025-12-25;2;0
7;2025-12-25;3;0
7;2025-12-25;4;1
7;2025-12-25;5;195
7;2025-12-25;6;724
7;2025-12-25;7;1649
7;2025-12-25;8;2521
7;2025-12-25;9;1843
7;2025-12-25;10;1563
7;2025-12-25;11;1466
7;2025-12-25;12;1507
7;2025-12-25;13;1508
7;2025-12-25;14;1641
7;2025-12-25;15;1710
7;2025-12-25;16;1826
7;2025-12-25;17;2289
7;2025-12-25;18;2683
7;2025-12-25;19;1682
7;2025-12-25;20;1086
7;2025-12-25;21;653
7;2025-12-25;22;313
7;2025-12-25;23;194
7;2025-12-26;0;66
7;2025-12-26;1;12
7;2025-12-26;2;0
7;2025-12-26;3;0
7;2025-12-26;4;1
7;2025-12-26;5;186
7;2025-12-26;6;665
7;2025-12-26;7;1555
7;2025-12-26;8;2323
7;2025-12-26;9;1771
7;2025-12-26;10;1552
7;2025-12-26;11;1482
7;2025-12-26;12;1573
7;2025-12-26;13;1657
7;2025-12-26;14;1717
7;2025-12-26;15;1840
7;2025-12-26;16;2039
7;2025-12-26;17;2230
7;2025-12-26;18;2107
7;2025-12-26;19;1498
7;2025-12-26;20;1037
7;2025-12-26;21;615
7;2025-12-26;22;358
7;2025-12-26;23;229
7;2025-12-27;0;103
7;2025-12-27;1;22
7;2025-12-27;2;0
7;2025-12-27;3;0
7;2025-12-27;4;0
7;2025-12-27;5;59
7;2025-12-27;6;296
7;2025-12-27;7;464
7;2025-12-27;8;764
7;2025-12-27;9;888
7;2025-12-27;10;999
7;2025-12-27;11;1160
7;2025-12-27;12;1288
7;2025-12-27;13;1294
7;2025-12-27;14;1427
7;2025-12-27;15;1266
7;2025-12-27;16;1212
7;2025-12-27;17;1144
7;2025-12-27;18;1087
7;2025-12-27;19;1090
7;2025-12-27;20;819
7;2025-12-27;21;642
7;2025-12-27;22;358
7;2025-12-27;23;226
7;2025-12-28;0;106
7;2025-12-28;1;20
7;2025-12-28;2;0
7;2025-12-28;3;0
7;2025-12-28;4;0
7;2025-12-28;5;42
7;2025-12-28;6;230
7;2025-12-28;7;354
7;2025-12-28;8;556
7;2025-12-28;9;691
7;2025-12-28;10;795
7;2025-12-28;11;976
7;2025-12-28;12;1134
7;2025-12-28;13;1190
7;2025-12-28;14;1255
7;2025-12-28;15;1182
7;2025-12-28;16;1133
7;2025-12-28;17;1087
7;2025-12-28;18;993
7;2025-12-28;19;910
7;2025-12-28;20;686
7;2025-12-28;21;561
7;2025-12-28;22;338
7;2025-12-28;23;176
7;2025-12-29;0;65
7;2025-12-29;1;13
7;2025-12-29;2;0
7;2025-12-29;3;0
7;2025-12-29;4;1
7;2025-12-29;5;196
7;2025-12-29;6;703
7;2025-12-29;7;1638
7;2025-12-29;8;2454
7;2025-12-29;9;1810
7;2025-12-29;10;1531
7;2025-12-29;11;1344
7;2025-12-29;12;1476
7;2025-12-29;13;1471
7;2025-12-29;14;1493
7;2025-12-29;15;1696
7;2025-12-29;16;1778
7;2025-12-29;17;2278
7;2025-12-29;18;2563
7;2025-12-29;19;1738
7;2025-12-29;20;1096
7;2025-12-29;21;572
7;2025-12-29;22;305
7;2025-12-29;23;156
7;2025-12-30;0;50
7;2025-12-30;1;10
7;2025-12-30;2;0
7;2025-12-30;3;0
7;2025-12-30;4;2
7;2025-12-30;5;202
7;2025-12-30;6;696
7;2025-12-30;7;1655
7;2025-12-30;8;2474
7;2025-12-30;9;1823
7;2025-12-30;10;1587
7;2025-12-30;11;1471
7;2025-12-30;12;1543
7;2025-12-30;13;1544
7;2025-12-30;14;1584
7;2025-12-30;15;1790
7;2025-12-30;16;1798
7;2025-12-30;17;2331
7;2025-12-30;18;2571
7;2025-12-30;19;1794
7;2025-12-30;20;1099
7;2025-12-30;21;650
7;2025-12-30;22;309
7;2025-12-30;23;179
7;2025-12-31;0;103
7;2025-12-31;1;19
7;2025-12-31;2;0
7;2025-12-31;3;0
7;2025-12-31;4;0
7;2025-12-31;5;41
7;2025-12-31;6;225
7;2025-12-31;7;346
7;2025-12-31;8;544
7;2025-12-31;9;676
7;2025-12-31;10;778
7;2025-12-31;11;955
7;2025-12-31;12;1110
7;2025-12-31;13;1165
7;2025-12-31;14;1228
7;2025-12-31;15;1157
7;2025-12-31;16;1109
7;2025-12-31;17;1064
7;2025-12-31;18;972
7;2025-12-31;19;891
7;2025-12-31;20;671
7;2025-12-31;21;549
7;2025-12-31;22;331
7;2025-12-31;23;172
11;2025-11-01;0;70
11;2025-11-01;1;1
11;2025-11-01;2;0
11;2025-11-01;3;0
11;2025-11-01;4;0
11;2025-11-01;5;285
11;2025-11-01;6;1285
11;2025-11-01;7;2246
11;2025-11-01;8;2994
11;2025-11-01;9;2278
11;2025-11-01;10;1848
11;2025-11-01;11;1773
11;2025-11-01;12;1867
11;2025-11-01;13;1882
11;2025-11-01;14;1966
11;2025-11-01;15;2188
11;2025-11-01;16;2384
11;2025-11-01;17;2813
11;2025-11-01;18;2459
11;2025-11-01;19;1957
11;2025-11-01;20;1370
11;2025-11-01;21;851
11;2025-11-01;22;461
11;2025-11-01;23;290
11;2025-11-02;0;106
11;2025-11-02;1;12
11;2025-11-02;2;0
11;2025-11-02;3;0
11;2025-11-02;4;2
11;2025-11-02;5;128
11;2025-11-02;6;522
11;2025-11-02;7;505
11;2025-11-02;8;665
11;2025-11-02;9;925
11;2025-11-02;10;995
11;2025-11-02;11;1411
11;2025-11-02;12;1589
11;2025-11-02;13;1532
11;2025-11-02;14;1629
11;2025-11-02;15;1650
11;2025-11-02;16;1594
11;2025-11-02;17;1670
11;2025-11-02;18;1367
11;2025-11-02;19;1161
11;2025-11-02;20;946
11;2025-11-02;21;663
11;2025-11-02;22;383
11;2025-11-02;23;257
11;2025-11-03;0;102
11;2025-11-03;1;11
11;2025-11-03;2;0
11;2025-11-03;3;0
11;2025-11-03;4;2
11;2025-11-03;5;122
11;2025-11-03;6;500
11;2025-11-03;7;484
11;2025-11-03;8;638
11;2025-11-03;9;887
11;2025-11-03;10;954
11;2025-11-03;11;1352
11;2025-11-03;12;1523
11;2025-11-03;13;1469
11;2025-11-03;14;1561
11;2025-11-03;15;1581
11;2025-11-03;16;1528
11;2025-11-03;17;1601
11;2025-11-03;18;1310
11;2025-11-03;19;1113
11;2025-11-03;20;907
11;2025-11-03;21;635
11;2025-11-03;22;368
11;2025-11-03;23;247
11;2025-11-04;0;105
11;2025-11-04;1;11
11;2025-11-04;2;0
11;2025-11-04;3;0
11;2025-11-04;4;2
11;2025-11-04;5;126
11;2025-11-04;6;515
11;2025-11-04;7;499
11;2025-11-04;8;657
11;2025-11-04;9;914
11;2025-11-04;10;983
11;2025-11-04;11;1393
11;2025-11-04;12;1569
11;2025-11-04;13;1513
11;2025-11-04;14;1608
11;2025-11-04;15;1629
11;2025-11-04;16;1574
11;2025-11-04;17;1649
11;2025-11-04;18;1350
11;2025-11-04;19;1147
11;2025-11-04;20;934
11;2025-11-04;21;654
11;2025-11-04;22;379
11;2025-11-04;23;254
11;2025-11-05;0;61
11;2025-11-05;1;0
11;2025-11-05;2;0
11;2025-11-05;3;0
11;2025-11-05;4;0
11;2025-11-05;5;282
11;2025-11-05;6;1233
11;2025-11-05;7;2359
11;2025-11-05;8;3052
11;2025-11-05;9;2255
11;2025-11-05;10;1804
11;2025-11-05;11;1842
11;2025-11-05;12;1830
11;2025-11-05;13;1953
11;2025-11-05;14;1921
11;2025-11-05;15;1963
11;2025-11-05;16;2079
11;2025-11-05;17;2764
11;2025-11-05;18;2969
11;2025-11-05;19;2221
11;2025-11-05;20;1463
11;2025-11-05;21;851
11;2025-11-05;22;414
11;2025-11-05;23;224
11;2025-11-06;0;64
11;2025-11-06;1;1
11;2025-11-06;2;0
11;2025-11-06;3;0
11;2025-11-06;4;0
11;2025-11-06;5;292
11;2025-11-06;6;1274
11;2025-11-06;7;2312
11;2025-11-06;8;2949
11;2025-11-06;9;2390
11;2025-11-06;10;1898
11;2025-11-06;11;1783
11;2025-11-06;12;1862
11;2025-11-06;13;1987
11;2025-11-06;14;1918
11;2025-11-06;15;1989
11;2025-11-06;16;2209
11;2025-11-06;17;2708
11;2025-11-06;18;3018
11;2025-11-06;19;2198
11;2025-11-06;20;1430
11;2025-11-06;21;859
11;2025-11-06;22;439
11;2025-11-06;23;229
11;2025-11-07;0;69
11;2025-11-07;1;1
11;2025-11-07;2;0
11;2025-11-07;3;0
11;2025-11-07;4;0
11;2025-11-07;5;283
11;2025-11-07;6;1276
11;2025-11-07;7;2230
11;2025-11-07;8;2973
11;2025-11-07;9;2262
11;2025-11-07;10;1835
11;2025-11-07;11;1760
11;2025-11-07;12;1853
11;2025-11-07;13;1869
11;2025-11-07;14;1952
11;2025-11-07;15;2172
11;2025-11-07;16;2367
11;2025-11-07;17;2793
11;2025-11-07;18;2442
11;2025-11-07;19;1943
11;2025-11-07;20;1360
11;2025-11-07;21;845
11;2025-11-07;22;458
11;2025-11-07;23;287
11;2025-11-08;0;102
11;2025-11-08;1;2
11;2025-11-08;2;0
11;2025-11-08;3;0
11;2025-11-08;4;4
11;2025-11-08;5;198
11;2025-11-08;6;770
11;2025-11-08;7;701
11;2025-11-08;8;972
11;2025-11-08;9;1106
11;2025-11-08;10;1236
11;2025-11-08;11;1610
11;2025-11-08;12;1783
11;2025-11-08;13;1708
11;2025-11-08;14;1733
11;2025-11-08;15;1707
11;2025-11-08;16;1741
11;2025-11-08;17;1738
11;2025-11-08;18;1490
11;2025-11-08;19;1422
11;2025-11-08;20;1062
11;2025-11-08;21;734
11;2025-11-08;22;454
11;2025-11-08;23;298
11;2025-11-09;0;106
11;2025-11-09;1;12
11;2025-11-09;2;0
11;2025-11-09;3;0
11;2025-11-09;4;2
11;2025-11-09;5;128
11;2025-11-09;6;522
11;2025-11-09;7;505
11;2025-11-09;8;665
11;2025-11-09;9;925
11;2025-11-09;10;995
11;2025-11-09;11;1411
11;2025-11-09;12;1589
11;2025-11-09;13;1532
11;2025-11-09;14;1629
11;2025-11-09;15;1650
11;2025-11-09;16;1594
11;2025-11-09;17;1670
11;2025-11-09;18;1367
11;2025-11-09;19;1161
11;2025-11-09;20;946
11;2025-11-09;21;663
11;2025-11-09;22;383
11;2025-11-09;23;257
11;2025-11-10;0;72
11;2025-11-10;1;6
11;2025-11-10;2;0
11;2025-11-10;3;0
11;2025-11-10;4;0
11;2025-11-10;5;278
11;2025-11-10;6;1315
11;2025-11-10;7;2260
11;2025-11-10;8;2974
11;2025-11-10;9;2294
11;2025-11-10;10;1706
11;2025-11-10;11;1747
11;2025-11-10;12;1676
11;2025-11-10;13;1807
11;2025-11-10;14;1811
11;2025-11-10;15;1984
11;2025-11-10;16;2172
11;2025-11-10;17;2697
11;2025-11-10;18;2979
11;2025-11-10;19;2257
11;2025-11-10;20;1408
11;2025-11-10;21;816
11;2025-11-10;22;401
11;2025-11-10;23;205
11;2025-11-11;0;61
11;2025-11-11;1;1
11;2025-11-11;2;0
11;2025-11-11;3;0
11;2025-11-11;4;0
11;2025-11-11;5;267
11;2025-11-11;6;1323
11;2025-11-11;7;2336
11;2025-11-11;8;3172
11;2025-11-11;9;2383
11;2025-11-11;10;1801
11;2025-11-11;11;1731
11;2025-11-11;12;1762
11;2025-11-11;13;1922
11;2025-11-11;14;1941
11;2025-11-11;15;1993
11;2025-11-11;16;2206
11;2025-11-11;17;2755
11;2025-11-11;18;2997
11;2025-11-11;19;2258
11;2025-11-11;20;1466
11;2025-11-11;21;835
11;2025-11-11;22;423
11;2025-11-11;23;208
11;2025-11-12;0;61
11;2025-11-12;1;0
11;2025-11-12;2;0
11;2025-11-12;3;0
11;2025-11-12;4;0
11;2025-11-12;5;282
11;2025-11-12;6;1233
11;2025-11-12;7;2359
11;2025-11-12;8;3052
11;2025-11-12;9;2255
11;2025-11-12;10;1804
11;2025-11-12;11;1842
11;2025-11-12;12;1830
11;2025-11-12;13;1953
11;2025-11-12;14;1921
11;2025-11-12;15;1963
11;2025-11-12;16;2079
11;2025-11-12;17;2764
11;2025-11-12;18;2969
11;2025-11-12;19;2221
11;2025-11-12;20;1463
11;2025-11-12;21;851
11;2025-11-12;22;414
11;2025-11-12;23;224
11;2025-11-13;0;64
11;2025-11-13;1;1
11;2025-11-13;2;0
11;2025-11-13;3;0
11;2025-11-13;4;0
11;2025-11-13;5;292
11;2025-11-13;6;1274
11;2025-11-13;7;2312
11;2025-11-13;8;2949
11;2025-11-13;9;2390
11;2025-11-13;10;1898
11;2025-11-13;11;1783
11;2025-11-13;12;1862
11;2025-11-13;13;1987
11;2025-11-13;14;1918
11;2025-11-13;15;1989
11;2025-11-13;16;2209
11;2025-11-13;17;2708
11;2025-11-13;18;3018
11;2025-11-13;19;2198
11;2025-11-13;20;1430
11;2025-11-13;21;859
11;2025-11-13;22;439
11;2025-11-13;23;229
11;2025-11-14;0;69
11;2025-11-14;1;1
11;2025-11-14;2;0
11;2025-11-14;3;0
11;2025-11-14;4;0
11;2025-11-14;5;283
11;2025-11-14;6;1276
11;2025-11-14;7;2230
11;2025-11-14;8;2973
11;2025-11-14;9;2262
11;2025-11-14;10;1835
11;2025-11-14;11;1760
11;2025-11-14;12;1853
11;2025-11-14;13;1869
11;2025-11-14;14;1952
11;2025-11-14;15;2172
11;2025-11-14;16;2367
11;2025-11-14;17;2793
11;2025-11-14;18;2442
11;2025-11-14;19;1943
11;2025-11-14;20;1360
11;2025-11-14;21;845
11;2025-11-14;22;458
11;2025-11-14;23;287
11;2025-11-15;0;102
11;2025-11-15;1;2
11;2025-11-15;2;0
11;2025-11-15;3;0
11;2025-11-15;4;4
11;2025-11-15;5;198
11;2025-11-15;6;770
11;2025-11-15;7;701
11;2025-11-15;8;972
11;2025-11-15;9;1106
11;2025-11-15;10;1236
11;2025-11-15;11;1610
11;2025-11-15;12;1783
11;2025-11-15;13;1708
11;2025-11-15;14;1733
11;2025-11-15;15;1707
11;2025-11-15;16;1741
11;2025-11-15;17;1738
11;2025-11-15;18;1490
11;2025-11-15;19;1422
11;2025-11-15;20;1062
11;2025-11-15;21;734
11;2025-11-15;22;454
11;2025-11-15;23;298
11;2025-11-16;0;106
11;2025-11-16;1;12
11;2025-11-16;2;0
11;2025-11-16;3;0
11;2025-11-16;4;2
11;2025-11-16;5;128
11;2025-11-16;6;522
11;2025-11-16;7;505
11;2025-11-16;8;665
11;2025-11-16;9;925
11;2025-11-16;10;995
11;2025-11-16;11;1411
11;2025-11-16;12;1589
11;2025-11-16;13;1532
11;2025-11-16;14;1629
11;2025-11-16;15;1650
11;2025-11-16;16;1594
11;2025-11-16;17;1670
11;2025-11-16;18;1367
11;2025-11-16;19;1161
11;2025-11-16;20;946
11;2025-11-16;21;663
11;2025-11-16;22;383
11;2025-11-16;23;257
11;2025-11-17;0;72
11;2025-11-17;1;6
11;2025-11-17;2;0
11;2025-11-17;3;0
11;2025-11-17;4;0
11;2025-11-17;5;278
11;2025-11-17;6;1315
11;2025-11-17;7;2260
11;2025-11-17;8;2974
11;2025-11-17;9;2294
11;2025-11-17;10;1706
11;2025-11-17;11;1747
11;2025-11-17;12;1676
11;2025-11-17;13;1807
11;2025-11-17;14;1811
11;2025-11-17;15;1984
11;2025-11-17;16;2172
11;2025-11-17;17;2697
11;2025-11-17;18;2979
11;2025-11-17;19;2257
11;2025-11-17;20;1408
11;2025-11-17;21;816
11;2025-11-17;22;401
11;2025-11-17;23;205
11;2025-11-18;0;61
11;2025-11-18;1;1
11;2025-11-18;2;0
11;2025-11-18;3;0
11;2025-11-18;4;0
11;2025-11-18;5;267
11;2025-11-18;6;1323
11;2025-11-18;7;2336
11;2025-11-18;8;3172
11;2025-11-18;9;2383
11;2025-11-18;10;1801
11;2025-11-18;11;1731
11;2025-11-18;12;1762
11;2025-11-18;13;1922
11;2025-11-18;14;1941
11;2025-11-18;15;1993
11;2025-11-18;16;2206
11;2025-11-18;17;2755
11;2025-11-18;18;2997
11;2025-11-18;19;2258
11;2025-11-18;20;1466
11;2025-11-18;21;835
11;2025-11-18;22;423
11;2025-11-18;23;208
11;2025-11-19;0;61
11;2025-11-19;1;0
11;2025-11-19;2;0
11;2025-11-19;3;0
11;2025-11-19;4;0
11;2025-11-19;5;282
11;2025-11-19;6;1233
11;2025-11-19;7;2359
11;2025-11-19;8;3052
11;2025-11-19;9;2255
11;2025-11-19;10;1804
11;2025-11-19;11;1842
11;2025-11-19;12;1830
11;2025-11-19;13;1953
11;2025-11-19;14;1921
11;2025-11-19;15;1963
11;2025-11-19;16;2079
11;2025-11-19;17;2764
11;2025-11-19;18;2969
11;2025-11-19;19;2221
11;2025-11-19;20;1463
11;2025-11-19;21;851
11;2025-11-19;22;414
11;2025-11-19;23;224
11;2025-11-20;0;64
11;2025-11-20;1;1
11;2025-11-20;2;0
11;2025-11-20;3;0
11;2025-11-20;4;0
11;2025-11-20;5;292
11;2025-11-20;6;1274
11;2025-11-20;7;2312
11;2025-11-20;8;2949
11;2025-11-20;9;2390
11;2025-11-20;10;1898
11;2025-11-20;11;1783
11;2025-11-20;12;1862
11;2025-11-20;13;1987
11;2025-11-20;14;1918
11;2025-11-20;15;1989
11;2025-11-20;16;2209
11;2025-11-20;17;2708
11;2025-11-20;18;3018
11;2025-11-20;19;2198
11;2025-11-20;20;1430
11;2025-11-20;21;859
11;2025-11-20;22;439
11;2025-11-20;23;229
11;2025-11-21;0;69
11;2025-11-21;1;1
11;2025-11-21;2;0
11;2025-11-21;3;0
11;2025-11-21;4;0
11;2025-11-21;5;283
11;2025-11-21;6;1276
11;2025-11-21;7;2230
11;2025-11-21;8;2973
11;2025-11-21;9;2262
11;2025-11-21;10;1835
11;2025-11-21;11;1760
11;2025-11-21;12;1853
11;2025-11-21;13;1869
11;2025-11-21;14;1952
11;2025-11-21;15;2172
11;2025-11-21;16;2367
11;2025-11-21;17;2793
11;2025-11-21;18;2442
11;2025-11-21;19;1943
11;2025-11-21;20;1360
11;2025-11-21;21;845
11;2025-11-21;22;458
11;2025-11-21;23;287
11;2025-11-22;0;102
11;2025-11-22;1;2
11;2025-11-22;2;0
11;2025-11-22;3;0
11;2025-11-22;4;4
11;2025-11-22;5;198
11;2025-11-22;6;770
11;2025-11-22;7;701
11;2025-11-22;8;972
11;2025-11-22;9;1106
11;2025-11-22;10;1236
11;2025-11-22;11;1610
11;2025-11-22;12;1783
11;2025-11-22;13;1708
11;2025-11-22;14;1733
11;2025-11-22;15;1707
11;2025-11-22;16;1741
11;2025-11-22;17;1738
11;2025-11-22;18;1490
11;2025-11-22;19;1422
11;2025-11-22;20;1062
11;2025-11-22;21;734
11;2025-11-22;22;454
11;2025-11-22;23;298
11;2025-11-23;0;106
11;2025-11-23;1;12
11;2025-11-23;2;0
11;2025-11-23;3;0
11;2025-11-23;4;2
11;2025-11-23;5;128
11;2025-11-23;6;522
11;2025-11-23;7;505
11;2025-11-23;8;665
11;2025-11-23;9;925
11;2025-11-23;10;995
11;2025-11-23;11;1411
11;2025-11-23;12;1589
11;2025-11-23;13;1532
11;2025-11-23;14;1629
11;2025-11-23;15;1650
11;2025-11-23;16;1594
11;2025-11-23;17;1670
11;2025-11-23;18;1367
11;2025-11-23;19;1161
11;2025-11-23;20;946
11;2025-11-23;21;663
11;2025-11-23;22;383
11;2025-11-23;23;257
11;2025-11-24;0;72
11;2025-11-24;1;6
11;2025-11-24;2;0
11;2025-11-24;3;0
11;2025-11-24;4;0
11;2025-11-24;5;278
11;2025-11-24;6;1315
11;2025-11-24;7;2260
11;2025-11-24;8;2974
11;2025-11-24;9;2294
11;2025-11-24;10;1706
11;2025-11-24;11;1747
11;2025-11-24;12;1676
11;2025-11-24;13;1807
11;2025-11-24;14;1811
11;2025-11-24;15;1984
11;2025-11-24;16;2172
11;2025-11-24;17;2697
11;2025-11-24;18;2979
11;2025-11-24;19;2257
11;2025-11-24;20;1408
11;2025-11-24;21;816
11;2025-11-24;22;401
11;2025-11-24;23;205
11;2025-11-25;0;61
11;2025-11-25;1;1
11;2025-11-25;2;0
11;2025-11-25;3;0
11;2025-11-25;4;0
11;2025-11-25;5;267
11;2025-11-25;6;1323
11;2025-11-25;7;2336
11;2025-11-25;8;3172
11;2025-11-25;9;2383
11;2025-11-25;10;1801
11;2025-11-25;11;1731
11;2025-11-25;12;1762
11;2025-11-25;13;1922
11;2025-11-25;14;1941
11;2025-11-25;15;1993
11;2025-11-25;16;2206
11;2025-11-25;17;2755
11;2025-11-25;18;2997
11;2025-11-25;19;2258
11;2025-11-25;20;1466
11;2025-11-25;21;835
11;2025-11-25;22;423
11;2025-11-25;23;208
11;2025-11-26;0;61
11;2025-11-26;1;0
11;2025-11-26;2;0
11;2025-11-26;3;0
11;2025-11-26;4;0
11;2025-11-26;5;282
11;2025-11-26;6;1233
11;2025-11-26;7;2359
11;2025-11-26;8;3052
11;2025-11-26;9;2255
11;2025-11-26;10;1804
11;2025-11-26;11;1842
11;2025-11-26;12;1830
11;2025-11-26;13;1953
11;2025-11-26;14;1921
11;2025-11-26;15;1963
11;2025-11-26;16;2079
11;2025-11-26;17;2764
11;2025-11-26;18;2969
11;2025-11-26;19;2221
11;2025-11-26;20;1463
11;2025-11-26;21;851
11;2025-11-26;22;414
11;2025-11-26;23;224
11;2025-11-27;0;64
11;2025-11-27;1;1
11;2025-11-27;2;0
11;2025-11-27;3;0
11;2025-11-27;4;0
11;2025-11-27;5;292
11;2025-11-27;6;1274
11;2025-11-27;7;2312
11;2025-11-27;8;2949
11;2025-11-27;9;2390
11;2025-11-27;10;1898
11;2025-11-27;11;1783
11;2025-11-27;12;1862
11;2025-11-27;13;1987
11;2025-11-27;14;1918
11;2025-11-27;15;1989
11;2025-11-27;16;2209
11;2025-11-27;17;2708
11;2025-11-27;18;3018
11;2025-11-27;19;2198
11;2025-11-27;20;1430
11;2025-11-27;21;859
11;2025-11-27;22;439
11;2025-11-27;23;229
11;2025-11-28;0;69
11;2025-11-28;1;1
11;2025-11-28;2;0
11;2025-11-28;3;0
11;2025-11-28;4;0
11;2025-11-28;5;283
11;2025-11-28;6;1276
11;2025-11-28;7;2230
11;2025-11-28;8;2973
11;2025-11-28;9;2262
11;2025-11-28;10;1835
11;2025-11-28;11;1760
11;2025-11-28;12;1853
11;2025-11-28;13;1869
11;2025-11-28;14;1952
11;2025-11-28;15;2172
11;2025-11-28;16;2367
11;2025-11-28;17;2793
11;2025-11-28;18;2442
11;2025-11-28;19;1943
11;2025-11-28;20;1360
11;2025-11-28;21;845
11;2025-11-28;22;458
11;2025-11-28;23;287
11;2025-11-29;0;102
11;2025-11-29;1;2
11;2025-11-29;2;0
11;2025-11-29;3;0
11;2025-11-29;4;4
11;2025-11-29;5;198
11;2025-11-29;6;770
11;2025-11-29;7;701
11;2025-11-29;8;972
11;2025-11-29;9;1106
11;2025-11-29;10;1236
11;2025-11-29;11;1610
11;2025-11-29;12;1783
11;2025-11-29;13;1708
11;2025-11-29;14;1733
11;2025-11-29;15;1707
11;2025-11-29;16;1741
11;2025-11-29;17;1738
11;2025-11-29;18;1490
11;2025-11-29;19;1422
11;2025-11-29;20;1062
11;2025-11-29;21;734
11;2025-11-29;22;454
11;2025-11-29;23;298
11;2025-11-30;0;106
11;2025-11-30;1;12
11;2025-11-30;2;0
11;2025-11-30;3;0
11;2025-11-30;4;2
11;2025-11-30;5;128
11;2025-11-30;6;522
11;2025-11-30;7;505
11;2025-11-30;8;665
11;2025-11-30;9;925
11;2025-11-30;10;995
11;2025-11-30;11;1411
11;2025-11-30;12;1589
11;2025-11-30;13;1532
11;2025-11-30;14;1629
11;2025-11-30;15;1650
11;2025-11-30;16;1594
11;2025-11-30;17;1670
11;2025-11-30;18;1367
11;2025-11-30;19;1161
11;2025-11-30;20;946
11;2025-11-30;21;663
11;2025-11-30;22;383
11;2025-11-30;23;257
11;2025-12-01;0;72
11;2025-12-01;1;6
11;2025-12-01;2;0
11;2025-12-01;3;0
11;2025-12-01;4;0
11;2025-12-01;5;278
11;2025-12-01;6;1315
11;2025-12-01;7;2260
11;2025-12-01;8;2974
11;2025-12-01;9;2294
11;2025-12-01;10;1706
11;2025-12-01;11;1747
11;2025-12-01;12;1676
11;2025-12-01;13;1807
11;2025-12-01;14;1811
11;2025-12-01;15;1984
11;2025-12-01;16;2172
11;2025-12-01;17;2697
11;2025-12-01;18;2979
11;2025-12-01;19;2257
11;2025-12-01;20;1408
11;2025-12-01;21;816
11;2025-12-01;22;401
11;2025-12-01;23;205
11;2025-12-02;0;61
11;2025-12-02;1;1
11;2025-12-02;2;0
11;2025-12-02;3;0
11;2025-12-02;4;0
11;2025-12-02;5;267
11;2025-12-02;6;1323
11;2025-12-02;7;2336
11;2025-12-02;8;3172
11;2025-12-02;9;2383
11;2025-12-02;10;1801
11;2025-12-02;11;1731
11;2025-12-02;12;1762
11;2025-12-02;13;1922
11;2025-12-02;14;1941
11;2025-12-02;15;1993
11;2025-12-02;16;2206
11;2025-12-02;17;2755
11;2025-12-02;18;2997
11;2025-12-02;19;2258
11;2025-12-02;20;1466
11;2025-12-02;21;835
11;2025-12-02;22;423
11;2025-12-02;23;208
11;2025-12-03;0;61
11;2025-12-03;1;0
11;2025-12-03;2;0
11;2025-12-03;3;0
11;2025-12-03;4;0
11;2025-12-03;5;282
11;2025-12-03;6;1233
11;2025-12-03;7;2359
11;2025-12-03;8;3052
11;2025-12-03;9;2255
11;2025-12-03;10;1804
11;2025-12-03;11;1842
11;2025-12-03;12;1830
11;2025-12-03;13;1953
11;2025-12-03;14;1921
11;2025-12-03;15;1963
11;2025-12-03;16;2079
11;2025-12-03;17;2764
11;2025-12-03;18;2969
11;2025-12-03;19;2221
11;2025-12-03;20;1463
11;2025-12-03;21;851
11;2025-12-03;22;414
11;2025-12-03;23;224
11;2025-12-04;0;64
11;2025-12-04;1;1
11;2025-12-04;2;0
11;2025-12-04;3;0
11;2025-12-04;4;0
11;2025-12-04;5;292
11;2025-12-04;6;1274
11;2025-12-04;7;2312
11;2025-12-04;8;2949
11;2025-12-04;9;2390
11;2025-12-04;10;1898
11;2025-12-04;11;1783
11;2025-12-04;12;1862
11;2025-12-04;13;1987
11;2025-12-04;14;1918
11;2025-12-04;15;1989
11;2025-12-04;16;2209
11;2025-12-04;17;2708
11;2025-12-04;18;3018
11;2025-12-04;19;2198
11;2025-12-04;20;1430
11;2025-12-04;21;859
11;2025-12-04;22;439
11;2025-12-04;23;229
11;2025-12-05;0;69
11;2025-12-05;1;1
11;2025-12-05;2;0
11;2025-12-05;3;0
11;2025-12-05;4;0
11;2025-12-05;5;283
11;2025-12-05;6;1276
11;2025-12-05;7;2230
11;2025-12-05;8;2973
11;2025-12-05;9;2262
11;2025-12-05;10;1835
11;2025-12-05;11;1760
11;2025-12-05;12;1853
11;2025-12-05;13;1869
11;2025-12-05;14;1952
11;2025-12-05;15;2172
11;2025-12-05;16;2367
11;2025-12-05;17;2793
11;2025-12-05;18;2442
11;2025-12-05;19;1943
11;2025-12-05;20;1360
11;2025-12-05;21;845
11;2025-12-05;22;458
11;2025-12-05;23;287
11;2025-12-06;0;102
11;2025-12-06;1;2
11;2025-12-06;2;0
11;2025-12-06;3;0
11;2025-12-06;4;4
11;2025-12-06;5;198
11;2025-12-06;6;770
11;2025-12-06;7;701
11;2025-12-06;8;972
11;2025-12-06;9;1106
11;2025-12-06;10;1236
11;2025-12-06;11;1610
11;2025-12-06;12;1783
11;2025-12-06;13;1708
11;2025-12-06;14;1733
11;2025-12-06;15;1707
11;2025-12-06;16;1741
11;2025-12-06;17;1738
11;2025-12-06;18;1490
11;2025-12-06;19;1422
11;2025-12-06;20;1062
11;2025-12-06;21;734
11;2025-12-06;22;454
11;2025-12-06;23;298
11;2025-12-07;0;106
11;2025-12-07;1;12
11;2025-12-07;2;0
11;2025-12-07;3;0
11;2025-12-07;4;2
11;2025-12-07;5;128
11;2025-12-07;6;522
11;2025-12-07;7;505
11;2025-12-07;8;665
11;2025-12-07;9;925
11;2025-12-07;10;995
11;2025-12-07;11;1411
11;2025-12-07;12;1589
11;2025-12-07;13;1532
11;2025-12-07;14;1629
11;2025-12-07;15;1650
11;2025-12-07;16;1594
11;2025-12-07;17;1670
11;2025-12-07;18;1367
11;2025-12-07;19;1161
11;2025-12-07;20;946
11;2025-12-07;21;663
11;2025-12-07;22;383
11;2025-12-07;23;257
11;2025-12-08;0;72
11;2025-12-08;1;6
11;2025-12-08;2;0
11;2025-12-08;3;0
11;2025-12-08;4;0
11;2025-12-08;5;278
11;2025-12-08;6;1315
11;2025-12-08;7;2260
11;2025-12-08;8;2974
11;2025-12-08;9;2294
11;2025-12-08;10;1706
11;2025-12-08;11;1747
11;2025-12-08;12;1676
11;2025-12-08;13;1807
11;2025-12-08;14;1811
11;2025-12-08;15;1984
11;2025-12-08;16;2172
11;2025-12-08;17;2697
11;2025-12-08;18;2979
11;2025-12-08;19;2257
11;2025-12-08;20;1408
11;2025-12-08;21;816
11;2025-12-08;22;401
11;2025-12-08;23;205
11;2025-12-09;0;61
11;2025-12-09;1;1
11;2025-12-09;2;0
11;2025-12-09;3;0
11;2025-12-09;4;0
11;2025-12-09;5;267
11;2025-12-09;6;1323
11;2025-12-09;7;2336
11;2025-12-09;8;3172
11;2025-12-09;9;2383
11;2025-12-09;10;1801
11;2025-12-09;11;1731
11;2025-12-09;12;1762
11;2025-12-09;13;1922
11;2025-12-09;14;1941
11;2025-12-09;15;1993
11;2025-12-09;16;2206
11;2025-12-09;17;2755
11;2025-12-09;18;2997
11;2025-12-09;19;2258
11;2025-12-09;20;1466
11;2025-12-09;21;835
11;2025-12-09;22;423
11;2025-12-09;23;208
11;2025-12-10;0;61
11;2025-12-10;1;0
11;2025-12-10;2;0
11;2025-12-10;3;0
11;2025-12-10;4;0
11;2025-12-10;5;282
11;2025-12-10;6;1233
11;2025-12-10;7;2359
11;2025-12-10;8;3052
11;2025-12-10;9;2255
11;2025-12-10;10;1804
11;2025-12-10;11;1842
11;2025-12-10;12;1830
11;2025-12-10;13;1953
11;2025-12-10;14;1921
11;2025-12-10;15;1963
11;2025-12-10;16;2079
11;2025-12-10;17;2764
11;2025-12-10;18;2969
11;2025-12-10;19;2221
11;2025-12-10;20;1463
11;2025-12-10;21;851
11;2025-12-10;22;414
11;2025-12-10;23;224
11;2025-12-11;0;64
11;2025-12-11;1;1
11;2025-12-11;2;0
11;2025-12-11;3;0
11;2025-12-11;4;0
11;2025-12-11;5;292
11;2025-12-11;6;1274
11;2025-12-11;7;2312
11;2025-12-11;8;2949
11;2025-12-11;9;2390
11;2025-12-11;10;1898
11;2025-12-11;11;1783
11;2025-12-11;12;1862
11;2025-12-11;13;1987
11;2025-12-11;14;1918
11;2025-12-11;15;1989
11;2025-12-11;16;2209
11;2025-12-11;17;2708
11;2025-12-11;18;3018
11;2025-12-11;19;2198
11;2025-12-11;20;1430
11;2025-12-11;21;859
11;2025-12-11;22;439
11;2025-12-11;23;229
11;2025-12-12;0;69
11;2025-12-12;1;1
11;2025-12-12;2;0
11;2025-12-12;3;0
11;2025-12-12;4;0
11;2025-12-12;5;283
11;2025-12-12;6;1276
11;2025-12-12;7;2230
11;2025-12-12;8;2973
11;2025-12-12;9;2262
11;2025-12-12;10;1835
11;2025-12-12;11;1760
11;2025-12-12;12;1853
11;2025-12-12;13;1869
11;2025-12-12;14;1952
11;2025-12-12;15;2172
11;2025-12-12;16;2367
11;2025-12-12;17;2793
11;2025-12-12;18;2442
11;2025-12-12;19;1943
11;2025-12-12;20;1360
11;2025-12-12;21;845
11;2025-12-12;22;458
11;2025-12-12;23;287
11;2025-12-13;0;102
11;2025-12-13;1;2
11;2025-12-13;2;0
11;2025-12-13;3;0
11;2025-12-13;4;4
11;2025-12-13;5;198
11;2025-12-13;6;770
11;2025-12-13;7;701
11;2025-12-13;8;972
11;2025-12-13;9;1106
11;2025-12-13;10;1236
11;2025-12-13;11;1610
11;2025-12-13;12;1783
11;2025-12-13;13;1708
11;2025-12-13;14;1733
11;2025-12-13;15;1707
11;2025-12-13;16;1741
11;2025-12-13;17;1738
11;2025-12-13;18;1490
11;2025-12-13;19;1422
11;2025-12-13;20;1062
11;2025-12-13;21;734
11;2025-12-13;22;454
11;2025-12-13;23;298
11;2025-12-14;0;106
11;2025-12-14;1;12
11;2025-12-14;2;0
11;2025-12-14;3;0
11;2025-12-14;4;2
11;2025-12-14;5;128
11;2025-12-14;6;522
11;2025-12-14;7;505
11;2025-12-14;8;665
11;2025-12-14;9;925
11;2025-12-14;10;995
11;2025-12-14;11;1411
11;2025-12-14;12;1589
11;2025-12-14;13;1532
11;2025-12-14;14;1629
11;2025-12-14;15;1650
11;2025-12-14;16;1594
11;2025-12-14;17;1670
11;2025-12-14;18;1367
11;2025-12-14;19;1161
11;2025-12-14;20;946
11;2025-12-14;21;663
11;2025-12-14;22;383
11;2025-12-14;23;257
11;2025-12-15;0;72
11;2025-12-15;1;6
11;2025-12-15;2;0
11;2025-12-15;3;0
11;2025-12-15;4;0
11;2025-12-15;5;278
11;2025-12-15;6;1315
11;2025-12-15;7;2260
11;2025-12-15;8;2974
11;2025-12-15;9;2294
11;2025-12-15;10;1706
11;2025-12-15;11;1747
11;2025-12-15;12;1676
11;2025-12-15;13;1807
11;2025-12-15;14;1811
11;2025-12-15;15;1984
11;2025-12-15;16;2172
11;2025-12-15;17;2697
11;2025-12-15;18;2979
11;2025-12-15;19;2257
11;2025-12-15;20;1408
11;2025-12-15;21;816
11;2025-12-15;22;401
11;2025-12-15;23;205
11;2025-12-16;0;61
11;2025-12-16;1;1
11;2025-12-16;2;0
11;2025-12-16;3;0
11;2025-12-16;4;0
11;2025-12-16;5;267
11;2025-12-16;6;1323
11;2025-12-16;7;2336
11;2025-12-16;8;3172
11;2025-12-16;9;2383
11;2025-12-16;10;1801
11;2025-12-16;11;1731
11;2025-12-16;12;1762
11;2025-12-16;13;1922
11;2025-12-16;14;1941
11;2025-12-16;15;1993
11;2025-12-16;16;2206
11;2025-12-16;17;2755
11;2025-12-16;18;2997
11;2025-12-16;19;2258
11;2025-12-16;20;1466
11;2025-12-16;21;835
11;2025-12-16;22;423
11;2025-12-16;23;208
11;2025-12-17;0;61
11;2025-12-17;1;0
11;2025-12-17;2;0
11;2025-12-17;3;0
11;2025-12-17;4;0
11;2025-12-17;5;282
11;2025-12-17;6;1233
11;2025-12-17;7;2359
11;2025-12-17;8;3052
11;2025-12-17;9;2255
11;2025-12-17;10;1804
11;2025-12-17;11;1842
11;2025-12-17;12;1830
11;2025-12-17;13;1953
11;2025-12-17;14;1921
11;2025-12-17;15;1963
11;2025-12-17;16;2079
11;2025-12-17;17;2764
11;2025-12-17;18;2969
11;2025-12-17;19;2221
11;2025-12-17;20;1463
11;2025-12-17;21;851
11;2025-12-17;22;414
11;2025-12-17;23;224
11;2025-12-18;0;64
11;2025-12-18;1;1
11;2025-12-18;2;0
11;2025-12-18;3;0
11;2025-12-18;4;0
11;2025-12-18;5;292
11;2025-12-18;6;1274
11;2025-12-18;7;2312
11;2025-12-18;8;2949
11;2025-12-18;9;2390
11;2025-12-18;10;1898
11;2025-12-18;11;1783
11;2025-12-18;12;1862
11;2025-12-18;13;1987
11;2025-12-18;14;1918
11;2025-12-18;15;1989
11;2025-12-18;16;2209
11;2025-12-18;17;2708
11;2025-12-18;18;3018
11;2025-12-18;19;2198
11;2025-12-18;20;1430
11;2025-12-18;21;859
11;2025-12-18;22;439
11;2025-12-18;23;229
11;2025-12-19;0;69
11;2025-12-19;1;1
11;2025-12-19;2;0
11;2025-12-19;3;0
11;2025-12-19;4;0
11;2025-12-19;5;283
11;2025-12-19;6;1276
11;2025-12-19;7;2230
11;2025-12-19;8;2973
11;2025-12-19;9;2262
11;2025-12-19;10;1835
11;2025-12-19;11;1760
11;2025-12-19;12;1853
11;2025-12-19;13;1869
11;2025-12-19;14;1952
11;2025-12-19;15;2172
11;2025-12-19;16;2367
11;2025-12-19;17;2793
11;2025-12-19;18;2442
11;2025-12-19;19;1943
11;2025-12-19;20;1360
11;2025-12-19;21;845
11;2025-12-19;22;458
11;2025-12-19;23;287
11;2025-12-20;0;102
11;2025-12-20;1;2
11;2025-12-20;2;0
11;2025-12-20;3;0
11;2025-12-20;4;4
11;2025-12-20;5;198
11;2025-12-20;6;770
11;2025-12-20;7;701
11;2025-12-20;8;972
11;2025-12-20;9;1106
11;2025-12-20;10;1236
11;2025-12-20;11;1610
11;2025-12-20;12;1783
11;2025-12-20;13;1708
11;2025-12-20;14;1733
11;2025-12-20;15;1707
11;2025-12-20;16;1741
11;2025-12-20;17;1738
11;2025-12-20;18;1490
11;2025-12-20;19;1422
11;2025-12-20;20;1062
11;2025-12-20;21;734
11;2025-12-20;22;454
11;2025-12-20;23;298
11;2025-12-21;0;106
11;2025-12-21;1;12
11;2025-12-21;2;0
11;2025-12-21;3;0
11;2025-12-21;4;2
11;2025-12-21;5;128
11;2025-12-21;6;522
11;2025-12-21;7;505
11;2025-12-21;8;665
11;2025-12-21;9;925
11;2025-12-21;10;995
11;2025-12-21;11;1411
11;2025-12-21;12;1589
11;2025-12-21;13;1532
11;2025-12-21;14;1629
11;2025-12-21;15;1650
11;2025-12-21;16;1594
11;2025-12-21;17;1670
11;2025-12-21;18;1367
11;2025-12-21;19;1161
11;2025-12-21;20;946
11;2025-12-21;21;663
11;2025-12-21;22;383
11;2025-12-21;23;257
11;2025-12-22;0;72
11;2025-12-22;1;6
11;2025-12-22;2;0
11;2025-12-22;3;0
11;2025-12-22;4;0
11;2025-12-22;5;278
11;2025-12-22;6;1315
11;2025-12-22;7;2260
11;2025-12-22;8;2974
11;2025-12-22;9;2294
11;2025-12-22;10;1706
11;2025-12-22;11;1747
11;2025-12-22;12;1676
11;2025-12-22;13;1807
11;2025-12-22;14;1811
11;2025-12-22;15;1984
11;2025-12-22;16;2172
11;2025-12-22;17;2697
11;2025-12-22;18;2979
11;2025-12-22;19;2257
11;2025-12-22;20;1408
11;2025-12-22;21;816
11;2025-12-22;22;401
11;2025-12-22;23;205
11;2025-12-23;0;61
11;2025-12-23;1;1
11;2025-12-23;2;0
11;2025-12-23;3;0
11;2025-12-23;4;0
11;2025-12-23;5;267
11;2025-12-23;6;1323
11;2025-12-23;7;2336
11;2025-12-23;8;3172
11;2025-12-23;9;2383
11;2025-12-23;10;1801
11;2025-12-23;11;1731
11;2025-12-23;12;1762
11;2025-12-23;13;1922
11;2025-12-23;14;1941
11;2025-12-23;15;1993
11;2025-12-23;16;2206
11;2025-12-23;17;2755
11;2025-12-23;18;2997
11;2025-12-23;19;2258
11;2025-12-23;20;1466
11;2025-12-23;21;835
11;2025-12-23;22;423
11;2025-12-23;23;208
11;2025-12-24;0;61
11;2025-12-24;1;0
11;2025-12-24;2;0
11;2025-12-24;3;0
11;2025-12-24;4;0
11;2025-12-24;5;282
11;2025-12-24;6;1233
11;2025-12-24;7;2359
11;2025-12-24;8;3052
11;2025-12-24;9;2255
11;2025-12-24;10;1804
11;2025-12-24;11;1842
11;2025-12-24;12;1830
11;2025-12-24;13;1953
11;2025-12-24;14;1921
11;2025-12-24;15;1963
11;2025-12-24;16;2079
11;2025-12-24;17;2764
11;2025-12-24;18;2969
11;2025-12-24;19;2221
11;2025-12-24;20;1463
11;2025-12-24;21;851
11;2025-12-24;22;414
11;2025-12-24;23;224
11;2025-12-25;0;64
11;2025-12-25;1;1
11;2025-12-25;2;0
11;2025-12-25;3;0
11;2025-12-25;4;0
11;2025-12-25;5;292
11;2025-12-25;6;1274
11;2025-12-25;7;2312
11;2025-12-25;8;2949
11;2025-12-25;9;2390
11;2025-12-25;10;1898
11;2025-12-25;11;1783
11;2025-12-25;12;1862
11;2025-12-25;13;1987
11;2025-12-25;14;1918
11;2025-12-25;15;1989
11;2025-12-25;16;2209
11;2025-12-25;17;2708
11;2025-12-25;18;3018
11;2025-12-25;19;2198
11;2025-12-25;20;1430
11;2025-12-25;21;859
11;2025-12-25;22;439
11;2025-12-25;23;229
11;2025-12-26;0;69
11;2025-12-26;1;1
11;2025-12-26;2;0
11;2025-12-26;3;0
11;2025-12-26;4;0
11;2025-12-26;5;283
11;2025-12-26;6;1276
11;2025-12-26;7;2230
11;2025-12-26;8;2973
11;2025-12-26;9;2262
11;2025-12-26;10;1835
11;2025-12-26;11;1760
11;2025-12-26;12;1853
11;2025-12-26;13;1869
11;2025-12-26;14;1952
11;2025-12-26;15;2172
11;2025-12-26;16;2367
11;2025-12-26;17;2793
11;2025-12-26;18;2442
11;2025-12-26;19;1943
11;2025-12-26;20;1360
11;2025-12-26;21;845
11;2025-12-26;22;458
11;2025-12-26;23;287
11;2025-12-27;0;102
11;2025-12-27;1;2
11;2025-12-27;2;0
11;2025-12-27;3;0
11;2025-12-27;4;4
11;2025-12-27;5;198
11;2025-12-27;6;770
11;2025-12-27;7;701
11;2025-12-27;8;972
11;2025-12-27;9;1106
11;2025-12-27;10;1236
11;2025-12-27;11;1610
11;2025-12-27;12;1783
11;2025-12-27;13;1708
11;2025-12-27;14;1733
11;2025-12-27;15;1707
11;2025-12-27;16;1741
11;2025-12-27;17;1738
11;2025-12-27;18;1490
11;2025-12-27;19;1422
11;2025-12-27;20;1062
11;2025-12-27;21;734
11;2025-12-27;22;454
11;2025-12-27;23;298
11;2025-12-28;0;106
11;2025-12-28;1;12
11;2025-12-28;2;0
11;2025-12-28;3;0
11;2025-12-28;4;2
11;2025-12-28;5;128
11;2025-12-28;6;522
11;2025-12-28;7;505
11;2025-12-28;8;665
11;2025-12-28;9;925
11;2025-12-28;10;995
11;2025-12-28;11;1411
11;2025-12-28;12;1589
11;2025-12-28;13;1532
11;2025-12-28;14;1629
11;2025-12-28;15;1650
11;2025-12-28;16;1594
11;2025-12-28;17;1670
11;2025-12-28;18;1367
11;2025-12-28;19;1161
11;2025-12-28;20;946
11;2025-12-28;21;663
11;2025-12-28;22;383
11;2025-12-28;23;257
11;2025-12-29;0;72
11;2025-12-29;1;6
11;2025-12-29;2;0
11;2025-12-29;3;0
11;2025-12-29;4;0
11;2025-12-29;5;278
11;2025-12-29;6;1315
11;2025-12-29;7;2260
11;2025-12-29;8;2974
11;2025-12-29;9;2294
11;2025-12-29;10;1706
11;2025-12-29;11;1747
11;2025-12-29;12;1676
11;2025-12-29;13;1807
11;2025-12-29;14;1811
11;2025-12-29;15;1984
11;2025-12-29;16;2172
11;2025-12-29;17;2697
11;2025-12-29;18;2979
11;2025-12-29;19;2257
11;2025-12-29;20;1408
11;2025-12-29;21;816
11;2025-12-29;22;401
11;2025-12-29;23;205
11;2025-12-30;0;61
11;2025-12-30;1;1
11;2025-12-30;2;0
11;2025-12-30;3;0
11;2025-12-30;4;0
11;2025-12-30;5;267
11;2025-12-30;6;1323
11;2025-12-30;7;2336
11;2025-12-30;8;3172
11;2025-12-30;9;2383
11;2025-12-30;10;1801
11;2025-12-30;11;1731
11;2025-12-30;12;1762
11;2025-12-30;13;1922
11;2025-12-30;14;1941
11;2025-12-30;15;1993
11;2025-12-30;16;2206
11;2025-12-30;17;2755
11;2025-12-30;18;2997
11;2025-12-30;19;2258
11;2025-12-30;20;1466
11;2025-12-30;21;835
11;2025-12-30;22;423
11;2025-12-30;23;208
11;2025-12-31;0;104
11;2025-12-31;1;11
11;2025-12-31;2;0
11;2025-12-31;3;0
11;2025-12-31;4;2
11;2025-12-31;5;125
11;2025-12-31;6;511
11;2025-12-31;7;495
11;2025-12-31;8;651
11;2025-12-31;9;906
11;2025-12-31;10;974
11;2025-12-31;11;1381
11;2025-12-31;12;1555
11;2025-12-31;13;1500
11;2025-12-31;14;1594
11;2025-12-31;15;1615
11;2025-12-31;16;1560
11;2025-12-31;17;1634
11;2025-12-31;18;1338
11;2025-12-31;19;1137
11;2025-12-31;20;926
11;2025-12-31;21;649
11;2025-12-31;22;375
11;2025-12-31;23;252
12;2025-11-01;0;54
12;2025-11-01;1;2
12;2025-11-01;2;0
12;2025-11-01;3;0
12;2025-11-01;4;5
12;2025-11-01;5;330
12;2025-11-01;6;1408
12;2025-11-01;7;2705
12;2025-11-01;8;3446
12;2025-11-01;9;2415
12;2025-11-01;10;1947
12;2025-11-01;11;1980
12;2025-11-01;12;2035
12;2025-11-01;13;2072
12;2025-11-01;14;2086
12;2025-11-01;15;2398
12;2025-11-01;16;3012
12;2025-11-01;17;3034
12;2025-11-01;18;2640
12;2025-11-01;19;2259
12;2025-11-01;20;1459
12;2025-11-01;21;989
12;2025-11-01;22;517
12;2025-11-01;23;301
12;2025-11-02;0;84
12;2025-11-02;1;7
12;2025-11-02;2;0
12;2025-11-02;3;0
12;2025-11-02;4;2
12;2025-11-02;5;165
12;2025-11-02;6;555
12;2025-11-02;7;659
12;2025-11-02;8;753
12;2025-11-02;9;939
12;2025-11-02;10;1153
12;2025-11-02;11;1289
12;2025-11-02;12;1356
12;2025-11-02;13;1588
12;2025-11-02;14;1524
12;2025-11-02;15;1394
12;2025-11-02;16;1515
12;2025-11-02;17;1519
12;2025-11-02;18;1345
12;2025-11-02;19;1084
12;2025-11-02;20;821
12;2025-11-02;21;618
12;2025-11-02;22;423
12;2025-11-02;23;224
12;2025-11-03;0;80
12;2025-11-03;1;7
12;2025-11-03;2;0
12;2025-11-03;3;0
12;2025-11-03;4;2
12;2025-11-03;5;158
12;2025-11-03;6;532
12;2025-11-03;7;632
12;2025-11-03;8;722
12;2025-11-03;9;900
12;2025-11-03;10;1105
12;2025-11-03;11;1235
12;2025-11-03;12;1300
12;2025-11-03;13;1522
12;2025-11-03;14;1461
12;2025-11-03;15;1336
12;2025-11-03;16;1452
12;2025-11-03;17;1456
12;2025-11-03;18;1290
12;2025-11-03;19;1039
12;2025-11-03;20;786
12;2025-11-03;21;593
12;2025-11-03;22;405
12;2025-11-03;23;215
12;2025-11-04;0;83
12;2025-11-04;1;7
12;2025-11-04;2;0
12;2025-11-04;3;0
12;2025-11-04;4;2
12;2025-11-04;5;163
12;2025-11-04;6;548
12;2025-11-04;7;651
12;2025-11-04;8;743
12;2025-11-04;9;927
12;2025-11-04;10;1139
12;2025-11-04;11;1273
12;2025-11-04;12;1339
12;2025-11-04;13;1568
12;2025-11-04;14;1505
12;2025-11-04;15;1376
12;2025-11-04;16;1496
12;2025-11-04;17;1500
12;2025-11-04;18;1329
12;2025-11-04;19;1071
12;2025-11-04;20;810
12;2025-11-04;21;611
12;2025-11-04;22;418
12;2025-11-04;23;221
12;2025-11-05;0;58
12;2025-11-05;1;2
12;2025-11-05;2;0
12;2025-11-05;3;0
12;2025-11-05;4;6
12;2025-11-05;5;331
12;2025-11-05;6;1418
12;2025-11-05;7;2663
12;2025-11-05;8;3543
12;2025-11-05;9;2498
12;2025-11-05;10;2092
12;2025-11-05;11;1977
12;2025-11-05;12;2033
12;2025-11-05;13;2008
12;2025-11-05;14;2011
12;2025-11-05;15;2207
12;2025-11-05;16;2664
12;2025-11-05;17;2990
12;2025-11-05;18;3162
12;2025-11-05;19;2512
12;2025-11-05;20;1492
12;2025-11-05;21;991
12;2025-11-05;22;513
12;2025-11-05;23;261
12;2025-11-06;0;52
12;2025-11-06;1;3
12;2025-11-06;2;0
12;2025-11-06;3;0
12;2025-11-06;4;6
12;2025-11-06;5;318
12;2025-11-06;6;1392
12;2025-11-06;7;2736
12;2025-11-06;8;3566
12;2025-11-06;9;2404
12;2025-11-06;10;2012
12;2025-11-06;11;2009
12;2025-11-06;12;2068
12;2025-11-06;13;2034
12;2025-11-06;14;2020
12;2025-11-06;15;2265
12;2025-11-06;16;2743
12;2025-11-06;17;3096
12;2025-11-06;18;3165
12;2025-11-06;19;2521
12;2025-11-06;20;1571
12;2025-11-06;21;942
12;2025-11-06;22;491
12;2025-11-06;23;263
12;2025-11-07;0;54
12;2025-11-07;1;2
12;2025-11-07;2;0
12;2025-11-07;3;0
12;2025-11-07;4;5
12;2025-11-07;5;328
12;2025-11-07;6;1398
12;2025-11-07;7;2686
12;2025-11-07;8;3421
12;2025-11-07;9;2398
12;2025-11-07;10;1933
12;2025-11-07;11;1966
12;2025-11-07;12;2021
12;2025-11-07;13;2057
12;2025-11-07;14;2071
12;2025-11-07;15;2381
12;2025-11-07;16;2991
12;2025-11-07;17;3013
12;2025-11-07;18;2621
12;2025-11-07;19;2243
12;2025-11-07;20;1449
12;2025-11-07;21;982
12;2025-11-07;22;513
12;2025-11-07;23;299
12;2025-11-08;0;80
12;2025-11-08;1;4
12;2025-11-08;2;0
12;2025-11-08;3;0
12;2025-11-08;4;2
12;2025-11-08;5;235
12;2025-11-08;6;834
12;2025-11-08;7;900
12;2025-11-08;8;1007
12;2025-11-08;9;1198
12;2025-11-08;10;1398
12;2025-11-08;11;1474
12;2025-11-08;12;1464
12;2025-11-08;13;1691
12;2025-11-08;14;1590
12;2025-11-08;15;1503
12;2025-11-08;16;1572
12;2025-11-08;17;1516
12;2025-11-08;18;1449
12;2025-11-08;19;1391
12;2025-11-08;20;964
12;2025-11-08;21;735
12;2025-11-08;22;411
12;2025-11-08;23;286
12;2025-11-09;0;84
12;2025-11-09;1;7
12;2025-11-09;2;0
12;2025-11-09;3;0
12;2025-11-09;4;2
12;2025-11-09;5;165
12;2025-11-09;6;555
12;2025-11-09;7;659
12;2025-11-09;8;753
12;2025-11-09;9;939
12;2025-11-09;10;1153
12;2025-11-09;11;1289
12;2025-11-09;12;1356
12;2025-11-09;13;1588
12;2025-11-09;14;1524
12;2025-11-09;15;1394
12;2025-11-09;16;1515
12;2025-11-09;17;1519
12;2025-11-09;18;1345
12;2025-11-09;19;1084
12;2025-11-09;20;821
12;2025-11-09;21;618
12;2025-11-09;22;423
12;2025-11-09;23;224
12;2025-11-10;0;63
12;2025-11-10;1;3
12;2025-11-10;2;0
12;2025-11-10;3;0
12;2025-11-10;4;5
12;2025-11-10;5;325
12;2025-11-10;6;1395
12;2025-11-10;7;2660
12;2025-11-10;8;3555
12;2025-11-10;9;2423
12;2025-11-10;10;1909
12;2025-11-10;11;1853
12;2025-11-10;12;1988
12;2025-11-10;13;1901
12;2025-11-10;14;1890
12;2025-11-10;15;2209
12;2025-11-10;16;2648
12;2025-11-10;17;2984
12;2025-11-10;18;3176
12;2025-11-10;19;2488
12;2025-11-10;20;1574
12;2025-11-10;21;918
12;2025-11-10;22;455
12;2025-11-10;23;232
12;2025-11-11;0;48
12;2025-11-11;1;1
12;2025-11-11;2;0
12;2025-11-11;3;0
12;2025-11-11;4;5
12;2025-11-11;5;343
12;2025-11-11;6;1413
12;2025-11-11;7;2793
12;2025-11-11;8;3688
12;2025-11-11;9;2499
12;2025-11-11;10;2024
12;2025-11-11;11;2021
12;2025-11-11;12;2033
12;2025-11-11;13;2038
12;2025-11-11;14;1970
12;2025-11-11;15;2215
12;2025-11-11;16;2651
12;2025-11-11;17;3059
12;2025-11-11;18;3256
12;2025-11-11;19;2526
12;2025-11-11;20;1525
12;2025-11-11;21;920
12;2025-11-11;22;478
12;2025-11-11;23;239
12;2025-11-12;0;58
12;2025-11-12;1;2
12;2025-11-12;2;0
12;2025-11-12;3;0
12;2025-11-12;4;6
12;2025-11-12;5;331
12;2025-11-12;6;1418
12;2025-11-12;7;2663
12;2025-11-12;8;3543
12;2025-11-12;9;2498
12;2025-11-12;10;2092
12;2025-11-12;11;1977
12;2025-11-12;12;2033
12;2025-11-12;13;2008
12;2025-11-12;14;2011
12;2025-11-12;15;2207
12;2025-11-12;16;2664
12;2025-11-12;17;2990
12;2025-11-12;18;3162
12;2025-11-12;19;2512
12;2025-11-12;20;1492
12;2025-11-12;21;991
12;2025-11-12;22;513
12;2025-11-12;23;261
12;2025-11-13;0;52
12;2025-11-13;1;3
12;2025-11-13;2;0
12;2025-11-13;3;0
12;2025-11-13;4;6
12;2025-11-13;5;318
12;2025-11-13;6;1392
12;2025-11-13;7;2736
12;2025-11-13;8;3566
12;2025-11-13;9;2404
12;2025-11-13;10;2012
12;2025-11-13;11;2009
12;2025-11-13;12;2068
12;2025-11-13;13;2034
12;2025-11-13;14;2020
12;2025-11-13;15;2265
12;2025-11-13;16;2743
12;2025-11-13;17;3096
12;2025-11-13;18;3165
12;2025-11-13;19;2521
12;2025-11-13;20;1571
12;2025-11-13;21;942
12;2025-11-13;22;491
12;2025-11-13;23;263
12;2025-11-14;0;54
12;2025-11-14;1;2
12;2025-11-14;2;0
12;2025-11-14;3;0
12;2025-11-14;4;5
12;2025-11-14;5;328
12;2025-11-14;6;1398
12;2025-11-14;7;2686
12;2025-11-14;8;3421
12;2025-11-14;9;2398
12;2025-11-14;10;1933
12;2025-11-14;11;1966
12;2025-11-14;12;2021
12;2025-11-14;13;2057
12;2025-11-14;14;2071
12;2025-11-14;15;2381
12;2025-11-14;16;2991
12;2025-11-14;17;3013
12;2025-11-14;18;2621
12;2025-11-14;19;2243
12;2025-11-14;20;1449
12;2025-11-14;21;982
12;2025-11-14;22;513
12;2025-11-14;23;299
12;2025-11-15;0;80
12;2025-11-15;1;4
12;2025-11-15;2;0
12;2025-11-15;3;0
12;2025-11-15;4;2
12;2025-11-15;5;235
12;2025-11-15;6;834
12;2025-11-15;7;900
12;2025-11-15;8;1007
12;2025-11-15;9;1198
12;2025-11-15;10;1398
12;2025-11-15;11;1474
12;2025-11-15;12;1464
12;2025-11-15;13;1691
12;2025-11-15;14;1590
12;2025-11-15;15;1503
12;2025-11-15;16;1572
12;2025-11-15;17;1516
12;2025-11-15;18;1449
12;2025-11-15;19;1391
12;2025-11-15;20;964
12;2025-11-15;21;735
12;2025-11-15;22;411
12;2025-11-15;23;286
12;2025-11-16;0;84
12;2025-11-16;1;7
12;2025-11-16;2;0
12;2025-11-16;3;0
12;2025-11-16;4;2
12;2025-11-16;5;165
12;2025-11-16;6;555
12;2025-11-16;7;659
12;2025-11-16;8;753
12;2025-11-16;9;939
12;2025-11-16;10;1153
12;2025-11-16;11;1289
12;2025-11-16;12;1356
12;2025-11-16;13;1588
12;2025-11-16;14;1524
12;2025-11-16;15;1394
12;2025-11-16;16;1515
12;2025-11-16;17;1519
12;2025-11-16;18;1345
12;2025-11-16;19;1084
12;2025-11-16;20;821
12;2025-11-16;21;618
12;2025-11-16;22;423
12;2025-11-16;23;224
12;2025-11-17;0;63
12;2025-11-17;1;3
12;2025-11-17;2;0
12;2025-11-17;3;0
12;2025-11-17;4;5
12;2025-11-17;5;325
12;2025-11-17;6;1395
12;2025-11-17;7;2660
12;2025-11-17;8;3555
12;2025-11-17;9;2423
12;2025-11-17;10;1909
12;2025-11-17;11;1853
12;2025-11-17;12;1988
12;2025-11-17;13;1901
12;2025-11-17;14;1890
12;2025-11-17;15;2209
12;2025-11-17;16;2648
12;2025-11-17;17;2984
12;2025-11-17;18;3176
12;2025-11-17;19;2488
12;2025-11-17;20;1574
12;2025-11-17;21;918
12;2025-11-17;22;455
12;2025-11-17;23;232
12;2025-11-18;0;48
12;2025-11-18;1;1
12;2025-11-18;2;0
12;2025-11-18;3;0
12;2025-11-18;4;5
12;2025-11-18;5;343
12;2025-11-18;6;1413
12;2025-11-18;7;2793
12;2025-11-18;8;3688
12;2025-11-18;9;2499
12;2025-11-18;10;2024
12;2025-11-18;11;2021
12;2025-11-18;12;2033
12;2025-11-18;13;2038
12;2025-11-18;14;1970
12;2025-11-18;15;2215
12;2025-11-18;16;2651
12;2025-11-18;17;3059
12;2025-11-18;18;3256
12;2025-11-18;19;2526
12;2025-11-18;20;1525
12;2025-11-18;21;920
12;2025-11-18;22;478
12;2025-11-18;23;239
12;2025-11-19;0;58
12;2025-11-19;1;2
12;2025-11-19;2;0
12;2025-11-19;3;0
12;2025-11-19;4;6
12;2025-11-19;5;331
12;2025-11-19;6;1418
12;2025-11-19;7;2663
12;2025-11-19;8;3543
12;2025-11-19;9;2498
12;2025-11-19;10;2092
12;2025-11-19;11;1977
12;2025-11-19;12;2033
12;2025-11-19;13;2008
12;2025-11-19;14;2011
12;2025-11-19;15;2207
12;2025-11-19;16;2664
12;2025-11-19;17;2990
12;2025-11-19;18;3162
12;2025-11-19;19;2512
12;2025-11-19;20;1492
12;2025-11-19;21;991
12;2025-11-19;22;513
12;2025-11-19;23;261
12;2025-11-20;0;52
12;2025-11-20;1;3
12;2025-11-20;2;0
12;2025-11-20;3;0
12;2025-11-20;4;6
12;2025-11-20;5;318
12;2025-11-20;6;1392
12;2025-11-20;7;2736
12;2025-11-20;8;3566
12;2025-11-20;9;2404
12;2025-11-20;10;2012
12;2025-11-20;11;2009
12;2025-11-20;12;2068
12;2025-11-20;13;2034
12;2025-11-20;14;2020
12;2025-11-20;15;2265
12;2025-11-20;16;2743
12;2025-11-20;17;3096
12;2025-11-20;18;3165
12;2025-11-20;19;2521
12;2025-11-20;20;1571
12;2025-11-20;21;942
12;2025-11-20;22;491
12;2025-11-20;23;263
12;2025-11-21;0;54
12;2025-11-21;1;2
12;2025-11-21;2;0
12;2025-11-21;3;0
12;2025-11-21;4;5
12;2025-11-21;5;328
12;2025-11-21;6;1398
12;2025-11-21;7;2686
12;2025-11-21;8;3421
12;2025-11-21;9;2398
12;2025-11-21;10;1933
12;2025-11-21;11;1966
12;2025-11-21;12;2021
12;2025-11-21;13;2057
12;2025-11-21;14;2071
12;2025-11-21;15;2381
12;2025-11-21;16;2991
12;2025-11-21;17;3013
12;2025-11-21;18;2621
12;2025-11-21;19;2243
12;2025-11-21;20;1449
12;2025-11-21;21;982
12;2025-11-21;22;513
12;2025-11-21;23;299
12;2025-11-22;0;80
12;2025-11-22;1;4
12;2025-11-22;2;0
12;2025-11-22;3;0
12;2025-11-22;4;2
12;2025-11-22;5;235
12;2025-11-22;6;834
12;2025-11-22;7;900
12;2025-11-22;8;1007
12;2025-11-22;9;1198
12;2025-11-22;10;1398
12;2025-11-22;11;1474
12;2025-11-22;12;1464
12;2025-11-22;13;1691
12;2025-11-22;14;1590
12;2025-11-22;15;1503
12;2025-11-22;16;1572
12;2025-11-22;17;1516
12;2025-11-22;18;1449
12;2025-11-22;19;1391
12;2025-11-22;20;964
12;2025-11-22;21;735
12;2025-11-22;22;411
12;2025-11-22;23;286
12;2025-11-23;0;84
12;2025-11-23;1;7
12;2025-11-23;2;0
12;2025-11-23;3;0
12;2025-11-23;4;2
12;2025-11-23;5;165
12;2025-11-23;6;555
12;2025-11-23;7;659
12;2025-11-23;8;753
12;2025-11-23;9;939
12;2025-11-23;10;1153
12;2025-11-23;11;1289
12;2025-11-23;12;1356
12;2025-11-23;13;1588
12;2025-11-23;14;1524
12;2025-11-23;15;1394
12;2025-11-23;16;1515
12;2025-11-23;17;1519
12;2025-11-23;18;1345
12;2025-11-23;19;1084
12;2025-11-23;20;821
12;2025-11-23;21;618
12;2025-11-23;22;423
12;2025-11-23;23;224
12;2025-11-24;0;63
12;2025-11-24;1;3
12;2025-11-24;2;0
12;2025-11-24;3;0
12;2025-11-24;4;5
12;2025-11-24;5;325
12;2025-11-24;6;1395
12;2025-11-24;7;2660
12;2025-11-24;8;3555
12;2025-11-24;9;2423
12;2025-11-24;10;1909
12;2025-11-24;11;1853
12;2025-11-24;12;1988
12;2025-11-24;13;1901
12;2025-11-24;14;1890
12;2025-11-24;15;2209
12;2025-11-24;16;2648
12;2025-11-24;17;2984
12;2025-11-24;18;3176
12;2025-11-24;19;2488
12;2025-11-24;20;1574
12;2025-11-24;21;918
12;2025-11-24;22;455
12;2025-11-24;23;232
12;2025-11-25;0;48
12;2025-11-25;1;1
12;2025-11-25;2;0
12;2025-11-25;3;0
12;2025-11-25;4;5
12;2025-11-25;5;343
12;2025-11-25;6;1413
12;2025-11-25;7;2793
12;2025-11-25;8;3688
12;2025-11-25;9;2499
12;2025-11-25;10;2024
12;2025-11-25;11;2021
12;2025-11-25;12;2033
12;2025-11-25;13;2038
12;2025-11-25;14;1970
12;2025-11-25;15;2215
12;2025-11-25;16;2651
12;2025-11-25;17;3059
12;2025-11-25;18;3256
12;2025-11-25;19;2526
12;2025-11-25;20;1525
12;2025-11-25;21;920
12;2025-11-25;22;478
12;2025-11-25;23;239
12;2025-11-26;0;58
12;2025-11-26;1;2
12;2025-11-26;2;0
12;2025-11-26;3;0
12;2025-11-26;4;6
12;2025-11-26;5;331
12;2025-11-26;6;1418
12;2025-11-26;7;2663
12;2025-11-26;8;3543
12;2025-11-26;9;2498
12;2025-11-26;10;2092
12;2025-11-26;11;1977
12;2025-11-26;12;2033
12;2025-11-26;13;2008
12;2025-11-26;14;2011
12;2025-11-26;15;2207
12;2025-11-26;16;2664
12;2025-11-26;17;2990
12;2025-11-26;18;3162
12;2025-11-26;19;2512
12;2025-11-26;20;1492
12;2025-11-26;21;991
12;2025-11-26;22;513
12;2025-11-26;23;261
12;2025-11-27;0;52
12;2025-11-27;1;3
12;2025-11-27;2;0
12;2025-11-27;3;0
12;2025-11-27;4;6
12;2025-11-27;5;318
12;2025-11-27;6;1392
12;2025-11-27;7;2736
12;2025-11-27;8;3566
12;2025-11-27;9;2404
12;2025-11-27;10;2012
12;2025-11-27;11;2009
12;2025-11-27;12;2068
12;2025-11-27;13;2034
12;2025-11-27;14;2020
12;2025-11-27;15;2265
12;2025-11-27;16;2743
12;2025-11-27;17;3096
12;2025-11-27;18;3165
12;2025-11-27;19;2521
12;2025-11-27;20;1571
12;2025-11-27;21;942
12;2025-11-27;22;491
12;2025-11-27;23;263
12;2025-11-28;0;54
12;2025-11-28;1;2
12;2025-11-28;2;0
12;2025-11-28;3;0
12;2025-11-28;4;5
12;2025-11-28;5;328
12;2025-11-28;6;1398
12;2025-11-28;7;2686
12;2025-11-28;8;3421
12;2025-11-28;9;2398
12;2025-11-28;10;1933
12;2025-11-28;11;1966
12;2025-11-28;12;2021
12;2025-11-28;13;2057
12;2025-11-28;14;2071
12;2025-11-28;15;2381
12;2025-11-28;16;2991
12;2025-11-28;17;3013
12;2025-11-28;18;2621
12;2025-11-28;19;2243
12;2025-11-28;20;1449
12;2025-11-28;21;982
12;2025-11-28;22;513
12;2025-11-28;23;299
12;2025-11-29;0;80
12;2025-11-29;1;4
12;2025-11-29;2;0
12;2025-11-29;3;0
12;2025-11-29;4;2
12;2025-11-29;5;235
12;2025-11-29;6;834
12;2025-11-29;7;900
12;2025-11-29;8;1007
12;2025-11-29;9;1198
12;2025-11-29;10;1398
12;2025-11-29;11;1474
12;2025-11-29;12;1464
12;2025-11-29;13;1691
12;2025-11-29;14;1590
12;2025-11-29;15;1503
12;2025-11-29;16;1572
12;2025-11-29;17;1516
12;2025-11-29;18;1449
12;2025-11-29;19;1391
12;2025-11-29;20;964
12;2025-11-29;21;735
12;2025-11-29;22;411
12;2025-11-29;23;286
12;2025-11-30;0;84
12;2025-11-30;1;7
12;2025-11-30;2;0
12;2025-11-30;3;0
12;2025-11-30;4;2
12;2025-11-30;5;165
12;2025-11-30;6;555
12;2025-11-30;7;659
12;2025-11-30;8;753
12;2025-11-30;9;939
12;2025-11-30;10;1153
12;2025-11-30;11;1289
12;2025-11-30;12;1356
12;2025-11-30;13;1588
12;2025-11-30;14;1524
12;2025-11-30;15;1394
12;2025-11-30;16;1515
12;2025-11-30;17;1519
12;2025-11-30;18;1345
12;2025-11-30;19;1084
12;2025-11-30;20;821
12;2025-11-30;21;618
12;2025-11-30;22;423
12;2025-11-30;23;224
12;2025-12-01;0;63
12;2025-12-01;1;3
12;2025-12-01;2;0
12;2025-12-01;3;0
12;2025-12-01;4;5
12;2025-12-01;5;325
12;2025-12-01;6;1395
12;2025-12-01;7;2660
12;2025-12-01;8;3555
12;2025-12-01;9;2423
12;2025-12-01;10;1909
12;2025-12-01;11;1853
12;2025-12-01;12;1988
12;2025-12-01;13;1901
12;2025-12-01;14;1890
12;2025-12-01;15;2209
12;2025-12-01;16;2648
12;2025-12-01;17;2984
12;2025-12-01;18;3176
12;2025-12-01;19;2488
12;2025-12-01;20;1574
12;2025-12-01;21;918
12;2025-12-01;22;455
12;2025-12-01;23;232
12;2025-12-02;0;48
12;2025-12-02;1;1
12;2025-12-02;2;0
12;2025-12-02;3;0
12;2025-12-02;4;5
12;2025-12-02;5;343
12;2025-12-02;6;1413
12;2025-12-02;7;2793
12;2025-12-02;8;3688
12;2025-12-02;9;2499
12;2025-12-02;10;2024
12;2025-12-02;11;2021
12;2025-12-02;12;2033
12;2025-12-02;13;2038
12;2025-12-02;14;1970
12;2025-12-02;15;2215
12;2025-12-02;16;2651
12;2025-12-02;17;3059
12;2025-12-02;18;3256
12;2025-12-02;19;2526
12;2025-12-02;20;1525
12;2025-12-02;21;920
12;2025-12-02;22;478
12;2025-12-02;23;239
12;2025-12-03;0;58
12;2025-12-03;1;2
12;2025-12-03;2;0
12;2025-12-03;3;0
12;2025-12-03;4;6
12;2025-12-03;5;331
12;2025-12-03;6;1418
12;2025-12-03;7;2663
12;2025-12-03;8;3543
12;2025-12-03;9;2498
12;2025-12-03;10;2092
12;2025-12-03;11;1977
12;2025-12-03;12;2033
12;2025-12-03;13;2008
12;2025-12-03;14;2011
12;2025-12-03;15;2207
12;2025-12-03;16;2664
12;2025-12-03;17;2990
12;2025-12-03;18;3162
12;2025-12-03;19;2512
12;2025-12-03;20;1492
12;2025-12-03;21;991
12;2025-12-03;22;513
12;2025-12-03;23;261
12;2025-12-04;0;52
12;2025-12-04;1;3
12;2025-12-04;2;0
12;2025-12-04;3;0
12;2025-12-04;4;6
12;2025-12-04;5;318
12;2025-12-04;6;1392
12;2025-12-04;7;2736
12;2025-12-04;8;3566
12;2025-12-04;9;2404
12;2025-12-04;10;2012
12;2025-12-04;11;2009
12;2025-12-04;12;2068
12;2025-12-04;13;2034
12;2025-12-04;14;2020
12;2025-12-04;15;2265
12;2025-12-04;16;2743
12;2025-12-04;17;3096
12;2025-12-04;18;3165
12;2025-12-04;19;2521
12;2025-12-04;20;1571
12;2025-12-04;21;942
12;2025-12-04;22;491
12;2025-12-04;23;263
12;2025-12-05;0;54
12;2025-12-05;1;2
12;2025-12-05;2;0
12;2025-12-05;3;0
12;2025-12-05;4;5
12;2025-12-05;5;328
12;2025-12-05;6;1398
12;2025-12-05;7;2686
12;2025-12-05;8;3421
12;2025-12-05;9;2398
12;2025-12-05;10;1933
12;2025-12-05;11;1966
12;2025-12-05;12;2021
12;2025-12-05;13;2057
12;2025-12-05;14;2071
12;2025-12-05;15;2381
12;2025-12-05;16;2991
12;2025-12-05;17;3013
12;2025-12-05;18;2621
12;2025-12-05;19;2243
12;2025-12-05;20;1449
12;2025-12-05;21;982
12;2025-12-05;22;513
12;2025-12-05;23;299
12;2025-12-06;0;80
12;2025-12-06;1;4
12;2025-12-06;2;0
12;2025-12-06;3;0
12;2025-12-06;4;2
12;2025-12-06;5;235
12;2025-12-06;6;834
12;2025-12-06;7;900
12;2025-12-06;8;1007
12;2025-12-06;9;1198
12;2025-12-06;10;1398
12;2025-12-06;11;1474
12;2025-12-06;12;1464
12;2025-12-06;13;1691
12;2025-12-06;14;1590
12;2025-12-06;15;1503
12;2025-12-06;16;1572
12;2025-12-06;17;1516
12;2025-12-06;18;1449
12;2025-12-06;19;1391
12;2025-12-06;20;964
12;2025-12-06;21;735
12;2025-12-06;22;411
12;2025-12-06;23;286
12;2025-12-07;0;84
12;2025-12-07;1;7
12;2025-12-07;2;0
12;2025-12-07;3;0
12;2025-12-07;4;2
12;2025-12-07;5;165
12;2025-12-07;6;555
12;2025-12-07;7;659
12;2025-12-07;8;753
12;2025-12-07;9;939
12;2025-12-07;10;1153
12;2025-12-07;11;1289
12;2025-12-07;12;1356
12;2025-12-07;13;1588
12;2025-12-07;14;1524
12;2025-12-07;15;1394
12;2025-12-07;16;1515
12;2025-12-07;17;1519
12;2025-12-07;18;1345
12;2025-12-07;19;1084
12;2025-12-07;20;821
12;2025-12-07;21;618
12;2025-12-07;22;423
12;2025-12-07;23;224
12;2025-12-08;0;63
12;2025-12-08;1;3
12;2025-12-08;2;0
12;2025-12-08;3;0
12;2025-12-08;4;5
12;2025-12-08;5;325
12;2025-12-08;6;1395
12;2025-12-08;7;2660
12;2025-12-08;8;3555
12;2025-12-08;9;2423
12;2025-12-08;10;1909
12;2025-12-08;11;1853
12;2025-12-08;12;1988
12;2025-12-08;13;1901
12;2025-12-08;14;1890
12;2025-12-08;15;2209
12;2025-12-08;16;2648
12;2025-12-08;17;2984
12;2025-12-08;18;3176
12;2025-12-08;19;2488
12;2025-12-08;20;1574
12;2025-12-08;21;918
12;2025-12-08;22;455
12;2025-12-08;23;232
12;2025-12-09;0;48
12;2025-12-09;1;1
12;2025-12-09;2;0
12;2025-12-09;3;0
12;2025-12-09;4;5
12;2025-12-09;5;343
12;2025-12-09;6;1413
12;2025-12-09;7;2793
12;2025-12-09;8;3688
12;2025-12-09;9;2499
12;2025-12-09;10;2024
12;2025-12-09;11;2021
12;2025-12-09;12;2033
12;2025-12-09;13;2038
12;2025-12-09;14;1970
12;2025-12-09;15;2215
12;2025-12-09;16;2651
12;2025-12-09;17;3059
12;2025-12-09;18;3256
12;2025-12-09;19;2526
12;2025-12-09;20;1525
12;2025-12-09;21;920
12;2025-12-09;22;478
12;2025-12-09;23;239
12;2025-12-10;0;58
12;2025-12-10;1;2
12;2025-12-10;2;0
12;2025-12-10;3;0
12;2025-12-10;4;6
12;2025-12-10;5;331
12;2025-12-10;6;1418
12;2025-12-10;7;2663
12;2025-12-10;8;3543
12;2025-12-10;9;2498
12;2025-12-10;10;2092
12;2025-12-10;11;1977
12;2025-12-10;12;2033
12;2025-12-10;13;2008
12;2025-12-10;14;2011
12;2025-12-10;15;2207
12;2025-12-10;16;2664
12;2025-12-10;17;2990
12;2025-12-10;18;3162
12;2025-12-10;19;2512
12;2025-12-10;20;1492
12;2025-12-10;21;991
12;2025-12-10;22;513
12;2025-12-10;23;261
12;2025-12-11;0;52
12;2025-12-11;1;3
12;2025-12-11;2;0
12;2025-12-11;3;0
12;2025-12-11;4;6
12;2025-12-11;5;318
12;2025-12-11;6;1392
12;2025-12-11;7;2736
12;2025-12-11;8;3566
12;2025-12-11;9;2404
12;2025-12-11;10;2012
12;2025-12-11;11;2009
12;2025-12-11;12;2068
12;2025-12-11;13;2034
12;2025-12-11;14;2020
12;2025-12-11;15;2265
12;2025-12-11;16;2743
12;2025-12-11;17;3096
12;2025-12-11;18;3165
12;2025-12-11;19;2521
12;2025-12-11;20;1571
12;2025-12-11;21;942
12;2025-12-11;22;491
12;2025-12-11;23;263
12;2025-12-12;0;54
12;2025-12-12;1;2
12;2025-12-12;2;0
12;2025-12-12;3;0
12;2025-12-12;4;5
12;2025-12-12;5;328
12;2025-12-12;6;1398
12;2025-12-12;7;2686
12;2025-12-12;8;3421
12;2025-12-12;9;2398
12;2025-12-12;10;1933
12;2025-12-12;11;1966
12;2025-12-12;12;2021
12;2025-12-12;13;2057
12;2025-12-12;14;2071
12;2025-12-12;15;2381
12;2025-12-12;16;2991
12;2025-12-12;17;3013
12;2025-12-12;18;2621
12;2025-12-12;19;2243
12;2025-12-12;20;1449
12;2025-12-12;21;982
12;2025-12-12;22;513
12;2025-12-12;23;299
12;2025-12-13;0;80
12;2025-12-13;1;4
12;2025-12-13;2;0
12;2025-12-13;3;0
12;2025-12-13;4;2
12;2025-12-13;5;235
12;2025-12-13;6;834
12;2025-12-13;7;900
12;2025-12-13;8;1007
12;2025-12-13;9;1198
12;2025-12-13;10;1398
12;2025-12-13;11;1474
12;2025-12-13;12;1464
12;2025-12-13;13;1691
12;2025-12-13;14;1590
12;2025-12-13;15;1503
12;2025-12-13;16;1572
12;2025-12-13;17;1516
12;2025-12-13;18;1449
12;2025-12-13;19;1391
12;2025-12-13;20;964
12;2025-12-13;21;735
12;2025-12-13;22;411
12;2025-12-13;23;286
12;2025-12-14;0;84
12;2025-12-14;1;7
12;2025-12-14;2;0
12;2025-12-14;3;0
12;2025-12-14;4;2
12;2025-12-14;5;165
12;2025-12-14;6;555
12;2025-12-14;7;659
12;2025-12-14;8;753
12;2025-12-14;9;939
12;2025-12-14;10;1153
12;2025-12-14;11;1289
12;2025-12-14;12;1356
12;2025-12-14;13;1588
12;2025-12-14;14;1524
12;2025-12-14;15;1394
12;2025-12-14;16;1515
12;2025-12-14;17;1519
12;2025-12-14;18;1345
12;2025-12-14;19;1084
12;2025-12-14;20;821
12;2025-12-14;21;618
12;2025-12-14;22;423
12;2025-12-14;23;224
12;2025-12-15;0;63
12;2025-12-15;1;3
12;2025-12-15;2;0
12;2025-12-15;3;0
12;2025-12-15;4;5
12;2025-12-15;5;325
12;2025-12-15;6;1395
12;2025-12-15;7;2660
12;2025-12-15;8;3555
12;2025-12-15;9;2423
12;2025-12-15;10;1909
12;2025-12-15;11;1853
12;2025-12-15;12;1988
12;2025-12-15;13;1901
12;2025-12-15;14;1890
12;2025-12-15;15;2209
12;2025-12-15;16;2648
12;2025-12-15;17;2984
12;2025-12-15;18;3176
12;2025-12-15;19;2488
12;2025-12-15;20;1574
12;2025-12-15;21;918
12;2025-12-15;22;455
12;2025-12-15;23;232
12;2025-12-16;0;48
12;2025-12-16;1;1
12;2025-12-16;2;0
12;2025-12-16;3;0
12;2025-12-16;4;5
12;2025-12-16;5;343
12;2025-12-16;6;1413
12;2025-12-16;7;2793
12;2025-12-16;8;3688
12;2025-12-16;9;2499
12;2025-12-16;10;2024
12;2025-12-16;11;2021
12;2025-12-16;12;2033
12;2025-12-16;13;2038
12;2025-12-16;14;1970
12;2025-12-16;15;2215
12;2025-12-16;16;2651
12;2025-12-16;17;3059
12;2025-12-16;18;3256
12;2025-12-16;19;2526
12;2025-12-16;20;1525
12;2025-12-16;21;920
12;2025-12-16;22;478
12;2025-12-16;23;239
12;2025-12-17;0;58
12;2025-12-17;1;2
12;2025-12-17;2;0
12;2025-12-17;3;0
12;2025-12-17;4;6
12;2025-12-17;5;331
12;2025-12-17;6;1418
12;2025-12-17;7;2663
12;2025-12-17;8;3543
12;2025-12-17;9;2498
12;2025-12-17;10;2092
12;2025-12-17;11;1977
12;2025-12-17;12;2033
12;2025-12-17;13;2008
12;2025-12-17;14;2011
12;2025-12-17;15;2207
12;2025-12-17;16;2664
12;2025-12-17;17;2990
12;2025-12-17;18;3162
12;2025-12-17;19;2512
12;2025-12-17;20;1492
12;2025-12-17;21;991
12;2025-12-17;22;513
12;2025-12-17;23;261
12;2025-12-18;0;52
12;2025-12-18;1;3
12;2025-12-18;2;0
12;2025-12-18;3;0
12;2025-12-18;4;6
12;2025-12-18;5;318
12;2025-12-18;6;1392
12;2025-12-18;7;2736
12;2025-12-18;8;3566
12;2025-12-18;9;2404
12;2025-12-18;10;2012
12;2025-12-18;11;2009
12;2025-12-18;12;2068
12;2025-12-18;13;2034
12;2025-12-18;14;2020
12;2025-12-18;15;2265
12;2025-12-18;16;2743
12;2025-12-18;17;3096
12;2025-12-18;18;3165
12;2025-12-18;19;2521
12;2025-12-18;20;1571
12;2025-12-18;21;942
12;2025-12-18;22;491
12;2025-12-18;23;263
12;2025-12-19;0;54
12;2025-12-19;1;2
12;2025-12-19;2;0
12;2025-12-19;3;0
12;2025-12-19;4;5
12;2025-12-19;5;328
12;2025-12-19;6;1398
12;2025-12-19;7;2686
12;2025-12-19;8;3421
12;2025-12-19;9;2398
12;2025-12-19;10;1933
12;2025-12-19;11;1966
12;2025-12-19;12;2021
12;2025-12-19;13;2057
12;2025-12-19;14;2071
12;2025-12-19;15;2381
12;2025-12-19;16;2991
12;2025-12-19;17;3013
12;2025-12-19;18;2621
12;2025-12-19;19;2243
12;2025-12-19;20;1449
12;2025-12-19;21;982
12;2025-12-19;22;513
12;2025-12-19;23;299
12;2025-12-20;0;80
12;2025-12-20;1;4
12;2025-12-20;2;0
12;2025-12-20;3;0
12;2025-12-20;4;2
12;2025-12-20;5;235
12;2025-12-20;6;834
12;2025-12-20;7;900
12;2025-12-20;8;1007
12;2025-12-20;9;1198
12;2025-12-20;10;1398
12;2025-12-20;11;1474
12;2025-12-20;12;1464
12;2025-12-20;13;1691
12;2025-12-20;14;1590
12;2025-12-20;15;1503
12;2025-12-20;16;1572
12;2025-12-20;17;1516
12;2025-12-20;18;1449
12;2025-12-20;19;1391
12;2025-12-20;20;964
12;2025-12-20;21;735
12;2025-12-20;22;411
12;2025-12-20;23;286
12;2025-12-21;0;84
12;2025-12-21;1;7
12;2025-12-21;2;0
12;2025-12-21;3;0
12;2025-12-21;4;2
12;2025-12-21;5;165
12;2025-12-21;6;555
12;2025-12-21;7;659
12;2025-12-21;8;753
12;2025-12-21;9;939
12;2025-12-21;10;1153
12;2025-12-21;11;1289
12;2025-12-21;12;1356
12;2025-12-21;13;1588
12;2025-12-21;14;1524
12;2025-12-21;15;1394
12;2025-12-21;16;1515
12;2025-12-21;17;1519
12;2025-12-21;18;1345
12;2025-12-21;19;1084
12;2025-12-21;20;821
12;2025-12-21;21;618
12;2025-12-21;22;423
12;2025-12-21;23;224
12;2025-12-22;0;63
12;2025-12-22;1;3
12;2025-12-22;2;0
12;2025-12-22;3;0
12;2025-12-22;4;5
12;2025-12-22;5;325
12;2025-12-22;6;1395
12;2025-12-22;7;2660
12;2025-12-22;8;3555
12;2025-12-22;9;2423
12;2025-12-22;10;1909
12;2025-12-22;11;1853
12;2025-12-22;12;1988
12;2025-12-22;13;1901
12;2025-12-22;14;1890
12;2025-12-22;15;2209
12;2025-12-22;16;2648
12;2025-12-22;17;2984
12;2025-12-22;18;3176
12;2025-12-22;19;2488
12;2025-12-22;20;1574
12;2025-12-22;21;918
12;2025-12-22;22;455
12;2025-12-22;23;232
12;2025-12-23;0;48
12;2025-12-23;1;1
12;2025-12-23;2;0
12;2025-12-23;3;0
12;2025-12-23;4;5
12;2025-12-23;5;343
12;2025-12-23;6;1413
12;2025-12-23;7;2793
12;2025-12-23;8;3688
12;2025-12-23;9;2499
12;2025-12-23;10;2024
12;2025-12-23;11;2021
12;2025-12-23;12;2033
12;2025-12-23;13;2038
12;2025-12-23;14;1970
12;2025-12-23;15;2215
12;2025-12-23;16;2651
12;2025-12-23;17;3059
12;2025-12-23;18;3256
12;2025-12-23;19;2526
12;2025-12-23;20;1525
12;2025-12-23;21;920
12;2025-12-23;22;478
12;2025-12-23;23;239
12;2025-12-24;0;58
12;2025-12-24;1;2
12;2025-12-24;2;0
12;2025-12-24;3;0
12;2025-12-24;4;6
12;2025-12-24;5;331
12;2025-12-24;6;1418
12;2025-12-24;7;2663
12;2025-12-24;8;3543
12;2025-12-24;9;2498
12;2025-12-24;10;2092
12;2025-12-24;11;1977
12;2025-12-24;12;2033
12;2025-12-24;13;2008
12;2025-12-24;14;2011
12;2025-12-24;15;2207
12;2025-12-24;16;2664
12;2025-12-24;17;2990
12;2025-12-24;18;3162
12;2025-12-24;19;2512
12;2025-12-24;20;1492
12;2025-12-24;21;991
12;2025-12-24;22;513
12;2025-12-24;23;261
12;2025-12-25;0;52
12;2025-12-25;1;3
12;2025-12-25;2;0
12;2025-12-25;3;0
12;2025-12-25;4;6
12;2025-12-25;5;318
12;2025-12-25;6;1392
12;2025-12-25;7;2736
12;2025-12-25;8;3566
12;2025-12-25;9;2404
12;2025-12-25;10;2012
12;2025-12-25;11;2009
12;2025-12-25;12;2068
12;2025-12-25;13;2034
12;2025-12-25;14;2020
12;2025-12-25;15;2265
12;2025-12-25;16;2743
12;2025-12-25;17;3096
12;2025-12-25;18;3165
12;2025-12-25;19;2521
12;2025-12-25;20;1571
12;2025-12-25;21;942
12;2025-12-25;22;491
12;2025-12-25;23;263
12;2025-12-26;0;54
12;2025-12-26;1;2
12;2025-12-26;2;0
12;2025-12-26;3;0
12;2025-12-26;4;5
12;2025-12-26;5;328
12;2025-12-26;6;1398
12;2025-12-26;7;2686
12;2025-12-26;8;3421
12;2025-12-26;9;2398
12;2025-12-26;10;1933
12;2025-12-26;11;1966
12;2025-12-26;12;2021
12;2025-12-26;13;2057
12;2025-12-26;14;2071
12;2025-12-26;15;2381
12;2025-12-26;16;2991
12;2025-12-26;17;3013
12;2025-12-26;18;2621
12;2025-12-26;19;2243
12;2025-12-26;20;1449
12;2025-12-26;21;982
12;2025-12-26;22;513
12;2025-12-26;23;299
12;2025-12-27;0;80
12;2025-12-27;1;4
12;2025-12-27;2;0
12;2025-12-27;3;0
12;2025-12-27;4;2
12;2025-12-27;5;235
12;2025-12-27;6;834
12;2025-12-27;7;900
12;2025-12-27;8;1007
12;2025-12-27;9;1198
12;2025-12-27;10;1398
12;2025-12-27;11;1474
12;2025-12-27;12;1464
12;2025-12-27;13;1691
12;2025-12-27;14;1590
12;2025-12-27;15;1503
12;2025-12-27;16;1572
12;2025-12-27;17;1516
12;2025-12-27;18;1449
12;2025-12-27;19;1391
12;2025-12-27;20;964
12;2025-12-27;21;735
12;2025-12-27;22;411
12;2025-12-27;23;286
12;2025-12-28;0;84
12;2025-12-28;1;7
12;2025-12-28;2;0
12;2025-12-28;3;0
12;2025-12-28;4;2
12;2025-12-28;5;165
12;2025-12-28;6;555
12;2025-12-28;7;659
12;2025-12-28;8;753
12;2025-12-28;9;939
12;2025-12-28;10;1153
12;2025-12-28;11;1289
12;2025-12-28;12;1356
12;2025-12-28;13;1588
12;2025-12-28;14;1524
12;2025-12-28;15;1394
12;2025-12-28;16;1515
12;2025-12-28;17;1519
12;2025-12-28;18;1345
12;2025-12-28;19;1084
12;2025-12-28;20;821
12;2025-12-28;21;618
12;2025-12-28;22;423
12;2025-12-28;23;224
12;2025-12-29;0;63
12;2025-12-29;1;3
12;2025-12-29;2;0
12;2025-12-29;3;0
12;2025-12-29;4;5
12;2025-12-29;5;325
12;2025-12-29;6;1395
12;2025-12-29;7;2660
12;2025-12-29;8;3555
12;2025-12-29;9;2423
12;2025-12-29;10;1909
12;2025-12-29;11;1853
12;2025-12-29;12;1988
12;2025-12-29;13;1901
12;2025-12-29;14;1890
12;2025-12-29;15;2209
12;2025-12-29;16;2648
12;2025-12-29;17;2984
12;2025-12-29;18;3176
12;2025-12-29;19;2488
12;2025-12-29;20;1574
12;2025-12-29;21;918
12;2025-12-29;22;455
12;2025-12-29;23;232
12;2025-12-30;0;48
12;2025-12-30;1;1
12;2025-12-30;2;0
12;2025-12-30;3;0
12;2025-12-30;4;5
12;2025-12-30;5;343
12;2025-12-30;6;1413
12;2025-12-30;7;2793
12;2025-12-30;8;3688
12;2025-12-30;9;2499
12;2025-12-30;10;2024
12;2025-12-30;11;2021
12;2025-12-30;12;2033
12;2025-12-30;13;2038
12;2025-12-30;14;1970
12;2025-12-30;15;2215
12;2025-12-30;16;2651
12;2025-12-30;17;3059
12;2025-12-30;18;3256
12;2025-12-30;19;2526
12;2025-12-30;20;1525
12;2025-12-30;21;920
12;2025-12-30;22;478
12;2025-12-30;23;239
12;2025-12-31;0;82
12;2025-12-31;1;7
12;2025-12-31;2;0
12;2025-12-31;3;0
12;2025-12-31;4;2
12;2025-12-31;5;161
12;2025-12-31;6;544
12;2025-12-31;7;645
12;2025-12-31;8;737
12;2025-12-31;9;919
12;2025-12-31;10;1129
12;2025-12-31;11;1261
12;2025-12-31;12;1327
12;2025-12-31;13;1554
12;2025-12-31;14;1492
12;2025-12-31;15;1364
12;2025-12-31;16;1483
12;2025-12-31;17;1487
12;2025-12-31;18;1317
12;2025-12-31;19;1062
12;2025-12-31;20;803
12;2025-12-31;21;605
12;2025-12-31;22;414
12;2025-12-31;23;220
17;2025-11-01;0;143
17;2025-11-01;1;15
17;2025-11-01;2;0
17;2025-11-01;3;0
17;2025-11-01;4;26
17;2025-11-01;5;314
17;2025-11-01;6;1517
17;2025-11-01;7;4027
17;2025-11-01;8;5185
17;2025-11-01;9;3657
17;2025-11-01;10;2931
17;2025-11-01;11;2967
17;2025-11-01;12;3004
17;2025-11-01;13;3090
17;2025-11-01;14;3165
17;2025-11-01;15;3512
17;2025-11-01;16;4133
17;2025-11-01;17;4577
17;2025-11-01;18;4361
17;2025-11-01;19;3236
17;2025-11-01;20;2334
17;2025-11-01;21;1555
17;2025-11-01;22;895
17;2025-11-01;23;455
17;2025-11-02;0;180
17;2025-11-02;1;24
17;2025-11-02;2;0
17;2025-11-02;3;0
17;2025-11-02;4;4
17;2025-11-02;5;111
17;2025-11-02;6;440
17;2025-11-02;7;818
17;2025-11-02;8;1255
17;2025-11-02;9;1711
17;2025-11-02;10;1979
17;2025-11-02;11;2493
17;2025-11-02;12;2910
17;2025-11-02;13;3161
17;2025-11-02;14;3249
17;2025-11-02;15;3301
17;2025-11-02;16;3249
17;2025-11-02;17;3109
17;2025-11-02;18;2739
17;2025-11-02;19;2220
17;2025-11-02;20;1706
17;2025-11-02;21;1230
17;2025-11-02;22;794
17;2025-11-02;23;339
17;2025-11-03;0;172
17;2025-11-03;1;23
17;2025-11-03;2;0
17;2025-11-03;3;0
17;2025-11-03;4;4
17;2025-11-03;5;106
17;2025-11-03;6;422
17;2025-11-03;7;784
17;2025-11-03;8;1203
17;2025-11-03;9;1640
17;2025-11-03;10;1897
17;2025-11-03;11;2390
17;2025-11-03;12;2789
17;2025-11-03;13;3030
17;2025-11-03;14;3114
17;2025-11-03;15;3164
17;2025-11-03;16;3114
17;2025-11-03;17;2980
17;2025-11-03;18;2625
17;2025-11-03;19;2128
17;2025-11-03;20;1635
17;2025-11-03;21;1179
17;2025-11-03;22;761
17;2025-11-03;23;325
17;2025-11-04;0;178
17;2025-11-04;1;23
17;2025-11-04;2;0
17;2025-11-04;3;0
17;2025-11-04;4;4
17;2025-11-04;5;109
17;2025-11-04;6;434
17;2025-11-04;7;808
17;2025-11-04;8;1240
17;2025-11-04;9;1690
17;2025-11-04;10;1955
17;2025-11-04;11;2462
17;2025-11-04;12;2873
17;2025-11-04;13;3122
17;2025-11-04;14;3209
17;2025-11-04;15;3260
17;2025-11-04;16;3208
17;2025-11-04;17;3070
17;2025-11-04;18;2704
17;2025-11-04;19;2192
17;2025-11-04;20;1685
17;2025-11-04;21;1215
17;2025-11-04;22;784
17;2025-11-04;23;335
17;2025-11-05;0;125
17;2025-11-05;1;9
17;2025-11-05;2;0
17;2025-11-05;3;0
17;2025-11-05;4;27
17;2025-11-05;5;329
17;2025-11-05;6;1550
17;2025-11-05;7;4093
17;2025-11-05;8;5352
17;2025-11-05;9;3796
17;2025-11-05;10;3009
17;2025-11-05;11;2967
17;2025-11-05;12;3014
17;2025-11-05;13;3063
17;2025-11-05;14;3132
17;2025-11-05;15;3306
17;2025-11-05;16;3668
17;2025-11-05;17;4506
17;2025-11-05;18;4955
17;2025-11-05;19;3518
17;2025-11-05;20;2411
17;2025-11-05;21;1510
17;2025-11-05;22;828
17;2025-11-05;23;391
17;2025-11-06;0;141
17;2025-11-06;1;10
17;2025-11-06;2;0
17;2025-11-06;3;0
17;2025-11-06;4;26
17;2025-11-06;5;325
17;2025-11-06;6;1564
17;2025-11-06;7;4097
17;2025-11-06;8;5392
17;2025-11-06;9;3815
17;2025-11-06;10;3025
17;2025-11-06;11;2956
17;2025-11-06;12;3069
17;2025-11-06;13;3112
17;2025-11-06;14;3148
17;2025-11-06;15;3292
17;2025-11-06;16;3729
17;2025-11-06;17;4539
17;2025-11-06;18;4999
17;2025-11-06;19;3518
17;2025-11-06;20;2440
17;2025-11-06;21;1530
17;2025-11-06;22;840
17;2025-11-06;23;400
17;2025-11-07;0;142
17;2025-11-07;1;15
17;2025-11-07;2;0
17;2025-11-07;3;0
17;2025-11-07;4;26
17;2025-11-07;5;312
17;2025-11-07;6;1506
17;2025-11-07;7;3999
17;2025-11-07;8;5148
17;2025-11-07;9;3631
17;2025-11-07;10;2910
17;2025-11-07;11;2945
17;2025-11-07;12;2982
17;2025-11-07;13;3068
17;2025-11-07;14;3143
17;2025-11-07;15;3487
17;2025-11-07;16;4104
17;2025-11-07;17;4544
17;2025-11-07;18;4330
17;2025-11-07;19;3213
17;2025-11-07;20;2318
17;2025-11-07;21;1544
17;2025-11-07;22;889
17;2025-11-07;23;452
17;2025-11-08;0;193
17;2025-11-08;1;25
17;2025-11-08;2;0
17;2025-11-08;3;0
17;2025-11-08;4;5
17;2025-11-08;5;130
17;2025-11-08;6;538
17;2025-11-08;7;1140
17;2025-11-08;8;1652
17;2025-11-08;9;2101
17;2025-11-08;10;2321
17;2025-11-08;11;2768
17;2025-11-08;12;3090
17;2025-11-08;13;3243
17;2025-11-08;14;3277
17;2025-11-08;15;3315
17;2025-11-08;16;3288
17;2025-11-08;17;3119
17;2025-11-08;18;2878
17;2025-11-08;19;2346
17;2025-11-08;20;1817
17;2025-11-08;21;1326
17;2025-11-08;22;857
17;2025-11-08;23;431
17;2025-11-09;0;180
17;2025-11-09;1;24
17;2025-11-09;2;0
17;2025-11-09;3;0
17;2025-11-09;4;4
17;2025-11-09;5;111
17;2025-11-09;6;440
17;2025-11-09;7;818
17;2025-11-09;8;1255
17;2025-11-09;9;1711
17;2025-11-09;10;1979
17;2025-11-09;11;2493
17;2025-11-09;12;2910
17;2025-11-09;13;3161
17;2025-11-09;14;3249
17;2025-11-09;15;3301
17;2025-11-09;16;3249
17;2025-11-09;17;3109
17;2025-11-09;18;2739
17;2025-11-09;19;2220
17;2025-11-09;20;1706
17;2025-11-09;21;1230
17;2025-11-09;22;794
17;2025-11-09;23;339
17;2025-11-10;0;108
17;2025-11-10;1;13
17;2025-11-10;2;0
17;2025-11-10;3;0
17;2025-11-10;4;27
17;2025-11-10;5;319
17;2025-11-10;6;1533
17;2025-11-10;7;4109
17;2025-11-10;8;5409
17;2025-11-10;9;3768
17;2025-11-10;10;2897
17;2025-11-10;11;2845
17;2025-11-10;12;2900
17;2025-11-10;13;2943
17;2025-11-10;14;2967
17;2025-11-10;15;3200
17;2025-11-10;16;3608
17;2025-11-10;17;4429
17;2025-11-10;18;4973
17;2025-11-10;19;3507
17;2025-11-10;20;2342
17;2025-11-10;21;1401
17;2025-11-10;22;770
17;2025-11-10;23;331
17;2025-11-11;0;109
17;2025-11-11;1;10
17;2025-11-11;2;0
17;2025-11-11;3;0
17;2025-11-11;4;27
17;2025-11-11;5;317
17;2025-11-11;6;1582
17;2025-11-11;7;4225
17;2025-11-11;8;5549
17;2025-11-11;9;3908
17;2025-11-11;10;3021
17;2025-11-11;11;2920
17;2025-11-11;12;3009
17;2025-11-11;13;3027
17;2025-11-11;14;3172
17;2025-11-11;15;3258
17;2025-11-11;16;3627
17;2025-11-11;17;4576
17;2025-11-11;18;5036
17;2025-11-11;19;3583
17;2025-11-11;20;2442
17;2025-11-11;21;1479
17;2025-11-11;22;791
17;2025-11-11;23;361
17;2025-11-12;0;125
17;2025-11-12;1;9
17;2025-11-12;2;0
17;2025-11-12;3;0
17;2025-11-12;4;27
17;2025-11-12;5;329
17;2025-11-12;6;1550
17;2025-11-12;7;4093
17;2025-11-12;8;5352
17;2025-11-12;9;3796
17;2025-11-12;10;3009
17;2025-11-12;11;2967
17;2025-11-12;12;3014
17;2025-11-12;13;3063
17;2025-11-12;14;3132
17;2025-11-12;15;3306
17;2025-11-12;16;3668
17;2025-11-12;17;4506
17;2025-11-12;18;4955
17;2025-11-12;19;3518
17;2025-11-12;20;2411
17;2025-11-12;21;1510
17;2025-11-12;22;828
17;2025-11-12;23;391
17;2025-11-13;0;141
17;2025-11-13;1;10
17;2025-11-13;2;0
17;2025-11-13;3;0
17;2025-11-13;4;26
17;2025-11-13;5;325
17;2025-11-13;6;1564
17;2025-11-13;7;4097
17;2025-11-13;8;5392
17;2025-11-13;9;3815
17;2025-11-13;10;3025
17;2025-11-13;11;2956
17;2025-11-13;12;3069
17;2025-11-13;13;3112
17;2025-11-13;14;3148
17;2025-11-13;15;3292
17;2025-11-13;16;3729
17;2025-11-13;17;4539
17;2025-11-13;18;4999
17;2025-11-13;19;3518
17;2025-11-13;20;2440
17;2025-11-13;21;1530
17;2025-11-13;22;840
17;2025-11-13;23;400
17;2025-11-14;0;142
17;2025-11-14;1;15
17;2025-11-14;2;0
17;2025-11-14;3;0
17;2025-11-14;4;26
17;2025-11-14;5;312
17;2025-11-14;6;1506
17;2025-11-14;7;3999
17;2025-11-14;8;5148
17;2025-11-14;9;3631
17;2025-11-14;10;2910
17;2025-11-14;11;2945
17;2025-11-14;12;2982
17;2025-11-14;13;3068
17;2025-11-14;14;3143
17;2025-11-14;15;3487
17;2025-11-14;16;4104
17;2025-11-14;17;4544
17;2025-11-14;18;4330
17;2025-11-14;19;3213
17;2025-11-14;20;2318
17;2025-11-14;21;1544
17;2025-11-14;22;889
17;2025-11-14;23;452
17;2025-11-15;0;193
17;2025-11-15;1;25
17;2025-11-15;2;0
17;2025-11-15;3;0
17;2025-11-15;4;5
17;2025-11-15;5;130
17;2025-11-15;6;538
17;2025-11-15;7;1140
17;2025-11-15;8;1652
17;2025-11-15;9;2101
17;2025-11-15;10;2321
17;2025-11-15;11;2768
17;2025-11-15;12;3090
17;2025-11-15;13;3243
17;2025-11-15;14;3277
17;2025-11-15;15;3315
17;2025-11-15;16;3288
17;2025-11-15;17;3119
17;2025-11-15;18;2878
17;2025-11-15;19;2346
17;2025-11-15;20;1817
17;2025-11-15;21;1326
17;2025-11-15;22;857
17;2025-11-15;23;431
17;2025-11-16;0;180
17;2025-11-16;1;24
17;2025-11-16;2;0
17;2025-11-16;3;0
17;2025-11-16;4;4
17;2025-11-16;5;111
17;2025-11-16;6;440
17;2025-11-16;7;818
17;2025-11-16;8;1255
17;2025-11-16;9;1711
17;2025-11-16;10;1979
17;2025-11-16;11;2493
17;2025-11-16;12;2910
17;2025-11-16;13;3161
17;2025-11-16;14;3249
17;2025-11-16;15;3301
17;2025-11-16;16;3249
17;2025-11-16;17;3109
17;2025-11-16;18;2739
17;2025-11-16;19;2220
17;2025-11-16;20;1706
17;2025-11-16;21;1230
17;2025-11-16;22;794
17;2025-11-16;23;339
17;2025-11-17;0;108
17;2025-11-17;1;13
17;2025-11-17;2;0
17;2025-11-17;3;0
17;2025-11-17;4;27
17;2025-11-17;5;319
17;2025-11-17;6;1533
17;2025-11-17;7;4109
17;2025-11-17;8;5409
17;2025-11-17;9;3768
17;2025-11-17;10;2897
17;2025-11-17;11;2845
17;2025-11-17;12;2900
17;2025-11-17;13;2943
17;2025-11-17;14;2967
17;2025-11-17;15;3200
17;2025-11-17;16;3608
17;2025-11-17;17;4429
17;2025-11-17;18;4973
17;2025-11-17;19;3507
17;2025-11-17;20;2342
17;2025-11-17;21;1401
17;2025-11-17;22;770
17;2025-11-17;23;331
17;2025-11-18;0;109
17;2025-11-18;1;10
17;2025-11-18;2;0
17;2025-11-18;3;0
17;2025-11-18;4;27
17;2025-11-18;5;317
17;2025-11-18;6;1582
17;2025-11-18;7;4225
17;2025-11-18;8;5549
17;2025-11-18;9;3908
17;2025-11-18;10;3021
17;2025-11-18;11;2920
17;2025-11-18;12;3009
17;2025-11-18;13;3027
17;2025-11-18;14;3172
17;2025-11-18;15;3258
17;2025-11-18;16;3627
17;2025-11-18;17;4576
17;2025-11-18;18;5036
17;2025-11-18;19;3583
17;2025-11-18;20;2442
17;2025-11-18;21;1479
17;2025-11-18;22;791
17;2025-11-18;23;361
17;2025-11-19;0;125
17;2025-11-19;1;9
17;2025-11-19;2;0
17;2025-11-19;3;0
17;2025-11-19;4;27
17;2025-11-19;5;329
17;2025-11-19;6;1550
17;2025-11-19;7;4093
17;2025-11-19;8;5352
17;2025-11-19;9;3796
17;2025-11-19;10;3009
17;2025-11-19;11;2967
17;2025-11-19;12;3014
17;2025-11-19;13;3063
17;2025-11-19;14;3132
17;2025-11-19;15;3306
17;2025-11-19;16;3668
17;2025-11-19;17;4506
17;2025-11-19;18;4955
17;2025-11-19;19;3518
17;2025-11-19;20;2411
17;2025-11-19;21;1510
17;2025-11-19;22;828
17;2025-11-19;23;391
17;2025-11-20;0;141
17;2025-11-20;1;10
17;2025-11-20;2;0
17;2025-11-20;3;0
17;2025-11-20;4;26
17;2025-11-20;5;325
17;2025-11-20;6;1564
17;2025-11-20;7;4097
17;2025-11-20;8;5392
17;2025-11-20;9;3815
17;2025-11-20;10;3025
17;2025-11-20;11;2956
17;2025-11-20;12;3069
17;2025-11-20;13;3112
17;2025-11-20;14;3148
17;2025-11-20;15;3292
17;2025-11-20;16;3729
17;2025-11-20;17;4539
17;2025-11-20;18;4999
17;2025-11-20;19;3518
17;2025-11-20;20;2440
17;2025-11-20;21;1530
17;2025-11-20;22;840
17;2025-11-20;23;400
17;2025-11-21;0;142
17;2025-11-21;1;15
17;2025-11-21;2;0
17;2025-11-21;3;0
17;2025-11-21;4;26
17;2025-11-21;5;312
17;2025-11-21;6;1506
17;2025-11-21;7;3999
17;2025-11-21;8;5148
17;2025-11-21;9;3631
17;2025-11-21;10;2910
17;2025-11-21;11;2945
17;2025-11-21;12;2982
17;2025-11-21;13;3068
17;2025-11-21;14;3143
17;2025-11-21;15;3487
17;2025-11-21;16;4104
17;2025-11-21;17;4544
17;2025-11-21;18;4330
17;2025-11-21;19;3213
17;2025-11-21;20;2318
17;2025-11-21;21;1544
17;2025-11-21;22;889
17;2025-11-21;23;452
17;2025-11-22;0;193
17;2025-11-22;1;25
17;2025-11-22;2;0
17;2025-11-22;3;0
17;2025-11-22;4;5
17;2025-11-22;5;130
17;2025-11-22;6;538
17;2025-11-22;7;1140
17;2025-11-22;8;1652
17;2025-11-22;9;2101
17;2025-11-22;10;2321
17;2025-11-22;11;2768
17;2025-11-22;12;3090
17;2025-11-22;13;3243
17;2025-11-22;14;3277
17;2025-11-22;15;3315
17;2025-11-22;16;3288
17;2025-11-22;17;3119
17;2025-11-22;18;2878
17;2025-11-22;19;2346
17;2025-11-22;20;1817
17;2025-11-22;21;1326
17;2025-11-22;22;857
17;2025-11-22;23;431
17;2025-11-23;0;180
17;2025-11-23;1;24
17;2025-11-23;2;0
17;2025-11-23;3;0
17;2025-11-23;4;4
17;2025-11-23;5;111
17;2025-11-23;6;440
17;2025-11-23;7;818
17;2025-11-23;8;1255
17;2025-11-23;9;1711
17;2025-11-23;10;1979
17;2025-11-23;11;2493
17;2025-11-23;12;2910
17;2025-11-23;13;3161
17;2025-11-23;14;3249
17;2025-11-23;15;3301
17;2025-11-23;16;3249
17;2025-11-23;17;3109
17;2025-11-23;18;2739
17;2025-11-23;19;2220
17;2025-11-23;20;1706
17;2025-11-23;21;1230
17;2025-11-23;22;794
17;2025-11-23;23;339
17;2025-11-24;0;108
17;2025-11-24;1;13
17;2025-11-24;2;0
17;2025-11-24;3;0
17;2025-11-24;4;27
17;2025-11-24;5;319
17;2025-11-24;6;1533
17;2025-11-24;7;4109
17;2025-11-24;8;5409
17;2025-11-24;9;3768
17;2025-11-24;10;2897
17;2025-11-24;11;2845
17;2025-11-24;12;2900
17;2025-11-24;13;2943
17;2025-11-24;14;2967
17;2025-11-24;15;3200
17;2025-11-24;16;3608
17;2025-11-24;17;4429
17;2025-11-24;18;4973
17;2025-11-24;19;3507
17;2025-11-24;20;2342
17;2025-11-24;21;1401
17;2025-11-24;22;770
17;2025-11-24;23;331
17;2025-11-25;0;109
17;2025-11-25;1;10
17;2025-11-25;2;0
17;2025-11-25;3;0
17;2025-11-25;4;27
17;2025-11-25;5;317
17;2025-11-25;6;1582
17;2025-11-25;7;4225
17;2025-11-25;8;5549
17;2025-11-25;9;3908
17;2025-11-25;10;3021
17;2025-11-25;11;2920
17;2025-11-25;12;3009
17;2025-11-25;13;3027
17;2025-11-25;14;3172
17;2025-11-25;15;3258
17;2025-11-25;16;3627
17;2025-11-25;17;4576
17;2025-11-25;18;5036
17;2025-11-25;19;3583
17;2025-11-25;20;2442
17;2025-11-25;21;1479
17;2025-11-25;22;791
17;2025-11-25;23;361
17;2025-11-26;0;125
17;2025-11-26;1;9
17;2025-11-26;2;0
17;2025-11-26;3;0
17;2025-11-26;4;27
17;2025-11-26;5;329
17;2025-11-26;6;1550
17;2025-11-26;7;4093
17;2025-11-26;8;5352
17;2025-11-26;9;3796
17;2025-11-26;10;3009
17;2025-11-26;11;2967
17;2025-11-26;12;3014
17;2025-11-26;13;3063
17;2025-11-26;14;3132
17;2025-11-26;15;3306
17;2025-11-26;16;3668
17;2025-11-26;17;4506
17;2025-11-26;18;4955
17;2025-11-26;19;3518
17;2025-11-26;20;2411
17;2025-11-26;21;1510
17;2025-11-26;22;828
17;2025-11-26;23;391
17;2025-11-27;0;141
17;2025-11-27;1;10
17;2025-11-27;2;0
17;2025-11-27;3;0
17;2025-11-27;4;26
17;2025-11-27;5;325
17;2025-11-27;6;1564
17;2025-11-27;7;4097
17;2025-11-27;8;5392
17;2025-11-27;9;3815
17;2025-11-27;10;3025
17;2025-11-27;11;2956
17;2025-11-27;12;3069
17;2025-11-27;13;3112
17;2025-11-27;14;3148
17;2025-11-27;15;3292
17;2025-11-27;16;3729
17;2025-11-27;17;4539
17;2025-11-27;18;4999
17;2025-11-27;19;3518
17;2025-11-27;20;2440
17;2025-11-27;21;1530
17;2025-11-27;22;840
17;2025-11-27;23;400
17;2025-11-28;0;142
17;2025-11-28;1;15
17;2025-11-28;2;0
17;2025-11-28;3;0
17;2025-11-28;4;26
17;2025-11-28;5;312
17;2025-11-28;6;1506
17;2025-11-28;7;3999
17;2025-11-28;8;5148
17;2025-11-28;9;3631
17;2025-11-28;10;2910
17;2025-11-28;11;2945
17;2025-11-28;12;2982
17;2025-11-28;13;3068
17;2025-11-28;14;3143
17;2025-11-28;15;3487
17;2025-11-28;16;4104
17;2025-11-28;17;4544
17;2025-11-28;18;4330
17;2025-11-28;19;3213
17;2025-11-28;20;2318
17;2025-11-28;21;1544
17;2025-11-28;22;889
17;2025-11-28;23;452
17;2025-11-29;0;193
17;2025-11-29;1;25
17;2025-11-29;2;0
17;2025-11-29;3;0
17;2025-11-29;4;5
17;2025-11-29;5;130
17;2025-11-29;6;538
17;2025-11-29;7;1140
17;2025-11-29;8;1652
17;2025-11-29;9;2101
17;2025-11-29;10;2321
17;2025-11-29;11;2768
17;2025-11-29;12;3090
17;2025-11-29;13;3243
17;2025-11-29;14;3277
17;2025-11-29;15;3315
17;2025-11-29;16;3288
17;2025-11-29;17;3119
17;2025-11-29;18;2878
17;2025-11-29;19;2346
17;2025-11-29;20;1817
17;2025-11-29;21;1326
17;2025-11-29;22;857
17;2025-11-29;23;431
17;2025-11-30;0;180
17;2025-11-30;1;24
17;2025-11-30;2;0
17;2025-11-30;3;0
17;2025-11-30;4;4
17;2025-11-30;5;111
17;2025-11-30;6;440
17;2025-11-30;7;818
17;2025-11-30;8;1255
17;2025-11-30;9;1711
17;2025-11-30;10;1979
17;2025-11-30;11;2493
17;2025-11-30;12;2910
17;2025-11-30;13;3161
17;2025-11-30;14;3249
17;2025-11-30;15;3301
17;2025-11-30;16;3249
17;2025-11-30;17;3109
17;2025-11-30;18;2739
17;2025-11-30;19;2220
17;2025-11-30;20;1706
17;2025-11-30;21;1230
17;2025-11-30;22;794
17;2025-11-30;23;339
17;2025-12-01;0;108
17;2025-12-01;1;13
17;2025-12-01;2;0
17;2025-12-01;3;0
17;2025-12-01;4;27
17;2025-12-01;5;319
17;2025-12-01;6;1533
17;2025-12-01;7;4109
17;2025-12-01;8;5409
17;2025-12-01;9;3768
17;2025-12-01;10;2897
17;2025-12-01;11;2845
17;2025-12-01;12;2900
17;2025-12-01;13;2943
17;2025-12-01;14;2967
17;2025-12-01;15;3200
17;2025-12-01;16;3608
17;2025-12-01;17;4429
17;2025-12-01;18;4973
17;2025-12-01;19;3507
17;2025-12-01;20;2342
17;2025-12-01;21;1401
17;2025-12-01;22;770
17;2025-12-01;23;331
17;2025-12-02;0;109
17;2025-12-02;1;10
17;2025-12-02;2;0
17;2025-12-02;3;0
17;2025-12-02;4;27
17;2025-12-02;5;317
17;2025-12-02;6;1582
17;2025-12-02;7;4225
17;2025-12-02;8;5549
17;2025-12-02;9;3908
17;2025-12-02;10;3021
17;2025-12-02;11;2920
17;2025-12-02;12;3009
17;2025-12-02;13;3027
17;2025-12-02;14;3172
17;2025-12-02;15;3258
17;2025-12-02;16;3627
17;2025-12-02;17;4576
17;2025-12-02;18;5036
17;2025-12-02;19;3583
17;2025-12-02;20;2442
17;2025-12-02;21;1479
17;2025-12-02;22;791
17;2025-12-02;23;361
17;2025-12-03;0;125
17;2025-12-03;1;9
17;2025-12-03;2;0
17;2025-12-03;3;0
17;2025-12-03;4;27
17;2025-12-03;5;329
17;2025-12-03;6;1550
17;2025-12-03;7;4093
17;2025-12-03;8;5352
17;2025-12-03;9;3796
17;2025-12-03;10;3009
17;2025-12-03;11;2967
17;2025-12-03;12;3014
17;2025-12-03;13;3063
17;2025-12-03;14;3132
17;2025-12-03;15;3306
17;2025-12-03;16;3668
17;2025-12-03;17;4506
17;2025-12-03;18;4955
17;2025-12-03;19;3518
17;2025-12-03;20;2411
17;2025-12-03;21;1510
17;2025-12-03;22;828
17;2025-12-03;23;391
17;2025-12-04;0;141
17;2025-12-04;1;10
17;2025-12-04;2;0
17;2025-12-04;3;0
17;2025-12-04;4;26
17;2025-12-04;5;325
17;2025-12-04;6;1564
17;2025-12-04;7;4097
17;2025-12-04;8;5392
17;2025-12-04;9;3815
17;2025-12-04;10;3025
17;2025-12-04;11;2956
17;2025-12-04;12;3069
17;2025-12-04;13;3112
17;2025-12-04;14;3148
17;2025-12-04;15;3292
17;2025-12-04;16;3729
17;2025-12-04;17;4539
17;2025-12-04;18;4999
17;2025-12-04;19;3518
17;2025-12-04;20;2440
17;2025-12-04;21;1530
17;2025-12-04;22;840
17;2025-12-04;23;400
17;2025-12-05;0;142
17;2025-12-05;1;15
17;2025-12-05;2;0
17;2025-12-05;3;0
17;2025-12-05;4;26
17;2025-12-05;5;312
17;2025-12-05;6;1506
17;2025-12-05;7;3999
17;2025-12-05;8;5148
17;2025-12-05;9;3631
17;2025-12-05;10;2910
17;2025-12-05;11;2945
17;2025-12-05;12;2982
17;2025-12-05;13;3068
17;2025-12-05;14;3143
17;2025-12-05;15;3487
17;2025-12-05;16;4104
17;2025-12-05;17;4544
17;2025-12-05;18;4330
17;2025-12-05;19;3213
17;2025-12-05;20;2318
17;2025-12-05;21;1544
17;2025-12-05;22;889
17;2025-12-05;23;452
17;2025-12-06;0;193
17;2025-12-06;1;25
17;2025-12-06;2;0
17;2025-12-06;3;0
17;2025-12-06;4;5
17;2025-12-06;5;130
17;2025-12-06;6;538
17;2025-12-06;7;1140
17;2025-12-06;8;1652
17;2025-12-06;9;2101
17;2025-12-06;10;2321
17;2025-12-06;11;2768
17;2025-12-06;12;3090
17;2025-12-06;13;3243
17;2025-12-06;14;3277
17;2025-12-06;15;3315
17;2025-12-06;16;3288
17;2025-12-06;17;3119
17;2025-12-06;18;2878
17;2025-12-06;19;2346
17;2025-12-06;20;1817
17;2025-12-06;21;1326
17;2025-12-06;22;857
17;2025-12-06;23;431
17;2025-12-07;0;180
17;2025-12-07;1;24
17;2025-12-07;2;0
17;2025-12-07;3;0
17;2025-12-07;4;4
17;2025-12-07;5;111
17;2025-12-07;6;440
17;2025-12-07;7;818
17;2025-12-07;8;1255
17;2025-12-07;9;1711
17;2025-12-07;10;1979
17;2025-12-07;11;2493
17;2025-12-07;12;2910
17;2025-12-07;13;3161
17;2025-12-07;14;3249
17;2025-12-07;15;3301
17;2025-12-07;16;3249
17;2025-12-07;17;3109
17;2025-12-07;18;2739
17;2025-12-07;19;2220
17;2025-12-07;20;1706
17;2025-12-07;21;1230
17;2025-12-07;22;794
17;2025-12-07;23;339
17;2025-12-08;0;108
17;2025-12-08;1;13
17;2025-12-08;2;0
17;2025-12-08;3;0
17;2025-12-08;4;27
17;2025-12-08;5;319
17;2025-12-08;6;1533
17;2025-12-08;7;4109
17;2025-12-08;8;5409
17;2025-12-08;9;3768
17;2025-12-08;10;2897
17;2025-12-08;11;2845
17;2025-12-08;12;2900
17;2025-12-08;13;2943
17;2025-12-08;14;2967
17;2025-12-08;15;3200
17;2025-12-08;16;3608
17;2025-12-08;17;4429
17;2025-12-08;18;4973
17;2025-12-08;19;3507
17;2025-12-08;20;2342
17;2025-12-08;21;1401
17;2025-12-08;22;770
17;2025-12-08;23;331
17;2025-12-09;0;109
17;2025-12-09;1;10
17;2025-12-09;2;0
17;2025-12-09;3;0
17;2025-12-09;4;27
17;2025-12-09;5;317
17;2025-12-09;6;1582
17;2025-12-09;7;4225
17;2025-12-09;8;5549
17;2025-12-09;9;3908
17;2025-12-09;10;3021
17;2025-12-09;11;2920
17;2025-12-09;12;3009
17;2025-12-09;13;3027
17;2025-12-09;14;3172
17;2025-12-09;15;3258
17;2025-12-09;16;3627
17;2025-12-09;17;4576
17;2025-12-09;18;5036
17;2025-12-09;19;3583
17;2025-12-09;20;2442
17;2025-12-09;21;1479
17;2025-12-09;22;791
17;2025-12-09;23;361
17;2025-12-10;0;125
17;2025-12-10;1;9
17;2025-12-10;2;0
17;2025-12-10;3;0
17;2025-12-10;4;27
17;2025-12-10;5;329
17;2025-12-10;6;1550
17;2025-12-10;7;4093
17;2025-12-10;8;5352
17;2025-12-10;9;3796
17;2025-12-10;10;3009
17;2025-12-10;11;2967
17;2025-12-10;12;3014
17;2025-12-10;13;3063
17;2025-12-10;14;3132
17;2025-12-10;15;3306
17;2025-12-10;16;3668
17;2025-12-10;17;4506
17;2025-12-10;18;4955
17;2025-12-10;19;3518
17;2025-12-10;20;2411
17;2025-12-10;21;1510
17;2025-12-10;22;828
17;2025-12-10;23;391
17;2025-12-11;0;141
17;2025-12-11;1;10
17;2025-12-11;2;0
17;2025-12-11;3;0
17;2025-12-11;4;26
17;2025-12-11;5;325
17;2025-12-11;6;1564
17;2025-12-11;7;4097
17;2025-12-11;8;5392
17;2025-12-11;9;3815
17;2025-12-11;10;3025
17;2025-12-11;11;2956
17;2025-12-11;12;3069
17;2025-12-11;13;3112
17;2025-12-11;14;3148
17;2025-12-11;15;3292
17;2025-12-11;16;3729
17;2025-12-11;17;4539
17;2025-12-11;18;4999
17;2025-12-11;19;3518
17;2025-12-11;20;2440
17;2025-12-11;21;1530
17;2025-12-11;22;840
17;2025-12-11;23;400
17;2025-12-12;0;142
17;2025-12-12;1;15
17;2025-12-12;2;0
17;2025-12-12;3;0
17;2025-12-12;4;26
17;2025-12-12;5;312
17;2025-12-12;6;1506
17;2025-12-12;7;3999
17;2025-12-12;8;5148
17;2025-12-12;9;3631
17;2025-12-12;10;2910
17;2025-12-12;11;2945
17;2025-12-12;12;2982
17;2025-12-12;13;3068
17;2025-12-12;14;3143
17;2025-12-12;15;3487
17;2025-12-12;16;4104
17;2025-12-12;17;4544
17;2025-12-12;18;4330
17;2025-12-12;19;3213
17;2025-12-12;20;2318
17;2025-12-12;21;1544
17;2025-12-12;22;889
17;2025-12-12;23;452
17;2025-12-13;0;193
17;2025-12-13;1;25
17;2025-12-13;2;0
17;2025-12-13;3;0
17;2025-12-13;4;5
17;2025-12-13;5;130
17;2025-12-13;6;538
17;2025-12-13;7;1140
17;2025-12-13;8;1652
17;2025-12-13;9;2101
17;2025-12-13;10;2321
17;2025-12-13;11;2768
17;2025-12-13;12;3090
17;2025-12-13;13;3243
17;2025-12-13;14;3277
17;2025-12-13;15;3315
17;2025-12-13;16;3288
17;2025-12-13;17;3119
17;2025-12-13;18;2878
17;2025-12-13;19;2346
17;2025-12-13;20;1817
17;2025-12-13;21;1326
17;2025-12-13;22;857
17;2025-12-13;23;431
17;2025-12-14;0;180
17;2025-12-14;1;24
17;2025-12-14;2;0
17;2025-12-14;3;0
17;2025-12-14;4;4
17;2025-12-14;5;111
17;2025-12-14;6;440
17;2025-12-14;7;818
17;2025-12-14;8;1255
17;2025-12-14;9;1711
17;2025-12-14;10;1979
17;2025-12-14;11;2493
17;2025-12-14;12;2910
17;2025-12-14;13;3161
17;2025-12-14;14;3249
17;2025-12-14;15;3301
17;2025-12-14;16;3249
17;2025-12-14;17;3109
17;2025-12-14;18;2739
17;2025-12-14;19;2220
17;2025-12-14;20;1706
17;2025-12-14;21;1230
17;2025-12-14;22;794
17;2025-12-14;23;339
17;2025-12-15;0;108
17;2025-12-15;1;13
17;2025-12-15;2;0
17;2025-12-15;3;0
17;2025-12-15;4;27
17;2025-12-15;5;319
17;2025-12-15;6;1533
17;2025-12-15;7;4109
17;2025-12-15;8;5409
17;2025-12-15;9;3768
17;2025-12-15;10;2897
17;2025-12-15;11;2845
17;2025-12-15;12;2900
17;2025-12-15;13;2943
17;2025-12-15;14;2967
17;2025-12-15;15;3200
17;2025-12-15;16;3608
17;2025-12-15;17;4429
17;2025-12-15;18;4973
17;2025-12-15;19;3507
17;2025-12-15;20;2342
17;2025-12-15;21;1401
17;2025-12-15;22;770
17;2025-12-15;23;331
17;2025-12-16;0;109
17;2025-12-16;1;10
17;2025-12-16;2;0
17;2025-12-16;3;0
17;2025-12-16;4;27
17;2025-12-16;5;317
17;2025-12-16;6;1582
17;2025-12-16;7;4225
17;2025-12-16;8;5549
17;2025-12-16;9;3908
17;2025-12-16;10;3021
17;2025-12-16;11;2920
17;2025-12-16;12;3009
17;2025-12-16;13;3027
17;2025-12-16;14;3172
17;2025-12-16;15;3258
17;2025-12-16;16;3627
17;2025-12-16;17;4576
17;2025-12-16;18;5036
17;2025-12-16;19;3583
17;2025-12-16;20;2442
17;2025-12-16;21;1479
17;2025-12-16;22;791
17;2025-12-16;23;361
17;2025-12-17;0;125
17;2025-12-17;1;9
17;2025-12-17;2;0
17;2025-12-17;3;0
17;2025-12-17;4;27
17;2025-12-17;5;329
17;2025-12-17;6;1550
17;2025-12-17;7;4093
17;2025-12-17;8;5352
17;2025-12-17;9;3796
17;2025-12-17;10;3009
17;2025-12-17;11;2967
17;2025-12-17;12;3014
17;2025-12-17;13;3063
17;2025-12-17;14;3132
17;2025-12-17;15;3306
17;2025-12-17;16;3668
17;2025-12-17;17;4506
17;2025-12-17;18;4955
17;2025-12-17;19;3518
17;2025-12-17;20;2411
17;2025-12-17;21;1510
17;2025-12-17;22;828
17;2025-12-17;23;391
17;2025-12-18;0;141
17;2025-12-18;1;10
17;2025-12-18;2;0
17;2025-12-18;3;0
17;2025-12-18;4;26
17;2025-12-18;5;325
17;2025-12-18;6;1564
17;2025-12-18;7;4097
17;2025-12-18;8;5392
17;2025-12-18;9;3815
17;2025-12-18;10;3025
17;2025-12-18;11;2956
17;2025-12-18;12;3069
17;2025-12-18;13;3112
17;2025-12-18;14;3148
17;2025-12-18;15;3292
17;2025-12-18;16;3729
17;2025-12-18;17;4539
17;2025-12-18;18;4999
17;2025-12-18;19;3518
17;2025-12-18;20;2440
17;2025-12-18;21;1530
17;2025-12-18;22;840
17;2025-12-18;23;400
17;2025-12-19;0;142
17;2025-12-19;1;15
17;2025-12-19;2;0
17;2025-12-19;3;0
17;2025-12-19;4;26
17;2025-12-19;5;312
17;2025-12-19;6;1506
17;2025-12-19;7;3999
17;2025-12-19;8;5148
17;2025-12-19;9;3631
17;2025-12-19;10;2910
17;2025-12-19;11;2945
17;2025-12-19;12;2982
17;2025-12-19;13;3068
17;2025-12-19;14;3143
17;2025-12-19;15;3487
17;2025-12-19;16;4104
17;2025-12-19;17;4544
17;2025-12-19;18;4330
17;2025-12-19;19;3213
17;2025-12-19;20;2318
17;2025-12-19;21;1544
17;2025-12-19;22;889
17;2025-12-19;23;452
17;2025-12-20;0;193
17;2025-12-20;1;25
17;2025-12-20;2;0
17;2025-12-20;3;0
17;2025-12-20;4;5
17;2025-12-20;5;130
17;2025-12-20;6;538
17;2025-12-20;7;1140
17;2025-12-20;8;1652
17;2025-12-20;9;2101
17;2025-12-20;10;2321
17;2025-12-20;11;2768
17;2025-12-20;12;3090
17;2025-12-20;13;3243
17;2025-12-20;14;3277
17;2025-12-20;15;3315
17;2025-12-20;16;3288
17;2025-12-20;17;3119
17;2025-12-20;18;2878
17;2025-12-20;19;2346
17;2025-12-20;20;1817
17;2025-12-20;21;1326
17;2025-12-20;22;857
17;2025-12-20;23;431
17;2025-12-21;0;180
17;2025-12-21;1;24
17;2025-12-21;2;0
17;2025-12-21;3;0
17;2025-12-21;4;4
17;2025-12-21;5;111
17;2025-12-21;6;440
17;2025-12-21;7;818
17;2025-12-21;8;1255
17;2025-12-21;9;1711
17;2025-12-21;10;1979
17;2025-12-21;11;2493
17;2025-12-21;12;2910
17;2025-12-21;13;3161
17;2025-12-21;14;3249
17;2025-12-21;15;3301
17;2025-12-21;16;3249
17;2025-12-21;17;3109
17;2025-12-21;18;2739
17;2025-12-21;19;2220
17;2025-12-21;20;1706
17;2025-12-21;21;1230
17;2025-12-21;22;794
17;2025-12-21;23;339
17;2025-12-22;0;108
17;2025-12-22;1;13
17;2025-12-22;2;0
17;2025-12-22;3;0
17;2025-12-22;4;27
17;2025-12-22;5;319
17;2025-12-22;6;1533
17;2025-12-22;7;4109
17;2025-12-22;8;5409
17;2025-12-22;9;3768
17;2025-12-22;10;2897
17;2025-12-22;11;2845
17;2025-12-22;12;2900
17;2025-12-22;13;2943
17;2025-12-22;14;2967
17;2025-12-22;15;3200
17;2025-12-22;16;3608
17;2025-12-22;17;4429
17;2025-12-22;18;4973
17;2025-12-22;19;3507
17;2025-12-22;20;2342
17;2025-12-22;21;1401
17;2025-12-22;22;770
17;2025-12-22;23;331
17;2025-12-23;0;109
17;2025-12-23;1;10
17;2025-12-23;2;0
17;2025-12-23;3;0
17;2025-12-23;4;27
17;2025-12-23;5;317
17;2025-12-23;6;1582
17;2025-12-23;7;4225
17;2025-12-23;8;5549
17;2025-12-23;9;3908
17;2025-12-23;10;3021
17;2025-12-23;11;2920
17;2025-12-23;12;3009
17;2025-12-23;13;3027
17;2025-12-23;14;3172
17;2025-12-23;15;3258
17;2025-12-23;16;3627
17;2025-12-23;17;4576
17;2025-12-23;18;5036
17;2025-12-23;19;3583
17;2025-12-23;20;2442
17;2025-12-23;21;1479
17;2025-12-23;22;791
17;2025-12-23;23;361
17;2025-12-24;0;125
17;2025-12-24;1;9
17;2025-12-24;2;0
17;2025-12-24;3;0
17;2025-12-24;4;27
17;2025-12-24;5;329
17;2025-12-24;6;1550
17;2025-12-24;7;4093
17;2025-12-24;8;5352
17;2025-12-24;9;3796
17;2025-12-24;10;3009
17;2025-12-24;11;2967
17;2025-12-24;12;3014
17;2025-12-24;13;3063
17;2025-12-24;14;3132
17;2025-12-24;15;3306
17;2025-12-24;16;3668
17;2025-12-24;17;4506
17;2025-12-24;18;4955
17;2025-12-24;19;3518
17;2025-12-24;20;2411
17;2025-12-24;21;1510
17;2025-12-24;22;828
17;2025-12-24;23;391
17;2025-12-25;0;141
17;2025-12-25;1;10
17;2025-12-25;2;0
17;2025-12-25;3;0
17;2025-12-25;4;26
17;2025-12-25;5;325
17;2025-12-25;6;1564
17;2025-12-25;7;4097
17;2025-12-25;8;5392
17;2025-12-25;9;3815
17;2025-12-25;10;3025
17;2025-12-25;11;2956
17;2025-12-25;12;3069
17;2025-12-25;13;3112
17;2025-12-25;14;3148
17;2025-12-25;15;3292
17;2025-12-25;16;3729
17;2025-12-25;17;4539
17;2025-12-25;18;4999
17;2025-12-25;19;3518
17;2025-12-25;20;2440
17;2025-12-25;21;1530
17;2025-12-25;22;840
17;2025-12-25;23;400
17;2025-12-26;0;142
17;2025-12-26;1;15
17;2025-12-26;2;0
17;2025-12-26;3;0
17;2025-12-26;4;26
17;2025-12-26;5;312
17;2025-12-26;6;1506
17;2025-12-26;7;3999
17;2025-12-26;8;5148
17;2025-12-26;9;3631
17;2025-12-26;10;2910
17;2025-12-26;11;2945
17;2025-12-26;12;2982
17;2025-12-26;13;3068
17;2025-12-26;14;3143
17;2025-12-26;15;3487
17;2025-12-26;16;4104
17;2025-12-26;17;4544
17;2025-12-26;18;4330
17;2025-12-26;19;3213
17;2025-12-26;20;2318
17;2025-12-26;21;1544
17;2025-12-26;22;889
17;2025-12-26;23;452
17;2025-12-27;0;193
17;2025-12-27;1;25
17;2025-12-27;2;0
17;2025-12-27;3;0
17;2025-12-27;4;5
17;2025-12-27;5;130
17;2025-12-27;6;538
17;2025-12-27;7;1140
17;2025-12-27;8;1652
17;2025-12-27;9;2101
17;2025-12-27;10;2321
17;2025-12-27;11;2768
17;2025-12-27;12;3090
17;2025-12-27;13;3243
17;2025-12-27;14;3277
17;2025-12-27;15;3315
17;2025-12-27;16;3288
17;2025-12-27;17;3119
17;2025-12-27;18;2878
17;2025-12-27;19;2346
17;2025-12-27;20;1817
17;2025-12-27;21;1326
17;2025-12-27;22;857
17;2025-12-27;23;431
17;2025-12-28;0;180
17;2025-12-28;1;24
17;2025-12-28;2;0
17;2025-12-28;3;0
17;2025-12-28;4;4
17;2025-12-28;5;111
17;2025-12-28;6;440
17;2025-12-28;7;818
17;2025-12-28;8;1255
17;2025-12-28;9;1711
17;2025-12-28;10;1979
17;2025-12-28;11;2493
17;2025-12-28;12;2910
17;2025-12-28;13;3161
17;2025-12-28;14;3249
17;2025-12-28;15;3301
17;2025-12-28;16;3249
17;2025-12-28;17;3109
17;2025-12-28;18;2739
17;2025-12-28;19;2220
17;2025-12-28;20;1706
17;2025-12-28;21;1230
17;2025-12-28;22;794
17;2025-12-28;23;339
17;2025-12-29;0;108
17;2025-12-29;1;13
17;2025-12-29;2;0
17;2025-12-29;3;0
17;2025-12-29;4;27
17;2025-12-29;5;319
17;2025-12-29;6;1533
17;2025-12-29;7;4109
17;2025-12-29;8;5409
17;2025-12-29;9;3768
17;2025-12-29;10;2897
17;2025-12-29;11;2845
17;2025-12-29;12;2900
17;2025-12-29;13;2943
17;2025-12-29;14;2967
17;2025-12-29;15;3200
17;2025-12-29;16;3608
17;2025-12-29;17;4429
17;2025-12-29;18;4973
17;2025-12-29;19;3507
17;2025-12-29;20;2342
17;2025-12-29;21;1401
17;2025-12-29;22;770
17;2025-12-29;23;331
17;2025-12-30;0;109
17;2025-12-30;1;10
17;2025-12-30;2;0
17;2025-12-30;3;0
17;2025-12-30;4;27
17;2025-12-30;5;317
17;2025-12-30;6;1582
17;2025-12-30;7;4225
17;2025-12-30;8;5549
17;2025-12-30;9;3908
17;2025-12-30;10;3021
17;2025-12-30;11;2920
17;2025-12-30;12;3009
17;2025-12-30;13;3027
17;2025-12-30;14;3172
17;2025-12-30;15;3258
17;2025-12-30;16;3627
17;2025-12-30;17;4576
17;2025-12-30;18;5036
17;2025-12-30;19;3583
17;2025-12-30;20;2442
17;2025-12-30;21;1479
17;2025-12-30;22;791
17;2025-12-30;23;361
17;2025-12-31;0;176
17;2025-12-31;1;23
17;2025-12-31;2;0
17;2025-12-31;3;0
17;2025-12-31;4;4
17;2025-12-31;5;108
17;2025-12-31;6;431
17;2025-12-31;7;801
17;2025-12-31;8;1229
17;2025-12-31;9;1675
17;2025-12-31;10;1937
17;2025-12-31;11;2440
17;2025-12-31;12;2848
17;2025-12-31;13;3094
17;2025-12-31;14;3181
17;2025-12-31;15;3231
17;2025-12-31;16;3180
17;2025-12-31;17;3043
17;2025-12-31;18;2681
17;2025-12-31;19;2173
17;2025-12-31;20;1670
17;2025-12-31;21;1204
17;2025-12-31;22;777
17;2025-12-31;23;332
25;2025-11-01;0;0
25;2025-11-01;1;0
25;2025-11-01;2;0
25;2025-11-01;3;0
25;2025-11-01;4;0
25;2025-11-01;5;5
25;2025-11-01;6;186
25;2025-11-01;7;568
25;2025-11-01;8;899
25;2025-11-01;9;464
25;2025-11-01;10;377
25;2025-11-01;11;449
25;2025-11-01;12;444
25;2025-11-01;13;549
25;2025-11-01;14;520
25;2025-11-01;15;626
25;2025-11-01;16;789
25;2025-11-01;17;802
25;2025-11-01;18;702
25;2025-11-01;19;504
25;2025-11-01;20;326
25;2025-11-01;21;223
25;2025-11-01;22;139
25;2025-11-01;23;9
25;2025-11-02;0;14
25;2025-11-02;1;0
25;2025-11-02;2;0
25;2025-11-02;3;0
25;2025-11-02;4;0
25;2025-11-02;5;2
25;2025-11-02;6;53
25;2025-11-02;7;106
25;2025-11-02;8;197
25;2025-11-02;9;228
25;2025-11-02;10;233
25;2025-11-02;11;296
25;2025-11-02;12;360
25;2025-11-02;13;471
25;2025-11-02;14;510
25;2025-11-02;15;606
25;2025-11-02;16;532
25;2025-11-02;17;493
25;2025-11-02;18;453
25;2025-11-02;19;371
25;2025-11-02;20;258
25;2025-11-02;21;212
25;2025-11-02;22;126
25;2025-11-02;23;43
25;2025-11-03;0;14
25;2025-11-03;1;0
25;2025-11-03;2;0
25;2025-11-03;3;0
25;2025-11-03;4;0
25;2025-11-03;5;2
25;2025-11-03;6;51
25;2025-11-03;7;101
25;2025-11-03;8;189
25;2025-11-03;9;218
25;2025-11-03;10;223
25;2025-11-03;11;284
25;2025-11-03;12;345
25;2025-11-03;13;451
25;2025-11-03;14;489
25;2025-11-03;15;581
25;2025-11-03;16;510
25;2025-11-03;17;472
25;2025-11-03;18;434
25;2025-11-03;19;356
25;2025-11-03;20;247
25;2025-11-03;21;203
25;2025-11-03;22;121
25;2025-11-03;23;41
25;2025-11-04;0;14
25;2025-11-04;1;0
25;2025-11-04;2;0
25;2025-11-04;3;0
25;2025-11-04;4;0
25;2025-11-04;5;2
25;2025-11-04;6;52
25;2025-11-04;7;104
25;2025-11-04;8;195
25;2025-11-04;9;225
25;2025-11-04;10;230
25;2025-11-04;11;292
25;2025-11-04;12;356
25;2025-11-04;13;465
25;2025-11-04;14;503
25;2025-11-04;15;598
25;2025-11-04;16;526
25;2025-11-04;17;486
25;2025-11-04;18;448
25;2025-11-04;19;367
25;2025-11-04;20;254
25;2025-11-04;21;209
25;2025-11-04;22;124
25;2025-11-04;23;43
25;2025-11-05;0;0
25;2025-11-05;1;0
25;2025-11-05;2;0
25;2025-11-05;3;0
25;2025-11-05;4;0
25;2025-11-05;5;6
25;2025-11-05;6;175
25;2025-11-05;7;567
25;2025-11-05;8;951
25;2025-11-05;9;494
25;2025-11-05;10;379
25;2025-11-05;11;443
25;2025-11-05;12;440
25;2025-11-05;13;566
25;2025-11-05;14;474
25;2025-11-05;15;557
25;2025-11-05;16;687
25;2025-11-05;17;798
25;2025-11-05;18;860
25;2025-11-05;19;549
25;2025-11-05;20;358
25;2025-11-05;21;224
25;2025-11-05;22;120
25;2025-11-05;23;6
25;2025-11-06;0;0
25;2025-11-06;1;0
25;2025-11-06;2;0
25;2025-11-06;3;0
25;2025-11-06;4;0
25;2025-11-06;5;6
25;2025-11-06;6;180
25;2025-11-06;7;573
25;2025-11-06;8;993
25;2025-11-06;9;498
25;2025-11-06;10;393
25;2025-11-06;11;429
25;2025-11-06;12;429
25;2025-11-06;13;556
25;2025-11-06;14;518
25;2025-11-06;15;578
25;2025-11-06;16;713
25;2025-11-06;17;791
25;2025-11-06;18;825
25;2025-11-06;19;554
25;2025-11-06;20;326
25;2025-11-06;21;221
25;2025-11-06;22;130
25;2025-11-06;23;6
25;2025-11-07;0;0
25;2025-11-07;1;0
25;2025-11-07;2;0
25;2025-11-07;3;0
25;2025-11-07;4;0
25;2025-11-07;5;5
25;2025-11-07;6;185
25;2025-11-07;7;564
25;2025-11-07;8;892
25;2025-11-07;9;460
25;2025-11-07;10;374
25;2025-11-07;11;446
25;2025-11-07;12;441
25;2025-11-07;13;546
25;2025-11-07;14;516
25;2025-11-07;15;622
25;2025-11-07;16;783
25;2025-11-07;17;797
25;2025-11-07;18;697
25;2025-11-07;19;500
25;2025-11-07;20;324
25;2025-11-07;21;222
25;2025-11-07;22;138
25;2025-11-07;23;9
25;2025-11-08;0;0
25;2025-11-08;1;0
25;2025-11-08;2;0
25;2025-11-08;3;0
25;2025-11-08;4;0
25;2025-11-08;5;3
25;2025-11-08;6;63
25;2025-11-08;7;146
25;2025-11-08;8;331
25;2025-11-08;9;315
25;2025-11-08;10;310
25;2025-11-08;11;395
25;2025-11-08;12;410
25;2025-11-08;13;588
25;2025-11-08;14;595
25;2025-11-08;15;690
25;2025-11-08;16;600
25;2025-11-08;17;529
25;2025-11-08;18;505
25;2025-11-08;19;441
25;2025-11-08;20;282
25;2025-11-08;21;228
25;2025-11-08;22;144
25;2025-11-08;23;54
25;2025-11-09;0;14
25;2025-11-09;1;0
25;2025-11-09;2;0
25;2025-11-09;3;0
25;2025-11-09;4;0
25;2025-11-09;5;2
25;2025-11-09;6;53
25;2025-11-09;7;106
25;2025-11-09;8;197
25;2025-11-09;9;228
25;2025-11-09;10;233
25;2025-11-09;11;296
25;2025-11-09;12;360
25;2025-11-09;13;471
25;2025-11-09;14;510
25;2025-11-09;15;606
25;2025-11-09;16;532
25;2025-11-09;17;493
25;2025-11-09;18;453
25;2025-11-09;19;371
25;2025-11-09;20;258
25;2025-11-09;21;212
25;2025-11-09;22;126
25;2025-11-09;23;43
25;2025-11-10;0;9
25;2025-11-10;1;0
25;2025-11-10;2;0
25;2025-11-10;3;0
25;2025-11-10;4;0
25;2025-11-10;5;4
25;2025-11-10;6;182
25;2025-11-10;7;563
25;2025-11-10;8;1001
25;2025-11-10;9;513
25;2025-11-10;10;352
25;2025-11-10;11;403
25;2025-11-10;12;400
25;2025-11-10;13;548
25;2025-11-10;14;443
25;2025-11-10;15;530
25;2025-11-10;16;710
25;2025-11-10;17;754
25;2025-11-10;18;874
25;2025-11-10;19;545
25;2025-11-10;20;321
25;2025-11-10;21;217
25;2025-11-10;22;108
25;2025-11-10;23;8
25;2025-11-11;0;0
25;2025-11-11;1;0
25;2025-11-11;2;0
25;2025-11-11;3;0
25;2025-11-11;4;0
25;2025-11-11;5;5
25;2025-11-11;6;182
25;2025-11-11;7;599
25;2025-11-11;8;988
25;2025-11-11;9;527
25;2025-11-11;10;398
25;2025-11-11;11;470
25;2025-11-11;12;422
25;2025-11-11;13;514
25;2025-11-11;14;475
25;2025-11-11;15;572
25;2025-11-11;16;724
25;2025-11-11;17;769
25;2025-11-11;18;818
25;2025-11-11;19;567
25;2025-11-11;20;351
25;2025-11-11;21;222
25;2025-11-11;22;121
25;2025-11-11;23;7
25;2025-11-12;0;0
25;2025-11-12;1;0
25;2025-11-12;2;0
25;2025-11-12;3;0
25;2025-11-12;4;0
25;2025-11-12;5;6
25;2025-11-12;6;175
25;2025-11-12;7;567
25;2025-11-12;8;951
25;2025-11-12;9;494
25;2025-11-12;10;379
25;2025-11-12;11;443
25;2025-11-12;12;440
25;2025-11-12;13;566
25;2025-11-12;14;474
25;2025-11-12;15;557
25;2025-11-12;16;687
25;2025-11-12;17;798
25;2025-11-12;18;860
25;2025-11-12;19;549
25;2025-11-12;20;358
25;2025-11-12;21;224
25;2025-11-12;22;120
25;2025-11-12;23;6
25;2025-11-13;0;0
25;2025-11-13;1;0
25;2025-11-13;2;0
25;2025-11-13;3;0
25;2025-11-13;4;0
25;2025-11-13;5;6
25;2025-11-13;6;180
25;2025-11-13;7;573
25;2025-11-13;8;993
25;2025-11-13;9;498
25;2025-11-13;10;393
25;2025-11-13;11;429
25;2025-11-13;12;429
25;2025-11-13;13;556
25;2025-11-13;14;518
25;2025-11-13;15;578
25;2025-11-13;16;713
25;2025-11-13;17;791
25;2025-11-13;18;825
25;2025-11-13;19;554
25;2025-11-13;20;326
25;2025-11-13;21;221
25;2025-11-13;22;130
25;2025-11-13;23;6
25;2025-11-14;0;0
25;2025-11-14;1;0
25;2025-11-14;2;0
25;2025-11-14;3;0
25;2025-11-14;4;0
25;2025-11-14;5;5
25;2025-11-14;6;185
25;2025-11-14;7;564
25;2025-11-14;8;892
25;2025-11-14;9;460
25;2025-11-14;10;374
25;2025-11-14;11;446
25;2025-11-14;12;441
25;2025-11-14;13;546
25;2025-11-14;14;516
25;2025-11-14;15;622
25;2025-11-14;16;783
25;2025-11-14;17;797
25;2025-11-14;18;697
25;2025-11-14;19;500
25;2025-11-14;20;324
25;2025-11-14;21;222
25;2025-11-14;22;138
25;2025-11-14;23;9
25;2025-11-15;0;0
25;2025-11-15;1;0
25;2025-11-15;2;0
25;2025-11-15;3;0
25;2025-11-15;4;0
25;2025-11-15;5;3
25;2025-11-15;6;63
25;2025-11-15;7;146
25;2025-11-15;8;331
25;2025-11-15;9;315
25;2025-11-15;10;310
25;2025-11-15;11;395
25;2025-11-15;12;410
25;2025-11-15;13;588
25;2025-11-15;14;595
25;2025-11-15;15;690
25;2025-11-15;16;600
25;2025-11-15;17;529
25;2025-11-15;18;505
25;2025-11-15;19;441
25;2025-11-15;20;282
25;2025-11-15;21;228
25;2025-11-15;22;144
25;2025-11-15;23;54
25;2025-11-16;0;14
25;2025-11-16;1;0
25;2025-11-16;2;0
25;2025-11-16;3;0
25;2025-11-16;4;0
25;2025-11-16;5;2
25;2025-11-16;6;53
25;2025-11-16;7;106
25;2025-11-16;8;197
25;2025-11-16;9;228
25;2025-11-16;10;233
25;2025-11-16;11;296
25;2025-11-16;12;360
25;2025-11-16;13;471
25;2025-11-16;14;510
25;2025-11-16;15;606
25;2025-11-16;16;532
25;2025-11-16;17;493
25;2025-11-16;18;453
25;2025-11-16;19;371
25;2025-11-16;20;258
25;2025-11-16;21;212
25;2025-11-16;22;126
25;2025-11-16;23;43
25;2025-11-17;0;9
25;2025-11-17;1;0
25;2025-11-17;2;0
25;2025-11-17;3;0
25;2025-11-17;4;0
25;2025-11-17;5;4
25;2025-11-17;6;182
25;2025-11-17;7;563
25;2025-11-17;8;1001
25;2025-11-17;9;513
25;2025-11-17;10;352
25;2025-11-17;11;403
25;2025-11-17;12;400
25;2025-11-17;13;548
25;2025-11-17;14;443
25;2025-11-17;15;530
25;2025-11-17;16;710
25;2025-11-17;17;754
25;2025-11-17;18;874
25;2025-11-17;19;545
25;2025-11-17;20;321
25;2025-11-17;21;217
25;2025-11-17;22;108
25;2025-11-17;23;8
25;2025-11-18;0;0
25;2025-11-18;1;0
25;2025-11-18;2;0
25;2025-11-18;3;0
25;2025-11-18;4;0
25;2025-11-18;5;5
25;2025-11-18;6;182
25;2025-11-18;7;599
25;2025-11-18;8;988
25;2025-11-18;9;527
25;2025-11-18;10;398
25;2025-11-18;11;470
25;2025-11-18;12;422
25;2025-11-18;13;514
25;2025-11-18;14;475
25;2025-11-18;15;572
25;2025-11-18;16;724
25;2025-11-18;17;769
25;2025-11-18;18;818
25;2025-11-18;19;567
25;2025-11-18;20;351
25;2025-11-18;21;222
25;2025-11-18;22;121
25;2025-11-18;23;7
25;2025-11-19;0;0
25;2025-11-19;1;0
25;2025-11-19;2;0
25;2025-11-19;3;0
25;2025-11-19;4;0
25;2025-11-19;5;6
25;2025-11-19;6;175
25;2025-11-19;7;567
25;2025-11-19;8;951
25;2025-11-19;9;494
25;2025-11-19;10;379
25;2025-11-19;11;443
25;2025-11-19;12;440
25;2025-11-19;13;566
25;2025-11-19;14;474
25;2025-11-19;15;557
25;2025-11-19;16;687
25;2025-11-19;17;798
25;2025-11-19;18;860
25;2025-11-19;19;549
25;2025-11-19;20;358
25;2025-11-19;21;224
25;2025-11-19;22;120
25;2025-11-19;23;6
25;2025-11-20;0;0
25;2025-11-20;1;0
25;2025-11-20;2;0
25;2025-11-20;3;0
25;2025-11-20;4;0
25;2025-11-20;5;6
25;2025-11-20;6;180
25;2025-11-20;7;573
25;2025-11-20;8;993
25;2025-11-20;9;498
25;2025-11-20;10;393
25;2025-11-20;11;429
25;2025-11-20;12;429
25;2025-11-20;13;556
25;2025-11-20;14;518
25;2025-11-20;15;578
25;2025-11-20;16;713
25;2025-11-20;17;791
25;2025-11-20;18;825
25;2025-11-20;19;554
25;2025-11-20;20;326
25;2025-11-20;21;221
25;2025-11-20;22;130
25;2025-11-20;23;6
25;2025-11-21;0;0
25;2025-11-21;1;0
25;2025-11-21;2;0
25;2025-11-21;3;0
25;2025-11-21;4;0
25;2025-11-21;5;5
25;2025-11-21;6;185
25;2025-11-21;7;564
25;2025-11-21;8;892
25;2025-11-21;9;460
25;2025-11-21;10;374
25;2025-11-21;11;446
25;2025-11-21;12;441
25;2025-11-21;13;546
25;2025-11-21;14;516
25;2025-11-21;15;622
25;2025-11-21;16;783
25;2025-11-21;17;797
25;2025-11-21;18;697
25;2025-11-21;19;500
25;2025-11-21;20;324
25;2025-11-21;21;222
25;2025-11-21;22;138
25;2025-11-21;23;9
25;2025-11-22;0;0
25;2025-11-22;1;0
25;2025-11-22;2;0
25;2025-11-22;3;0
25;2025-11-22;4;0
25;2025-11-22;5;3
25;2025-11-22;6;63
25;2025-11-22;7;146
25;2025-11-22;8;331
25;2025-11-22;9;315
25;2025-11-22;10;310
25;2025-11-22;11;395
25;2025-11-22;12;410
25;2025-11-22;13;588
25;2025-11-22;14;595
25;2025-11-22;15;690
25;2025-11-22;16;600
25;2025-11-22;17;529
25;2025-11-22;18;505
25;2025-11-22;19;441
25;2025-11-22;20;282
25;2025-11-22;21;228
25;2025-11-22;22;144
25;2025-11-22;23;54
25;2025-11-23;0;14
25;2025-11-23;1;0
25;2025-11-23;2;0
25;2025-11-23;3;0
25;2025-11-23;4;0
25;2025-11-23;5;2
25;2025-11-23;6;53
25;2025-11-23;7;106
25;2025-11-23;8;197
25;2025-11-23;9;228
25;2025-11-23;10;233
25;2025-11-23;11;296
25;2025-11-23;12;360
25;2025-11-23;13;471
25;2025-11-23;14;510
25;2025-11-23;15;606
25;2025-11-23;16;532
25;2025-11-23;17;493
25;2025-11-23;18;453
25;2025-11-23;19;371
25;2025-11-23;20;258
25;2025-11-23;21;212
25;2025-11-23;22;126
25;2025-11-23;23;43
25;2025-11-24;0;9
25;2025-11-24;1;0
25;2025-11-24;2;0
25;2025-11-24;3;0
25;2025-11-24;4;0
25;2025-11-24;5;4
25;2025-11-24;6;182
25;2025-11-24;7;563
25;2025-11-24;8;1001
25;2025-11-24;9;513
25;2025-11-24;10;352
25;2025-11-24;11;403
25;2025-11-24;12;400
25;2025-11-24;13;548
25;2025-11-24;14;443
25;2025-11-24;15;530
25;2025-11-24;16;710
25;2025-11-24;17;754
25;2025-11-24;18;874
25;2025-11-24;19;545
25;2025-11-24;20;321
25;2025-11-24;21;217
25;2025-11-24;22;108
25;2025-11-24;23;8
25;2025-11-25;0;0
25;2025-11-25;1;0
25;2025-11-25;2;0
25;2025-11-25;3;0
25;2025-11-25;4;0
25;2025-11-25;5;5
25;2025-11-25;6;182
25;2025-11-25;7;599
25;2025-11-25;8;988
25;2025-11-25;9;527
25;2025-11-25;10;398
25;2025-11-25;11;470
25;2025-11-25;12;422
25;2025-11-25;13;514
25;2025-11-25;14;475
25;2025-11-25;15;572
25;2025-11-25;16;724
25;2025-11-25;17;769
25;2025-11-25;18;818
25;2025-11-25;19;567
25;2025-11-25;20;351
25;2025-11-25;21;222
25;2025-11-25;22;121
25;2025-11-25;23;7
25;2025-11-26;0;0
25;2025-11-26;1;0
25;2025-11-26;2;0
25;2025-11-26;3;0
25;2025-11-26;4;0
25;2025-11-26;5;6
25;2025-11-26;6;175
25;2025-11-26;7;567
25;2025-11-26;8;951
25;2025-11-26;9;494
25;2025-11-26;10;379
25;2025-11-26;11;443
25;2025-11-26;12;440
25;2025-11-26;13;566
25;2025-11-26;14;474
25;2025-11-26;15;557
25;2025-11-26;16;687
25;2025-11-26;17;798
25;2025-11-26;18;860
25;2025-11-26;19;549
25;2025-11-26;20;358
25;2025-11-26;21;224
25;2025-11-26;22;120
25;2025-11-26;23;6
25;2025-11-27;0;0
25;2025-11-27;1;0
25;2025-11-27;2;0
25;2025-11-27;3;0
25;2025-11-27;4;0
25;2025-11-27;5;6
25;2025-11-27;6;180
25;2025-11-27;7;573
25;2025-11-27;8;993
25;2025-11-27;9;498
25;2025-11-27;10;393
25;2025-11-27;11;429
25;2025-11-27;12;429
25;2025-11-27;13;556
25;2025-11-27;14;518
25;2025-11-27;15;578
25;2025-11-27;16;713
25;2025-11-27;17;791
25;2025-11-27;18;825
25;2025-11-27;19;554
25;2025-11-27;20;326
25;2025-11-27;21;221
25;2025-11-27;22;130
25;2025-11-27;23;6
25;2025-11-28;0;0
25;2025-11-28;1;0
25;2025-11-28;2;0
25;2025-11-28;3;0
25;2025-11-28;4;0
25;2025-11-28;5;5
25;2025-11-28;6;185
25;2025-11-28;7;564
25;2025-11-28;8;892
25;2025-11-28;9;460
25;2025-11-28;10;374
25;2025-11-28;11;446
25;2025-11-28;12;441
25;2025-11-28;13;546
25;2025-11-28;14;516
25;2025-11-28;15;622
25;2025-11-28;16;783
25;2025-11-28;17;797
25;2025-11-28;18;697
25;2025-11-28;19;500
25;2025-11-28;20;324
25;2025-11-28;21;222
25;2025-11-28;22;138
25;2025-11-28;23;9
25;2025-11-29;0;0
25;2025-11-29;1;0
25;2025-11-29;2;0
25;2025-11-29;3;0
25;2025-11-29;4;0
25;2025-11-29;5;3
25;2025-11-29;6;63
25;2025-11-29;7;146
25;2025-11-29;8;331
25;2025-11-29;9;315
25;2025-11-29;10;310
25;2025-11-29;11;395
25;2025-11-29;12;410
25;2025-11-29;13;588
25;2025-11-29;14;595
25;2025-11-29;15;690
25;2025-11-29;16;600
25;2025-11-29;17;529
25;2025-11-29;18;505
25;2025-11-29;19;441
25;2025-11-29;20;282
25;2025-11-29;21;228
25;2025-11-29;22;144
25;2025-11-29;23;54
25;2025-11-30;0;14
25;2025-11-30;1;0
25;2025-11-30;2;0
25;2025-11-30;3;0
25;2025-11-30;4;0
25;2025-11-30;5;2
25;2025-11-30;6;53
25;2025-11-30;7;106
25;2025-11-30;8;197
25;2025-11-30;9;228
25;2025-11-30;10;233
25;2025-11-30;11;296
25;2025-11-30;12;360
25;2025-11-30;13;471
25;2025-11-30;14;510
25;2025-11-30;15;606
25;2025-11-30;16;532
25;2025-11-30;17;493
25;2025-11-30;18;453
25;2025-11-30;19;371
25;2025-11-30;20;258
25;2025-11-30;21;212
25;2025-11-30;22;126
25;2025-11-30;23;43
25;2025-12-01;0;9
25;2025-12-01;1;0
25;2025-12-01;2;0
25;2025-12-01;3;0
25;2025-12-01;4;0
25;2025-12-01;5;4
25;2025-12-01;6;182
25;2025-12-01;7;563
25;2025-12-01;8;1001
25;2025-12-01;9;513
25;2025-12-01;10;352
25;2025-12-01;11;403
25;2025-12-01;12;400
25;2025-12-01;13;548
25;2025-12-01;14;443
25;2025-12-01;15;530
25;2025-12-01;16;710
25;2025-12-01;17;754
25;2025-12-01;18;874
25;2025-12-01;19;545
25;2025-12-01;20;321
25;2025-12-01;21;217
25;2025-12-01;22;108
25;2025-12-01;23;8
25;2025-12-02;0;0
25;2025-12-02;1;0
25;2025-12-02;2;0
25;2025-12-02;3;0
25;2025-12-02;4;0
25;2025-12-02;5;5
25;2025-12-02;6;182
25;2025-12-02;7;599
25;2025-12-02;8;988
25;2025-12-02;9;527
25;2025-12-02;10;398
25;2025-12-02;11;470
25;2025-12-02;12;422
25;2025-12-02;13;514
25;2025-12-02;14;475
25;2025-12-02;15;572
25;2025-12-02;16;724
25;2025-12-02;17;769
25;2025-12-02;18;818
25;2025-12-02;19;567
25;2025-12-02;20;351
25;2025-12-02;21;222
25;2025-12-02;22;121
25;2025-12-02;23;7
25;2025-12-03;0;0
25;2025-12-03;1;0
25;2025-12-03;2;0
25;2025-12-03;3;0
25;2025-12-03;4;0
25;2025-12-03;5;6
25;2025-12-03;6;175
25;2025-12-03;7;567
25;2025-12-03;8;951
25;2025-12-03;9;494
25;2025-12-03;10;379
25;2025-12-03;11;443
25;2025-12-03;12;440
25;2025-12-03;13;566
25;2025-12-03;14;474
25;2025-12-03;15;557
25;2025-12-03;16;687
25;2025-12-03;17;798
25;2025-12-03;18;860
25;2025-12-03;19;549
25;2025-12-03;20;358
25;2025-12-03;21;224
25;2025-12-03;22;120
25;2025-12-03;23;6
25;2025-12-04;0;0
25;2025-12-04;1;0
25;2025-12-04;2;0
25;2025-12-04;3;0
25;2025-12-04;4;0
25;2025-12-04;5;6
25;2025-12-04;6;180
25;2025-12-04;7;573
25;2025-12-04;8;993
25;2025-12-04;9;498
25;2025-12-04;10;393
25;2025-12-04;11;429
25;2025-12-04;12;429
25;2025-12-04;13;556
25;2025-12-04;14;518
25;2025-12-04;15;578
25;2025-12-04;16;713
25;2025-12-04;17;791
25;2025-12-04;18;825
25;2025-12-04;19;554
25;2025-12-04;20;326
25;2025-12-04;21;221
25;2025-12-04;22;130
25;2025-12-04;23;6
25;2025-12-05;0;0
25;2025-12-05;1;0
25;2025-12-05;2;0
25;2025-12-05;3;0
25;2025-12-05;4;0
25;2025-12-05;5;5
25;2025-12-05;6;185
25;2025-12-05;7;564
25;2025-12-05;8;892
25;2025-12-05;9;460
25;2025-12-05;10;374
25;2025-12-05;11;446
25;2025-12-05;12;441
25;2025-12-05;13;546
25;2025-12-05;14;516
25;2025-12-05;15;622
25;2025-12-05;16;783
25;2025-12-05;17;797
25;2025-12-05;18;697
25;2025-12-05;19;500
25;2025-12-05;20;324
25;2025-12-05;21;222
25;2025-12-05;22;138
25;2025-12-05;23;9
25;2025-12-06;0;0
25;2025-12-06;1;0
25;2025-12-06;2;0
25;2025-12-06;3;0
25;2025-12-06;4;0
25;2025-12-06;5;3
25;2025-12-06;6;63
25;2025-12-06;7;146
25;2025-12-06;8;331
25;2025-12-06;9;315
25;2025-12-06;10;310
25;2025-12-06;11;395
25;2025-12-06;12;410
25;2025-12-06;13;588
25;2025-12-06;14;595
25;2025-12-06;15;690
25;2025-12-06;16;600
25;2025-12-06;17;529
25;2025-12-06;18;505
25;2025-12-06;19;441
25;2025-12-06;20;282
25;2025-12-06;21;228
25;2025-12-06;22;144
25;2025-12-06;23;54
25;2025-12-07;0;14
25;2025-12-07;1;0
25;2025-12-07;2;0
25;2025-12-07;3;0
25;2025-12-07;4;0
25;2025-12-07;5;2
25;2025-12-07;6;53
25;2025-12-07;7;106
25;2025-12-07;8;197
25;2025-12-07;9;228
25;2025-12-07;10;233
25;2025-12-07;11;296
25;2025-12-07;12;360
25;2025-12-07;13;471
25;2025-12-07;14;510
25;2025-12-07;15;606
25;2025-12-07;16;532
25;2025-12-07;17;493
25;2025-12-07;18;453
25;2025-12-07;19;371
25;2025-12-07;20;258
25;2025-12-07;21;212
25;2025-12-07;22;126
25;2025-12-07;23;43
25;2025-12-08;0;9
25;2025-12-08;1;0
25;2025-12-08;2;0
25;2025-12-08;3;0
25;2025-12-08;4;0
25;2025-12-08;5;4
25;2025-12-08;6;182
25;2025-12-08;7;563
25;2025-12-08;8;1001
25;2025-12-08;9;513
25;2025-12-08;10;352
25;2025-12-08;11;403
25;2025-12-08;12;400
25;2025-12-08;13;548
25;2025-12-08;14;443
25;2025-12-08;15;530
25;2025-12-08;16;710
25;2025-12-08;17;754
25;2025-12-08;18;874
25;2025-12-08;19;545
25;2025-12-08;20;321
25;2025-12-08;21;217
25;2025-12-08;22;108
25;2025-12-08;23;8
25;2025-12-09;0;0
25;2025-12-09;1;0
25;2025-12-09;2;0
25;2025-12-09;3;0
25;2025-12-09;4;0
25;2025-12-09;5;5
25;2025-12-09;6;182
25;2025-12-09;7;599
25;2025-12-09;8;988
25;2025-12-09;9;527
25;2025-12-09;10;398
25;2025-12-09;11;470
25;2025-12-09;12;422
25;2025-12-09;13;514
25;2025-12-09;14;475
25;2025-12-09;15;572
25;2025-12-09;16;724
25;2025-12-09;17;769
25;2025-12-09;18;818
25;2025-12-09;19;567
25;2025-12-09;20;351
25;2025-12-09;21;222
25;2025-12-09;22;121
25;2025-12-09;23;7
25;2025-12-10;0;0
25;2025-12-10;1;0
25;2025-12-10;2;0
25;2025-12-10;3;0
25;2025-12-10;4;0
25;2025-12-10;5;6
25;2025-12-10;6;175
25;2025-12-10;7;567
25;2025-12-10;8;951
25;2025-12-10;9;494
25;2025-12-10;10;379
25;2025-12-10;11;443
25;2025-12-10;12;440
25;2025-12-10;13;566
25;2025-12-10;14;474
25;2025-12-10;15;557
25;2025-12-10;16;687
25;2025-12-10;17;798
25;2025-12-10;18;860
25;2025-12-10;19;549
25;2025-12-10;20;358
25;2025-12-10;21;224
25;2025-12-10;22;120
25;2025-12-10;23;6
25;2025-12-11;0;0
25;2025-12-11;1;0
25;2025-12-11;2;0
25;2025-12-11;3;0
25;2025-12-11;4;0
25;2025-12-11;5;6
25;2025-12-11;6;180
25;2025-12-11;7;573
25;2025-12-11;8;993
25;2025-12-11;9;498
25;2025-12-11;10;393
25;2025-12-11;11;429
25;2025-12-11;12;429
25;2025-12-11;13;556
25;2025-12-11;14;518
25;2025-12-11;15;578
25;2025-12-11;16;713
25;2025-12-11;17;791
25;2025-12-11;18;825
25;2025-12-11;19;554
25;2025-12-11;20;326
25;2025-12-11;21;221
25;2025-12-11;22;130
25;2025-12-11;23;6
25;2025-12-12;0;0
25;2025-12-12;1;0
25;2025-12-12;2;0
25;2025-12-12;3;0
25;2025-12-12;4;0
25;2025-12-12;5;5
25;2025-12-12;6;185
25;2025-12-12;7;564
25;2025-12-12;8;892
25;2025-12-12;9;460
25;2025-12-12;10;374
25;2025-12-12;11;446
25;2025-12-12;12;441
25;2025-12-12;13;546
25;2025-12-12;14;516
25;2025-12-12;15;622
25;2025-12-12;16;783
25;2025-12-12;17;797
25;2025-12-12;18;697
25;2025-12-12;19;500
25;2025-12-12;20;324
25;2025-12-12;21;222
25;2025-12-12;22;138
25;2025-12-12;23;9
25;2025-12-13;0;0
25;2025-12-13;1;0
25;2025-12-13;2;0
25;2025-12-13;3;0
25;2025-12-13;4;0
25;2025-12-13;5;3
25;2025-12-13;6;63
25;2025-12-13;7;146
25;2025-12-13;8;331
25;2025-12-13;9;315
25;2025-12-13;10;310
25;2025-12-13;11;395
25;2025-12-13;12;410
25;2025-12-13;13;588
25;2025-12-13;14;595
25;2025-12-13;15;690
25;2025-12-13;16;600
25;2025-12-13;17;529
25;2025-12-13;18;505
25;2025-12-13;19;441
25;2025-12-13;20;282
25;2025-12-13;21;228
25;2025-12-13;22;144
25;2025-12-13;23;54
25;2025-12-14;0;14
25;2025-12-14;1;0
25;2025-12-14;2;0
25;2025-12-14;3;0
25;2025-12-14;4;0
25;2025-12-14;5;2
25;2025-12-14;6;53
25;2025-12-14;7;106
25;2025-12-14;8;197
25;2025-12-14;9;228
25;2025-12-14;10;233
25;2025-12-14;11;296
25;2025-12-14;12;360
25;2025-12-14;13;471
25;2025-12-14;14;510
25;2025-12-14;15;606
25;2025-12-14;16;532
25;2025-12-14;17;493
25;2025-12-14;18;453
25;2025-12-14;19;371
25;2025-12-14;20;258
25;2025-12-14;21;212
25;2025-12-14;22;126
25;2025-12-14;23;43
25;2025-12-15;0;9
25;2025-12-15;1;0
25;2025-12-15;2;0
25;2025-12-15;3;0
25;2025-12-15;4;0
25;2025-12-15;5;4
25;2025-12-15;6;182
25;2025-12-15;7;563
25;2025-12-15;8;1001
25;2025-12-15;9;513
25;2025-12-15;10;352
25;2025-12-15;11;403
25;2025-12-15;12;400
25;2025-12-15;13;548
25;2025-12-15;14;443
25;2025-12-15;15;530
25;2025-12-15;16;710
25;2025-12-15;17;754
25;2025-12-15;18;874
25;2025-12-15;19;545
25;2025-12-15;20;321
25;2025-12-15;21;217
25;2025-12-15;22;108
25;2025-12-15;23;8
25;2025-12-16;0;0
25;2025-12-16;1;0
25;2025-12-16;2;0
25;2025-12-16;3;0
25;2025-12-16;4;0
25;2025-12-16;5;5
25;2025-12-16;6;182
25;2025-12-16;7;599
25;2025-12-16;8;988
25;2025-12-16;9;527
25;2025-12-16;10;398
25;2025-12-16;11;470
25;2025-12-16;12;422
25;2025-12-16;13;514
25;2025-12-16;14;475
25;2025-12-16;15;572
25;2025-12-16;16;724
25;2025-12-16;17;769
25;2025-12-16;18;818
25;2025-12-16;19;567
25;2025-12-16;20;351
25;2025-12-16;21;222
25;2025-12-16;22;121
25;2025-12-16;23;7
25;2025-12-17;0;0
25;2025-12-17;1;0
25;2025-12-17;2;0
25;2025-12-17;3;0
25;2025-12-17;4;0
25;2025-12-17;5;6
25;2025-12-17;6;175
25;2025-12-17;7;567
25;2025-12-17;8;951
25;2025-12-17;9;494
25;2025-12-17;10;379
25;2025-12-17;11;443
25;2025-12-17;12;440
25;2025-12-17;13;566
25;2025-12-17;14;474
25;2025-12-17;15;557
25;2025-12-17;16;687
25;2025-12-17;17;798
25;2025-12-17;18;860
25;2025-12-17;19;549
25;2025-12-17;20;358
25;2025-12-17;21;224
25;2025-12-17;22;120
25;2025-12-17;23;6
25;2025-12-18;0;0
25;2025-12-18;1;0
25;2025-12-18;2;0
25;2025-12-18;3;0
25;2025-12-18;4;0
25;2025-12-18;5;6
25;2025-12-18;6;180
25;2025-12-18;7;573
25;2025-12-18;8;993
25;2025-12-18;9;498
25;2025-12-18;10;393
25;2025-12-18;11;429
25;2025-12-18;12;429
25;2025-12-18;13;556
25;2025-12-18;14;518
25;2025-12-18;15;578
25;2025-12-18;16;713
25;2025-12-18;17;791
25;2025-12-18;18;825
25;2025-12-18;19;554
25;2025-12-18;20;326
25;2025-12-18;21;221
25;2025-12-18;22;130
25;2025-12-18;23;6
25;2025-12-19;0;0
25;2025-12-19;1;0
25;2025-12-19;2;0
25;2025-12-19;3;0
25;2025-12-19;4;0
25;2025-12-19;5;5
25;2025-12-19;6;185
25;2025-12-19;7;564
25;2025-12-19;8;892
25;2025-12-19;9;460
25;2025-12-19;10;374
25;2025-12-19;11;446
25;2025-12-19;12;441
25;2025-12-19;13;546
25;2025-12-19;14;516
25;2025-12-19;15;622
25;2025-12-19;16;783
25;2025-12-19;17;797
25;2025-12-19;18;697
25;2025-12-19;19;500
25;2025-12-19;20;324
25;2025-12-19;21;222
25;2025-12-19;22;138
25;2025-12-19;23;9
25;2025-12-20;0;0
25;2025-12-20;1;0
25;2025-12-20;2;0
25;2025-12-20;3;0
25;2025-12-20;4;0
25;2025-12-20;5;3
25;2025-12-20;6;63
25;2025-12-20;7;146
25;2025-12-20;8;331
25;2025-12-20;9;315
25;2025-12-20;10;310
25;2025-12-20;11;395
25;2025-12-20;12;410
25;2025-12-20;13;588
25;2025-12-20;14;595
25;2025-12-20;15;690
25;2025-12-20;16;600
25;2025-12-20;17;529
25;2025-12-20;18;505
25;2025-12-20;19;441
25;2025-12-20;20;282
25;2025-12-20;21;228
25;2025-12-20;22;144
25;2025-12-20;23;54
25;2025-12-21;0;14
25;2025-12-21;1;0
25;2025-12-21;2;0
25;2025-12-21;3;0
25;2025-12-21;4;0
25;2025-12-21;5;2
25;2025-12-21;6;53
25;2025-12-21;7;106
25;2025-12-21;8;197
25;2025-12-21;9;228
25;2025-12-21;10;233
25;2025-12-21;11;296
25;2025-12-21;12;360
25;2025-12-21;13;471
25;2025-12-21;14;510
25;2025-12-21;15;606
25;2025-12-21;16;532
25;2025-12-21;17;493
25;2025-12-21;18;453
25;2025-12-21;19;371
25;2025-12-21;20;258
25;2025-12-21;21;212
25;2025-12-21;22;126
25;2025-12-21;23;43
25;2025-12-22;0;9
25;2025-12-22;1;0
25;2025-12-22;2;0
25;2025-12-22;3;0
25;2025-12-22;4;0
25;2025-12-22;5;4
25;2025-12-22;6;182
25;2025-12-22;7;563
25;2025-12-22;8;1001
25;2025-12-22;9;513
25;2025-12-22;10;352
25;2025-12-22;11;403
25;2025-12-22;12;400
25;2025-12-22;13;548
25;2025-12-22;14;443
25;2025-12-22;15;530
25;2025-12-22;16;710
25;2025-12-22;17;754
25;2025-12-22;18;874
25;2025-12-22;19;545
25;2025-12-22;20;321
25;2025-12-22;21;217
25;2025-12-22;22;108
25;2025-12-22;23;8
25;2025-12-23;0;0
25;2025-12-23;1;0
25;2025-12-23;2;0
25;2025-12-23;3;0
25;2025-12-23;4;0
25;2025-12-23;5;5
25;2025-12-23;6;182
25;2025-12-23;7;599
25;2025-12-23;8;988
25;2025-12-23;9;527
25;2025-12-23;10;398
25;2025-12-23;11;470
25;2025-12-23;12;422
25;2025-12-23;13;514
25;2025-12-23;14;475
25;2025-12-23;15;572
25;2025-12-23;16;724
25;2025-12-23;17;769
25;2025-12-23;18;818
25;2025-12-23;19;567
25;2025-12-23;20;351
25;2025-12-23;21;222
25;2025-12-23;22;121
25;2025-12-23;23;7
25;2025-12-24;0;0
25;2025-12-24;1;0
25;2025-12-24;2;0
25;2025-12-24;3;0
25;2025-12-24;4;0
25;2025-12-24;5;6
25;2025-12-24;6;175
25;2025-12-24;7;567
25;2025-12-24;8;951
25;2025-12-24;9;494
25;2025-12-24;10;379
25;2025-12-24;11;443
25;2025-12-24;12;440
25;2025-12-24;13;566
25;2025-12-24;14;474
25;2025-12-24;15;557
25;2025-12-24;16;687
25;2025-12-24;17;798
25;2025-12-24;18;860
25;2025-12-24;19;549
25;2025-12-24;20;358
25;2025-12-24;21;224
25;2025-12-24;22;120
25;2025-12-24;23;6
25;2025-12-25;0;0
25;2025-12-25;1;0
25;2025-12-25;2;0
25;2025-12-25;3;0
25;2025-12-25;4;0
25;2025-12-25;5;6
25;2025-12-25;6;180
25;2025-12-25;7;573
25;2025-12-25;8;993
25;2025-12-25;9;498
25;2025-12-25;10;393
25;2025-12-25;11;429
25;2025-12-25;12;429
25;2025-12-25;13;556
25;2025-12-25;14;518
25;2025-12-25;15;578
25;2025-12-25;16;713
25;2025-12-25;17;791
25;2025-12-25;18;825
25;2025-12-25;19;554
25;2025-12-25;20;326
25;2025-12-25;21;221
25;2025-12-25;22;130
25;2025-12-25;23;6
25;2025-12-26;0;0
25;2025-12-26;1;0
25;2025-12-26;2;0
25;2025-12-26;3;0
25;2025-12-26;4;0
25;2025-12-26;5;5
25;2025-12-26;6;185
25;2025-12-26;7;564
25;2025-12-26;8;892
25;2025-12-26;9;460
25;2025-12-26;10;374
25;2025-12-26;11;446
25;2025-12-26;12;441
25;2025-12-26;13;546
25;2025-12-26;14;516
25;2025-12-26;15;622
25;2025-12-26;16;783
25;2025-12-26;17;797
25;2025-12-26;18;697
25;2025-12-26;19;500
25;2025-12-26;20;324
25;2025-12-26;21;222
25;2025-12-26;22;138
25;2025-12-26;23;9
25;2025-12-27;0;0
25;2025-12-27;1;0
25;2025-12-27;2;0
25;2025-12-27;3;0
25;2025-12-27;4;0
25;2025-12-27;5;3
25;2025-12-27;6;63
25;2025-12-27;7;146
25;2025-12-27;8;331
25;2025-12-27;9;315
25;2025-12-27;10;310
25;2025-12-27;11;395
25;2025-12-27;12;410
25;2025-12-27;13;588
25;2025-12-27;14;595
25;2025-12-27;15;690
25;2025-12-27;16;600
25;2025-12-27;17;529
25;2025-12-27;18;505
25;2025-12-27;19;441
25;2025-12-27;20;282
25;2025-12-27;21;228
25;2025-12-27;22;144
25;2025-12-27;23;54
25;2025-12-28;0;14
25;2025-12-28;1;0
25;2025-12-28;2;0
25;2025-12-28;3;0
25;2025-12-28;4;0
25;2025-12-28;5;2
25;2025-12-28;6;53
25;2025-12-28;7;106
25;2025-12-28;8;197
25;2025-12-28;9;228
25;2025-12-28;10;233
25;2025-12-28;11;296
25;2025-12-28;12;360
25;2025-12-28;13;471
25;2025-12-28;14;510
25;2025-12-28;15;606
25;2025-12-28;16;532
25;2025-12-28;17;493
25;2025-12-28;18;453
25;2025-12-28;19;371
25;2025-12-28;20;258
25;2025-12-28;21;212
25;2025-12-28;22;126
25;2025-12-28;23;43
25;2025-12-29;0;9
25;2025-12-29;1;0
25;2025-12-29;2;0
25;2025-12-29;3;0
25;2025-12-29;4;0
25;2025-12-29;5;4
25;2025-12-29;6;182
25;2025-12-29;7;563
25;2025-12-29;8;1001
25;2025-12-29;9;513
25;2025-12-29;10;352
25;2025-12-29;11;403
25;2025-12-29;12;400
25;2025-12-29;13;548
25;2025-12-29;14;443
25;2025-12-29;15;530
25;2025-12-29;16;710
25;2025-12-29;17;754
25;2025-12-29;18;874
25;2025-12-29;19;545
25;2025-12-29;20;321
25;2025-12-29;21;217
25;2025-12-29;22;108
25;2025-12-29;23;8
25;2025-12-30;0;0
25;2025-12-30;1;0
25;2025-12-30;2;0
25;2025-12-30;3;0
25;2025-12-30;4;0
25;2025-12-30;5;5
25;2025-12-30;6;182
25;2025-12-30;7;599
25;2025-12-30;8;988
25;2025-12-30;9;527
25;2025-12-30;10;398
25;2025-12-30;11;470
25;2025-12-30;12;422
25;2025-12-30;13;514
25;2025-12-30;14;475
25;2025-12-30;15;572
25;2025-12-30;16;724
25;2025-12-30;17;769
25;2025-12-30;18;818
25;2025-12-30;19;567
25;2025-12-30;20;351
25;2025-12-30;21;222
25;2025-12-30;22;121
25;2025-12-30;23;7
25;2025-12-31;0;14
25;2025-12-31;1;0
25;2025-12-31;2;0
25;2025-12-31;3;0
25;2025-12-31;4;0
25;2025-12-31;5;2
25;2025-12-31;6;52
25;2025-12-31;7;103
25;2025-12-31;8;193
25;2025-12-31;9;223
25;2025-12-31;10;228
25;2025-12-31;11;290
25;2025-12-31;12;353
25;2025-12-31;13;461
25;2025-12-31;14;499
25;2025-12-31;15;593
25;2025-12-31;16;521
25;2025-12-31;17;482
25;2025-12-31;18;444
25;2025-12-31;19;364
25;2025-12-31;20;252
25;2025-12-31;21;207
25;2025-12-31;22;123
25;2025-12-31;23;42
26;2025-11-01;0;36
26;2025-11-01;1;2
26;2025-11-01;2;0
26;2025-11-01;3;0
26;2025-11-01;4;1
26;2025-11-01;5;90
26;2025-11-01;6;509
26;2025-11-01;7;1070
26;2025-11-01;8;2057
26;2025-11-01;9;1404
26;2025-11-01;10;1229
26;2025-11-01;11;1076
26;2025-11-01;12;1130
26;2025-11-01;13;1195
26;2025-11-01;14;1254
26;2025-11-01;15;1396
26;2025-11-01;16;1648
26;2025-11-01;17;1723
26;2025-11-01;18;1433
26;2025-11-01;19;1091
26;2025-11-01;20;732
26;2025-11-01;21;477
26;2025-11-01;22;229
26;2025-11-01;23;161
26;2025-11-02;0;52
26;2025-11-02;1;4
26;2025-11-02;2;0
26;2025-11-02;3;0
26;2025-11-02;4;1
26;2025-11-02;5;29
26;2025-11-02;6;172
26;2025-11-02;7;268
26;2025-11-02;8;385
26;2025-11-02;9;525
26;2025-11-02;10;580
26;2025-11-02;11;785
26;2025-11-02;12;828
26;2025-11-02;13;886
26;2025-11-02;14;873
26;2025-11-02;15;811
26;2025-11-02;16;820
26;2025-11-02;17;810
26;2025-11-02;18;762
26;2025-11-02;19;597
26;2025-11-02;20;444
26;2025-11-02;21;305
26;2025-11-02;22;214
26;2025-11-02;23;115
26;2025-11-03;0;50
26;2025-11-03;1;4
26;2025-11-03;2;0
26;2025-11-03;3;0
26;2025-11-03;4;1
26;2025-11-03;5;28
26;2025-11-03;6;165
26;2025-11-03;7;257
26;2025-11-03;8;369
26;2025-11-03;9;503
26;2025-11-03;10;556
26;2025-11-03;11;752
26;2025-11-03;12;793
26;2025-11-03;13;849
26;2025-11-03;14;837
26;2025-11-03;15;777
26;2025-11-03;16;786
26;2025-11-03;17;777
26;2025-11-03;18;731
26;2025-11-03;19;572
26;2025-11-03;20;426
26;2025-11-03;21;292
26;2025-11-03;22;205
26;2025-11-03;23;110
26;2025-11-04;0;51
26;2025-11-04;1;4
26;2025-11-04;2;0
26;2025-11-04;3;0
26;2025-11-04;4;1
26;2025-11-04;5;29
26;2025-11-04;6;170
26;2025-11-04;7;265
26;2025-11-04;8;380
26;2025-11-04;9;518
26;2025-11-04;10;573
26;2025-11-04;11;775
26;2025-11-04;12;817
26;2025-11-04;13;875
26;2025-11-04;14;862
26;2025-11-04;15;801
26;2025-11-04;16;809
26;2025-11-04;17;800
26;2025-11-04;18;753
26;2025-11-04;19;589
26;2025-11-04;20;439
26;2025-11-04;21;301
26;2025-11-04;22;212
26;2025-11-04;23;113
26;2025-11-05;0;32
26;2025-11-05;1;1
26;2025-11-05;2;0
26;2025-11-05;3;0
26;2025-11-05;4;2
26;2025-11-05;5;91
26;2025-11-05;6;494
26;2025-11-05;7;1086
26;2025-11-05;8;2129
26;2025-11-05;9;1443
26;2025-11-05;10;1188
26;2025-11-05;11;1077
26;2025-11-05;12;1120
26;2025-11-05;13;1155
26;2025-11-05;14;1267
26;2025-11-05;15;1307
26;2025-11-05;16;1435
26;2025-11-05;17;1617
26;2025-11-05;18;1813
26;2025-11-05;19;1233
26;2025-11-05;20;767
26;2025-11-05;21;492
26;2025-11-05;22;233
26;2025-11-05;23;127
26;2025-11-06;0;38
26;2025-11-06;1;1
26;2025-11-06;2;0
26;2025-11-06;3;0
26;2025-11-06;4;1
26;2025-11-06;5;87
26;2025-11-06;6;489
26;2025-11-06;7;1072
26;2025-11-06;8;2123
26;2025-11-06;9;1471
26;2025-11-06;10;1165
26;2025-11-06;11;1114
26;2025-11-06;12;1120
26;2025-11-06;13;1153
26;2025-11-06;14;1215
26;2025-11-06;15;1320
26;2025-11-06;16;1479
26;2025-11-06;17;1658
26;2025-11-06;18;1892
26;2025-11-06;19;1262
26;2025-11-06;20;759
26;2025-11-06;21;469
26;2025-11-06;22;243
26;2025-11-06;23;129
26;2025-11-07;0;35
26;2025-11-07;1;2
26;2025-11-07;2;0
26;2025-11-07;3;0
26;2025-11-07;4;1
26;2025-11-07;5;89
26;2025-11-07;6;505
26;2025-11-07;7;1063
26;2025-11-07;8;2043
26;2025-11-07;9;1394
26;2025-11-07;10;1220
26;2025-11-07;11;1068
26;2025-11-07;12;1122
26;2025-11-07;13;1187
26;2025-11-07;14;1246
26;2025-11-07;15;1386
26;2025-11-07;16;1636
26;2025-11-07;17;1711
26;2025-11-07;18;1423
26;2025-11-07;19;1084
26;2025-11-07;20;727
26;2025-11-07;21;474
26;2025-11-07;22;227
26;2025-11-07;23;160
26;2025-11-08;0;46
26;2025-11-08;1;2
26;2025-11-08;2;0
26;2025-11-08;3;0
26;2025-11-08;4;2
26;2025-11-08;5;49
26;2025-11-08;6;263
26;2025-11-08;7;373
26;2025-11-08;8;587
26;2025-11-08;9;686
26;2025-11-08;10;812
26;2025-11-08;11;990
26;2025-11-08;12;1034
26;2025-11-08;13;1033
26;2025-11-08;14;1027
26;2025-11-08;15;980
26;2025-11-08;16;980
26;2025-11-08;17;919
26;2025-11-08;18;876
26;2025-11-08;19;808
26;2025-11-08;20;549
26;2025-11-08;21;367
26;2025-11-08;22;224
26;2025-11-08;23;145
26;2025-11-09;0;52
26;2025-11-09;1;4
26;2025-11-09;2;0
26;2025-11-09;3;0
26;2025-11-09;4;1
26;2025-11-09;5;29
26;2025-11-09;6;172
26;2025-11-09;7;268
26;2025-11-09;8;385
26;2025-11-09;9;525
26;2025-11-09;10;580
26;2025-11-09;11;785
26;2025-11-09;12;828
26;2025-11-09;13;886
26;2025-11-09;14;873
26;2025-11-09;15;811
26;2025-11-09;16;820
26;2025-11-09;17;810
26;2025-11-09;18;762
26;2025-11-09;19;597
26;2025-11-09;20;444
26;2025-11-09;21;305
26;2025-11-09;22;214
26;2025-11-09;23;115
26;2025-11-10;0;27
26;2025-11-10;1;2
26;2025-11-10;2;0
26;2025-11-10;3;0
26;2025-11-10;4;2
26;2025-11-10;5;89
26;2025-11-10;6;508
26;2025-11-10;7;1080
26;2025-11-10;8;2062
26;2025-11-10;9;1423
26;2025-11-10;10;1168
26;2025-11-10;11;1027
26;2025-11-10;12;1052
26;2025-11-10;13;1147
26;2025-11-10;14;1167
26;2025-11-10;15;1270
26;2025-11-10;16;1447
26;2025-11-10;17;1644
26;2025-11-10;18;1845
26;2025-11-10;19;1216
26;2025-11-10;20;760
26;2025-11-10;21;434
26;2025-11-10;22;214
26;2025-11-10;23;103
26;2025-11-11;0;31
26;2025-11-11;1;1
26;2025-11-11;2;0
26;2025-11-11;3;0
26;2025-11-11;4;2
26;2025-11-11;5;86
26;2025-11-11;6;504
26;2025-11-11;7;1092
26;2025-11-11;8;2188
26;2025-11-11;9;1446
26;2025-11-11;10;1186
26;2025-11-11;11;1097
26;2025-11-11;12;1120
26;2025-11-11;13;1139
26;2025-11-11;14;1172
26;2025-11-11;15;1286
26;2025-11-11;16;1450
26;2025-11-11;17;1725
26;2025-11-11;18;1863
26;2025-11-11;19;1319
26;2025-11-11;20;774
26;2025-11-11;21;469
26;2025-11-11;22;223
26;2025-11-11;23;113
26;2025-11-12;0;32
26;2025-11-12;1;1
26;2025-11-12;2;0
26;2025-11-12;3;0
26;2025-11-12;4;2
26;2025-11-12;5;91
26;2025-11-12;6;494
26;2025-11-12;7;1086
26;2025-11-12;8;2129
26;2025-11-12;9;1443
26;2025-11-12;10;1188
26;2025-11-12;11;1077
26;2025-11-12;12;1120
26;2025-11-12;13;1155
26;2025-11-12;14;1267
26;2025-11-12;15;1307
26;2025-11-12;16;1435
26;2025-11-12;17;1617
26;2025-11-12;18;1813
26;2025-11-12;19;1233
26;2025-11-12;20;767
26;2025-11-12;21;492
26;2025-11-12;22;233
26;2025-11-12;23;127
26;2025-11-13;0;38
26;2025-11-13;1;1
26;2025-11-13;2;0
26;2025-11-13;3;0
26;2025-11-13;4;1
26;2025-11-13;5;87
26;2025-11-13;6;489
26;2025-11-13;7;1072
26;2025-11-13;8;2123
26;2025-11-13;9;1471
26;2025-11-13;10;1165
26;2025-11-13;11;1114
26;2025-11-13;12;1120
26;2025-11-13;13;1153
26;2025-11-13;14;1215
26;2025-11-13;15;1320
26;2025-11-13;16;1479
26;2025-11-13;17;1658
26;2025-11-13;18;1892
26;2025-11-13;19;1262
26;2025-11-13;20;759
26;2025-11-13;21;469
26;2025-11-13;22;243
26;2025-11-13;23;129
26;2025-11-14;0;35
26;2025-11-14;1;2
26;2025-11-14;2;0
26;2025-11-14;3;0
26;2025-11-14;4;1
26;2025-11-14;5;89
26;2025-11-14;6;505
26;2025-11-14;7;1063
26;2025-11-14;8;2043
26;2025-11-14;9;1394
26;2025-11-14;10;1220
26;2025-11-14;11;1068
26;2025-11-14;12;1122
26;2025-11-14;13;1187
26;2025-11-14;14;1246
26;2025-11-14;15;1386
26;2025-11-14;16;1636
26;2025-11-14;17;1711
26;2025-11-14;18;1423
26;2025-11-14;19;1084
26;2025-11-14;20;727
26;2025-11-14;21;474
26;2025-11-14;22;227
26;2025-11-14;23;160
26;2025-11-15;0;46
26;2025-11-15;1;2
26;2025-11-15;2;0
26;2025-11-15;3;0
26;2025-11-15;4;2
26;2025-11-15;5;49
26;2025-11-15;6;263
26;2025-11-15;7;373
26;2025-11-15;8;587
26;2025-11-15;9;686
26;2025-11-15;10;812
26;2025-11-15;11;990
26;2025-11-15;12;1034
26;2025-11-15;13;1033
26;2025-11-15;14;1027
26;2025-11-15;15;980
26;2025-11-15;16;980
26;2025-11-15;17;919
26;2025-11-15;18;876
26;2025-11-15;19;808
26;2025-11-15;20;549
26;2025-11-15;21;367
26;2025-11-15;22;224
26;2025-11-15;23;145
26;2025-11-16;0;52
26;2025-11-16;1;4
26;2025-11-16;2;0
26;2025-11-16;3;0
26;2025-11-16;4;1
26;2025-11-16;5;29
26;2025-11-16;6;172
26;2025-11-16;7;268
26;2025-11-16;8;385
26;2025-11-16;9;525
26;2025-11-16;10;580
26;2025-11-16;11;785
26;2025-11-16;12;828
26;2025-11-16;13;886
26;2025-11-16;14;873
26;2025-11-16;15;811
26;2025-11-16;16;820
26;2025-11-16;17;810
26;2025-11-16;18;762
26;2025-11-16;19;597
26;2025-11-16;20;444
26;2025-11-16;21;305
26;2025-11-16;22;214
26;2025-11-16;23;115
26;2025-11-17;0;27
26;2025-11-17;1;2
26;2025-11-17;2;0
26;2025-11-17;3;0
26;2025-11-17;4;2
26;2025-11-17;5;89
26;2025-11-17;6;508
26;2025-11-17;7;1080
26;2025-11-17;8;2062
26;2025-11-17;9;1423
26;2025-11-17;10;1168
26;2025-11-17;11;1027
26;2025-11-17;12;1052
26;2025-11-17;13;1147
26;2025-11-17;14;1167
26;2025-11-17;15;1270
26;2025-11-17;16;1447
26;2025-11-17;17;1644
26;2025-11-17;18;1845
26;2025-11-17;19;1216
26;2025-11-17;20;760
26;2025-11-17;21;434
26;2025-11-17;22;214
26;2025-11-17;23;103
26;2025-11-18;0;31
26;2025-11-18;1;1
26;2025-11-18;2;0
26;2025-11-18;3;0
26;2025-11-18;4;2
26;2025-11-18;5;86
26;2025-11-18;6;504
26;2025-11-18;7;1092
26;2025-11-18;8;2188
26;2025-11-18;9;1446
26;2025-11-18;10;1186
26;2025-11-18;11;1097
26;2025-11-18;12;1120
26;2025-11-18;13;1139
26;2025-11-18;14;1172
26;2025-11-18;15;1286
26;2025-11-18;16;1450
26;2025-11-18;17;1725
26;2025-11-18;18;1863
26;2025-11-18;19;1319
26;2025-11-18;20;774
26;2025-11-18;21;469
26;2025-11-18;22;223
26;2025-11-18;23;113
26;2025-11-19;0;32
26;2025-11-19;1;1
26;2025-11-19;2;0
26;2025-11-19;3;0
26;2025-11-19;4;2
26;2025-11-19;5;91
26;2025-11-19;6;494
26;2025-11-19;7;1086
26;2025-11-19;8;2129
26;2025-11-19;9;1443
26;2025-11-19;10;1188
26;2025-11-19;11;1077
26;2025-11-19;12;1120
26;2025-11-19;13;1155
26;2025-11-19;14;1267
26;2025-11-19;15;1307
26;2025-11-19;16;1435
26;2025-11-19;17;1617
26;2025-11-19;18;1813
26;2025-11-19;19;1233
26;2025-11-19;20;767
26;2025-11-19;21;492
26;2025-11-19;22;233
26;2025-11-19;23;127
26;2025-11-20;0;38
26;2025-11-20;1;1
26;2025-11-20;2;0
26;2025-11-20;3;0
26;2025-11-20;4;1
26;2025-11-20;5;87
26;2025-11-20;6;489
26;2025-11-20;7;1072
26;2025-11-20;8;2123
26;2025-11-20;9;1471
26;2025-11-20;10;1165
26;2025-11-20;11;1114
26;2025-11-20;12;1120
26;2025-11-20;13;1153
26;2025-11-20;14;1215
26;2025-11-20;15;1320
26;2025-11-20;16;1479
26;2025-11-20;17;1658
26;2025-11-20;18;1892
26;2025-11-20;19;1262
26;2025-11-20;20;759
26;2025-11-20;21;469
26;2025-11-20;22;243
26;2025-11-20;23;129
26;2025-11-21;0;35
26;2025-11-21;1;2
26;2025-11-21;2;0
26;2025-11-21;3;0
26;2025-11-21;4;1
26;2025-11-21;5;89
26;2025-11-21;6;505
26;2025-11-21;7;1063
26;2025-11-21;8;2043
26;2025-11-21;9;1394
26;2025-11-21;10;1220
26;2025-11-21;11;1068
26;2025-11-21;12;1122
26;2025-11-21;13;1187
26;2025-11-21;14;1246
26;2025-11-21;15;1386
26;2025-11-21;16;1636
26;2025-11-21;17;1711
26;2025-11-21;18;1423
26;2025-11-21;19;1084
26;2025-11-21;20;727
26;2025-11-21;21;474
26;2025-11-21;22;227
26;2025-11-21;23;160
26;2025-11-22;0;46
26;2025-11-22;1;2
26;2025-11-22;2;0
26;2025-11-22;3;0
26;2025-11-22;4;2
26;2025-11-22;5;49
26;2025-11-22;6;263
26;2025-11-22;7;373
26;2025-11-22;8;587
26;2025-11-22;9;686
26;2025-11-22;10;812
26;2025-11-22;11;990
26;2025-11-22;12;1034
26;2025-11-22;13;1033
26;2025-11-22;14;1027
26;2025-11-22;15;980
26;2025-11-22;16;980
26;2025-11-22;17;919
26;2025-11-22;18;876
26;2025-11-22;19;808
26;2025-11-22;20;549
26;2025-11-22;21;367
26;2025-11-22;22;224
26;2025-11-22;23;145
26;2025-11-23;0;52
26;2025-11-23;1;4
26;2025-11-23;2;0
26;2025-11-23;3;0
26;2025-11-23;4;1
26;2025-11-23;5;29
26;2025-11-23;6;172
26;2025-11-23;7;268
26;2025-11-23;8;385
26;2025-11-23;9;525
26;2025-11-23;10;580
26;2025-11-23;11;785
26;2025-11-23;12;828
26;2025-11-23;13;886
26;2025-11-23;14;873
26;2025-11-23;15;811
26;2025-11-23;16;820
26;2025-11-23;17;810
26;2025-11-23;18;762
26;2025-11-23;19;597
26;2025-11-23;20;444
26;2025-11-23;21;305
26;2025-11-23;22;214
26;2025-11-23;23;115
26;2025-11-24;0;27
26;2025-11-24;1;2
26;2025-11-24;2;0
26;2025-11-24;3;0
26;2025-11-24;4;2
26;2025-11-24;5;89
26;2025-11-24;6;508
26;2025-11-24;7;1080
26;2025-11-24;8;2062
26;2025-11-24;9;1423
26;2025-11-24;10;1168
26;2025-11-24;11;1027
26;2025-11-24;12;1052
26;2025-11-24;13;1147
26;2025-11-24;14;1167
26;2025-11-24;15;1270
26;2025-11-24;16;1447
26;2025-11-24;17;1644
26;2025-11-24;18;1845
26;2025-11-24;19;1216
26;2025-11-24;20;760
26;2025-11-24;21;434
26;2025-11-24;22;214
26;2025-11-24;23;103
26;2025-11-25;0;31
26;2025-11-25;1;1
26;2025-11-25;2;0
26;2025-11-25;3;0
26;2025-11-25;4;2
26;2025-11-25;5;86
26;2025-11-25;6;504
26;2025-11-25;7;1092
26;2025-11-25;8;2188
26;2025-11-25;9;1446
26;2025-11-25;10;1186
26;2025-11-25;11;1097
26;2025-11-25;12;1120
26;2025-11-25;13;1139
26;2025-11-25;14;1172
26;2025-11-25;15;1286
26;2025-11-25;16;1450
26;2025-11-25;17;1725
26;2025-11-25;18;1863
26;2025-11-25;19;1319
26;2025-11-25;20;774
26;2025-11-25;21;469
26;2025-11-25;22;223
26;2025-11-25;23;113
26;2025-11-26;0;32
26;2025-11-26;1;1
26;2025-11-26;2;0
26;2025-11-26;3;0
26;2025-11-26;4;2
26;2025-11-26;5;91
26;2025-11-26;6;494
26;2025-11-26;7;1086
26;2025-11-26;8;2129
26;2025-11-26;9;1443
26;2025-11-26;10;1188
26;2025-11-26;11;1077
26;2025-11-26;12;1120
26;2025-11-26;13;1155
26;2025-11-26;14;1267
26;2025-11-26;15;1307
26;2025-11-26;16;1435
26;2025-11-26;17;1617
26;2025-11-26;18;1813
26;2025-11-26;19;1233
26;2025-11-26;20;767
26;2025-11-26;21;492
26;2025-11-26;22;233
26;2025-11-26;23;127
26;2025-11-27;0;38
26;2025-11-27;1;1
26;2025-11-27;2;0
26;2025-11-27;3;0
26;2025-11-27;4;1
26;2025-11-27;5;87
26;2025-11-27;6;489
26;2025-11-27;7;1072
26;2025-11-27;8;2123
26;2025-11-27;9;1471
26;2025-11-27;10;1165
26;2025-11-27;11;1114
26;2025-11-27;12;1120
26;2025-11-27;13;1153
26;2025-11-27;14;1215
26;2025-11-27;15;1320
26;2025-11-27;16;1479
26;2025-11-27;17;1658
26;2025-11-27;18;1892
26;2025-11-27;19;1262
26;2025-11-27;20;759
26;2025-11-27;21;469
26;2025-11-27;22;243
26;2025-11-27;23;129
26;2025-11-28;0;35
26;2025-11-28;1;2
26;2025-11-28;2;0
26;2025-11-28;3;0
26;2025-11-28;4;1
26;2025-11-28;5;89
26;2025-11-28;6;505
26;2025-11-28;7;1063
26;2025-11-28;8;2043
26;2025-11-28;9;1394
26;2025-11-28;10;1220
26;2025-11-28;11;1068
26;2025-11-28;12;1122
26;2025-11-28;13;1187
26;2025-11-28;14;1246
26;2025-11-28;15;1386
26;2025-11-28;16;1636
26;2025-11-28;17;1711
26;2025-11-28;18;1423
26;2025-11-28;19;1084
26;2025-11-28;20;727
26;2025-11-28;21;474
26;2025-11-28;22;227
26;2025-11-28;23;160
26;2025-11-29;0;46
26;2025-11-29;1;2
26;2025-11-29;2;0
26;2025-11-29;3;0
26;2025-11-29;4;2
26;2025-11-29;5;49
26;2025-11-29;6;263
26;2025-11-29;7;373
26;2025-11-29;8;587
26;2025-11-29;9;686
26;2025-11-29;10;812
26;2025-11-29;11;990
26;2025-11-29;12;1034
26;2025-11-29;13;1033
26;2025-11-29;14;1027
26;2025-11-29;15;980
26;2025-11-29;16;980
26;2025-11-29;17;919
26;2025-11-29;18;876
26;2025-11-29;19;808
26;2025-11-29;20;549
26;2025-11-29;21;367
26;2025-11-29;22;224
26;2025-11-29;23;145
26;2025-11-30;0;52
26;2025-11-30;1;4
26;2025-11-30;2;0
26;2025-11-30;3;0
26;2025-11-30;4;1
26;2025-11-30;5;29
26;2025-11-30;6;172
26;2025-11-30;7;268
26;2025-11-30;8;385
26;2025-11-30;9;525
26;2025-11-30;10;580
26;2025-11-30;11;785
26;2025-11-30;12;828
26;2025-11-30;13;886
26;2025-11-30;14;873
26;2025-11-30;15;811
26;2025-11-30;16;820
26;2025-11-30;17;810
26;2025-11-30;18;762
26;2025-11-30;19;597
26;2025-11-30;20;444
26;2025-11-30;21;305
26;2025-11-30;22;214
26;2025-11-30;23;115
26;2025-12-01;0;27
26;2025-12-01;1;2
26;2025-12-01;2;0
26;2025-12-01;3;0
26;2025-12-01;4;2
26;2025-12-01;5;89
26;2025-12-01;6;508
26;2025-12-01;7;1080
26;2025-12-01;8;2062
26;2025-12-01;9;1423
26;2025-12-01;10;1168
26;2025-12-01;11;1027
26;2025-12-01;12;1052
26;2025-12-01;13;1147
26;2025-12-01;14;1167
26;2025-12-01;15;1270
26;2025-12-01;16;1447
26;2025-12-01;17;1644
26;2025-12-01;18;1845
26;2025-12-01;19;1216
26;2025-12-01;20;760
26;2025-12-01;21;434
26;2025-12-01;22;214
26;2025-12-01;23;103
26;2025-12-02;0;31
26;2025-12-02;1;1
26;2025-12-02;2;0
26;2025-12-02;3;0
26;2025-12-02;4;2
26;2025-12-02;5;86
26;2025-12-02;6;504
26;2025-12-02;7;1092
26;2025-12-02;8;2188
26;2025-12-02;9;1446
26;2025-12-02;10;1186
26;2025-12-02;11;1097
26;2025-12-02;12;1120
26;2025-12-02;13;1139
26;2025-12-02;14;1172
26;2025-12-02;15;1286
26;2025-12-02;16;1450
26;2025-12-02;17;1725
26;2025-12-02;18;1863
26;2025-12-02;19;1319
26;2025-12-02;20;774
26;2025-12-02;21;469
26;2025-12-02;22;223
26;2025-12-02;23;113
26;2025-12-03;0;32
26;2025-12-03;1;1
26;2025-12-03;2;0
26;2025-12-03;3;0
26;2025-12-03;4;2
26;2025-12-03;5;91
26;2025-12-03;6;494
26;2025-12-03;7;1086
26;2025-12-03;8;2129
26;2025-12-03;9;1443
26;2025-12-03;10;1188
26;2025-12-03;11;1077
26;2025-12-03;12;1120
26;2025-12-03;13;1155
26;2025-12-03;14;1267
26;2025-12-03;15;1307
26;2025-12-03;16;1435
26;2025-12-03;17;1617
26;2025-12-03;18;1813
26;2025-12-03;19;1233
26;2025-12-03;20;767
26;2025-12-03;21;492
26;2025-12-03;22;233
26;2025-12-03;23;127
26;2025-12-04;0;38
26;2025-12-04;1;1
26;2025-12-04;2;0
26;2025-12-04;3;0
26;2025-12-04;4;1
26;2025-12-04;5;87
26;2025-12-04;6;489
26;2025-12-04;7;1072
26;2025-12-04;8;2123
26;2025-12-04;9;1471
26;2025-12-04;10;1165
26;2025-12-04;11;1114
26;2025-12-04;12;1120
26;2025-12-04;13;1153
26;2025-12-04;14;1215
26;2025-12-04;15;1320
26;2025-12-04;16;1479
26;2025-12-04;17;1658
26;2025-12-04;18;1892
26;2025-12-04;19;1262
26;2025-12-04;20;759
26;2025-12-04;21;469
26;2025-12-04;22;243
26;2025-12-04;23;129
26;2025-12-05;0;35
26;2025-12-05;1;2
26;2025-12-05;2;0
26;2025-12-05;3;0
26;2025-12-05;4;1
26;2025-12-05;5;89
26;2025-12-05;6;505
26;2025-12-05;7;1063
26;2025-12-05;8;2043
26;2025-12-05;9;1394
26;2025-12-05;10;1220
26;2025-12-05;11;1068
26;2025-12-05;12;1122
26;2025-12-05;13;1187
26;2025-12-05;14;1246
26;2025-12-05;15;1386
26;2025-12-05;16;1636
26;2025-12-05;17;1711
26;2025-12-05;18;1423
26;2025-12-05;19;1084
26;2025-12-05;20;727
26;2025-12-05;21;474
26;2025-12-05;22;227
26;2025-12-05;23;160
26;2025-12-06;0;46
26;2025-12-06;1;2
26;2025-12-06;2;0
26;2025-12-06;3;0
26;2025-12-06;4;2
26;2025-12-06;5;49
26;2025-12-06;6;263
26;2025-12-06;7;373
26;2025-12-06;8;587
26;2025-12-06;9;686
26;2025-12-06;10;812
26;2025-12-06;11;990
26;2025-12-06;12;1034
26;2025-12-06;13;1033
26;2025-12-06;14;1027
26;2025-12-06;15;980
26;2025-12-06;16;980
26;2025-12-06;17;919
26;2025-12-06;18;876
26;2025-12-06;19;808
26;2025-12-06;20;549
26;2025-12-06;21;367
26;2025-12-06;22;224
26;2025-12-06;23;145
26;2025-12-07;0;52
26;2025-12-07;1;4
26;2025-12-07;2;0
26;2025-12-07;3;0
26;2025-12-07;4;1
26;2025-12-07;5;29
26;2025-12-07;6;172
26;2025-12-07;7;268
26;2025-12-07;8;385
26;2025-12-07;9;525
26;2025-12-07;10;580
26;2025-12-07;11;785
26;2025-12-07;12;828
26;2025-12-07;13;886
26;2025-12-07;14;873
26;2025-12-07;15;811
26;2025-12-07;16;820
26;2025-12-07;17;810
26;2025-12-07;18;762
26;2025-12-07;19;597
26;2025-12-07;20;444
26;2025-12-07;21;305
26;2025-12-07;22;214
26;2025-12-07;23;115
26;2025-12-08;0;27
26;2025-12-08;1;2
26;2025-12-08;2;0
26;2025-12-08;3;0
26;2025-12-08;4;2
26;2025-12-08;5;89
26;2025-12-08;6;508
26;2025-12-08;7;1080
26;2025-12-08;8;2062
26;2025-12-08;9;1423
26;2025-12-08;10;1168
26;2025-12-08;11;1027
26;2025-12-08;12;1052
26;2025-12-08;13;1147
26;2025-12-08;14;1167
26;2025-12-08;15;1270
26;2025-12-08;16;1447
26;2025-12-08;17;1644
26;2025-12-08;18;1845
26;2025-12-08;19;1216
26;2025-12-08;20;760
26;2025-12-08;21;434
26;2025-12-08;22;214
26;2025-12-08;23;103
26;2025-12-09;0;31
26;2025-12-09;1;1
26;2025-12-09;2;0
26;2025-12-09;3;0
26;2025-12-09;4;2
26;2025-12-09;5;86
26;2025-12-09;6;504
26;2025-12-09;7;1092
26;2025-12-09;8;2188
26;2025-12-09;9;1446
26;2025-12-09;10;1186
26;2025-12-09;11;1097
26;2025-12-09;12;1120
26;2025-12-09;13;1139
26;2025-12-09;14;1172
26;2025-12-09;15;1286
26;2025-12-09;16;1450
26;2025-12-09;17;1725
26;2025-12-09;18;1863
26;2025-12-09;19;1319
26;2025-12-09;20;774
26;2025-12-09;21;469
26;2025-12-09;22;223
26;2025-12-09;23;113
26;2025-12-10;0;32
26;2025-12-10;1;1
26;2025-12-10;2;0
26;2025-12-10;3;0
26;2025-12-10;4;2
26;2025-12-10;5;91
26;2025-12-10;6;494
26;2025-12-10;7;1086
26;2025-12-10;8;2129
26;2025-12-10;9;1443
26;2025-12-10;10;1188
26;2025-12-10;11;1077
26;2025-12-10;12;1120
26;2025-12-10;13;1155
26;2025-12-10;14;1267
26;2025-12-10;15;1307
26;2025-12-10;16;1435
26;2025-12-10;17;1617
26;2025-12-10;18;1813
26;2025-12-10;19;1233
26;2025-12-10;20;767
26;2025-12-10;21;492
26;2025-12-10;22;233
26;2025-12-10;23;127
26;2025-12-11;0;38
26;2025-12-11;1;1
26;2025-12-11;2;0
26;2025-12-11;3;0
26;2025-12-11;4;1
26;2025-12-11;5;87
26;2025-12-11;6;489
26;2025-12-11;7;1072
26;2025-12-11;8;2123
26;2025-12-11;9;1471
26;2025-12-11;10;1165
26;2025-12-11;11;1114
26;2025-12-11;12;1120
26;2025-12-11;13;1153
26;2025-12-11;14;1215
26;2025-12-11;15;1320
26;2025-12-11;16;1479
26;2025-12-11;17;1658
26;2025-12-11;18;1892
26;2025-12-11;19;1262
26;2025-12-11;20;759
26;2025-12-11;21;469
26;2025-12-11;22;243
26;2025-12-11;23;129
26;2025-12-12;0;35
26;2025-12-12;1;2
26;2025-12-12;2;0
26;2025-12-12;3;0
26;2025-12-12;4;1
26;2025-12-12;5;89
26;2025-12-12;6;505
26;2025-12-12;7;1063
26;2025-12-12;8;2043
26;2025-12-12;9;1394
26;2025-12-12;10;1220
26;2025-12-12;11;1068
26;2025-12-12;12;1122
26;2025-12-12;13;1187
26;2025-12-12;14;1246
26;2025-12-12;15;1386
26;2025-12-12;16;1636
26;2025-12-12;17;1711
26;2025-12-12;18;1423
26;2025-12-12;19;1084
26;2025-12-12;20;727
26;2025-12-12;21;474
26;2025-12-12;22;227
26;2025-12-12;23;160
26;2025-12-13;0;46
26;2025-12-13;1;2
26;2025-12-13;2;0
26;2025-12-13;3;0
26;2025-12-13;4;2
26;2025-12-13;5;49
26;2025-12-13;6;263
26;2025-12-13;7;373
26;2025-12-13;8;587
26;2025-12-13;9;686
26;2025-12-13;10;812
26;2025-12-13;11;990
26;2025-12-13;12;1034
26;2025-12-13;13;1033
26;2025-12-13;14;1027
26;2025-12-13;15;980
26;2025-12-13;16;980
26;2025-12-13;17;919
26;2025-12-13;18;876
26;2025-12-13;19;808
26;2025-12-13;20;549
26;2025-12-13;21;367
26;2025-12-13;22;224
26;2025-12-13;23;145
26;2025-12-14;0;52
26;2025-12-14;1;4
26;2025-12-14;2;0
26;2025-12-14;3;0
26;2025-12-14;4;1
26;2025-12-14;5;29
26;2025-12-14;6;172
26;2025-12-14;7;268
26;2025-12-14;8;385
26;2025-12-14;9;525
26;2025-12-14;10;580
26;2025-12-14;11;785
26;2025-12-14;12;828
26;2025-12-14;13;886
26;2025-12-14;14;873
26;2025-12-14;15;811
26;2025-12-14;16;820
26;2025-12-14;17;810
26;2025-12-14;18;762
26;2025-12-14;19;597
26;2025-12-14;20;444
26;2025-12-14;21;305
26;2025-12-14;22;214
26;2025-12-14;23;115
26;2025-12-15;0;27
26;2025-12-15;1;2
26;2025-12-15;2;0
26;2025-12-15;3;0
26;2025-12-15;4;2
26;2025-12-15;5;89
26;2025-12-15;6;508
26;2025-12-15;7;1080
26;2025-12-15;8;2062
26;2025-12-15;9;1423
26;2025-12-15;10;1168
26;2025-12-15;11;1027
26;2025-12-15;12;1052
26;2025-12-15;13;1147
26;2025-12-15;14;1167
26;2025-12-15;15;1270
26;2025-12-15;16;1447
26;2025-12-15;17;1644
26;2025-12-15;18;1845
26;2025-12-15;19;1216
26;2025-12-15;20;760
26;2025-12-15;21;434
26;2025-12-15;22;214
26;2025-12-15;23;103
26;2025-12-16;0;31
26;2025-12-16;1;1
26;2025-12-16;2;0
26;2025-12-16;3;0
26;2025-12-16;4;2
26;2025-12-16;5;86
26;2025-12-16;6;504
26;2025-12-16;7;1092
26;2025-12-16;8;2188
26;2025-12-16;9;1446
26;2025-12-16;10;1186
26;2025-12-16;11;1097
26;2025-12-16;12;1120
26;2025-12-16;13;1139
26;2025-12-16;14;1172
26;2025-12-16;15;1286
26;2025-12-16;16;1450
26;2025-12-16;17;1725
26;2025-12-16;18;1863
26;2025-12-16;19;1319
26;2025-12-16;20;774
26;2025-12-16;21;469
26;2025-12-16;22;223
26;2025-12-16;23;113
26;2025-12-17;0;32
26;2025-12-17;1;1
26;2025-12-17;2;0
26;2025-12-17;3;0
26;2025-12-17;4;2
26;2025-12-17;5;91
26;2025-12-17;6;494
26;2025-12-17;7;1086
26;2025-12-17;8;2129
26;2025-12-17;9;1443
26;2025-12-17;10;1188
26;2025-12-17;11;1077
26;2025-12-17;12;1120
26;2025-12-17;13;1155
26;2025-12-17;14;1267
26;2025-12-17;15;1307
26;2025-12-17;16;1435
26;2025-12-17;17;1617
26;2025-12-17;18;1813
26;2025-12-17;19;1233
26;2025-12-17;20;767
26;2025-12-17;21;492
26;2025-12-17;22;233
26;2025-12-17;23;127
26;2025-12-18;0;38
26;2025-12-18;1;1
26;2025-12-18;2;0
26;2025-12-18;3;0
26;2025-12-18;4;1
26;2025-12-18;5;87
26;2025-12-18;6;489
26;2025-12-18;7;1072
26;2025-12-18;8;2123
26;2025-12-18;9;1471
26;2025-12-18;10;1165
26;2025-12-18;11;1114
26;2025-12-18;12;1120
26;2025-12-18;13;1153
26;2025-12-18;14;1215
26;2025-12-18;15;1320
26;2025-12-18;16;1479
26;2025-12-18;17;1658
26;2025-12-18;18;1892
26;2025-12-18;19;1262
26;2025-12-18;20;759
26;2025-12-18;21;469
26;2025-12-18;22;243
26;2025-12-18;23;129
26;2025-12-19;0;35
26;2025-12-19;1;2
26;2025-12-19;2;0
26;2025-12-19;3;0
26;2025-12-19;4;1
26;2025-12-19;5;89
26;2025-12-19;6;505
26;2025-12-19;7;1063
26;2025-12-19;8;2043
26;2025-12-19;9;1394
26;2025-12-19;10;1220
26;2025-12-19;11;1068
26;2025-12-19;12;1122
26;2025-12-19;13;1187
26;2025-12-19;14;1246
26;2025-12-19;15;1386
26;2025-12-19;16;1636
26;2025-12-19;17;1711
26;2025-12-19;18;1423
26;2025-12-19;19;1084
26;2025-12-19;20;727
26;2025-12-19;21;474
26;2025-12-19;22;227
26;2025-12-19;23;160
26;2025-12-20;0;46
26;2025-12-20;1;2
26;2025-12-20;2;0
26;2025-12-20;3;0
26;2025-12-20;4;2
26;2025-12-20;5;49
26;2025-12-20;6;263
26;2025-12-20;7;373
26;2025-12-20;8;587
26;2025-12-20;9;686
26;2025-12-20;10;812
26;2025-12-20;11;990
26;2025-12-20;12;1034
26;2025-12-20;13;1033
26;2025-12-20;14;1027
26;2025-12-20;15;980
26;2025-12-20;16;980
26;2025-12-20;17;919
26;2025-12-20;18;876
26;2025-12-20;19;808
26;2025-12-20;20;549
26;2025-12-20;21;367
26;2025-12-20;22;224
26;2025-12-20;23;145
26;2025-12-21;0;52
26;2025-12-21;1;4
26;2025-12-21;2;0
26;2025-12-21;3;0
26;2025-12-21;4;1
26;2025-12-21;5;29
26;2025-12-21;6;172
26;2025-12-21;7;268
26;2025-12-21;8;385
26;2025-12-21;9;525
26;2025-12-21;10;580
26;2025-12-21;11;785
26;2025-12-21;12;828
26;2025-12-21;13;886
26;2025-12-21;14;873
26;2025-12-21;15;811
26;2025-12-21;16;820
26;2025-12-21;17;810
26;2025-12-21;18;762
26;2025-12-21;19;597
26;2025-12-21;20;444
26;2025-12-21;21;305
26;2025-12-21;22;214
26;2025-12-21;23;115
26;2025-12-22;0;27
26;2025-12-22;1;2
26;2025-12-22;2;0
26;2025-12-22;3;0
26;2025-12-22;4;2
26;2025-12-22;5;89
26;2025-12-22;6;508
26;2025-12-22;7;1080
26;2025-12-22;8;2062
26;2025-12-22;9;1423
26;2025-12-22;10;1168
26;2025-12-22;11;1027
26;2025-12-22;12;1052
26;2025-12-22;13;1147
26;2025-12-22;14;1167
26;2025-12-22;15;1270
26;2025-12-22;16;1447
26;2025-12-22;17;1644
26;2025-12-22;18;1845
26;2025-12-22;19;1216
26;2025-12-22;20;760
26;2025-12-22;21;434
26;2025-12-22;22;214
26;2025-12-22;23;103
26;2025-12-23;0;31
26;2025-12-23;1;1
26;2025-12-23;2;0
26;2025-12-23;3;0
26;2025-12-23;4;2
26;2025-12-23;5;86
26;2025-12-23;6;504
26;2025-12-23;7;1092
26;2025-12-23;8;2188
26;2025-12-23;9;1446
26;2025-12-23;10;1186
26;2025-12-23;11;1097
26;2025-12-23;12;1120
26;2025-12-23;13;1139
26;2025-12-23;14;1172
26;2025-12-23;15;1286
26;2025-12-23;16;1450
26;2025-12-23;17;1725
26;2025-12-23;18;1863
26;2025-12-23;19;1319
26;2025-12-23;20;774
26;2025-12-23;21;469
26;2025-12-23;22;223
26;2025-12-23;23;113
26;2025-12-24;0;32
26;2025-12-24;1;1
26;2025-12-24;2;0
26;2025-12-24;3;0
26;2025-12-24;4;2
26;2025-12-24;5;91
26;2025-12-24;6;494
26;2025-12-24;7;1086
26;2025-12-24;8;2129
26;2025-12-24;9;1443
26;2025-12-24;10;1188
26;2025-12-24;11;1077
26;2025-12-24;12;1120
26;2025-12-24;13;1155
26;2025-12-24;14;1267
26;2025-12-24;15;1307
26;2025-12-24;16;1435
26;2025-12-24;17;1617
26;2025-12-24;18;1813
26;2025-12-24;19;1233
26;2025-12-24;20;767
26;2025-12-24;21;492
26;2025-12-24;22;233
26;2025-12-24;23;127
26;2025-12-25;0;38
26;2025-12-25;1;1
26;2025-12-25;2;0
26;2025-12-25;3;0
26;2025-12-25;4;1
26;2025-12-25;5;87
26;2025-12-25;6;489
26;2025-12-25;7;1072
26;2025-12-25;8;2123
26;2025-12-25;9;1471
26;2025-12-25;10;1165
26;2025-12-25;11;1114
26;2025-12-25;12;1120
26;2025-12-25;13;1153
26;2025-12-25;14;1215
26;2025-12-25;15;1320
26;2025-12-25;16;1479
26;2025-12-25;17;1658
26;2025-12-25;18;1892
26;2025-12-25;19;1262
26;2025-12-25;20;759
26;2025-12-25;21;469
26;2025-12-25;22;243
26;2025-12-25;23;129
26;2025-12-26;0;35
26;2025-12-26;1;2
26;2025-12-26;2;0
26;2025-12-26;3;0
26;2025-12-26;4;1
26;2025-12-26;5;89
26;2025-12-26;6;505
26;2025-12-26;7;1063
26;2025-12-26;8;2043
26;2025-12-26;9;1394
26;2025-12-26;10;1220
26;2025-12-26;11;1068
26;2025-12-26;12;1122
26;2025-12-26;13;1187
26;2025-12-26;14;1246
26;2025-12-26;15;1386
26;2025-12-26;16;1636
26;2025-12-26;17;1711
26;2025-12-26;18;1423
26;2025-12-26;19;1084
26;2025-12-26;20;727
26;2025-12-26;21;474
26;2025-12-26;22;227
26;2025-12-26;23;160
26;2025-12-27;0;46
26;2025-12-27;1;2
26;2025-12-27;2;0
26;2025-12-27;3;0
26;2025-12-27;4;2
26;2025-12-27;5;49
26;2025-12-27;6;263
26;2025-12-27;7;373
26;2025-12-27;8;587
26;2025-12-27;9;686
26;2025-12-27;10;812
26;2025-12-27;11;990
26;2025-12-27;12;1034
26;2025-12-27;13;1033
26;2025-12-27;14;1027
26;2025-12-27;15;980
26;2025-12-27;16;980
26;2025-12-27;17;919
26;2025-12-27;18;876
26;2025-12-27;19;808
26;2025-12-27;20;549
26;2025-12-27;21;367
26;2025-12-27;22;224
26;2025-12-27;23;145
26;2025-12-28;0;52
26;2025-12-28;1;4
26;2025-12-28;2;0
26;2025-12-28;3;0
26;2025-12-28;4;1
26;2025-12-28;5;29
26;2025-12-28;6;172
26;2025-12-28;7;268
26;2025-12-28;8;385
26;2025-12-28;9;525
26;2025-12-28;10;580
26;2025-12-28;11;785
26;2025-12-28;12;828
26;2025-12-28;13;886
26;2025-12-28;14;873
26;2025-12-28;15;811
26;2025-12-28;16;820
26;2025-12-28;17;810
26;2025-12-28;18;762
26;2025-12-28;19;597
26;2025-12-28;20;444
26;2025-12-28;21;305
26;2025-12-28;22;214
26;2025-12-28;23;115
26;2025-12-29;0;27
26;2025-12-29;1;2
26;2025-12-29;2;0
26;2025-12-29;3;0
26;2025-12-29;4;2
26;2025-12-29;5;89
26;2025-12-29;6;508
26;2025-12-29;7;1080
26;2025-12-29;8;2062
26;2025-12-29;9;1423
26;2025-12-29;10;1168
26;2025-12-29;11;1027
26;2025-12-29;12;1052
26;2025-12-29;13;1147
26;2025-12-29;14;1167
26;2025-12-29;15;1270
26;2025-12-29;16;1447
26;2025-12-29;17;1644
26;2025-12-29;18;1845
26;2025-12-29;19;1216
26;2025-12-29;20;760
26;2025-12-29;21;434
26;2025-12-29;22;214
26;2025-12-29;23;103
26;2025-12-30;0;31
26;2025-12-30;1;1
26;2025-12-30;2;0
26;2025-12-30;3;0
26;2025-12-30;4;2
26;2025-12-30;5;86
26;2025-12-30;6;504
26;2025-12-30;7;1092
26;2025-12-30;8;2188
26;2025-12-30;9;1446
26;2025-12-30;10;1186
26;2025-12-30;11;1097
26;2025-12-30;12;1120
26;2025-12-30;13;1139
26;2025-12-30;14;1172
26;2025-12-30;15;1286
26;2025-12-30;16;1450
26;2025-12-30;17;1725
26;2025-12-30;18;1863
26;2025-12-30;19;1319
26;2025-12-30;20;774
26;2025-12-30;21;469
26;2025-12-30;22;223
26;2025-12-30;23;113
26;2025-12-31;0;51
26;2025-12-31;1;4
26;2025-12-31;2;0
26;2025-12-31;3;0
26;2025-12-31;4;1
26;2025-12-31;5;29
26;2025-12-31;6;168
26;2025-12-31;7;263
26;2025-12-31;8;377
26;2025-12-31;9;514
26;2025-12-31;10;568
26;2025-12-31;11;768
26;2025-12-31;12;810
26;2025-12-31;13;867
26;2025-12-31;14;855
26;2025-12-31;15;794
26;2025-12-31;16;802
26;2025-12-31;17;793
26;2025-12-31;18;746
26;2025-12-31;19;584
26;2025-12-31;20;435
26;2025-12-31;21;299
26;2025-12-31;22;210
26;2025-12-31;23;112
28;2025-11-01;0;0
28;2025-11-01;1;0
28;2025-11-01;2;0
28;2025-11-01;3;0
28;2025-11-01;4;2
28;2025-11-01;5;81
28;2025-11-01;6;266
28;2025-11-01;7;792
28;2025-11-01;8;1233
28;2025-11-01;9;820
28;2025-11-01;10;598
28;2025-11-01;11;567
28;2025-11-01;12;713
28;2025-11-01;13;717
28;2025-11-01;14;693
28;2025-11-01;15;748
28;2025-11-01;16;943
28;2025-11-01;17;985
28;2025-11-01;18;839
28;2025-11-01;19;637
28;2025-11-01;20;477
28;2025-11-01;21;325
28;2025-11-01;22;145
28;2025-11-01;23;19
28;2025-11-02;0;0
28;2025-11-02;1;0
28;2025-11-02;2;0
28;2025-11-02;3;0
28;2025-11-02;4;0
28;2025-11-02;5;33
28;2025-11-02;6;88
28;2025-11-02;7;161
28;2025-11-02;8;254
28;2025-11-02;9;333
28;2025-11-02;10;381
28;2025-11-02;11;415
28;2025-11-02;12;472
28;2025-11-02;13;526
28;2025-11-02;14;532
28;2025-11-02;15;538
28;2025-11-02;16;496
28;2025-11-02;17;504
28;2025-11-02;18;440
28;2025-11-02;19;376
28;2025-11-02;20;313
28;2025-11-02;21;257
28;2025-11-02;22;118
28;2025-11-02;23;13
28;2025-11-03;0;0
28;2025-11-03;1;0
28;2025-11-03;2;0
28;2025-11-03;3;0
28;2025-11-03;4;0
28;2025-11-03;5;31
28;2025-11-03;6;84
28;2025-11-03;7;154
28;2025-11-03;8;244
28;2025-11-03;9;319
28;2025-11-03;10;365
28;2025-11-03;11;397
28;2025-11-03;12;453
28;2025-11-03;13;504
28;2025-11-03;14;510
28;2025-11-03;15;516
28;2025-11-03;16;475
28;2025-11-03;17;483
28;2025-11-03;18;422
28;2025-11-03;19;361
28;2025-11-03;20;300
28;2025-11-03;21;246
28;2025-11-03;22;113
28;2025-11-03;23;12
28;2025-11-04;0;0
28;2025-11-04;1;0
28;2025-11-04;2;0
28;2025-11-04;3;0
28;2025-11-04;4;0
28;2025-11-04;5;32
28;2025-11-04;6;87
28;2025-11-04;7;159
28;2025-11-04;8;251
28;2025-11-04;9;329
28;2025-11-04;10;376
28;2025-11-04;11;409
28;2025-11-04;12;466
28;2025-11-04;13;520
28;2025-11-04;14;526
28;2025-11-04;15;531
28;2025-11-04;16;490
28;2025-11-04;17;497
28;2025-11-04;18;435
28;2025-11-04;19;371
28;2025-11-04;20;309
28;2025-11-04;21;254
28;2025-11-04;22;117
28;2025-11-04;23;12
28;2025-11-05;0;0
28;2025-11-05;1;0
28;2025-11-05;2;0
28;2025-11-05;3;0
28;2025-11-05;4;2
28;2025-11-05;5;85
28;2025-11-05;6;275
28;2025-11-05;7;783
28;2025-11-05;8;1211
28;2025-11-05;9;833
28;2025-11-05;10;624
28;2025-11-05;11;587
28;2025-11-05;12;692
28;2025-11-05;13;737
28;2025-11-05;14;648
28;2025-11-05;15;704
28;2025-11-05;16;893
28;2025-11-05;17;966
28;2025-11-05;18;960
28;2025-11-05;19;726
28;2025-11-05;20;505
28;2025-11-05;21;322
28;2025-11-05;22;137
28;2025-11-05;23;15
28;2025-11-06;0;0
28;2025-11-06;1;0
28;2025-11-06;2;0
28;2025-11-06;3;0
28;2025-11-06;4;1
28;2025-11-06;5;79
28;2025-11-06;6;272
28;2025-11-06;7;802
28;2025-11-06;8;1270
28;2025-11-06;9;843
28;2025-11-06;10;609
28;2025-11-06;11;545
28;2025-11-06;12;678
28;2025-11-06;13;717
28;2025-11-06;14;650
28;2025-11-06;15;697
28;2025-11-06;16;864
28;2025-11-06;17;994
28;2025-11-06;18;1009
28;2025-11-06;19;747
28;2025-11-06;20;532
28;2025-11-06;21;321
28;2025-11-06;22;139
28;2025-11-06;23;15
28;2025-11-07;0;0
28;2025-11-07;1;0
28;2025-11-07;2;0
28;2025-11-07;3;0
28;2025-11-07;4;2
28;2025-11-07;5;80
28;2025-11-07;6;264
28;2025-11-07;7;787
28;2025-11-07;8;1224
28;2025-11-07;9;814
28;2025-11-07;10;594
28;2025-11-07;11;563
28;2025-11-07;12;708
28;2025-11-07;13;712
28;2025-11-07;14;688
28;2025-11-07;15;743
28;2025-11-07;16;937
28;2025-11-07;17;978
28;2025-11-07;18;833
28;2025-11-07;19;633
28;2025-11-07;20;474
28;2025-11-07;21;323
28;2025-11-07;22;144
28;2025-11-07;23;18
28;2025-11-08;0;0
28;2025-11-08;1;0
28;2025-11-08;2;0
28;2025-11-08;3;0
28;2025-11-08;4;0
28;2025-11-08;5;39
28;2025-11-08;6;103
28;2025-11-08;7;231
28;2025-11-08;8;395
28;2025-11-08;9;471
28;2025-11-08;10;481
28;2025-11-08;11;501
28;2025-11-08;12;578
28;2025-11-08;13;616
28;2025-11-08;14;620
28;2025-11-08;15;589
28;2025-11-08;16;553
28;2025-11-08;17;566
28;2025-11-08;18;501
28;2025-11-08;19;434
28;2025-11-08;20;323
28;2025-11-08;21;275
28;2025-11-08;22;137
28;2025-11-08;23;19
28;2025-11-09;0;0
28;2025-11-09;1;0
28;2025-11-09;2;0
28;2025-11-09;3;0
28;2025-11-09;4;0
28;2025-11-09;5;33
28;2025-11-09;6;88
28;2025-11-09;7;161
28;2025-11-09;8;254
28;2025-11-09;9;333
28;2025-11-09;10;381
28;2025-11-09;11;415
28;2025-11-09;12;472
28;2025-11-09;13;526
28;2025-11-09;14;532
28;2025-11-09;15;538
28;2025-11-09;16;496
28;2025-11-09;17;504
28;2025-11-09;18;440
28;2025-11-09;19;376
28;2025-11-09;20;313
28;2025-11-09;21;257
28;2025-11-09;22;118
28;2025-11-09;23;13
28;2025-11-10;0;0
28;2025-11-10;1;0
28;2025-11-10;2;0
28;2025-11-10;3;0
28;2025-11-10;4;2
28;2025-11-10;5;79
28;2025-11-10;6;273
28;2025-11-10;7;814
28;2025-11-10;8;1236
28;2025-11-10;9;854
28;2025-11-10;10;598
28;2025-11-10;11;527
28;2025-11-10;12;663
28;2025-11-10;13;674
28;2025-11-10;14;629
28;2025-11-10;15;660
28;2025-11-10;16;876
28;2025-11-10;17;961
28;2025-11-10;18;949
28;2025-11-10;19;717
28;2025-11-10;20;503
28;2025-11-10;21;307
28;2025-11-10;22;124
28;2025-11-10;23;12
28;2025-11-11;0;0
28;2025-11-11;1;0
28;2025-11-11;2;0
28;2025-11-11;3;0
28;2025-11-11;4;2
28;2025-11-11;5;80
28;2025-11-11;6;264
28;2025-11-11;7;840
28;2025-11-11;8;1270
28;2025-11-11;9;871
28;2025-11-11;10;673
28;2025-11-11;11;576
28;2025-11-11;12;679
28;2025-11-11;13;730
28;2025-11-11;14;671
28;2025-11-11;15;699
28;2025-11-11;16;822
28;2025-11-11;17;976
28;2025-11-11;18;942
28;2025-11-11;19;722
28;2025-11-11;20;527
28;2025-11-11;21;318
28;2025-11-11;22;129
28;2025-11-11;23;16
28;2025-11-12;0;0
28;2025-11-12;1;0
28;2025-11-12;2;0
28;2025-11-12;3;0
28;2025-11-12;4;2
28;2025-11-12;5;85
28;2025-11-12;6;275
28;2025-11-12;7;783
28;2025-11-12;8;1211
28;2025-11-12;9;833
28;2025-11-12;10;624
28;2025-11-12;11;587
28;2025-11-12;12;692
28;2025-11-12;13;737
28;2025-11-12;14;648
28;2025-11-12;15;704
28;2025-11-12;16;893
28;2025-11-12;17;966
28;2025-11-12;18;960
28;2025-11-12;19;726
28;2025-11-12;20;505
28;2025-11-12;21;322
28;2025-11-12;22;137
28;2025-11-12;23;15
28;2025-11-13;0;0
28;2025-11-13;1;0
28;2025-11-13;2;0
28;2025-11-13;3;0
28;2025-11-13;4;1
28;2025-11-13;5;79
28;2025-11-13;6;272
28;2025-11-13;7;802
28;2025-11-13;8;1270
28;2025-11-13;9;843
28;2025-11-13;10;609
28;2025-11-13;11;545
28;2025-11-13;12;678
28;2025-11-13;13;717
28;2025-11-13;14;650
28;2025-11-13;15;697
28;2025-11-13;16;864
28;2025-11-13;17;994
28;2025-11-13;18;1009
28;2025-11-13;19;747
28;2025-11-13;20;532
28;2025-11-13;21;321
28;2025-11-13;22;139
28;2025-11-13;23;15
28;2025-11-14;0;0
28;2025-11-14;1;0
28;2025-11-14;2;0
28;2025-11-14;3;0
28;2025-11-14;4;2
28;2025-11-14;5;80
28;2025-11-14;6;264
28;2025-11-14;7;787
28;2025-11-14;8;1224
28;2025-11-14;9;814
28;2025-11-14;10;594
28;2025-11-14;11;563
28;2025-11-14;12;708
28;2025-11-14;13;712
28;2025-11-14;14;688
28;2025-11-14;15;743
28;2025-11-14;16;937
28;2025-11-14;17;978
28;2025-11-14;18;833
28;2025-11-14;19;633
28;2025-11-14;20;474
28;2025-11-14;21;323
28;2025-11-14;22;144
28;2025-11-14;23;18
28;2025-11-15;0;0
28;2025-11-15;1;0
28;2025-11-15;2;0
28;2025-11-15;3;0
28;2025-11-15;4;0
28;2025-11-15;5;39
28;2025-11-15;6;103
28;2025-11-15;7;231
28;2025-11-15;8;395
28;2025-11-15;9;471
28;2025-11-15;10;481
28;2025-11-15;11;501
28;2025-11-15;12;578
28;2025-11-15;13;616
28;2025-11-15;14;620
28;2025-11-15;15;589
28;2025-11-15;16;553
28;2025-11-15;17;566
28;2025-11-15;18;501
28;2025-11-15;19;434
28;2025-11-15;20;323
28;2025-11-15;21;275
28;2025-11-15;22;137
28;2025-11-15;23;19
28;2025-11-16;0;0
28;2025-11-16;1;0
28;2025-11-16;2;0
28;2025-11-16;3;0
28;2025-11-16;4;0
28;2025-11-16;5;33
28;2025-11-16;6;88
28;2025-11-16;7;161
28;2025-11-16;8;254
28;2025-11-16;9;333
28;2025-11-16;10;381
28;2025-11-16;11;415
28;2025-11-16;12;472
28;2025-11-16;13;526
28;2025-11-16;14;532
28;2025-11-16;15;538
28;2025-11-16;16;496
28;2025-11-16;17;504
28;2025-11-16;18;440
28;2025-11-16;19;376
28;2025-11-16;20;313
28;2025-11-16;21;257
28;2025-11-16;22;118
28;2025-11-16;23;13
28;2025-11-17;0;0
28;2025-11-17;1;0
28;2025-11-17;2;0
28;2025-11-17;3;0
28;2025-11-17;4;2
28;2025-11-17;5;79
28;2025-11-17;6;273
28;2025-11-17;7;814
28;2025-11-17;8;1236
28;2025-11-17;9;854
28;2025-11-17;10;598
28;2025-11-17;11;527
28;2025-11-17;12;663
28;2025-11-17;13;674
28;2025-11-17;14;629
28;2025-11-17;15;660
28;2025-11-17;16;876
28;2025-11-17;17;961
28;2025-11-17;18;949
28;2025-11-17;19;717
28;2025-11-17;20;503
28;2025-11-17;21;307
28;2025-11-17;22;124
28;2025-11-17;23;12
28;2025-11-18;0;0
28;2025-11-18;1;0
28;2025-11-18;2;0
28;2025-11-18;3;0
28;2025-11-18;4;2
28;2025-11-18;5;80
28;2025-11-18;6;264
28;2025-11-18;7;840
28;2025-11-18;8;1270
28;2025-11-18;9;871
28;2025-11-18;10;673
28;2025-11-18;11;576
28;2025-11-18;12;679
28;2025-11-18;13;730
28;2025-11-18;14;671
28;2025-11-18;15;699
28;2025-11-18;16;822
28;2025-11-18;17;976
28;2025-11-18;18;942
28;2025-11-18;19;722
28;2025-11-18;20;527
28;2025-11-18;21;318
28;2025-11-18;22;129
28;2025-11-18;23;16
28;2025-11-19;0;0
28;2025-11-19;1;0
28;2025-11-19;2;0
28;2025-11-19;3;0
28;2025-11-19;4;2
28;2025-11-19;5;85
28;2025-11-19;6;275
28;2025-11-19;7;783
28;2025-11-19;8;1211
28;2025-11-19;9;833
28;2025-11-19;10;624
28;2025-11-19;11;587
28;2025-11-19;12;692
28;2025-11-19;13;737
28;2025-11-19;14;648
28;2025-11-19;15;704
28;2025-11-19;16;893
28;2025-11-19;17;966
28;2025-11-19;18;960
28;2025-11-19;19;726
28;2025-11-19;20;505
28;2025-11-19;21;322
28;2025-11-19;22;137
28;2025-11-19;23;15
28;2025-11-20;0;0
28;2025-11-20;1;0
28;2025-11-20;2;0
28;2025-11-20;3;0
28;2025-11-20;4;1
28;2025-11-20;5;79
28;2025-11-20;6;272
28;2025-11-20;7;802
28;2025-11-20;8;1270
28;2025-11-20;9;843
28;2025-11-20;10;609
28;2025-11-20;11;545
28;2025-11-20;12;678
28;2025-11-20;13;717
28;2025-11-20;14;650
28;2025-11-20;15;697
28;2025-11-20;16;864
28;2025-11-20;17;994
28;2025-11-20;18;1009
28;2025-11-20;19;747
28;2025-11-20;20;532
28;2025-11-20;21;321
28;2025-11-20;22;139
28;2025-11-20;23;15
28;2025-11-21;0;0
28;2025-11-21;1;0
28;2025-11-21;2;0
28;2025-11-21;3;0
28;2025-11-21;4;2
28;2025-11-21;5;80
28;2025-11-21;6;264
28;2025-11-21;7;787
28;2025-11-21;8;1224
28;2025-11-21;9;814
28;2025-11-21;10;594
28;2025-11-21;11;563
28;2025-11-21;12;708
28;2025-11-21;13;712
28;2025-11-21;14;688
28;2025-11-21;15;743
28;2025-11-21;16;937
28;2025-11-21;17;978
28;2025-11-21;18;833
28;2025-11-21;19;633
28;2025-11-21;20;474
28;2025-11-21;21;323
28;2025-11-21;22;144
28;2025-11-21;23;18
28;2025-11-22;0;0
28;2025-11-22;1;0
28;2025-11-22;2;0
28;2025-11-22;3;0
28;2025-11-22;4;0
28;2025-11-22;5;39
28;2025-11-22;6;103
28;2025-11-22;7;231
28;2025-11-22;8;395
28;2025-11-22;9;471
28;2025-11-22;10;481
28;2025-11-22;11;501
28;2025-11-22;12;578
28;2025-11-22;13;616
28;2025-11-22;14;620
28;2025-11-22;15;589
28;2025-11-22;16;553
28;2025-11-22;17;566
28;2025-11-22;18;501
28;2025-11-22;19;434
28;2025-11-22;20;323
28;2025-11-22;21;275
28;2025-11-22;22;137
28;2025-11-22;23;19
28;2025-11-23;0;0
28;2025-11-23;1;0
28;2025-11-23;2;0
28;2025-11-23;3;0
28;2025-11-23;4;0
28;2025-11-23;5;33
28;2025-11-23;6;88
28;2025-11-23;7;161
28;2025-11-23;8;254
28;2025-11-23;9;333
28;2025-11-23;10;381
28;2025-11-23;11;415
28;2025-11-23;12;472
28;2025-11-23;13;526
28;2025-11-23;14;532
28;2025-11-23;15;538
28;2025-11-23;16;496
28;2025-11-23;17;504
28;2025-11-23;18;440
28;2025-11-23;19;376
28;2025-11-23;20;313
28;2025-11-23;21;257
28;2025-11-23;22;118
28;2025-11-23;23;13
28;2025-11-24;0;0
28;2025-11-24;1;0
28;2025-11-24;2;0
28;2025-11-24;3;0
28;2025-11-24;4;2
28;2025-11-24;5;79
28;2025-11-24;6;273
28;2025-11-24;7;814
28;2025-11-24;8;1236
28;2025-11-24;9;854
28;2025-11-24;10;598
28;2025-11-24;11;527
28;2025-11-24;12;663
28;2025-11-24;13;674
28;2025-11-24;14;629
28;2025-11-24;15;660
28;2025-11-24;16;876
28;2025-11-24;17;961
28;2025-11-24;18;949
28;2025-11-24;19;717
28;2025-11-24;20;503
28;2025-11-24;21;307
28;2025-11-24;22;124
28;2025-11-24;23;12
28;2025-11-25;0;0
28;2025-11-25;1;0
28;2025-11-25;2;0
28;2025-11-25;3;0
28;2025-11-25;4;2
28;2025-11-25;5;80
28;2025-11-25;6;264
28;2025-11-25;7;840
28;2025-11-25;8;1270
28;2025-11-25;9;871
28;2025-11-25;10;673
28;2025-11-25;11;576
28;2025-11-25;12;679
28;2025-11-25;13;730
28;2025-11-25;14;671
28;2025-11-25;15;699
28;2025-11-25;16;822
28;2025-11-25;17;976
28;2025-11-25;18;942
28;2025-11-25;19;722
28;2025-11-25;20;527
28;2025-11-25;21;318
28;2025-11-25;22;129
28;2025-11-25;23;16
28;2025-11-26;0;0
28;2025-11-26;1;0
28;2025-11-26;2;0
28;2025-11-26;3;0
28;2025-11-26;4;2
28;2025-11-26;5;85
28;2025-11-26;6;275
28;2025-11-26;7;783
28;2025-11-26;8;1211
28;2025-11-26;9;833
28;2025-11-26;10;624
28;2025-11-26;11;587
28;2025-11-26;12;692
28;2025-11-26;13;737
28;2025-11-26;14;648
28;2025-11-26;15;704
28;2025-11-26;16;893
28;2025-11-26;17;966
28;2025-11-26;18;960
28;2025-11-26;19;726
28;2025-11-26;20;505
28;2025-11-26;21;322
28;2025-11-26;22;137
28;2025-11-26;23;15
28;2025-11-27;0;0
28;2025-11-27;1;0
28;2025-11-27;2;0
28;2025-11-27;3;0
28;2025-11-27;4;1
28;2025-11-27;5;79
28;2025-11-27;6;272
28;2025-11-27;7;802
28;2025-11-27;8;1270
28;2025-11-27;9;843
28;2025-11-27;10;609
28;2025-11-27;11;545
28;2025-11-27;12;678
28;2025-11-27;13;717
28;2025-11-27;14;650
28;2025-11-27;15;697
28;2025-11-27;16;864
28;2025-11-27;17;994
28;2025-11-27;18;1009
28;2025-11-27;19;747
28;2025-11-27;20;532
28;2025-11-27;21;321
28;2025-11-27;22;139
28;2025-11-27;23;15
28;2025-11-28;0;0
28;2025-11-28;1;0
28;2025-11-28;2;0
28;2025-11-28;3;0
28;2025-11-28;4;2
28;2025-11-28;5;80
28;2025-11-28;6;264
28;2025-11-28;7;787
28;2025-11-28;8;1224
28;2025-11-28;9;814
28;2025-11-28;10;594
28;2025-11-28;11;563
28;2025-11-28;12;708
28;2025-11-28;13;712
28;2025-11-28;14;688
28;2025-11-28;15;743
28;2025-11-28;16;937
28;2025-11-28;17;978
28;2025-11-28;18;833
28;2025-11-28;19;633
28;2025-11-28;20;474
28;2025-11-28;21;323
28;2025-11-28;22;144
28;2025-11-28;23;18
28;2025-11-29;0;0
28;2025-11-29;1;0
28;2025-11-29;2;0
28;2025-11-29;3;0
28;2025-11-29;4;0
28;2025-11-29;5;39
28;2025-11-29;6;103
28;2025-11-29;7;231
28;2025-11-29;8;395
28;2025-11-29;9;471
28;2025-11-29;10;481
28;2025-11-29;11;501
28;2025-11-29;12;578
28;2025-11-29;13;616
28;2025-11-29;14;620
28;2025-11-29;15;589
28;2025-11-29;16;553
28;2025-11-29;17;566
28;2025-11-29;18;501
28;2025-11-29;19;434
28;2025-11-29;20;323
28;2025-11-29;21;275
28;2025-11-29;22;137
28;2025-11-29;23;19
28;2025-11-30;0;0
28;2025-11-30;1;0
28;2025-11-30;2;0
28;2025-11-30;3;0
28;2025-11-30;4;0
28;2025-11-30;5;33
28;2025-11-30;6;88
28;2025-11-30;7;161
28;2025-11-30;8;254
28;2025-11-30;9;333
28;2025-11-30;10;381
28;2025-11-30;11;415
28;2025-11-30;12;472
28;2025-11-30;13;526
28;2025-11-30;14;532
28;2025-11-30;15;538
28;2025-11-30;16;496
28;2025-11-30;17;504
28;2025-11-30;18;440
28;2025-11-30;19;376
28;2025-11-30;20;313
28;2025-11-30;21;257
28;2025-11-30;22;118
28;2025-11-30;23;13
28;2025-12-01;0;0
28;2025-12-01;1;0
28;2025-12-01;2;0
28;2025-12-01;3;0
28;2025-12-01;4;2
28;2025-12-01;5;79
28;2025-12-01;6;273
28;2025-12-01;7;814
28;2025-12-01;8;1236
28;2025-12-01;9;854
28;2025-12-01;10;598
28;2025-12-01;11;527
28;2025-12-01;12;663
28;2025-12-01;13;674
28;2025-12-01;14;629
28;2025-12-01;15;660
28;2025-12-01;16;876
28;2025-12-01;17;961
28;2025-12-01;18;949
28;2025-12-01;19;717
28;2025-12-01;20;503
28;2025-12-01;21;307
28;2025-12-01;22;124
28;2025-12-01;23;12
28;2025-12-02;0;0
28;2025-12-02;1;0
28;2025-12-02;2;0
28;2025-12-02;3;0
28;2025-12-02;4;2
28;2025-12-02;5;80
28;2025-12-02;6;264
28;2025-12-02;7;840
28;2025-12-02;8;1270
28;2025-12-02;9;871
28;2025-12-02;10;673
28;2025-12-02;11;576
28;2025-12-02;12;679
28;2025-12-02;13;730
28;2025-12-02;14;671
28;2025-12-02;15;699
28;2025-12-02;16;822
28;2025-12-02;17;976
28;2025-12-02;18;942
28;2025-12-02;19;722
28;2025-12-02;20;527
28;2025-12-02;21;318
28;2025-12-02;22;129
28;2025-12-02;23;16
28;2025-12-03;0;0
28;2025-12-03;1;0
28;2025-12-03;2;0
28;2025-12-03;3;0
28;2025-12-03;4;2
28;2025-12-03;5;85
28;2025-12-03;6;275
28;2025-12-03;7;783
28;2025-12-03;8;1211
28;2025-12-03;9;833
28;2025-12-03;10;624
28;2025-12-03;11;587
28;2025-12-03;12;692
28;2025-12-03;13;737
28;2025-12-03;14;648
28;2025-12-03;15;704
28;2025-12-03;16;893
28;2025-12-03;17;966
28;2025-12-03;18;960
28;2025-12-03;19;726
28;2025-12-03;20;505
28;2025-12-03;21;322
28;2025-12-03;22;137
28;2025-12-03;23;15
28;2025-12-04;0;0
28;2025-12-04;1;0
28;2025-12-04;2;0
28;2025-12-04;3;0
28;2025-12-04;4;1
28;2025-12-04;5;79
28;2025-12-04;6;272
28;2025-12-04;7;802
28;2025-12-04;8;1270
28;2025-12-04;9;843
28;2025-12-04;10;609
28;2025-12-04;11;545
28;2025-12-04;12;678
28;2025-12-04;13;717
28;2025-12-04;14;650
28;2025-12-04;15;697
28;2025-12-04;16;864
28;2025-12-04;17;994
28;2025-12-04;18;1009
28;2025-12-04;19;747
28;2025-12-04;20;532
28;2025-12-04;21;321
28;2025-12-04;22;139
28;2025-12-04;23;15
28;2025-12-05;0;0
28;2025-12-05;1;0
28;2025-12-05;2;0
28;2025-12-05;3;0
28;2025-12-05;4;2
28;2025-12-05;5;80
28;2025-12-05;6;264
28;2025-12-05;7;787
28;2025-12-05;8;1224
28;2025-12-05;9;814
28;2025-12-05;10;594
28;2025-12-05;11;563
28;2025-12-05;12;708
28;2025-12-05;13;712
28;2025-12-05;14;688
28;2025-12-05;15;743
28;2025-12-05;16;937
28;2025-12-05;17;978
28;2025-12-05;18;833
28;2025-12-05;19;633
28;2025-12-05;20;474
28;2025-12-05;21;323
28;2025-12-05;22;144
28;2025-12-05;23;18
28;2025-12-06;0;0
28;2025-12-06;1;0
28;2025-12-06;2;0
28;2025-12-06;3;0
28;2025-12-06;4;0
28;2025-12-06;5;39
28;2025-12-06;6;103
28;2025-12-06;7;231
28;2025-12-06;8;395
28;2025-12-06;9;471
28;2025-12-06;10;481
28;2025-12-06;11;501
28;2025-12-06;12;578
28;2025-12-06;13;616
28;2025-12-06;14;620
28;2025-12-06;15;589
28;2025-12-06;16;553
28;2025-12-06;17;566
28;2025-12-06;18;501
28;2025-12-06;19;434
28;2025-12-06;20;323
28;2025-12-06;21;275
28;2025-12-06;22;137
28;2025-12-06;23;19
28;2025-12-07;0;0
28;2025-12-07;1;0
28;2025-12-07;2;0
28;2025-12-07;3;0
28;2025-12-07;4;0
28;2025-12-07;5;33
28;2025-12-07;6;88
28;2025-12-07;7;161
28;2025-12-07;8;254
28;2025-12-07;9;333
28;2025-12-07;10;381
28;2025-12-07;11;415
28;2025-12-07;12;472
28;2025-12-07;13;526
28;2025-12-07;14;532
28;2025-12-07;15;538
28;2025-12-07;16;496
28;2025-12-07;17;504
28;2025-12-07;18;440
28;2025-12-07;19;376
28;2025-12-07;20;313
28;2025-12-07;21;257
28;2025-12-07;22;118
28;2025-12-07;23;13
28;2025-12-08;0;0
28;2025-12-08;1;0
28;2025-12-08;2;0
28;2025-12-08;3;0
28;2025-12-08;4;2
28;2025-12-08;5;79
28;2025-12-08;6;273
28;2025-12-08;7;814
28;2025-12-08;8;1236
28;2025-12-08;9;854
28;2025-12-08;10;598
28;2025-12-08;11;527
28;2025-12-08;12;663
28;2025-12-08;13;674
28;2025-12-08;14;629
28;2025-12-08;15;660
28;2025-12-08;16;876
28;2025-12-08;17;961
28;2025-12-08;18;949
28;2025-12-08;19;717
28;2025-12-08;20;503
28;2025-12-08;21;307
28;2025-12-08;22;124
28;2025-12-08;23;12
28;2025-12-09;0;0
28;2025-12-09;1;0
28;2025-12-09;2;0
28;2025-12-09;3;0
28;2025-12-09;4;2
28;2025-12-09;5;80
28;2025-12-09;6;264
28;2025-12-09;7;840
28;2025-12-09;8;1270
28;2025-12-09;9;871
28;2025-12-09;10;673
28;2025-12-09;11;576
28;2025-12-09;12;679
28;2025-12-09;13;730
28;2025-12-09;14;671
28;2025-12-09;15;699
28;2025-12-09;16;822
28;2025-12-09;17;976
28;2025-12-09;18;942
28;2025-12-09;19;722
28;2025-12-09;20;527
28;2025-12-09;21;318
28;2025-12-09;22;129
28;2025-12-09;23;16
28;2025-12-10;0;0
28;2025-12-10;1;0
28;2025-12-10;2;0
28;2025-12-10;3;0
28;2025-12-10;4;2
28;2025-12-10;5;85
28;2025-12-10;6;275
28;2025-12-10;7;783
28;2025-12-10;8;1211
28;2025-12-10;9;833
28;2025-12-10;10;624
28;2025-12-10;11;587
28;2025-12-10;12;692
28;2025-12-10;13;737
28;2025-12-10;14;648
28;2025-12-10;15;704
28;2025-12-10;16;893
28;2025-12-10;17;966
28;2025-12-10;18;960
28;2025-12-10;19;726
28;2025-12-10;20;505
28;2025-12-10;21;322
28;2025-12-10;22;137
28;2025-12-10;23;15
28;2025-12-11;0;0
28;2025-12-11;1;0
28;2025-12-11;2;0
28;2025-12-11;3;0
28;2025-12-11;4;1
28;2025-12-11;5;79
28;2025-12-11;6;272
28;2025-12-11;7;802
28;2025-12-11;8;1270
28;2025-12-11;9;843
28;2025-12-11;10;609
28;2025-12-11;11;545
28;2025-12-11;12;678
28;2025-12-11;13;717
28;2025-12-11;14;650
28;2025-12-11;15;697
28;2025-12-11;16;864
28;2025-12-11;17;994
28;2025-12-11;18;1009
28;2025-12-11;19;747
28;2025-12-11;20;532
28;2025-12-11;21;321
28;2025-12-11;22;139
28;2025-12-11;23;15
28;2025-12-12;0;0
28;2025-12-12;1;0
28;2025-12-12;2;0
28;2025-12-12;3;0
28;2025-12-12;4;2
28;2025-12-12;5;80
28;2025-12-12;6;264
28;2025-12-12;7;787
28;2025-12-12;8;1224
28;2025-12-12;9;814
28;2025-12-12;10;594
28;2025-12-12;11;563
28;2025-12-12;12;708
28;2025-12-12;13;712
28;2025-12-12;14;688
28;2025-12-12;15;743
28;2025-12-12;16;937
28;2025-12-12;17;978
28;2025-12-12;18;833
28;2025-12-12;19;633
28;2025-12-12;20;474
28;2025-12-12;21;323
28;2025-12-12;22;144
28;2025-12-12;23;18
28;2025-12-13;0;0
28;2025-12-13;1;0
28;2025-12-13;2;0
28;2025-12-13;3;0
28;2025-12-13;4;0
28;2025-12-13;5;39
28;2025-12-13;6;103
28;2025-12-13;7;231
28;2025-12-13;8;395
28;2025-12-13;9;471
28;2025-12-13;10;481
28;2025-12-13;11;501
28;2025-12-13;12;578
28;2025-12-13;13;616
28;2025-12-13;14;620
28;2025-12-13;15;589
28;2025-12-13;16;553
28;2025-12-13;17;566
28;2025-12-13;18;501
28;2025-12-13;19;434
28;2025-12-13;20;323
28;2025-12-13;21;275
28;2025-12-13;22;137
28;2025-12-13;23;19
28;2025-12-14;0;0
28;2025-12-14;1;0
28;2025-12-14;2;0
28;2025-12-14;3;0
28;2025-12-14;4;0
28;2025-12-14;5;33
28;2025-12-14;6;88
28;2025-12-14;7;161
28;2025-12-14;8;254
28;2025-12-14;9;333
28;2025-12-14;10;381
28;2025-12-14;11;415
28;2025-12-14;12;472
28;2025-12-14;13;526
28;2025-12-14;14;532
28;2025-12-14;15;538
28;2025-12-14;16;496
28;2025-12-14;17;504
28;2025-12-14;18;440
28;2025-12-14;19;376
28;2025-12-14;20;313
28;2025-12-14;21;257
28;2025-12-14;22;118
28;2025-12-14;23;13
28;2025-12-15;0;0
28;2025-12-15;1;0
28;2025-12-15;2;0
28;2025-12-15;3;0
28;2025-12-15;4;2
28;2025-12-15;5;79
28;2025-12-15;6;273
28;2025-12-15;7;814
28;2025-12-15;8;1236
28;2025-12-15;9;854
28;2025-12-15;10;598
28;2025-12-15;11;527
28;2025-12-15;12;663
28;2025-12-15;13;674
28;2025-12-15;14;629
28;2025-12-15;15;660
28;2025-12-15;16;876
28;2025-12-15;17;961
28;2025-12-15;18;949
28;2025-12-15;19;717
28;2025-12-15;20;503
28;2025-12-15;21;307
28;2025-12-15;22;124
28;2025-12-15;23;12
28;2025-12-16;0;0
28;2025-12-16;1;0
28;2025-12-16;2;0
28;2025-12-16;3;0
28;2025-12-16;4;2
28;2025-12-16;5;80
28;2025-12-16;6;264
28;2025-12-16;7;840
28;2025-12-16;8;1270
28;2025-12-16;9;871
28;2025-12-16;10;673
28;2025-12-16;11;576
28;2025-12-16;12;679
28;2025-12-16;13;730
28;2025-12-16;14;671
28;2025-12-16;15;699
28;2025-12-16;16;822
28;2025-12-16;17;976
28;2025-12-16;18;942
28;2025-12-16;19;722
28;2025-12-16;20;527
28;2025-12-16;21;318
28;2025-12-16;22;129
28;2025-12-16;23;16
28;2025-12-17;0;0
28;2025-12-17;1;0
28;2025-12-17;2;0
28;2025-12-17;3;0
28;2025-12-17;4;2
28;2025-12-17;5;85
28;2025-12-17;6;275
28;2025-12-17;7;783
28;2025-12-17;8;1211
28;2025-12-17;9;833
28;2025-12-17;10;624
28;2025-12-17;11;587
28;2025-12-17;12;692
28;2025-12-17;13;737
28;2025-12-17;14;648
28;2025-12-17;15;704
28;2025-12-17;16;893
28;2025-12-17;17;966
28;2025-12-17;18;960
28;2025-12-17;19;726
28;2025-12-17;20;505
28;2025-12-17;21;322
28;2025-12-17;22;137
28;2025-12-17;23;15
28;2025-12-18;0;0
28;2025-12-18;1;0
28;2025-12-18;2;0
28;2025-12-18;3;0
28;2025-12-18;4;1
28;2025-12-18;5;79
28;2025-12-18;6;272
28;2025-12-18;7;802
28;2025-12-18;8;1270
28;2025-12-18;9;843
28;2025-12-18;10;609
28;2025-12-18;11;545
28;2025-12-18;12;678
28;2025-12-18;13;717
28;2025-12-18;14;650
28;2025-12-18;15;697
28;2025-12-18;16;864
28;2025-12-18;17;994
28;2025-12-18;18;1009
28;2025-12-18;19;747
28;2025-12-18;20;532
28;2025-12-18;21;321
28;2025-12-18;22;139
28;2025-12-18;23;15
28;2025-12-19;0;0
28;2025-12-19;1;0
28;2025-12-19;2;0
28;2025-12-19;3;0
28;2025-12-19;4;2
28;2025-12-19;5;80
28;2025-12-19;6;264
28;2025-12-19;7;787
28;2025-12-19;8;1224
28;2025-12-19;9;814
28;2025-12-19;10;594
28;2025-12-19;11;563
28;2025-12-19;12;708
28;2025-12-19;13;712
28;2025-12-19;14;688
28;2025-12-19;15;743
28;2025-12-19;16;937
28;2025-12-19;17;978
28;2025-12-19;18;833
28;2025-12-19;19;633
28;2025-12-19;20;474
28;2025-12-19;21;323
28;2025-12-19;22;144
28;2025-12-19;23;18
28;2025-12-20;0;0
28;2025-12-20;1;0
28;2025-12-20;2;0
28;2025-12-20;3;0
28;2025-12-20;4;0
28;2025-12-20;5;39
28;2025-12-20;6;103
28;2025-12-20;7;231
28;2025-12-20;8;395
28;2025-12-20;9;471
28;2025-12-20;10;481
28;2025-12-20;11;501
28;2025-12-20;12;578
28;2025-12-20;13;616
28;2025-12-20;14;620
28;2025-12-20;15;589
28;2025-12-20;16;553
28;2025-12-20;17;566
28;2025-12-20;18;501
28;2025-12-20;19;434
28;2025-12-20;20;323
28;2025-12-20;21;275
28;2025-12-20;22;137
28;2025-12-20;23;19
28;2025-12-21;0;0
28;2025-12-21;1;0
28;2025-12-21;2;0
28;2025-12-21;3;0
28;2025-12-21;4;0
28;2025-12-21;5;33
28;2025-12-21;6;88
28;2025-12-21;7;161
28;2025-12-21;8;254
28;2025-12-21;9;333
28;2025-12-21;10;381
28;2025-12-21;11;415
28;2025-12-21;12;472
28;2025-12-21;13;526
28;2025-12-21;14;532
28;2025-12-21;15;538
28;2025-12-21;16;496
28;2025-12-21;17;504
28;2025-12-21;18;440
28;2025-12-21;19;376
28;2025-12-21;20;313
28;2025-12-21;21;257
28;2025-12-21;22;118
28;2025-12-21;23;13
28;2025-12-22;0;0
28;2025-12-22;1;0
28;2025-12-22;2;0
28;2025-12-22;3;0
28;2025-12-22;4;2
28;2025-12-22;5;79
28;2025-12-22;6;273
28;2025-12-22;7;814
28;2025-12-22;8;1236
28;2025-12-22;9;854
28;2025-12-22;10;598
28;2025-12-22;11;527
28;2025-12-22;12;663
28;2025-12-22;13;674
28;2025-12-22;14;629
28;2025-12-22;15;660
28;2025-12-22;16;876
28;2025-12-22;17;961
28;2025-12-22;18;949
28;2025-12-22;19;717
28;2025-12-22;20;503
28;2025-12-22;21;307
28;2025-12-22;22;124
28;2025-12-22;23;12
28;2025-12-23;0;0
28;2025-12-23;1;0
28;2025-12-23;2;0
28;2025-12-23;3;0
28;2025-12-23;4;2
28;2025-12-23;5;80
28;2025-12-23;6;264
28;2025-12-23;7;840
28;2025-12-23;8;1270
28;2025-12-23;9;871
28;2025-12-23;10;673
28;2025-12-23;11;576
28;2025-12-23;12;679
28;2025-12-23;13;730
28;2025-12-23;14;671
28;2025-12-23;15;699
28;2025-12-23;16;822
28;2025-12-23;17;976
28;2025-12-23;18;942
28;2025-12-23;19;722
28;2025-12-23;20;527
28;2025-12-23;21;318
28;2025-12-23;22;129
28;2025-12-23;23;16
28;2025-12-24;0;0
28;2025-12-24;1;0
28;2025-12-24;2;0
28;2025-12-24;3;0
28;2025-12-24;4;2
28;2025-12-24;5;85
28;2025-12-24;6;275
28;2025-12-24;7;783
28;2025-12-24;8;1211
28;2025-12-24;9;833
28;2025-12-24;10;624
28;2025-12-24;11;587
28;2025-12-24;12;692
28;2025-12-24;13;737
28;2025-12-24;14;648
28;2025-12-24;15;704
28;2025-12-24;16;893
28;2025-12-24;17;966
28;2025-12-24;18;960
28;2025-12-24;19;726
28;2025-12-24;20;505
28;2025-12-24;21;322
28;2025-12-24;22;137
28;2025-12-24;23;15
28;2025-12-25;0;0
28;2025-12-25;1;0
28;2025-12-25;2;0
28;2025-12-25;3;0
28;2025-12-25;4;1
28;2025-12-25;5;79
28;2025-12-25;6;272
28;2025-12-25;7;802
28;2025-12-25;8;1270
28;2025-12-25;9;843
28;2025-12-25;10;609
28;2025-12-25;11;545
28;2025-12-25;12;678
28;2025-12-25;13;717
28;2025-12-25;14;650
28;2025-12-25;15;697
28;2025-12-25;16;864
28;2025-12-25;17;994
28;2025-12-25;18;1009
28;2025-12-25;19;747
28;2025-12-25;20;532
28;2025-12-25;21;321
28;2025-12-25;22;139
28;2025-12-25;23;15
28;2025-12-26;0;0
28;2025-12-26;1;0
28;2025-12-26;2;0
28;2025-12-26;3;0
28;2025-12-26;4;2
28;2025-12-26;5;80
28;2025-12-26;6;264
28;2025-12-26;7;787
28;2025-12-26;8;1224
28;2025-12-26;9;814
28;2025-12-26;10;594
28;2025-12-26;11;563
28;2025-12-26;12;708
28;2025-12-26;13;712
28;2025-12-26;14;688
28;2025-12-26;15;743
28;2025-12-26;16;937
28;2025-12-26;17;978
28;2025-12-26;18;833
28;2025-12-26;19;633
28;2025-12-26;20;474
28;2025-12-26;21;323
28;2025-12-26;22;144
28;2025-12-26;23;18
28;2025-12-27;0;0
28;2025-12-27;1;0
28;2025-12-27;2;0
28;2025-12-27;3;0
28;2025-12-27;4;0
28;2025-12-27;5;39
28;2025-12-27;6;103
28;2025-12-27;7;231
28;2025-12-27;8;395
28;2025-12-27;9;471
28;2025-12-27;10;481
28;2025-12-27;11;501
28;2025-12-27;12;578
28;2025-12-27;13;616
28;2025-12-27;14;620
28;2025-12-27;15;589
28;2025-12-27;16;553
28;2025-12-27;17;566
28;2025-12-27;18;501
28;2025-12-27;19;434
28;2025-12-27;20;323
28;2025-12-27;21;275
28;2025-12-27;22;137
28;2025-12-27;23;19
28;2025-12-28;0;0
28;2025-12-28;1;0
28;2025-12-28;2;0
28;2025-12-28;3;0
28;2025-12-28;4;0
28;2025-12-28;5;33
28;2025-12-28;6;88
28;2025-12-28;7;161
28;2025-12-28;8;254
28;2025-12-28;9;333
28;2025-12-28;10;381
28;2025-12-28;11;415
28;2025-12-28;12;472
28;2025-12-28;13;526
28;2025-12-28;14;532
28;2025-12-28;15;538
28;2025-12-28;16;496
28;2025-12-28;17;504
28;2025-12-28;18;440
28;2025-12-28;19;376
28;2025-12-28;20;313
28;2025-12-28;21;257
28;2025-12-28;22;118
28;2025-12-28;23;13
28;2025-12-29;0;0
28;2025-12-29;1;0
28;2025-12-29;2;0
28;2025-12-29;3;0
28;2025-12-29;4;2
28;2025-12-29;5;79
28;2025-12-29;6;273
28;2025-12-29;7;814
28;2025-12-29;8;1236
28;2025-12-29;9;854
28;2025-12-29;10;598
28;2025-12-29;11;527
28;2025-12-29;12;663
28;2025-12-29;13;674
28;2025-12-29;14;629
28;2025-12-29;15;660
28;2025-12-29;16;876
28;2025-12-29;17;961
28;2025-12-29;18;949
28;2025-12-29;19;717
28;2025-12-29;20;503
28;2025-12-29;21;307
28;2025-12-29;22;124
28;2025-12-29;23;12
28;2025-12-30;0;0
28;2025-12-30;1;0
28;2025-12-30;2;0
28;2025-12-30;3;0
28;2025-12-30;4;2
28;2025-12-30;5;80
28;2025-12-30;6;264
28;2025-12-30;7;840
28;2025-12-30;8;1270
28;2025-12-30;9;871
28;2025-12-30;10;673
28;2025-12-30;11;576
28;2025-12-30;12;679
28;2025-12-30;13;730
28;2025-12-30;14;671
28;2025-12-30;15;699
28;2025-12-30;16;822
28;2025-12-30;17;976
28;2025-12-30;18;942
28;2025-12-30;19;722
28;2025-12-30;20;527
28;2025-12-30;21;318
28;2025-12-30;22;129
28;2025-12-30;23;16
28;2025-12-31;0;0
28;2025-12-31;1;0
28;2025-12-31;2;0
28;2025-12-31;3;0
28;2025-12-31;4;0
28;2025-12-31;5;32
28;2025-12-31;6;86
28;2025-12-31;7;158
28;2025-12-31;8;249
28;2025-12-31;9;326
28;2025-12-31;10;373
28;2025-12-31;11;406
28;2025-12-31;12;462
28;2025-12-31;13;515
28;2025-12-31;14;521
28;2025-12-31;15;527
28;2025-12-31;16;485
28;2025-12-31;17;493
28;2025-12-31;18;431
28;2025-12-31;19;368
28;2025-12-31;20;307
28;2025-12-31;21;251
28;2025-12-31;22;116
28;2025-12-31;23;12
50;2025-11-01;0;18
50;2025-11-01;1;0
50;2025-11-01;2;0
50;2025-11-01;3;0
50;2025-11-01;4;0
50;2025-11-01;5;0
50;2025-11-01;6;0
50;2025-11-01;7;0
50;2025-11-01;8;0
50;2025-11-01;9;2
50;2025-11-01;10;4
50;2025-11-01;11;5
50;2025-11-01;12;10
50;2025-11-01;13;8
50;2025-11-01;14;6
50;2025-11-01;15;4
50;2025-11-01;16;6
50;2025-11-01;17;9
50;2025-11-01;18;8
50;2025-11-01;19;0
50;2025-11-01;20;2
50;2025-11-01;21;0
50;2025-11-01;22;1
50;2025-11-01;23;0
50;2025-11-02;0;18
50;2025-11-02;1;0
50;2025-11-02;2;0
50;2025-11-02;3;0
50;2025-11-02;4;0
50;2025-11-02;5;0
50;2025-11-02;6;0
50;2025-11-02;7;0
50;2025-11-02;8;0
50;2025-11-02;9;2
50;2025-11-02;10;4
50;2025-11-02;11;5
50;2025-11-02;12;10
50;2025-11-02;13;8
50;2025-11-02;14;6
50;2025-11-02;15;4
50;2025-11-02;16;6
50;2025-11-02;17;9
50;2025-11-02;18;8
50;2025-11-02;19;0
50;2025-11-02;20;2
50;2025-11-02;21;0
50;2025-11-02;22;1
50;2025-11-02;23;0
50;2025-11-03;0;54
50;2025-11-03;1;7
50;2025-11-03;2;0
50;2025-11-03;3;0
50;2025-11-03;4;1
50;2025-11-03;5;30
50;2025-11-03;6;143
50;2025-11-03;7;268
50;2025-11-03;8;386
50;2025-11-03;9;486
50;2025-11-03;10;525
50;2025-11-03;11;661
50;2025-11-03;12;763
50;2025-11-03;13;805
50;2025-11-03;14;824
50;2025-11-03;15;776
50;2025-11-03;16;776
50;2025-11-03;17;763
50;2025-11-03;18;703
50;2025-11-03;19;594
50;2025-11-03;20;489
50;2025-11-03;21;389
50;2025-11-03;22;237
50;2025-11-03;23;125
50;2025-11-04;0;55
50;2025-11-04;1;7
50;2025-11-04;2;0
50;2025-11-04;3;0
50;2025-11-04;4;1
50;2025-11-04;5;31
50;2025-11-04;6;147
50;2025-11-04;7;276
50;2025-11-04;8;398
50;2025-11-04;9;500
50;2025-11-04;10;540
50;2025-11-04;11;681
50;2025-11-04;12;786
50;2025-11-04;13;829
50;2025-11-04;14;849
50;2025-11-04;15;800
50;2025-11-04;16;800
50;2025-11-04;17;786
50;2025-11-04;18;724
50;2025-11-04;19;612
50;2025-11-04;20;503
50;2025-11-04;21;401
50;2025-11-04;22;245
50;2025-11-04;23;129
50;2025-11-05;0;33
50;2025-11-05;1;3
50;2025-11-05;2;0
50;2025-11-05;3;0
50;2025-11-05;4;3
50;2025-11-05;5;67
50;2025-11-05;6;529
50;2025-11-05;7;1743
50;2025-11-05;8;2772
50;2025-11-05;9;2111
50;2025-11-05;10;1620
50;2025-11-05;11;1560
50;2025-11-05;12;1436
50;2025-11-05;13;1466
50;2025-11-05;14;1430
50;2025-11-05;15;1667
50;2025-11-05;16;1703
50;2025-11-05;17;2337
50;2025-11-05;18;2437
50;2025-11-05;19;1548
50;2025-11-05;20;918
50;2025-11-05;21;640
50;2025-11-05;22;295
50;2025-11-05;23;138
50;2025-11-06;0;38
50;2025-11-06;1;2
50;2025-11-06;2;0
50;2025-11-06;3;0
50;2025-11-06;4;2
50;2025-11-06;5;70
50;2025-11-06;6;539
50;2025-11-06;7;1771
50;2025-11-06;8;2700
50;2025-11-06;9;2156
50;2025-11-06;10;1676
50;2025-11-06;11;1580
50;2025-11-06;12;1473
50;2025-11-06;13;1423
50;2025-11-06;14;1420
50;2025-11-06;15;1642
50;2025-11-06;16;1731
50;2025-11-06;17;2354
50;2025-11-06;18;2511
50;2025-11-06;19;1470
50;2025-11-06;20;954
50;2025-11-06;21;687
50;2025-11-06;22;293
50;2025-11-06;23;158
50;2025-11-07;0;38
50;2025-11-07;1;2
50;2025-11-07;2;0
50;2025-11-07;3;0
50;2025-11-07;4;2
50;2025-11-07;5;66
50;2025-11-07;6;558
50;2025-11-07;7;1757
50;2025-11-07;8;2712
50;2025-11-07;9;2082
50;2025-11-07;10;1584
50;2025-11-07;11;1632
50;2025-11-07;12;1541
50;2025-11-07;13;1516
50;2025-11-07;14;1481
50;2025-11-07;15;1766
50;2025-11-07;16;2145
50;2025-11-07;17;2175
50;2025-11-07;18;1800
50;2025-11-07;19;1272
50;2025-11-07;20;842
50;2025-11-07;21;580
50;2025-11-07;22;312
50;2025-11-07;23;180
50;2025-11-08;0;18
50;2025-11-08;1;0
50;2025-11-08;2;0
50;2025-11-08;3;0
50;2025-11-08;4;0
50;2025-11-08;5;0
50;2025-11-08;6;0
50;2025-11-08;7;0
50;2025-11-08;8;0
50;2025-11-08;9;2
50;2025-11-08;10;4
50;2025-11-08;11;5
50;2025-11-08;12;10
50;2025-11-08;13;8
50;2025-11-08;14;6
50;2025-11-08;15;4
50;2025-11-08;16;6
50;2025-11-08;17;9
50;2025-11-08;18;8
50;2025-11-08;19;0
50;2025-11-08;20;2
50;2025-11-08;21;0
50;2025-11-08;22;1
50;2025-11-08;23;0
50;2025-11-09;0;18
50;2025-11-09;1;0
50;2025-11-09;2;0
50;2025-11-09;3;0
50;2025-11-09;4;0
50;2025-11-09;5;0
50;2025-11-09;6;0
50;2025-11-09;7;0
50;2025-11-09;8;0
50;2025-11-09;9;2
50;2025-11-09;10;4
50;2025-11-09;11;5
50;2025-11-09;12;10
50;2025-11-09;13;8
50;2025-11-09;14;6
50;2025-11-09;15;4
50;2025-11-09;16;6
50;2025-11-09;17;9
50;2025-11-09;18;8
50;2025-11-09;19;0
50;2025-11-09;20;2
50;2025-11-09;21;0
50;2025-11-09;22;1
50;2025-11-09;23;0
50;2025-11-10;0;24
50;2025-11-10;1;3
50;2025-11-10;2;0
50;2025-11-10;3;0
50;2025-11-10;4;3
50;2025-11-10;5;68
50;2025-11-10;6;526
50;2025-11-10;7;1743
50;2025-11-10;8;2746
50;2025-11-10;9;2162
50;2025-11-10;10;1620
50;2025-11-10;11;1524
50;2025-11-10;12;1362
50;2025-11-10;13;1435
50;2025-11-10;14;1358
50;2025-11-10;15;1606
50;2025-11-10;16;1620
50;2025-11-10;17;2250
50;2025-11-10;18;2500
50;2025-11-10;19;1464
50;2025-11-10;20;897
50;2025-11-10;21;606
50;2025-11-10;22;263
50;2025-11-10;23;121
50;2025-11-11;0;32
50;2025-11-11;1;2
50;2025-11-11;2;0
50;2025-11-11;3;0
50;2025-11-11;4;2
50;2025-11-11;5;65
50;2025-11-11;6;574
50;2025-11-11;7;1825
50;2025-11-11;8;2827
50;2025-11-11;9;2183
50;2025-11-11;10;1671
50;2025-11-11;11;1523
50;2025-11-11;12;1470
50;2025-11-11;13;1472
50;2025-11-11;14;1393
50;2025-11-11;15;1667
50;2025-11-11;16;1660
50;2025-11-11;17;2383
50;2025-11-11;18;2510
50;2025-11-11;19;1473
50;2025-11-11;20;924
50;2025-11-11;21;624
50;2025-11-11;22;270
50;2025-11-11;23;134
50;2025-11-12;0;33
50;2025-11-12;1;3
50;2025-11-12;2;0
50;2025-11-12;3;0
50;2025-11-12;4;3
50;2025-11-12;5;67
50;2025-11-12;6;529
50;2025-11-12;7;1743
50;2025-11-12;8;2772
50;2025-11-12;9;2111
50;2025-11-12;10;1620
50;2025-11-12;11;1560
50;2025-11-12;12;1436
50;2025-11-12;13;1466
50;2025-11-12;14;1430
50;2025-11-12;15;1667
50;2025-11-12;16;1703
50;2025-11-12;17;2337
50;2025-11-12;18;2437
50;2025-11-12;19;1548
50;2025-11-12;20;918
50;2025-11-12;21;640
50;2025-11-12;22;295
50;2025-11-12;23;138
50;2025-11-13;0;38
50;2025-11-13;1;2
50;2025-11-13;2;0
50;2025-11-13;3;0
50;2025-11-13;4;2
50;2025-11-13;5;70
50;2025-11-13;6;539
50;2025-11-13;7;1771
50;2025-11-13;8;2700
50;2025-11-13;9;2156
50;2025-11-13;10;1676
50;2025-11-13;11;1580
50;2025-11-13;12;1473
50;2025-11-13;13;1423
50;2025-11-13;14;1420
50;2025-11-13;15;1642
50;2025-11-13;16;1731
50;2025-11-13;17;2354
50;2025-11-13;18;2511
50;2025-11-13;19;1470
50;2025-11-13;20;954
50;2025-11-13;21;687
50;2025-11-13;22;293
50;2025-11-13;23;158
50;2025-11-14;0;38
50;2025-11-14;1;2
50;2025-11-14;2;0
50;2025-11-14;3;0
50;2025-11-14;4;2
50;2025-11-14;5;66
50;2025-11-14;6;558
50;2025-11-14;7;1757
50;2025-11-14;8;2712
50;2025-11-14;9;2082
50;2025-11-14;10;1584
50;2025-11-14;11;1632
50;2025-11-14;12;1541
50;2025-11-14;13;1516
50;2025-11-14;14;1481
50;2025-11-14;15;1766
50;2025-11-14;16;2145
50;2025-11-14;17;2175
50;2025-11-14;18;1800
50;2025-11-14;19;1272
50;2025-11-14;20;842
50;2025-11-14;21;580
50;2025-11-14;22;312
50;2025-11-14;23;180
50;2025-11-15;0;18
50;2025-11-15;1;0
50;2025-11-15;2;0
50;2025-11-15;3;0
50;2025-11-15;4;0
50;2025-11-15;5;0
50;2025-11-15;6;0
50;2025-11-15;7;0
50;2025-11-15;8;0
50;2025-11-15;9;2
50;2025-11-15;10;4
50;2025-11-15;11;5
50;2025-11-15;12;10
50;2025-11-15;13;8
50;2025-11-15;14;6
50;2025-11-15;15;4
50;2025-11-15;16;6
50;2025-11-15;17;9
50;2025-11-15;18;8
50;2025-11-15;19;0
50;2025-11-15;20;2
50;2025-11-15;21;0
50;2025-11-15;22;1
50;2025-11-15;23;0
50;2025-11-16;0;18
50;2025-11-16;1;0
50;2025-11-16;2;0
50;2025-11-16;3;0
50;2025-11-16;4;0
50;2025-11-16;5;0
50;2025-11-16;6;0
50;2025-11-16;7;0
50;2025-11-16;8;0
50;2025-11-16;9;2
50;2025-11-16;10;4
50;2025-11-16;11;5
50;2025-11-16;12;10
50;2025-11-16;13;8
50;2025-11-16;14;6
50;2025-11-16;15;4
50;2025-11-16;16;6
50;2025-11-16;17;9
50;2025-11-16;18;8
50;2025-11-16;19;0
50;2025-11-16;20;2
50;2025-11-16;21;0
50;2025-11-16;22;1
50;2025-11-16;23;0
50;2025-11-17;0;24
50;2025-11-17;1;3
50;2025-11-17;2;0
50;2025-11-17;3;0
50;2025-11-17;4;3
50;2025-11-17;5;68
50;2025-11-17;6;526
50;2025-11-17;7;1743
50;2025-11-17;8;2746
50;2025-11-17;9;2162
50;2025-11-17;10;1620
50;2025-11-17;11;1524
50;2025-11-17;12;1362
50;2025-11-17;13;1435
50;2025-11-17;14;1358
50;2025-11-17;15;1606
50;2025-11-17;16;1620
50;2025-11-17;17;2250
50;2025-11-17;18;2500
50;2025-11-17;19;1464
50;2025-11-17;20;897
50;2025-11-17;21;606
50;2025-11-17;22;263
50;2025-11-17;23;121
50;2025-11-18;0;32
50;2025-11-18;1;2
50;2025-11-18;2;0
50;2025-11-18;3;0
50;2025-11-18;4;2
50;2025-11-18;5;65
50;2025-11-18;6;574
50;2025-11-18;7;1825
50;2025-11-18;8;2827
50;2025-11-18;9;2183
50;2025-11-18;10;1671
50;2025-11-18;11;1523
50;2025-11-18;12;1470
50;2025-11-18;13;1472
50;2025-11-18;14;1393
50;2025-11-18;15;1667
50;2025-11-18;16;1660
50;2025-11-18;17;2383
50;2025-11-18;18;2510
50;2025-11-18;19;1473
50;2025-11-18;20;924
50;2025-11-18;21;624
50;2025-11-18;22;270
50;2025-11-18;23;134
50;2025-11-19;0;33
50;2025-11-19;1;3
50;2025-11-19;2;0
50;2025-11-19;3;0
50;2025-11-19;4;3
50;2025-11-19;5;67
50;2025-11-19;6;529
50;2025-11-19;7;1743
50;2025-11-19;8;2772
50;2025-11-19;9;2111
50;2025-11-19;10;1620
50;2025-11-19;11;1560
50;2025-11-19;12;1436
50;2025-11-19;13;1466
50;2025-11-19;14;1430
50;2025-11-19;15;1667
50;2025-11-19;16;1703
50;2025-11-19;17;2337
50;2025-11-19;18;2437
50;2025-11-19;19;1548
50;2025-11-19;20;918
50;2025-11-19;21;640
50;2025-11-19;22;295
50;2025-11-19;23;138
50;2025-11-20;0;38
50;2025-11-20;1;2
50;2025-11-20;2;0
50;2025-11-20;3;0
50;2025-11-20;4;2
50;2025-11-20;5;70
50;2025-11-20;6;539
50;2025-11-20;7;1771
50;2025-11-20;8;2700
50;2025-11-20;9;2156
50;2025-11-20;10;1676
50;2025-11-20;11;1580
50;2025-11-20;12;1473
50;2025-11-20;13;1423
50;2025-11-20;14;1420
50;2025-11-20;15;1642
50;2025-11-20;16;1731
50;2025-11-20;17;2354
50;2025-11-20;18;2511
50;2025-11-20;19;1470
50;2025-11-20;20;954
50;2025-11-20;21;687
50;2025-11-20;22;293
50;2025-11-20;23;158
50;2025-11-21;0;38
50;2025-11-21;1;2
50;2025-11-21;2;0
50;2025-11-21;3;0
50;2025-11-21;4;2
50;2025-11-21;5;66
50;2025-11-21;6;558
50;2025-11-21;7;1757
50;2025-11-21;8;2712
50;2025-11-21;9;2082
50;2025-11-21;10;1584
50;2025-11-21;11;1632
50;2025-11-21;12;1541
50;2025-11-21;13;1516
50;2025-11-21;14;1481
50;2025-11-21;15;1766
50;2025-11-21;16;2145
50;2025-11-21;17;2175
50;2025-11-21;18;1800
50;2025-11-21;19;1272
50;2025-11-21;20;842
50;2025-11-21;21;580
50;2025-11-21;22;312
50;2025-11-21;23;180
50;2025-11-22;0;18
50;2025-11-22;1;0
50;2025-11-22;2;0
50;2025-11-22;3;0
50;2025-11-22;4;0
50;2025-11-22;5;0
50;2025-11-22;6;0
50;2025-11-22;7;0
50;2025-11-22;8;0
50;2025-11-22;9;2
50;2025-11-22;10;4
50;2025-11-22;11;5
50;2025-11-22;12;10
50;2025-11-22;13;8
50;2025-11-22;14;6
50;2025-11-22;15;4
50;2025-11-22;16;6
50;2025-11-22;17;9
50;2025-11-22;18;8
50;2025-11-22;19;0
50;2025-11-22;20;2
50;2025-11-22;21;0
50;2025-11-22;22;1
50;2025-11-22;23;0
50;2025-11-23;0;18
50;2025-11-23;1;0
50;2025-11-23;2;0
50;2025-11-23;3;0
50;2025-11-23;4;0
50;2025-11-23;5;0
50;2025-11-23;6;0
50;2025-11-23;7;0
50;2025-11-23;8;0
50;2025-11-23;9;2
50;2025-11-23;10;4
50;2025-11-23;11;5
50;2025-11-23;12;10
50;2025-11-23;13;8
50;2025-11-23;14;6
50;2025-11-23;15;4
50;2025-11-23;16;6
50;2025-11-23;17;9
50;2025-11-23;18;8
50;2025-11-23;19;0
50;2025-11-23;20;2
50;2025-11-23;21;0
50;2025-11-23;22;1
50;2025-11-23;23;0
50;2025-11-24;0;24
50;2025-11-24;1;3
50;2025-11-24;2;0
50;2025-11-24;3;0
50;2025-11-24;4;3
50;2025-11-24;5;68
50;2025-11-24;6;526
50;2025-11-24;7;1743
50;2025-11-24;8;2746
50;2025-11-24;9;2162
50;2025-11-24;10;1620
50;2025-11-24;11;1524
50;2025-11-24;12;1362
50;2025-11-24;13;1435
50;2025-11-24;14;1358
50;2025-11-24;15;1606
50;2025-11-24;16;1620
50;2025-11-24;17;2250
50;2025-11-24;18;2500
50;2025-11-24;19;1464
50;2025-11-24;20;897
50;2025-11-24;21;606
50;2025-11-24;22;263
50;2025-11-24;23;121
50;2025-11-25;0;32
50;2025-11-25;1;2
50;2025-11-25;2;0
50;2025-11-25;3;0
50;2025-11-25;4;2
50;2025-11-25;5;65
50;2025-11-25;6;574
50;2025-11-25;7;1825
50;2025-11-25;8;2827
50;2025-11-25;9;2183
50;2025-11-25;10;1671
50;2025-11-25;11;1523
50;2025-11-25;12;1470
50;2025-11-25;13;1472
50;2025-11-25;14;1393
50;2025-11-25;15;1667
50;2025-11-25;16;1660
50;2025-11-25;17;2383
50;2025-11-25;18;2510
50;2025-11-25;19;1473
50;2025-11-25;20;924
50;2025-11-25;21;624
50;2025-11-25;22;270
50;2025-11-25;23;134
50;2025-11-26;0;33
50;2025-11-26;1;3
50;2025-11-26;2;0
50;2025-11-26;3;0
50;2025-11-26;4;3
50;2025-11-26;5;67
50;2025-11-26;6;529
50;2025-11-26;7;1743
50;2025-11-26;8;2772
50;2025-11-26;9;2111
50;2025-11-26;10;1620
50;2025-11-26;11;1560
50;2025-11-26;12;1436
50;2025-11-26;13;1466
50;2025-11-26;14;1430
50;2025-11-26;15;1667
50;2025-11-26;16;1703
50;2025-11-26;17;2337
50;2025-11-26;18;2437
50;2025-11-26;19;1548
50;2025-11-26;20;918
50;2025-11-26;21;640
50;2025-11-26;22;295
50;2025-11-26;23;138
50;2025-11-27;0;38
50;2025-11-27;1;2
50;2025-11-27;2;0
50;2025-11-27;3;0
50;2025-11-27;4;2
50;2025-11-27;5;70
50;2025-11-27;6;539
50;2025-11-27;7;1771
50;2025-11-27;8;2700
50;2025-11-27;9;2156
50;2025-11-27;10;1676
50;2025-11-27;11;1580
50;2025-11-27;12;1473
50;2025-11-27;13;1423
50;2025-11-27;14;1420
50;2025-11-27;15;1642
50;2025-11-27;16;1731
50;2025-11-27;17;2354
50;2025-11-27;18;2511
50;2025-11-27;19;1470
50;2025-11-27;20;954
50;2025-11-27;21;687
50;2025-11-27;22;293
50;2025-11-27;23;158
50;2025-11-28;0;38
50;2025-11-28;1;2
50;2025-11-28;2;0
50;2025-11-28;3;0
50;2025-11-28;4;2
50;2025-11-28;5;66
50;2025-11-28;6;558
50;2025-11-28;7;1757
50;2025-11-28;8;2712
50;2025-11-28;9;2082
50;2025-11-28;10;1584
50;2025-11-28;11;1632
50;2025-11-28;12;1541
50;2025-11-28;13;1516
50;2025-11-28;14;1481
50;2025-11-28;15;1766
50;2025-11-28;16;2145
50;2025-11-28;17;2175
50;2025-11-28;18;1800
50;2025-11-28;19;1272
50;2025-11-28;20;842
50;2025-11-28;21;580
50;2025-11-28;22;312
50;2025-11-28;23;180
50;2025-11-29;0;18
50;2025-11-29;1;0
50;2025-11-29;2;0
50;2025-11-29;3;0
50;2025-11-29;4;0
50;2025-11-29;5;0
50;2025-11-29;6;0
50;2025-11-29;7;0
50;2025-11-29;8;0
50;2025-11-29;9;2
50;2025-11-29;10;4
50;2025-11-29;11;5
50;2025-11-29;12;10
50;2025-11-29;13;8
50;2025-11-29;14;6
50;2025-11-29;15;4
50;2025-11-29;16;6
50;2025-11-29;17;9
50;2025-11-29;18;8
50;2025-11-29;19;0
50;2025-11-29;20;2
50;2025-11-29;21;0
50;2025-11-29;22;1
50;2025-11-29;23;0
50;2025-11-30;0;18
50;2025-11-30;1;0
50;2025-11-30;2;0
50;2025-11-30;3;0
50;2025-11-30;4;0
50;2025-11-30;5;0
50;2025-11-30;6;0
50;2025-11-30;7;0
50;2025-11-30;8;0
50;2025-11-30;9;2
50;2025-11-30;10;4
50;2025-11-30;11;5
50;2025-11-30;12;10
50;2025-11-30;13;8
50;2025-11-30;14;6
50;2025-11-30;15;4
50;2025-11-30;16;6
50;2025-11-30;17;9
50;2025-11-30;18;8
50;2025-11-30;19;0
50;2025-11-30;20;2
50;2025-11-30;21;0
50;2025-11-30;22;1
50;2025-11-30;23;0
50;2025-12-01;0;24
50;2025-12-01;1;3
50;2025-12-01;2;0
50;2025-12-01;3;0
50;2025-12-01;4;3
50;2025-12-01;5;68
50;2025-12-01;6;526
50;2025-12-01;7;1743
50;2025-12-01;8;2746
50;2025-12-01;9;2162
50;2025-12-01;10;1620
50;2025-12-01;11;1524
50;2025-12-01;12;1362
50;2025-12-01;13;1435
50;2025-12-01;14;1358
50;2025-12-01;15;1606
50;2025-12-01;16;1620
50;2025-12-01;17;2250
50;2025-12-01;18;2500
50;2025-12-01;19;1464
50;2025-12-01;20;897
50;2025-12-01;21;606
50;2025-12-01;22;263
50;2025-12-01;23;121
50;2025-12-02;0;32
50;2025-12-02;1;2
50;2025-12-02;2;0
50;2025-12-02;3;0
50;2025-12-02;4;2
50;2025-12-02;5;65
50;2025-12-02;6;574
50;2025-12-02;7;1825
50;2025-12-02;8;2827
50;2025-12-02;9;2183
50;2025-12-02;10;1671
50;2025-12-02;11;1523
50;2025-12-02;12;1470
50;2025-12-02;13;1472
50;2025-12-02;14;1393
50;2025-12-02;15;1667
50;2025-12-02;16;1660
50;2025-12-02;17;2383
50;2025-12-02;18;2510
50;2025-12-02;19;1473
50;2025-12-02;20;924
50;2025-12-02;21;624
50;2025-12-02;22;270
50;2025-12-02;23;134
50;2025-12-03;0;33
50;2025-12-03;1;3
50;2025-12-03;2;0
50;2025-12-03;3;0
50;2025-12-03;4;3
50;2025-12-03;5;67
50;2025-12-03;6;529
50;2025-12-03;7;1743
50;2025-12-03;8;2772
50;2025-12-03;9;2111
50;2025-12-03;10;1620
50;2025-12-03;11;1560
50;2025-12-03;12;1436
50;2025-12-03;13;1466
50;2025-12-03;14;1430
50;2025-12-03;15;1667
50;2025-12-03;16;1703
50;2025-12-03;17;2337
50;2025-12-03;18;2437
50;2025-12-03;19;1548
50;2025-12-03;20;918
50;2025-12-03;21;640
50;2025-12-03;22;295
50;2025-12-03;23;138
50;2025-12-04;0;38
50;2025-12-04;1;2
50;2025-12-04;2;0
50;2025-12-04;3;0
50;2025-12-04;4;2
50;2025-12-04;5;70
50;2025-12-04;6;539
50;2025-12-04;7;1771
50;2025-12-04;8;2700
50;2025-12-04;9;2156
50;2025-12-04;10;1676
50;2025-12-04;11;1580
50;2025-12-04;12;1473
50;2025-12-04;13;1423
50;2025-12-04;14;1420
50;2025-12-04;15;1642
50;2025-12-04;16;1731
50;2025-12-04;17;2354
50;2025-12-04;18;2511
50;2025-12-04;19;1470
50;2025-12-04;20;954
50;2025-12-04;21;687
50;2025-12-04;22;293
50;2025-12-04;23;158
50;2025-12-05;0;38
50;2025-12-05;1;2
50;2025-12-05;2;0
50;2025-12-05;3;0
50;2025-12-05;4;2
50;2025-12-05;5;66
50;2025-12-05;6;558
50;2025-12-05;7;1757
50;2025-12-05;8;2712
50;2025-12-05;9;2082
50;2025-12-05;10;1584
50;2025-12-05;11;1632
50;2025-12-05;12;1541
50;2025-12-05;13;1516
50;2025-12-05;14;1481
50;2025-12-05;15;1766
50;2025-12-05;16;2145
50;2025-12-05;17;2175
50;2025-12-05;18;1800
50;2025-12-05;19;1272
50;2025-12-05;20;842
50;2025-12-05;21;580
50;2025-12-05;22;312
50;2025-12-05;23;180
50;2025-12-06;0;18
50;2025-12-06;1;0
50;2025-12-06;2;0
50;2025-12-06;3;0
50;2025-12-06;4;0
50;2025-12-06;5;0
50;2025-12-06;6;0
50;2025-12-06;7;0
50;2025-12-06;8;0
50;2025-12-06;9;2
50;2025-12-06;10;4
50;2025-12-06;11;5
50;2025-12-06;12;10
50;2025-12-06;13;8
50;2025-12-06;14;6
50;2025-12-06;15;4
50;2025-12-06;16;6
50;2025-12-06;17;9
50;2025-12-06;18;8
50;2025-12-06;19;0
50;2025-12-06;20;2
50;2025-12-06;21;0
50;2025-12-06;22;1
50;2025-12-06;23;0
50;2025-12-07;0;18
50;2025-12-07;1;0
50;2025-12-07;2;0
50;2025-12-07;3;0
50;2025-12-07;4;0
50;2025-12-07;5;0
50;2025-12-07;6;0
50;2025-12-07;7;0
50;2025-12-07;8;0
50;2025-12-07;9;2
50;2025-12-07;10;4
50;2025-12-07;11;5
50;2025-12-07;12;10
50;2025-12-07;13;8
50;2025-12-07;14;6
50;2025-12-07;15;4
50;2025-12-07;16;6
50;2025-12-07;17;9
50;2025-12-07;18;8
50;2025-12-07;19;0
50;2025-12-07;20;2
50;2025-12-07;21;0
50;2025-12-07;22;1
50;2025-12-07;23;0
50;2025-12-08;0;24
50;2025-12-08;1;3
50;2025-12-08;2;0
50;2025-12-08;3;0
50;2025-12-08;4;3
50;2025-12-08;5;68
50;2025-12-08;6;526
50;2025-12-08;7;1743
50;2025-12-08;8;2746
50;2025-12-08;9;2162
50;2025-12-08;10;1620
50;2025-12-08;11;1524
50;2025-12-08;12;1362
50;2025-12-08;13;1435
50;2025-12-08;14;1358
50;2025-12-08;15;1606
50;2025-12-08;16;1620
50;2025-12-08;17;2250
50;2025-12-08;18;2500
50;2025-12-08;19;1464
50;2025-12-08;20;897
50;2025-12-08;21;606
50;2025-12-08;22;263
50;2025-12-08;23;121
50;2025-12-09;0;32
50;2025-12-09;1;2
50;2025-12-09;2;0
50;2025-12-09;3;0
50;2025-12-09;4;2
50;2025-12-09;5;65
50;2025-12-09;6;574
50;2025-12-09;7;1825
50;2025-12-09;8;2827
50;2025-12-09;9;2183
50;2025-12-09;10;1671
50;2025-12-09;11;1523
50;2025-12-09;12;1470
50;2025-12-09;13;1472
50;2025-12-09;14;1393
50;2025-12-09;15;1667
50;2025-12-09;16;1660
50;2025-12-09;17;2383
50;2025-12-09;18;2510
50;2025-12-09;19;1473
50;2025-12-09;20;924
50;2025-12-09;21;624
50;2025-12-09;22;270
50;2025-12-09;23;134
50;2025-12-10;0;33
50;2025-12-10;1;3
50;2025-12-10;2;0
50;2025-12-10;3;0
50;2025-12-10;4;3
50;2025-12-10;5;67
50;2025-12-10;6;529
50;2025-12-10;7;1743
50;2025-12-10;8;2772
50;2025-12-10;9;2111
50;2025-12-10;10;1620
50;2025-12-10;11;1560
50;2025-12-10;12;1436
50;2025-12-10;13;1466
50;2025-12-10;14;1430
50;2025-12-10;15;1667
50;2025-12-10;16;1703
50;2025-12-10;17;2337
50;2025-12-10;18;2437
50;2025-12-10;19;1548
50;2025-12-10;20;918
50;2025-12-10;21;640
50;2025-12-10;22;295
50;2025-12-10;23;138
50;2025-12-11;0;38
50;2025-12-11;1;2
50;2025-12-11;2;0
50;2025-12-11;3;0
50;2025-12-11;4;2
50;2025-12-11;5;70
50;2025-12-11;6;539
50;2025-12-11;7;1771
50;2025-12-11;8;2700
50;2025-12-11;9;2156
50;2025-12-11;10;1676
50;2025-12-11;11;1580
50;2025-12-11;12;1473
50;2025-12-11;13;1423
50;2025-12-11;14;1420
50;2025-12-11;15;1642
50;2025-12-11;16;1731
50;2025-12-11;17;2354
50;2025-12-11;18;2511
50;2025-12-11;19;1470
50;2025-12-11;20;954
50;2025-12-11;21;687
50;2025-12-11;22;293
50;2025-12-11;23;158
50;2025-12-12;0;38
50;2025-12-12;1;2
50;2025-12-12;2;0
50;2025-12-12;3;0
50;2025-12-12;4;2
50;2025-12-12;5;66
50;2025-12-12;6;558
50;2025-12-12;7;1757
50;2025-12-12;8;2712
50;2025-12-12;9;2082
50;2025-12-12;10;1584
50;2025-12-12;11;1632
50;2025-12-12;12;1541
50;2025-12-12;13;1516
50;2025-12-12;14;1481
50;2025-12-12;15;1766
50;2025-12-12;16;2145
50;2025-12-12;17;2175
50;2025-12-12;18;1800
50;2025-12-12;19;1272
50;2025-12-12;20;842
50;2025-12-12;21;580
50;2025-12-12;22;312
50;2025-12-12;23;180
50;2025-12-13;0;18
50;2025-12-13;1;0
50;2025-12-13;2;0
50;2025-12-13;3;0
50;2025-12-13;4;0
50;2025-12-13;5;0
50;2025-12-13;6;0
50;2025-12-13;7;0
50;2025-12-13;8;0
50;2025-12-13;9;2
50;2025-12-13;10;4
50;2025-12-13;11;5
50;2025-12-13;12;10
50;2025-12-13;13;8
50;2025-12-13;14;6
50;2025-12-13;15;4
50;2025-12-13;16;6
50;2025-12-13;17;9
50;2025-12-13;18;8
50;2025-12-13;19;0
50;2025-12-13;20;2
50;2025-12-13;21;0
50;2025-12-13;22;1
50;2025-12-13;23;0
50;2025-12-14;0;18
50;2025-12-14;1;0
50;2025-12-14;2;0
50;2025-12-14;3;0
50;2025-12-14;4;0
50;2025-12-14;5;0
50;2025-12-14;6;0
50;2025-12-14;7;0
50;2025-12-14;8;0
50;2025-12-14;9;2
50;2025-12-14;10;4
50;2025-12-14;11;5
50;2025-12-14;12;10
50;2025-12-14;13;8
50;2025-12-14;14;6
50;2025-12-14;15;4
50;2025-12-14;16;6
50;2025-12-14;17;9
50;2025-12-14;18;8
50;2025-12-14;19;0
50;2025-12-14;20;2
50;2025-12-14;21;0
50;2025-12-14;22;1
50;2025-12-14;23;0
50;2025-12-15;0;24
50;2025-12-15;1;3
50;2025-12-15;2;0
50;2025-12-15;3;0
50;2025-12-15;4;3
50;2025-12-15;5;68
50;2025-12-15;6;526
50;2025-12-15;7;1743
50;2025-12-15;8;2746
50;2025-12-15;9;2162
50;2025-12-15;10;1620
50;2025-12-15;11;1524
50;2025-12-15;12;1362
50;2025-12-15;13;1435
50;2025-12-15;14;1358
50;2025-12-15;15;1606
50;2025-12-15;16;1620
50;2025-12-15;17;2250
50;2025-12-15;18;2500
50;2025-12-15;19;1464
50;2025-12-15;20;897
50;2025-12-15;21;606
50;2025-12-15;22;263
50;2025-12-15;23;121
50;2025-12-16;0;32
50;2025-12-16;1;2
50;2025-12-16;2;0
50;2025-12-16;3;0
50;2025-12-16;4;2
50;2025-12-16;5;65
50;2025-12-16;6;574
50;2025-12-16;7;1825
50;2025-12-16;8;2827
50;2025-12-16;9;2183
50;2025-12-16;10;1671
50;2025-12-16;11;1523
50;2025-12-16;12;1470
50;2025-12-16;13;1472
50;2025-12-16;14;1393
50;2025-12-16;15;1667
50;2025-12-16;16;1660
50;2025-12-16;17;2383
50;2025-12-16;18;2510
50;2025-12-16;19;1473
50;2025-12-16;20;924
50;2025-12-16;21;624
50;2025-12-16;22;270
50;2025-12-16;23;134
50;2025-12-17;0;33
50;2025-12-17;1;3
50;2025-12-17;2;0
50;2025-12-17;3;0
50;2025-12-17;4;3
50;2025-12-17;5;67
50;2025-12-17;6;529
50;2025-12-17;7;1743
50;2025-12-17;8;2772
50;2025-12-17;9;2111
50;2025-12-17;10;1620
50;2025-12-17;11;1560
50;2025-12-17;12;1436
50;2025-12-17;13;1466
50;2025-12-17;14;1430
50;2025-12-17;15;1667
50;2025-12-17;16;1703
50;2025-12-17;17;2337
50;2025-12-17;18;2437
50;2025-12-17;19;1548
50;2025-12-17;20;918
50;2025-12-17;21;640
50;2025-12-17;22;295
50;2025-12-17;23;138
50;2025-12-18;0;38
50;2025-12-18;1;2
50;2025-12-18;2;0
50;2025-12-18;3;0
50;2025-12-18;4;2
50;2025-12-18;5;70
50;2025-12-18;6;539
50;2025-12-18;7;1771
50;2025-12-18;8;2700
50;2025-12-18;9;2156
50;2025-12-18;10;1676
50;2025-12-18;11;1580
50;2025-12-18;12;1473
50;2025-12-18;13;1423
50;2025-12-18;14;1420
50;2025-12-18;15;1642
50;2025-12-18;16;1731
50;2025-12-18;17;2354
50;2025-12-18;18;2511
50;2025-12-18;19;1470
50;2025-12-18;20;954
50;2025-12-18;21;687
50;2025-12-18;22;293
50;2025-12-18;23;158
50;2025-12-19;0;38
50;2025-12-19;1;2
50;2025-12-19;2;0
50;2025-12-19;3;0
50;2025-12-19;4;2
50;2025-12-19;5;66
50;2025-12-19;6;558
50;2025-12-19;7;1757
50;2025-12-19;8;2712
50;2025-12-19;9;2082
50;2025-12-19;10;1584
50;2025-12-19;11;1632
50;2025-12-19;12;1541
50;2025-12-19;13;1516
50;2025-12-19;14;1481
50;2025-12-19;15;1766
50;2025-12-19;16;2145
50;2025-12-19;17;2175
50;2025-12-19;18;1800
50;2025-12-19;19;1272
50;2025-12-19;20;842
50;2025-12-19;21;580
50;2025-12-19;22;312
50;2025-12-19;23;180
50;2025-12-20;0;18
50;2025-12-20;1;0
50;2025-12-20;2;0
50;2025-12-20;3;0
50;2025-12-20;4;0
50;2025-12-20;5;0
50;2025-12-20;6;0
50;2025-12-20;7;0
50;2025-12-20;8;0
50;2025-12-20;9;2
50;2025-12-20;10;4
50;2025-12-20;11;5
50;2025-12-20;12;10
50;2025-12-20;13;8
50;2025-12-20;14;6
50;2025-12-20;15;4
50;2025-12-20;16;6
50;2025-12-20;17;9
50;2025-12-20;18;8
50;2025-12-20;19;0
50;2025-12-20;20;2
50;2025-12-20;21;0
50;2025-12-20;22;1
50;2025-12-20;23;0
50;2025-12-21;0;18
50;2025-12-21;1;0
50;2025-12-21;2;0
50;2025-12-21;3;0
50;2025-12-21;4;0
50;2025-12-21;5;0
50;2025-12-21;6;0
50;2025-12-21;7;0
50;2025-12-21;8;0
50;2025-12-21;9;2
50;2025-12-21;10;4
50;2025-12-21;11;5
50;2025-12-21;12;10
50;2025-12-21;13;8
50;2025-12-21;14;6
50;2025-12-21;15;4
50;2025-12-21;16;6
50;2025-12-21;17;9
50;2025-12-21;18;8
50;2025-12-21;19;0
50;2025-12-21;20;2
50;2025-12-21;21;0
50;2025-12-21;22;1
50;2025-12-21;23;0
50;2025-12-22;0;24
50;2025-12-22;1;3
50;2025-12-22;2;0
50;2025-12-22;3;0
50;2025-12-22;4;3
50;2025-12-22;5;68
50;2025-12-22;6;526
50;2025-12-22;7;1743
50;2025-12-22;8;2746
50;2025-12-22;9;2162
50;2025-12-22;10;1620
50;2025-12-22;11;1524
50;2025-12-22;12;1362
50;2025-12-22;13;1435
50;2025-12-22;14;1358
50;2025-12-22;15;1606
50;2025-12-22;16;1620
50;2025-12-22;17;2250
50;2025-12-22;18;2500
50;2025-12-22;19;1464
50;2025-12-22;20;897
50;2025-12-22;21;606
50;2025-12-22;22;263
50;2025-12-22;23;121
50;2025-12-23;0;32
50;2025-12-23;1;2
50;2025-12-23;2;0
50;2025-12-23;3;0
50;2025-12-23;4;2
50;2025-12-23;5;65
50;2025-12-23;6;574
50;2025-12-23;7;1825
50;2025-12-23;8;2827
50;2025-12-23;9;2183
50;2025-12-23;10;1671
50;2025-12-23;11;1523
50;2025-12-23;12;1470
50;2025-12-23;13;1472
50;2025-12-23;14;1393
50;2025-12-23;15;1667
50;2025-12-23;16;1660
50;2025-12-23;17;2383
50;2025-12-23;18;2510
50;2025-12-23;19;1473
50;2025-12-23;20;924
50;2025-12-23;21;624
50;2025-12-23;22;270
50;2025-12-23;23;134
50;2025-12-24;0;33
50;2025-12-24;1;3
50;2025-12-24;2;0
50;2025-12-24;3;0
50;2025-12-24;4;3
50;2025-12-24;5;67
50;2025-12-24;6;529
50;2025-12-24;7;1743
50;2025-12-24;8;2772
50;2025-12-24;9;2111
50;2025-12-24;10;1620
50;2025-12-24;11;1560
50;2025-12-24;12;1436
50;2025-12-24;13;1466
50;2025-12-24;14;1430
50;2025-12-24;15;1667
50;2025-12-24;16;1703
50;2025-12-24;17;2337
50;2025-12-24;18;2437
50;2025-12-24;19;1548
50;2025-12-24;20;918
50;2025-12-24;21;640
50;2025-12-24;22;295
50;2025-12-24;23;138
50;2025-12-25;0;38
50;2025-12-25;1;2
50;2025-12-25;2;0
50;2025-12-25;3;0
50;2025-12-25;4;2
50;2025-12-25;5;70
50;2025-12-25;6;539
50;2025-12-25;7;1771
50;2025-12-25;8;2700
50;2025-12-25;9;2156
50;2025-12-25;10;1676
50;2025-12-25;11;1580
50;2025-12-25;12;1473
50;2025-12-25;13;1423
50;2025-12-25;14;1420
50;2025-12-25;15;1642
50;2025-12-25;16;1731
50;2025-12-25;17;2354
50;2025-12-25;18;2511
50;2025-12-25;19;1470
50;2025-12-25;20;954
50;2025-12-25;21;687
50;2025-12-25;22;293
50;2025-12-25;23;158
50;2025-12-26;0;38
50;2025-12-26;1;2
50;2025-12-26;2;0
50;2025-12-26;3;0
50;2025-12-26;4;2
50;2025-12-26;5;66
50;2025-12-26;6;558
50;2025-12-26;7;1757
50;2025-12-26;8;2712
50;2025-12-26;9;2082
50;2025-12-26;10;1584
50;2025-12-26;11;1632
50;2025-12-26;12;1541
50;2025-12-26;13;1516
50;2025-12-26;14;1481
50;2025-12-26;15;1766
50;2025-12-26;16;2145
50;2025-12-26;17;2175
50;2025-12-26;18;1800
50;2025-12-26;19;1272
50;2025-12-26;20;842
50;2025-12-26;21;580
50;2025-12-26;22;312
50;2025-12-26;23;180
50;2025-12-27;0;18
50;2025-12-27;1;0
50;2025-12-27;2;0
50;2025-12-27;3;0
50;2025-12-27;4;0
50;2025-12-27;5;0
50;2025-12-27;6;0
50;2025-12-27;7;0
50;2025-12-27;8;0
50;2025-12-27;9;2
50;2025-12-27;10;4
50;2025-12-27;11;5
50;2025-12-27;12;10
50;2025-12-27;13;8
50;2025-12-27;14;6
50;2025-12-27;15;4
50;2025-12-27;16;6
50;2025-12-27;17;9
50;2025-12-27;18;8
50;2025-12-27;19;0
50;2025-12-27;20;2
50;2025-12-27;21;0
50;2025-12-27;22;1
50;2025-12-27;23;0
50;2025-12-28;0;18
50;2025-12-28;1;0
50;2025-12-28;2;0
50;2025-12-28;3;0
50;2025-12-28;4;0
50;2025-12-28;5;0
50;2025-12-28;6;0
50;2025-12-28;7;0
50;2025-12-28;8;0
50;2025-12-28;9;2
50;2025-12-28;10;4
50;2025-12-28;11;5
50;2025-12-28;12;10
50;2025-12-28;13;8
50;2025-12-28;14;6
50;2025-12-28;15;4
50;2025-12-28;16;6
50;2025-12-28;17;9
50;2025-12-28;18;8
50;2025-12-28;19;0
50;2025-12-28;20;2
50;2025-12-28;21;0
50;2025-12-28;22;1
50;2025-12-28;23;0
50;2025-12-29;0;24
50;2025-12-29;1;3
50;2025-12-29;2;0
50;2025-12-29;3;0
50;2025-12-29;4;3
50;2025-12-29;5;68
50;2025-12-29;6;526
50;2025-12-29;7;1743
50;2025-12-29;8;2746
50;2025-12-29;9;2162
50;2025-12-29;10;1620
50;2025-12-29;11;1524
50;2025-12-29;12;1362
50;2025-12-29;13;1435
50;2025-12-29;14;1358
50;2025-12-29;15;1606
50;2025-12-29;16;1620
50;2025-12-29;17;2250
50;2025-12-29;18;2500
50;2025-12-29;19;1464
50;2025-12-29;20;897
50;2025-12-29;21;606
50;2025-12-29;22;263
50;2025-12-29;23;121
50;2025-12-30;0;32
50;2025-12-30;1;2
50;2025-12-30;2;0
50;2025-12-30;3;0
50;2025-12-30;4;2
50;2025-12-30;5;65
50;2025-12-30;6;574
50;2025-12-30;7;1825
50;2025-12-30;8;2827
50;2025-12-30;9;2183
50;2025-12-30;10;1671
50;2025-12-30;11;1523
50;2025-12-30;12;1470
50;2025-12-30;13;1472
50;2025-12-30;14;1393
50;2025-12-30;15;1667
50;2025-12-30;16;1660
50;2025-12-30;17;2383
50;2025-12-30;18;2510
50;2025-12-30;19;1473
50;2025-12-30;20;924
50;2025-12-30;21;624
50;2025-12-30;22;270
50;2025-12-30;23;134
50;2025-12-31;0;55
50;2025-12-31;1;7
50;2025-12-31;2;0
50;2025-12-31;3;0
50;2025-12-31;4;1
50;2025-12-31;5;31
50;2025-12-31;6;146
50;2025-12-31;7;273
50;2025-12-31;8;394
50;2025-12-31;9;496
50;2025-12-31;10;536
50;2025-12-31;11;676
50;2025-12-31;12;780
50;2025-12-31;13;822
50;2025-12-31;14;842
50;2025-12-31;15;793
50;2025-12-31;16;793
50;2025-12-31;17;779
50;2025-12-31;18;718
50;2025-12-31;19;607
50;2025-12-31;20;499
50;2025-12-31;21;397
50;2025-12-31;22;243
50;2025-12-31;23;128
