route;date;hour;prediction
1;2025-11-01;0;5
1;2025-11-01;1;0
1;2025-11-01;2;0
1;2025-11-01;3;0
1;2025-11-01;4;8
1;2025-11-01;5;143
1;2025-11-01;6;531
1;2025-11-01;7;1546
1;2025-11-01;8;1917
1;2025-11-01;9;1444
1;2025-11-01;10;1348
1;2025-11-01;11;1425
1;2025-11-01;12;1397
1;2025-11-01;13;1457
1;2025-11-01;14;1389
1;2025-11-01;15;1552
1;2025-11-01;16;1632
1;2025-11-01;17;1810
1;2025-11-01;18;1611
1;2025-11-01;19;1226
1;2025-11-01;20;834
1;2025-11-01;21;513
1;2025-11-01;22;256
1;2025-11-01;23;54
1;2025-11-02;0;0
1;2025-11-02;1;0
1;2025-11-02;2;0
1;2025-11-02;3;0
1;2025-11-02;4;0
1;2025-11-02;5;29
1;2025-11-02;6;140
1;2025-11-02;7;278
1;2025-11-02;8;379
1;2025-11-02;9;640
1;2025-11-02;10;726
1;2025-11-02;11;714
1;2025-11-02;12;895
1;2025-11-02;13;932
1;2025-11-02;14;836
1;2025-11-02;15;775
1;2025-11-02;16;714
1;2025-11-02;17;661
1;2025-11-02;18;599
1;2025-11-02;19;514
1;2025-11-02;20;387
1;2025-11-02;21;297
1;2025-11-02;22;122
1;2025-11-02;23;34
1;2025-11-03;0;0
1;2025-11-03;1;0
1;2025-11-03;2;0
1;2025-11-03;3;0
1;2025-11-03;4;0
1;2025-11-03;5;28
1;2025-11-03;6;135
1;2025-11-03;7;266
1;2025-11-03;8;363
1;2025-11-03;9;613
1;2025-11-03;10;696
1;2025-11-03;11;684
1;2025-11-03;12;857
1;2025-11-03;13;893
1;2025-11-03;14;800
1;2025-11-03;15;742
1;2025-11-03;16;684
1;2025-11-03;17;633
1;2025-11-03;18;574
1;2025-11-03;19;492
1;2025-11-03;20;370
1;2025-11-03;21;284
1;2025-11-03;22;116
1;2025-11-03;23;33
1;2025-11-04;0;0
1;2025-11-04;1;0
1;2025-11-04;2;0
1;2025-11-04;3;0
1;2025-11-04;4;0
1;2025-11-04;5;28
1;2025-11-04;6;139
1;2025-11-04;7;274
1;2025-11-04;8;374
1;2025-11-04;9;631
1;2025-11-04;10;716
1;2025-11-04;11;704
1;2025-11-04;12;883
1;2025-11-04;13;920
1;2025-11-04;14;824
1;2025-11-04;15;765
1;2025-11-04;16;704
1;2025-11-04;17;652
1;2025-11-04;18;591
1;2025-11-04;19;507
1;2025-11-04;20;382
1;2025-11-04;21;293
1;2025-11-04;22;120
1;2025-11-04;23;34
1;2025-11-05;0;4
1;2025-11-05;1;0
1;2025-11-05;2;0
1;2025-11-05;3;0
1;2025-11-05;4;9
1;2025-11-05;5;139
1;2025-11-05;6;559
1;2025-11-05;7;1540
1;2025-11-05;8;1960
1;2025-11-05;9;1450
1;2025-11-05;10;1329
1;2025-11-05;11;1349
1;2025-11-05;12;1376
1;2025-11-05;13;1446
1;2025-11-05;14;1375
1;2025-11-05;15;1499
1;2025-11-05;16;1510
1;2025-11-05;17;1799
1;2025-11-05;18;1815
1;2025-11-05;19;1396
1;2025-11-05;20;925
1;2025-11-05;21;494
1;2025-11-05;22;252
1;2025-11-05;23;45
1;2025-11-06;0;5
1;2025-11-06;1;0
1;2025-11-06;2;0
1;2025-11-06;3;0
1;2025-11-06;4;8
1;2025-11-06;5;131
1;2025-11-06;6;526
1;2025-11-06;7;1520
1;2025-11-06;8;1997
1;2025-11-06;9;1475
1;2025-11-06;10;1349
1;2025-11-06;11;1353
1;2025-11-06;12;1416
1;2025-11-06;13;1443
1;2025-11-06;14;1409
1;2025-11-06;15;1543
1;2025-11-06;16;1556
1;2025-11-06;17;1809
1;2025-11-06;18;1827
1;2025-11-06;19;1374
1;2025-11-06;20;910
1;2025-11-06;21;496
1;2025-11-06;22;238
1;2025-11-06;23;52
1;2025-11-07;0;5
1;2025-11-07;1;0
1;2025-11-07;2;0
1;2025-11-07;3;0
1;2025-11-07;4;8
1;2025-11-07;5;142
1;2025-11-07;6;527
1;2025-11-07;7;1534
1;2025-11-07;8;1903
1;2025-11-07;9;1433
1;2025-11-07;10;1338
1;2025-11-07;11;1414
1;2025-11-07;12;1387
1;2025-11-07;13;1446
1;2025-11-07;14;1378
1;2025-11-07;15;1540
1;2025-11-07;16;1620
1;2025-11-07;17;1796
1;2025-11-07;18;1598
1;2025-11-07;19;1217
1;2025-11-07;20;828
1;2025-11-07;21;509
1;2025-11-07;22;254
1;2025-11-07;23;54
1;2025-11-08;0;5
1;2025-11-08;1;0
1;2025-11-08;2;0
1;2025-11-08;3;0
1;2025-11-08;4;0
1;2025-11-08;5;33
1;2025-11-08;6;175
1;2025-11-08;7;343
1;2025-11-08;8;483
1;2025-11-08;9;747
1;2025-11-08;10;881
1;2025-11-08;11;818
1;2025-11-08;12;995
1;2025-11-08;13;1036
1;2025-11-08;14;963
1;2025-11-08;15;835
1;2025-11-08;16;770
1;2025-11-08;17;714
1;2025-11-08;18;650
1;2025-11-08;19;590
1;2025-11-08;20;434
1;2025-11-08;21;318
1;2025-11-08;22;146
1;2025-11-08;23;33
1;2025-11-09;0;0
1;2025-11-09;1;0
1;2025-11-09;2;0
1;2025-11-09;3;0
1;2025-11-09;4;0
1;2025-11-09;5;29
1;2025-11-09;6;140
1;2025-11-09;7;278
1;2025-11-09;8;379
1;2025-11-09;9;640
1;2025-11-09;10;726
1;2025-11-09;11;714
1;2025-11-09;12;895
1;2025-11-09;13;932
1;2025-11-09;14;836
1;2025-11-09;15;775
1;2025-11-09;16;714
1;2025-11-09;17;661
1;2025-11-09;18;599
1;2025-11-09;19;514
1;2025-11-09;20;387
1;2025-11-09;21;297
1;2025-11-09;22;122
1;2025-11-09;23;34
1;2025-11-10;0;0
1;2025-11-10;1;0
1;2025-11-10;2;0
1;2025-11-10;3;0
1;2025-11-10;4;9
1;2025-11-10;5;135
1;2025-11-10;6;539
1;2025-11-10;7;1494
1;2025-11-10;8;1906
1;2025-11-10;9;1409
1;2025-11-10;10;1242
1;2025-11-10;11;1283
1;2025-11-10;12;1332
1;2025-11-10;13;1354
1;2025-11-10;14;1328
1;2025-11-10;15;1472
1;2025-11-10;16;1554
1;2025-11-10;17;1799
1;2025-11-10;18;1900
1;2025-11-10;19;1428
1;2025-11-10;20;899
1;2025-11-10;21;483
1;2025-11-10;22;216
1;2025-11-10;23;39
1;2025-11-11;0;3
1;2025-11-11;1;0
1;2025-11-11;2;0
1;2025-11-11;3;0
1;2025-11-11;4;7
1;2025-11-11;5;137
1;2025-11-11;6;565
1;2025-11-11;7;1613
1;2025-11-11;8;1974
1;2025-11-11;9;1527
1;2025-11-11;10;1361
1;2025-11-11;11;1367
1;2025-11-11;12;1402
1;2025-11-11;13;1426
1;2025-11-11;14;1355
1;2025-11-11;15;1475
1;2025-11-11;16;1492
1;2025-11-11;17;1785
1;2025-11-11;18;1829
1;2025-11-11;19;1454
1;2025-11-11;20;922
1;2025-11-11;21;498
1;2025-11-11;22;241
1;2025-11-11;23;44
1;2025-11-12;0;4
1;2025-11-12;1;0
1;2025-11-12;2;0
1;2025-11-12;3;0
1;2025-11-12;4;9
1;2025-11-12;5;139
1;2025-11-12;6;559
1;2025-11-12;7;1540
1;2025-11-12;8;1960
1;2025-11-12;9;1450
1;2025-11-12;10;1329
1;2025-11-12;11;1349
1;2025-11-12;12;1376
1;2025-11-12;13;1446
1;2025-11-12;14;1375
1;2025-11-12;15;1499
1;2025-11-12;16;1510
1;2025-11-12;17;1799
1;2025-11-12;18;1815
1;2025-11-12;19;1396
1;2025-11-12;20;925
1;2025-11-12;21;494
1;2025-11-12;22;252
1;2025-11-12;23;45
1;2025-11-13;0;5
1;2025-11-13;1;0
1;2025-11-13;2;0
1;2025-11-13;3;0
1;2025-11-13;4;8
1;2025-11-13;5;131
1;2025-11-13;6;526
1;2025-11-13;7;1520
1;2025-11-13;8;1997
1;2025-11-13;9;1475
1;2025-11-13;10;1349
1;2025-11-13;11;1353
1;2025-11-13;12;1416
1;2025-11-13;13;1443
1;2025-11-13;14;1409
1;2025-11-13;15;1543
1;2025-11-13;16;1556
1;2025-11-13;17;1809
1;2025-11-13;18;1827
1;2025-11-13;19;1374
1;2025-11-13;20;910
1;2025-11-13;21;496
1;2025-11-13;22;238
1;2025-11-13;23;52
1;2025-11-14;0;5
1;2025-11-14;1;0
1;2025-11-14;2;0
1;2025-11-14;3;0
1;2025-11-14;4;8
1;2025-11-14;5;142
1;2025-11-14;6;527
1;2025-11-14;7;1534
1;2025-11-14;8;1903
1;2025-11-14;9;1433
1;2025-11-14;10;1338
1;2025-11-14;11;1414
1;2025-11-14;12;1387
1;2025-11-14;13;1446
1;2025-11-14;14;1378
1;2025-11-14;15;1540
1;2025-11-14;16;1620
1;2025-11-14;17;1796
1;2025-11-14;18;1598
1;2025-11-14;19;1217
1;2025-11-14;20;828
1;2025-11-14;21;509
1;2025-11-14;22;254
1;2025-11-14;23;54
1;2025-11-15;0;5
1;2025-11-15;1;0
1;2025-11-15;2;0
1;2025-11-15;3;0
1;2025-11-15;4;0
1;2025-11-15;5;33
1;2025-11-15;6;175
1;2025-11-15;7;343
1;2025-11-15;8;483
1;2025-11-15;9;747
1;2025-11-15;10;881
1;2025-11-15;11;818
1;2025-11-15;12;995
1;2025-11-15;13;1036
1;2025-11-15;14;963
1;2025-11-15;15;835
1;2025-11-15;16;770
1;2025-11-15;17;714
1;2025-11-15;18;650
1;2025-11-15;19;590
1;2025-11-15;20;434
1;2025-11-15;21;318
1;2025-11-15;22;146
1;2025-11-15;23;33
1;2025-11-16;0;0
1;2025-11-16;1;0
1;2025-11-16;2;0
1;2025-11-16;3;0
1;2025-11-16;4;0
1;2025-11-16;5;29
1;2025-11-16;6;140
1;2025-11-16;7;278
1;2025-11-16;8;379
1;2025-11-16;9;640
1;2025-11-16;10;726
1;2025-11-16;11;714
1;2025-11-16;12;895
1;2025-11-16;13;932
1;2025-11-16;14;836
1;2025-11-16;15;775
1;2025-11-16;16;714
1;2025-11-16;17;661
1;2025-11-16;18;599
1;2025-11-16;19;514
1;2025-11-16;20;387
1;2025-11-16;21;297
1;2025-11-16;22;122
1;2025-11-16;23;34
1;2025-11-17;0;0
1;2025-11-17;1;0
1;2025-11-17;2;0
1;2025-11-17;3;0
1;2025-11-17;4;9
1;2025-11-17;5;135
1;2025-11-17;6;539
1;2025-11-17;7;1494
1;2025-11-17;8;1906
1;2025-11-17;9;1409
1;2025-11-17;10;1242
1;2025-11-17;11;1283
1;2025-11-17;12;1332
1;2025-11-17;13;1354
1;2025-11-17;14;1328
1;2025-11-17;15;1472
1;2025-11-17;16;1554
1;2025-11-17;17;1799
1;2025-11-17;18;1900
1;2025-11-17;19;1428
1;2025-11-17;20;899
1;2025-11-17;21;483
1;2025-11-17;22;216
1;2025-11-17;23;39
1;2025-11-18;0;3
1;2025-11-18;1;0
1;2025-11-18;2;0
1;2025-11-18;3;0
1;2025-11-18;4;7
1;2025-11-18;5;137
1;2025-11-18;6;565
1;2025-11-18;7;1613
1;2025-11-18;8;1974
1;2025-11-18;9;1527
1;2025-11-18;10;1361
1;2025-11-18;11;1367
1;2025-11-18;12;1402
1;2025-11-18;13;1426
1;2025-11-18;14;1355
1;2025-11-18;15;1475
1;2025-11-18;16;1492
1;2025-11-18;17;1785
1;2025-11-18;18;1829
1;2025-11-18;19;1454
1;2025-11-18;20;922
1;2025-11-18;21;498
1;2025-11-18;22;241
1;2025-11-18;23;44
1;2025-11-19;0;4
1;2025-11-19;1;0
1;2025-11-19;2;0
1;2025-11-19;3;0
1;2025-11-19;4;9
1;2025-11-19;5;139
1;2025-11-19;6;559
1;2025-11-19;7;1540
1;2025-11-19;8;1960
1;2025-11-19;9;1450
1;2025-11-19;10;1329
1;2025-11-19;11;1349
1;2025-11-19;12;1376
1;2025-11-19;13;1446
1;2025-11-19;14;1375
1;2025-11-19;15;1499
1;2025-11-19;16;1510
1;2025-11-19;17;1799
1;2025-11-19;18;1815
1;2025-11-19;19;1396
1;2025-11-19;20;925
1;2025-11-19;21;494
1;2025-11-19;22;252
1;2025-11-19;23;45
1;2025-11-20;0;5
1;2025-11-20;1;0
1;2025-11-20;2;0
1;2025-11-20;3;0
1;2025-11-20;4;8
1;2025-11-20;5;131
1;2025-11-20;6;526
1;2025-11-20;7;1520
1;2025-11-20;8;1997
1;2025-11-20;9;1475
1;2025-11-20;10;1349
1;2025-11-20;11;1353
1;2025-11-20;12;1416
1;2025-11-20;13;1443
1;2025-11-20;14;1409
1;2025-11-20;15;1543
1;2025-11-20;16;1556
1;2025-11-20;17;1809
1;2025-11-20;18;1827
1;2025-11-20;19;1374
1;2025-11-20;20;910
1;2025-11-20;21;496
1;2025-11-20;22;238
1;2025-11-20;23;52
1;2025-11-21;0;5
1;2025-11-21;1;0
1;2025-11-21;2;0
1;2025-11-21;3;0
1;2025-11-21;4;8
1;2025-11-21;5;142
1;2025-11-21;6;527
1;2025-11-21;7;1534
1;2025-11-21;8;1903
1;2025-11-21;9;1433
1;2025-11-21;10;1338
1;2025-11-21;11;1414
1;2025-11-21;12;1387
1;2025-11-21;13;1446
1;2025-11-21;14;1378
1;2025-11-21;15;1540
1;2025-11-21;16;1620
1;2025-11-21;17;1796
1;2025-11-21;18;1598
1;2025-11-21;19;1217
1;2025-11-21;20;828
1;2025-11-21;21;509
1;2025-11-21;22;254
1;2025-11-21;23;54
1;2025-11-22;0;5
1;2025-11-22;1;0
1;2025-11-22;2;0
1;2025-11-22;3;0
1;2025-11-22;4;0
1;2025-11-22;5;33
1;2025-11-22;6;175
1;2025-11-22;7;343
1;2025-11-22;8;483
1;2025-11-22;9;747
1;2025-11-22;10;881
1;2025-11-22;11;818
1;2025-11-22;12;995
1;2025-11-22;13;1036
1;2025-11-22;14;963
1;2025-11-22;15;835
1;2025-11-22;16;770
1;2025-11-22;17;714
1;2025-11-22;18;650
1;2025-11-22;19;590
1;2025-11-22;20;434
1;2025-11-22;21;318
1;2025-11-22;22;146
1;2025-11-22;23;33
1;2025-11-23;0;0
1;2025-11-23;1;0
1;2025-11-23;2;0
1;2025-11-23;3;0
1;2025-11-23;4;0
1;2025-11-23;5;29
1;2025-11-23;6;140
1;2025-11-23;7;278
1;2025-11-23;8;379
1;2025-11-23;9;640
1;2025-11-23;10;726
1;2025-11-23;11;714
1;2025-11-23;12;895
1;2025-11-23;13;932
1;2025-11-23;14;836
1;2025-11-23;15;775
1;2025-11-23;16;714
1;2025-11-23;17;661
1;2025-11-23;18;599
1;2025-11-23;19;514
1;2025-11-23;20;387
1;2025-11-23;21;297
1;2025-11-23;22;122
1;2025-11-23;23;34
1;2025-11-24;0;0
1;2025-11-24;1;0
1;2025-11-24;2;0
1;2025-11-24;3;0
1;2025-11-24;4;9
1;2025-11-24;5;135
1;2025-11-24;6;539
1;2025-11-24;7;1494
1;2025-11-24;8;1906
1;2025-11-24;9;1409
1;2025-11-24;10;1242
1;2025-11-24;11;1283
1;2025-11-24;12;1332
1;2025-11-24;13;1354
1;2025-11-24;14;1328
1;2025-11-24;15;1472
1;2025-11-24;16;1554
1;2025-11-24;17;1799
1;2025-11-24;18;1900
1;2025-11-24;19;1428
1;2025-11-24;20;899
1;2025-11-24;21;483
1;2025-11-24;22;216
1;2025-11-24;23;39
1;2025-11-25;0;3
1;2025-11-25;1;0
1;2025-11-25;2;0
1;2025-11-25;3;0
1;2025-11-25;4;7
1;2025-11-25;5;137
1;2025-11-25;6;565
1;2025-11-25;7;1613
1;2025-11-25;8;1974
1;2025-11-25;9;1527
1;2025-11-25;10;1361
1;2025-11-25;11;1367
1;2025-11-25;12;1402
1;2025-11-25;13;1426
1;2025-11-25;14;1355
1;2025-11-25;15;1475
1;2025-11-25;16;1492
1;2025-11-25;17;1785
1;2025-11-25;18;1829
1;2025-11-25;19;1454
1;2025-11-25;20;922
1;2025-11-25;21;498
1;2025-11-25;22;241
1;2025-11-25;23;44
1;2025-11-26;0;4
1;2025-11-26;1;0
1;2025-11-26;2;0
1;2025-11-26;3;0
1;2025-11-26;4;9
1;2025-11-26;5;139
1;2025-11-26;6;559
1;2025-11-26;7;1540
1;2025-11-26;8;1960
1;2025-11-26;9;1450
1;2025-11-26;10;1329
1;2025-11-26;11;1349
1;2025-11-26;12;1376
1;2025-11-26;13;1446
1;2025-11-26;14;1375
1;2025-11-26;15;1499
1;2025-11-26;16;1510
1;2025-11-26;17;1799
1;2025-11-26;18;1815
1;2025-11-26;19;1396
1;2025-11-26;20;925
1;2025-11-26;21;494
1;2025-11-26;22;252
1;2025-11-26;23;45
1;2025-11-27;0;5
1;2025-11-27;1;0
1;2025-11-27;2;0
1;2025-11-27;3;0
1;2025-11-27;4;8
1;2025-11-27;5;131
1;2025-11-27;6;526
1;2025-11-27;7;1520
1;2025-11-27;8;1997
1;2025-11-27;9;1475
1;2025-11-27;10;1349
1;2025-11-27;11;1353
1;2025-11-27;12;1416
1;2025-11-27;13;1443
1;2025-11-27;14;1409
1;2025-11-27;15;1543
1;2025-11-27;16;1556
1;2025-11-27;17;1809
1;2025-11-27;18;1827
1;2025-11-27;19;1374
1;2025-11-27;20;910
1;2025-11-27;21;496
1;2025-11-27;22;238
1;2025-11-27;23;52
1;2025-11-28;0;5
1;2025-11-28;1;0
1;2025-11-28;2;0
1;2025-11-28;3;0
1;2025-11-28;4;8
1;2025-11-28;5;142
1;2025-11-28;6;527
1;2025-11-28;7;1534
1;2025-11-28;8;1903
1;2025-11-28;9;1433
1;2025-11-28;10;1338
1;2025-11-28;11;1414
1;2025-11-28;12;1387
1;2025-11-28;13;1446
1;2025-11-28;14;1378
1;2025-11-28;15;1540
1;2025-11-28;16;1620
1;2025-11-28;17;1796
1;2025-11-28;18;1598
1;2025-11-28;19;1217
1;2025-11-28;20;828
1;2025-11-28;21;509
1;2025-11-28;22;254
1;2025-11-28;23;54
1;2025-11-29;0;5
1;2025-11-29;1;0
1;2025-11-29;2;0
1;2025-11-29;3;0
1;2025-11-29;4;0
1;2025-11-29;5;33
1;2025-11-29;6;175
1;2025-11-29;7;343
1;2025-11-29;8;483
1;2025-11-29;9;747
1;2025-11-29;10;881
1;2025-11-29;11;818
1;2025-11-29;12;995
1;2025-11-29;13;1036
1;2025-11-29;14;963
1;2025-11-29;15;835
1;2025-11-29;16;770
1;2025-11-29;17;714
1;2025-11-29;18;650
1;2025-11-29;19;590
1;2025-11-29;20;434
1;2025-11-29;21;318
1;2025-11-29;22;146
1;2025-11-29;23;33
1;2025-11-30;0;0
1;2025-11-30;1;0
1;2025-11-30;2;0
1;2025-11-30;3;0
1;2025-11-30;4;0
1;2025-11-30;5;29
1;2025-11-30;6;140
1;2025-11-30;7;278
1;2025-11-30;8;379
1;2025-11-30;9;640
1;2025-11-30;10;726
1;2025-11-30;11;714
1;2025-11-30;12;895
1;2025-11-30;13;932
1;2025-11-30;14;836
1;2025-11-30;15;775
1;2025-11-30;16;714
1;2025-11-30;17;661
1;2025-11-30;18;599
1;2025-11-30;19;514
1;2025-11-30;20;387
1;2025-11-30;21;297
1;2025-11-30;22;122
1;2025-11-30;23;34
1;2025-12-01;0;0
1;2025-12-01;1;0
1;2025-12-01;2;0
1;2025-12-01;3;0
1;2025-12-01;4;9
1;2025-12-01;5;135
1;2025-12-01;6;539
1;2025-12-01;7;1494
1;2025-12-01;8;1906
1;2025-12-01;9;1409
1;2025-12-01;10;1242
1;2025-12-01;11;1283
1;2025-12-01;12;1332
1;2025-12-01;13;1354
1;2025-12-01;14;1328
1;2025-12-01;15;1472
1;2025-12-01;16;1554
1;2025-12-01;17;1799
1;2025-12-01;18;1900
1;2025-12-01;19;1428
1;2025-12-01;20;899
1;2025-12-01;21;483
1;2025-12-01;22;216
1;2025-12-01;23;39
1;2025-12-02;0;3
1;2025-12-02;1;0
1;2025-12-02;2;0
1;2025-12-02;3;0
1;2025-12-02;4;7
1;2025-12-02;5;137
1;2025-12-02;6;565
1;2025-12-02;7;1613
1;2025-12-02;8;1974
1;2025-12-02;9;1527
1;2025-12-02;10;1361
1;2025-12-02;11;1367
1;2025-12-02;12;1402
1;2025-12-02;13;1426
1;2025-12-02;14;1355
1;2025-12-02;15;1475
1;2025-12-02;16;1492
1;2025-12-02;17;1785
1;2025-12-02;18;1829
1;2025-12-02;19;1454
1;2025-12-02;20;922
1;2025-12-02;21;498
1;2025-12-02;22;241
1;2025-12-02;23;44
1;2025-12-03;0;4
1;2025-12-03;1;0
1;2025-12-03;2;0
1;2025-12-03;3;0
1;2025-12-03;4;9
1;2025-12-03;5;139
1;2025-12-03;6;559
1;2025-12-03;7;1540
1;2025-12-03;8;1960
1;2025-12-03;9;1450
1;2025-12-03;10;1329
1;2025-12-03;11;1349
1;2025-12-03;12;1376
1;2025-12-03;13;1446
1;2025-12-03;14;1375
1;2025-12-03;15;1499
1;2025-12-03;16;1510
1;2025-12-03;17;1799
1;2025-12-03;18;1815
1;2025-12-03;19;1396
1;2025-12-03;20;925
1;2025-12-03;21;494
1;2025-12-03;22;252
1;2025-12-03;23;45
1;2025-12-04;0;5
1;2025-12-04;1;0
1;2025-12-04;2;0
1;2025-12-04;3;0
1;2025-12-04;4;8
1;2025-12-04;5;131
1;2025-12-04;6;526
1;2025-12-04;7;1520
1;2025-12-04;8;1997
1;2025-12-04;9;1475
1;2025-12-04;10;1349
1;2025-12-04;11;1353
1;2025-12-04;12;1416
1;2025-12-04;13;1443
1;2025-12-04;14;1409
1;2025-12-04;15;1543
1;2025-12-04;16;1556
1;2025-12-04;17;1809
1;2025-12-04;18;1827
1;2025-12-04;19;1374
1;2025-12-04;20;910
1;2025-12-04;21;496
1;2025-12-04;22;238
1;2025-12-04;23;52
1;2025-12-05;0;5
1;2025-12-05;1;0
1;2025-12-05;2;0
1;2025-12-05;3;0
1;2025-12-05;4;8
1;2025-12-05;5;142
1;2025-12-05;6;527
1;2025-12-05;7;1534
1;2025-12-05;8;1903
1;2025-12-05;9;1433
1;2025-12-05;10;1338
1;2025-12-05;11;1414
1;2025-12-05;12;1387
1;2025-12-05;13;1446
1;2025-12-05;14;1378
1;2025-12-05;15;1540
1;2025-12-05;16;1620
1;2025-12-05;17;1796
1;2025-12-05;18;1598
1;2025-12-05;19;1217
1;2025-12-05;20;828
1;2025-12-05;21;509
1;2025-12-05;22;254
1;2025-12-05;23;54
1;2025-12-06;0;5
1;2025-12-06;1;0
1;2025-12-06;2;0
1;2025-12-06;3;0
1;2025-12-06;4;0
1;2025-12-06;5;33
1;2025-12-06;6;175
1;2025-12-06;7;343
1;2025-12-06;8;483
1;2025-12-06;9;747
1;2025-12-06;10;881
1;2025-12-06;11;818
1;2025-12-06;12;995
1;2025-12-06;13;1036
1;2025-12-06;14;963
1;2025-12-06;15;835
1;2025-12-06;16;770
1;2025-12-06;17;714
1;2025-12-06;18;650
1;2025-12-06;19;590
1;2025-12-06;20;434
1;2025-12-06;21;318
1;2025-12-06;22;146
1;2025-12-06;23;33
1;2025-12-07;0;0
1;2025-12-07;1;0
1;2025-12-07;2;0
1;2025-12-07;3;0
1;2025-12-07;4;0
1;2025-12-07;5;29
1;2025-12-07;6;140
1;2025-12-07;7;278
1;2025-12-07;8;379
1;2025-12-07;9;640
1;2025-12-07;10;726
1;2025-12-07;11;714
1;2025-12-07;12;895
1;2025-12-07;13;932
1;2025-12-07;14;836
1;2025-12-07;15;775
1;2025-12-07;16;714
1;2025-12-07;17;661
1;2025-12-07;18;599
1;2025-12-07;19;514
1;2025-12-07;20;387
1;2025-12-07;21;297
1;2025-12-07;22;122
1;2025-12-07;23;34
1;2025-12-08;0;0
1;2025-12-08;1;0
1;2025-12-08;2;0
1;2025-12-08;3;0
1;2025-12-08;4;9
1;2025-12-08;5;135
1;2025-12-08;6;539
1;2025-12-08;7;1494
1;2025-12-08;8;1906
1;2025-12-08;9;1409
1;2025-12-08;10;1242
1;2025-12-08;11;1283
1;2025-12-08;12;1332
1;2025-12-08;13;1354
1;2025-12-08;14;1328
1;2025-12-08;15;1472
1;2025-12-08;16;1554
1;2025-12-08;17;1799
1;2025-12-08;18;1900
1;2025-12-08;19;1428
1;2025-12-08;20;899
1;2025-12-08;21;483
1;2025-12-08;22;216
1;2025-12-08;23;39
1;2025-12-09;0;3
1;2025-12-09;1;0
1;2025-12-09;2;0
1;2025-12-09;3;0
1;2025-12-09;4;7
1;2025-12-09;5;137
1;2025-12-09;6;565
1;2025-12-09;7;1613
1;2025-12-09;8;1974
1;2025-12-09;9;1527
1;2025-12-09;10;1361
1;2025-12-09;11;1367
1;2025-12-09;12;1402
1;2025-12-09;13;1426
1;2025-12-09;14;1355
1;2025-12-09;15;1475
1;2025-12-09;16;1492
1;2025-12-09;17;1785
1;2025-12-09;18;1829
1;2025-12-09;19;1454
1;2025-12-09;20;922
1;2025-12-09;21;498
1;2025-12-09;22;241
1;2025-12-09;23;44
1;2025-12-10;0;4
1;2025-12-10;1;0
1;2025-12-10;2;0
1;2025-12-10;3;0
1;2025-12-10;4;9
1;2025-12-10;5;139
1;2025-12-10;6;559
1;2025-12-10;7;1540
1;2025-12-10;8;1960
1;2025-12-10;9;1450
1;2025-12-10;10;1329
1;2025-12-10;11;1349
1;2025-12-10;12;1376
1;2025-12-10;13;1446
1;2025-12-10;14;1375
1;2025-12-10;15;1499
1;2025-12-10;16;1510
1;2025-12-10;17;1799
1;2025-12-10;18;1815
1;2025-12-10;19;1396
1;2025-12-10;20;925
1;2025-12-10;21;494
1;2025-12-10;22;252
1;2025-12-10;23;45
1;2025-12-11;0;5
1;2025-12-11;1;0
1;2025-12-11;2;0
1;2025-12-11;3;0
1;2025-12-11;4;8
1;2025-12-11;5;131
1;2025-12-11;6;526
1;2025-12-11;7;1520
1;2025-12-11;8;1997
1;2025-12-11;9;1475
1;2025-12-11;10;1349
1;2025-12-11;11;1353
1;2025-12-11;12;1416
1;2025-12-11;13;1443
1;2025-12-11;14;1409
1;2025-12-11;15;1543
1;2025-12-11;16;1556
1;2025-12-11;17;1809
1;2025-12-11;18;1827
1;2025-12-11;19;1374
1;2025-12-11;20;910
1;2025-12-11;21;496
1;2025-12-11;22;238
1;2025-12-11;23;52
1;2025-12-12;0;5
1;2025-12-12;1;0
1;2025-12-12;2;0
1;2025-12-12;3;0
1;2025-12-12;4;8
1;2025-12-12;5;142
1;2025-12-12;6;527
1;2025-12-12;7;1534
1;2025-12-12;8;1903
1;2025-12-12;9;1433
1;2025-12-12;10;1338
1;2025-12-12;11;1414
1;2025-12-12;12;1387
1;2025-12-12;13;1446
1;2025-12-12;14;1378
1;2025-12-12;15;1540
1;2025-12-12;16;1620
1;2025-12-12;17;1796
1;2025-12-12;18;1598
1;2025-12-12;19;1217
1;2025-12-12;20;828
1;2025-12-12;21;509
1;2025-12-12;22;254
1;2025-12-12;23;54
1;2025-12-13;0;5
1;2025-12-13;1;0
1;2025-12-13;2;0
1;2025-12-13;3;0
1;2025-12-13;4;0
1;2025-12-13;5;33
1;2025-12-13;6;175
1;2025-12-13;7;343
1;2025-12-13;8;483
1;2025-12-13;9;747
1;2025-12-13;10;881
1;2025-12-13;11;818
1;2025-12-13;12;995
1;2025-12-13;13;1036
1;2025-12-13;14;963
1;2025-12-13;15;835
1;2025-12-13;16;770
1;2025-12-13;17;714
1;2025-12-13;18;650
1;2025-12-13;19;590
1;2025-12-13;20;434
1;2025-12-13;21;318
1;2025-12-13;22;146
1;2025-12-13;23;33
1;2025-12-14;0;0
1;2025-12-14;1;0
1;2025-12-14;2;0
1;2025-12-14;3;0
1;2025-12-14;4;0
1;2025-12-14;5;29
1;2025-12-14;6;140
1;2025-12-14;7;278
1;2025-12-14;8;379
1;2025-12-14;9;640
1;2025-12-14;10;726
1;2025-12-14;11;714
1;2025-12-14;12;895
1;2025-12-14;13;932
1;2025-12-14;14;836
1;2025-12-14;15;775
1;2025-12-14;16;714
1;2025-12-14;17;661
1;2025-12-14;18;599
1;2025-12-14;19;514
1;2025-12-14;20;387
1;2025-12-14;21;297
1;2025-12-14;22;122
1;2025-12-14;23;34
1;2025-12-15;0;0
1;2025-12-15;1;0
1;2025-12-15;2;0
1;2025-12-15;3;0
1;2025-12-15;4;9
1;2025-12-15;5;135
1;2025-12-15;6;539
1;2025-12-15;7;1494
1;2025-12-15;8;1906
1;2025-12-15;9;1409
1;2025-12-15;10;1242
1;2025-12-15;11;1283
1;2025-12-15;12;1332
1;2025-12-15;13;1354
1;2025-12-15;14;1328
1;2025-12-15;15;1472
1;2025-12-15;16;1554
1;2025-12-15;17;1799
1;2025-12-15;18;1900
1;2025-12-15;19;1428
1;2025-12-15;20;899
1;2025-12-15;21;483
1;2025-12-15;22;216
1;2025-12-15;23;39
1;2025-12-16;0;3
1;2025-12-16;1;0
1;2025-12-16;2;0
1;2025-12-16;3;0
1;2025-12-16;4;7
1;2025-12-16;5;137
1;2025-12-16;6;565
1;2025-12-16;7;1613
1;2025-12-16;8;1974
1;2025-12-16;9;1527
1;2025-12-16;10;1361
1;2025-12-16;11;1367
1;2025-12-16;12;1402
1;2025-12-16;13;1426
1;2025-12-16;14;1355
1;2025-12-16;15;1475
1;2025-12-16;16;1492
1;2025-12-16;17;1785
1;2025-12-16;18;1829
1;2025-12-16;19;1454
1;2025-12-16;20;922
1;2025-12-16;21;498
1;2025-12-16;22;241
1;2025-12-16;23;44
1;2025-12-17;0;4
1;2025-12-17;1;0
1;2025-12-17;2;0
1;2025-12-17;3;0
1;2025-12-17;4;9
1;2025-12-17;5;139
1;2025-12-17;6;559
1;2025-12-17;7;1540
1;2025-12-17;8;1960
1;2025-12-17;9;1450
1;2025-12-17;10;1329
1;2025-12-17;11;1349
1;2025-12-17;12;1376
1;2025-12-17;13;1446
1;2025-12-17;14;1375
1;2025-12-17;15;1499
1;2025-12-17;16;1510
1;2025-12-17;17;1799
1;2025-12-17;18;1815
1;2025-12-17;19;1396
1;2025-12-17;20;925
1;2025-12-17;21;494
1;2025-12-17;22;252
1;2025-12-17;23;45
1;2025-12-18;0;5
1;2025-12-18;1;0
1;2025-12-18;2;0
1;2025-12-18;3;0
1;2025-12-18;4;8
1;2025-12-18;5;131
1;2025-12-18;6;526
1;2025-12-18;7;1520
1;2025-12-18;8;1997
1;2025-12-18;9;1475
1;2025-12-18;10;1349
1;2025-12-18;11;1353
1;2025-12-18;12;1416
1;2025-12-18;13;1443
1;2025-12-18;14;1409
1;2025-12-18;15;1543
1;2025-12-18;16;1556
1;2025-12-18;17;1809
1;2025-12-18;18;1827
1;2025-12-18;19;1374
1;2025-12-18;20;910
1;2025-12-18;21;496
1;2025-12-18;22;238
1;2025-12-18;23;52
1;2025-12-19;0;5
1;2025-12-19;1;0
1;2025-12-19;2;0
1;2025-12-19;3;0
1;2025-12-19;4;8
1;2025-12-19;5;142
1;2025-12-19;6;527
1;2025-12-19;7;1534
1;2025-12-19;8;1903
1;2025-12-19;9;1433
1;2025-12-19;10;1338
1;2025-12-19;11;1414
1;2025-12-19;12;1387
1;2025-12-19;13;1446
1;2025-12-19;14;1378
1;2025-12-19;15;1540
1;2025-12-19;16;1620
1;2025-12-19;17;1796
1;2025-12-19;18;1598
1;2025-12-19;19;1217
1;2025-12-19;20;828
1;2025-12-19;21;509
1;2025-12-19;22;254
1;2025-12-19;23;54
1;2025-12-20;0;5
1;2025-12-20;1;0
1;2025-12-20;2;0
1;2025-12-20;3;0
1;2025-12-20;4;0
1;2025-12-20;5;33
1;2025-12-20;6;175
1;2025-12-20;7;343
1;2025-12-20;8;483
1;2025-12-20;9;747
1;2025-12-20;10;881
1;2025-12-20;11;818
1;2025-12-20;12;995
1;2025-12-20;13;1036
1;2025-12-20;14;963
1;2025-12-20;15;835
1;2025-12-20;16;770
1;2025-12-20;17;714
1;2025-12-20;18;650
1;2025-12-20;19;590
1;2025-12-20;20;434
1;2025-12-20;21;318
1;2025-12-20;22;146
1;2025-12-20;23;33
1;2025-12-21;0;0
1;2025-12-21;1;0
1;2025-12-21;2;0
1;2025-12-21;3;0
1;2025-12-21;4;0
1;2025-12-21;5;29
1;2025-12-21;6;140
1;2025-12-21;7;278
1;2025-12-21;8;379
1;2025-12-21;9;640
1;2025-12-21;10;726
1;2025-12-21;11;714
1;2025-12-21;12;895
1;2025-12-21;13;932
1;2025-12-21;14;836
1;2025-12-21;15;775
1;2025-12-21;16;714
1;2025-12-21;17;661
1;2025-12-21;18;599
1;2025-12-21;19;514
1;2025-12-21;20;387
1;2025-12-21;21;297
1;2025-12-21;22;122
1;2025-12-21;23;34
1;2025-12-22;0;0
1;2025-12-22;1;0
1;2025-12-22;2;0
1;2025-12-22;3;0
1;2025-12-22;4;9
1;2025-12-22;5;135
1;2025-12-22;6;539
1;2025-12-22;7;1494
1;2025-12-22;8;1906
1;2025-12-22;9;1409
1;2025-12-22;10;1242
1;2025-12-22;11;1283
1;2025-12-22;12;1332
1;2025-12-22;13;1354
1;2025-12-22;14;1328
1;2025-12-22;15;1472
1;2025-12-22;16;1554
1;2025-12-22;17;1799
1;2025-12-22;18;1900
1;2025-12-22;19;1428
1;2025-12-22;20;899
1;2025-12-22;21;483
1;2025-12-22;22;216
1;2025-12-22;23;39
1;2025-12-23;0;3
1;2025-12-23;1;0
1;2025-12-23;2;0
1;2025-12-23;3;0
1;2025-12-23;4;7
1;2025-12-23;5;137
1;2025-12-23;6;565
1;2025-12-23;7;1613
1;2025-12-23;8;1974
1;2025-12-23;9;1527
1;2025-12-23;10;1361
1;2025-12-23;11;1367
1;2025-12-23;12;1402
1;2025-12-23;13;1426
1;2025-12-23;14;1355
1;2025-12-23;15;1475
1;2025-12-23;16;1492
1;2025-12-23;17;1785
1;2025-12-23;18;1829
1;2025-12-23;19;1454
1;2025-12-23;20;922
1;2025-12-23;21;498
1;2025-12-23;22;241
1;2025-12-23;23;44
1;2025-12-24;0;4
1;2025-12-24;1;0
1;2025-12-24;2;0
1;2025-12-24;3;0
1;2025-12-24;4;9
1;2025-12-24;5;139
1;2025-12-24;6;559
1;2025-12-24;7;1540
1;2025-12-24;8;1960
1;2025-12-24;9;1450
1;2025-12-24;10;1329
1;2025-12-24;11;1349
1;2025-12-24;12;1376
1;2025-12-24;13;1446
1;2025-12-24;14;1375
1;2025-12-24;15;1499
1;2025-12-24;16;1510
1;2025-12-24;17;1799
1;2025-12-24;18;1815
1;2025-12-24;19;1396
1;2025-12-24;20;925
1;2025-12-24;21;494
1;2025-12-24;22;252
1;2025-12-24;23;45
1;2025-12-25;0;5
1;2025-12-25;1;0
1;2025-12-25;2;0
1;2025-12-25;3;0
1;2025-12-25;4;8
1;2025-12-25;5;131
1;2025-12-25;6;526
1;2025-12-25;7;1520
1;2025-12-25;8;1997
1;2025-12-25;9;1475
1;2025-12-25;10;1349
1;2025-12-25;11;1353
1;2025-12-25;12;1416
1;2025-12-25;13;1443
1;2025-12-25;14;1409
1;2025-12-25;15;1543
1;2025-12-25;16;1556
1;2025-12-25;17;1809
1;2025-12-25;18;1827
1;2025-12-25;19;1374
1;2025-12-25;20;910
1;2025-12-25;21;496
1;2025-12-25;22;238
1;2025-12-25;23;52
1;2025-12-26;0;5
1;2025-12-26;1;0
1;2025-12-26;2;0
1;2025-12-26;3;0
1;2025-12-26;4;8
1;2025-12-26;5;142
1;2025-12-26;6;527
1;2025-12-26;7;1534
1;2025-12-26;8;1903
1;2025-12-26;9;1433
1;2025-12-26;10;1338
1;2025-12-26;11;1414
1;2025-12-26;12;1387
1;2025-12-26;13;1446
1;2025-12-26;14;1378
1;2025-12-26;15;1540
1;2025-12-26;16;1620
1;2025-12-26;17;1796
1;2025-12-26;18;1598
1;2025-12-26;19;1217
1;2025-12-26;20;828
1;2025-12-26;21;509
1;2025-12-26;22;254
1;2025-12-26;23;54
1;2025-12-27;0;5
1;2025-12-27;1;0
1;2025-12-27;2;0
1;2025-12-27;3;0
1;2025-12-27;4;0
1;2025-12-27;5;33
1;2025-12-27;6;175
1;2025-12-27;7;343
1;2025-12-27;8;483
1;2025-12-27;9;747
1;2025-12-27;10;881
1;2025-12-27;11;818
1;2025-12-27;12;995
1;2025-12-27;13;1036
1;2025-12-27;14;963
1;2025-12-27;15;835
1;2025-12-27;16;770
1;2025-12-27;17;714
1;2025-12-27;18;650
1;2025-12-27;19;590
1;2025-12-27;20;434
1;2025-12-27;21;318
1;2025-12-27;22;146
1;2025-12-27;23;33
1;2025-12-28;0;0
1;2025-12-28;1;0
1;2025-12-28;2;0
1;2025-12-28;3;0
1;2025-12-28;4;0
1;2025-12-28;5;29
1;2025-12-28;6;140
1;2025-12-28;7;278
1;2025-12-28;8;379
1;2025-12-28;9;640
1;2025-12-28;10;726
1;2025-12-28;11;714
1;2025-12-28;12;895
1;2025-12-28;13;932
1;2025-12-28;14;836
1;2025-12-28;15;775
1;2025-12-28;16;714
1;2025-12-28;17;661
1;2025-12-28;18;599
1;2025-12-28;19;514
1;2025-12-28;20;387
1;2025-12-28;21;297
1;2025-12-28;22;122
1;2025-12-28;23;34
1;2025-12-29;0;0
1;2025-12-29;1;0
1;2025-12-29;2;0
1;2025-12-29;3;0
1;2025-12-29;4;9
1;2025-12-29;5;135
1;2025-12-29;6;539
1;2025-12-29;7;1494
1;2025-12-29;8;1906
1;2025-12-29;9;1409
1;2025-12-29;10;1242
1;2025-12-29;11;1283
1;2025-12-29;12;1332
1;2025-12-29;13;1354
1;2025-12-29;14;1328
1;2025-12-29;15;1472
1;2025-12-29;16;1554
1;2025-12-29;17;1799
1;2025-12-29;18;1900
1;2025-12-29;19;1428
1;2025-12-29;20;899
1;2025-12-29;21;483
1;2025-12-29;22;216
1;2025-12-29;23;39
1;2025-12-30;0;3
1;2025-12-30;1;0
1;2025-12-30;2;0
1;2025-12-30;3;0
1;2025-12-30;4;7
1;2025-12-30;5;137
1;2025-12-30;6;565
1;2025-12-30;7;1613
1;2025-12-30;8;1974
1;2025-12-30;9;1527
1;2025-12-30;10;1361
1;2025-12-30;11;1367
1;2025-12-30;12;1402
1;2025-12-30;13;1426
1;2025-12-30;14;1355
1;2025-12-30;15;1475
1;2025-12-30;16;1492
1;2025-12-30;17;1785
1;2025-12-30;18;1829
1;2025-12-30;19;1454
1;2025-12-30;20;922
1;2025-12-30;21;498
1;2025-12-30;22;241
1;2025-12-30;23;44
1;2025-12-31;0;0
1;2025-12-31;1;0
1;2025-12-31;2;0
1;2025-12-31;3;0
1;2025-12-31;4;0
1;2025-12-31;5;28
1;2025-12-31;6;137
1;2025-12-31;7;272
1;2025-12-31;8;370
1;2025-12-31;9;626
1;2025-12-31;10;710
1;2025-12-31;11;698
1;2025-12-31;12;875
1;2025-12-31;13;911
1;2025-12-31;14;817
1;2025-12-31;15;758
1;2025-12-31;16;698
1;2025-12-31;17;646
1;2025-12-31;18;585
1;2025-12-31;19;502
1;2025-12-31;20;378
1;2025-12-31;21;290
1;2025-12-31;22;119
1;2025-12-31;23;33
5;2025-11-01;0;0
5;2025-11-01;1;0
5;2025-11-01;2;0
5;2025-11-01;3;0
5;2025-11-01;4;0
5;2025-11-01;5;0
5;2025-11-01;6;0
5;2025-11-01;7;0
5;2025-11-01;8;0
5;2025-11-01;9;0
5;2025-11-01;10;0
5;2025-11-01;11;0
5;2025-11-01;12;0
5;2025-11-01;13;0
5;2025-11-01;14;0
5;2025-11-01;15;0
5;2025-11-01;16;0
5;2025-11-01;17;0
5;2025-11-01;18;0
5;2025-11-01;19;0
5;2025-11-01;20;0
5;2025-11-01;21;0
5;2025-11-01;22;0
5;2025-11-01;23;0
5;2025-11-02;0;0
5;2025-11-02;1;0
5;2025-11-02;2;0
5;2025-11-02;3;0
5;2025-11-02;4;0
5;2025-11-02;5;0
5;2025-11-02;6;0
5;2025-11-02;7;0
5;2025-11-02;8;0
5;2025-11-02;9;0
5;2025-11-02;10;0
5;2025-11-02;11;0
5;2025-11-02;12;0
5;2025-11-02;13;0
5;2025-11-02;14;0
5;2025-11-02;15;0
5;2025-11-02;16;0
5;2025-11-02;17;0
5;2025-11-02;18;0
5;2025-11-02;19;0
5;2025-11-02;20;0
5;2025-11-02;21;0
5;2025-11-02;22;0
5;2025-11-02;23;0
5;2025-11-03;0;0
5;2025-11-03;1;0
5;2025-11-03;2;0
5;2025-11-03;3;0
5;2025-11-03;4;0
5;2025-11-03;5;0
5;2025-11-03;6;0
5;2025-11-03;7;0
5;2025-11-03;8;0
5;2025-11-03;9;0
5;2025-11-03;10;0
5;2025-11-03;11;0
5;2025-11-03;12;0
5;2025-11-03;13;0
5;2025-11-03;14;0
5;2025-11-03;15;0
5;2025-11-03;16;0
5;2025-11-03;17;0
5;2025-11-03;18;0
5;2025-11-03;19;0
5;2025-11-03;20;0
5;2025-11-03;21;0
5;2025-11-03;22;0
5;2025-11-03;23;0
5;2025-11-04;0;0
5;2025-11-04;1;0
5;2025-11-04;2;0
5;2025-11-04;3;0
5;2025-11-04;4;0
5;2025-11-04;5;0
5;2025-11-04;6;0
5;2025-11-04;7;0
5;2025-11-04;8;0
5;2025-11-04;9;0
5;2025-11-04;10;0
5;2025-11-04;11;0
5;2025-11-04;12;0
5;2025-11-04;13;0
5;2025-11-04;14;0
5;2025-11-04;15;0
5;2025-11-04;16;0
5;2025-11-04;17;0
5;2025-11-04;18;0
5;2025-11-04;19;0
5;2025-11-04;20;0
5;2025-11-04;21;0
5;2025-11-04;22;0
5;2025-11-04;23;0
5;2025-11-05;0;0
5;2025-11-05;1;0
5;2025-11-05;2;0
5;2025-11-05;3;0
5;2025-11-05;4;0
5;2025-11-05;5;0
5;2025-11-05;6;0
5;2025-11-05;7;0
5;2025-11-05;8;0
5;2025-11-05;9;0
5;2025-11-05;10;0
5;2025-11-05;11;0
5;2025-11-05;12;0
5;2025-11-05;13;0
5;2025-11-05;14;0
5;2025-11-05;15;0
5;2025-11-05;16;0
5;2025-11-05;17;0
5;2025-11-05;18;0
5;2025-11-05;19;0
5;2025-11-05;20;0
5;2025-11-05;21;0
5;2025-11-05;22;0
5;2025-11-05;23;0
5;2025-11-06;0;0
5;2025-11-06;1;0
5;2025-11-06;2;0
5;2025-11-06;3;0
5;2025-11-06;4;0
5;2025-11-06;5;0
5;2025-11-06;6;0
5;2025-11-06;7;0
5;2025-11-06;8;0
5;2025-11-06;9;0
5;2025-11-06;10;0
5;2025-11-06;11;0
5;2025-11-06;12;0
5;2025-11-06;13;0
5;2025-11-06;14;0
5;2025-11-06;15;0
5;2025-11-06;16;0
5;2025-11-06;17;0
5;2025-11-06;18;0
5;2025-11-06;19;0
5;2025-11-06;20;0
5;2025-11-06;21;0
5;2025-11-06;22;0
5;2025-11-06;23;0
5;2025-11-07;0;0
5;2025-11-07;1;0
5;2025-11-07;2;0
5;2025-11-07;3;0
5;2025-11-07;4;0
5;2025-11-07;5;0
5;2025-11-07;6;0
5;2025-11-07;7;0
5;2025-11-07;8;0
5;2025-11-07;9;0
5;2025-11-07;10;0
5;2025-11-07;11;0
5;2025-11-07;12;0
5;2025-11-07;13;0
5;2025-11-07;14;0
5;2025-11-07;15;0
5;2025-11-07;16;0
5;2025-11-07;17;0
5;2025-11-07;18;0
5;2025-11-07;19;0
5;2025-11-07;20;0
5;2025-11-07;21;0
5;2025-11-07;22;0
5;2025-11-07;23;0
5;2025-11-08;0;0
5;2025-11-08;1;0
5;2025-11-08;2;0
5;2025-11-08;3;0
5;2025-11-08;4;0
5;2025-11-08;5;0
5;2025-11-08;6;0
5;2025-11-08;7;0
5;2025-11-08;8;0
5;2025-11-08;9;0
5;2025-11-08;10;0
5;2025-11-08;11;0
5;2025-11-08;12;0
5;2025-11-08;13;0
5;2025-11-08;14;0
5;2025-11-08;15;0
5;2025-11-08;16;0
5;2025-11-08;17;0
5;2025-11-08;18;0
5;2025-11-08;19;0
5;2025-11-08;20;0
5;2025-11-08;21;0
5;2025-11-08;22;0
5;2025-11-08;23;0
5;2025-11-09;0;0
5;2025-11-09;1;0
5;2025-11-09;2;0
5;2025-11-09;3;0
5;2025-11-09;4;0
5;2025-11-09;5;0
5;2025-11-09;6;0
5;2025-11-09;7;0
5;2025-11-09;8;0
5;2025-11-09;9;0
5;2025-11-09;10;0
5;2025-11-09;11;0
5;2025-11-09;12;0
5;2025-11-09;13;0
5;2025-11-09;14;0
5;2025-11-09;15;0
5;2025-11-09;16;0
5;2025-11-09;17;0
5;2025-11-09;18;0
5;2025-11-09;19;0
5;2025-11-09;20;0
5;2025-11-09;21;0
5;2025-11-09;22;0
5;2025-11-09;23;0
5;2025-11-10;0;0
5;2025-11-10;1;0
5;2025-11-10;2;0
5;2025-11-10;3;0
5;2025-11-10;4;0
5;2025-11-10;5;0
5;2025-11-10;6;0
5;2025-11-10;7;0
5;2025-11-10;8;0
5;2025-11-10;9;0
5;2025-11-10;10;0
5;2025-11-10;11;0
5;2025-11-10;12;0
5;2025-11-10;13;0
5;2025-11-10;14;0
5;2025-11-10;15;0
5;2025-11-10;16;0
5;2025-11-10;17;0
5;2025-11-10;18;0
5;2025-11-10;19;0
5;2025-11-10;20;0
5;2025-11-10;21;0
5;2025-11-10;22;0
5;2025-11-10;23;0
5;2025-11-11;0;0
5;2025-11-11;1;0
5;2025-11-11;2;0
5;2025-11-11;3;0
5;2025-11-11;4;0
5;2025-11-11;5;0
5;2025-11-11;6;0
5;2025-11-11;7;0
5;2025-11-11;8;0
5;2025-11-11;9;0
5;2025-11-11;10;0
5;2025-11-11;11;0
5;2025-11-11;12;0
5;2025-11-11;13;0
5;2025-11-11;14;0
5;2025-11-11;15;0
5;2025-11-11;16;0
5;2025-11-11;17;0
5;2025-11-11;18;0
5;2025-11-11;19;0
5;2025-11-11;20;0
5;2025-11-11;21;0
5;2025-11-11;22;0
5;2025-11-11;23;0
5;2025-11-12;0;0
5;2025-11-12;1;0
5;2025-11-12;2;0
5;2025-11-12;3;0
5;2025-11-12;4;0
5;2025-11-12;5;0
5;2025-11-12;6;0
5;2025-11-12;7;0
5;2025-11-12;8;0
5;2025-11-12;9;0
5;2025-11-12;10;0
5;2025-11-12;11;0
5;2025-11-12;12;0
5;2025-11-12;13;0
5;2025-11-12;14;0
5;2025-11-12;15;0
5;2025-11-12;16;0
5;2025-11-12;17;0
5;2025-11-12;18;0
5;2025-11-12;19;0
5;2025-11-12;20;0
5;2025-11-12;21;0
5;2025-11-12;22;0
5;2025-11-12;23;0
5;2025-11-13;0;0
5;2025-11-13;1;0
5;2025-11-13;2;0
5;2025-11-13;3;0
5;2025-11-13;4;0
5;2025-11-13;5;0
5;2025-11-13;6;0
5;2025-11-13;7;0
5;2025-11-13;8;0
5;2025-11-13;9;0
5;2025-11-13;10;0
5;2025-11-13;11;0
5;2025-11-13;12;0
5;2025-11-13;13;0
5;2025-11-13;14;0
5;2025-11-13;15;0
5;2025-11-13;16;0
5;2025-11-13;17;0
5;2025-11-13;18;0
5;2025-11-13;19;0
5;2025-11-13;20;0
5;2025-11-13;21;0
5;2025-11-13;22;0
5;2025-11-13;23;0
5;2025-11-14;0;0
5;2025-11-14;1;0
5;2025-11-14;2;0
5;2025-11-14;3;0
5;2025-11-14;4;0
5;2025-11-14;5;0
5;2025-11-14;6;0
5;2025-11-14;7;0
5;2025-11-14;8;0
5;2025-11-14;9;0
5;2025-11-14;10;0
5;2025-11-14;11;0
5;2025-11-14;12;0
5;2025-11-14;13;0
5;2025-11-14;14;0
5;2025-11-14;15;0
5;2025-11-14;16;0
5;2025-11-14;17;0
5;2025-11-14;18;0
5;2025-11-14;19;0
5;2025-11-14;20;0
5;2025-11-14;21;0
5;2025-11-14;22;0
5;2025-11-14;23;0
5;2025-11-15;0;0
5;2025-11-15;1;0
5;2025-11-15;2;0
5;2025-11-15;3;0
5;2025-11-15;4;0
5;2025-11-15;5;0
5;2025-11-15;6;0
5;2025-11-15;7;0
5;2025-11-15;8;0
5;2025-11-15;9;0
5;2025-11-15;10;0
5;2025-11-15;11;0
5;2025-11-15;12;0
5;2025-11-15;13;0
5;2025-11-15;14;0
5;2025-11-15;15;0
5;2025-11-15;16;0
5;2025-11-15;17;0
5;2025-11-15;18;0
5;2025-11-15;19;0
5;2025-11-15;20;0
5;2025-11-15;21;0
5;2025-11-15;22;0
5;2025-11-15;23;0
5;2025-11-16;0;0
5;2025-11-16;1;0
5;2025-11-16;2;0
5;2025-11-16;3;0
5;2025-11-16;4;0
5;2025-11-16;5;0
5;2025-11-16;6;0
5;2025-11-16;7;0
5;2025-11-16;8;0
5;2025-11-16;9;0
5;2025-11-16;10;0
5;2025-11-16;11;0
5;2025-11-16;12;0
5;2025-11-16;13;0
5;2025-11-16;14;0
5;2025-11-16;15;0
5;2025-11-16;16;0
5;2025-11-16;17;0
5;2025-11-16;18;0
5;2025-11-16;19;0
5;2025-11-16;20;0
5;2025-11-16;21;0
5;2025-11-16;22;0
5;2025-11-16;23;0
5;2025-11-17;0;0
5;2025-11-17;1;0
5;2025-11-17;2;0
5;2025-11-17;3;0
5;2025-11-17;4;0
5;2025-11-17;5;0
5;2025-11-17;6;0
5;2025-11-17;7;0
5;2025-11-17;8;0
5;2025-11-17;9;0
5;2025-11-17;10;0
5;2025-11-17;11;0
5;2025-11-17;12;0
5;2025-11-17;13;0
5;2025-11-17;14;0
5;2025-11-17;15;0
5;2025-11-17;16;0
5;2025-11-17;17;0
5;2025-11-17;18;0
5;2025-11-17;19;0
5;2025-11-17;20;0
5;2025-11-17;21;0
5;2025-11-17;22;0
5;2025-11-17;23;0
5;2025-11-18;0;0
5;2025-11-18;1;0
5;2025-11-18;2;0
5;2025-11-18;3;0
5;2025-11-18;4;0
5;2025-11-18;5;0
5;2025-11-18;6;0
5;2025-11-18;7;0
5;2025-11-18;8;0
5;2025-11-18;9;0
5;2025-11-18;10;0
5;2025-11-18;11;0
5;2025-11-18;12;0
5;2025-11-18;13;0
5;2025-11-18;14;0
5;2025-11-18;15;0
5;2025-11-18;16;0
5;2025-11-18;17;0
5;2025-11-18;18;0
5;2025-11-18;19;0
5;2025-11-18;20;0
5;2025-11-18;21;0
5;2025-11-18;22;0
5;2025-11-18;23;0
5;2025-11-19;0;0
5;2025-11-19;1;0
5;2025-11-19;2;0
5;2025-11-19;3;0
5;2025-11-19;4;0
5;2025-11-19;5;0
5;2025-11-19;6;0
5;2025-11-19;7;0
5;2025-11-19;8;0
5;2025-11-19;9;0
5;2025-11-19;10;0
5;2025-11-19;11;0
5;2025-11-19;12;0
5;2025-11-19;13;0
5;2025-11-19;14;0
5;2025-11-19;15;0
5;2025-11-19;16;0
5;2025-11-19;17;0
5;2025-11-19;18;0
5;2025-11-19;19;0
5;2025-11-19;20;0
5;2025-11-19;21;0
5;2025-11-19;22;0
5;2025-11-19;23;0
5;2025-11-20;0;0
5;2025-11-20;1;0
5;2025-11-20;2;0
5;2025-11-20;3;0
5;2025-11-20;4;0
5;2025-11-20;5;0
5;2025-11-20;6;0
5;2025-11-20;7;0
5;2025-11-20;8;0
5;2025-11-20;9;0
5;2025-11-20;10;0
5;2025-11-20;11;0
5;2025-11-20;12;0
5;2025-11-20;13;0
5;2025-11-20;14;0
5;2025-11-20;15;0
5;2025-11-20;16;0
5;2025-11-20;17;0
5;2025-11-20;18;0
5;2025-11-20;19;0
5;2025-11-20;20;0
5;2025-11-20;21;0
5;2025-11-20;22;0
5;2025-11-20;23;0
5;2025-11-21;0;0
5;2025-11-21;1;0
5;2025-11-21;2;0
5;2025-11-21;3;0
5;2025-11-21;4;0
5;2025-11-21;5;0
5;2025-11-21;6;0
5;2025-11-21;7;0
5;2025-11-21;8;0
5;2025-11-21;9;0
5;2025-11-21;10;0
5;2025-11-21;11;0
5;2025-11-21;12;0
5;2025-11-21;13;0
5;2025-11-21;14;0
5;2025-11-21;15;0
5;2025-11-21;16;0
5;2025-11-21;17;0
5;2025-11-21;18;0
5;2025-11-21;19;0
5;2025-11-21;20;0
5;2025-11-21;21;0
5;2025-11-21;22;0
5;2025-11-21;23;0
5;2025-11-22;0;0
5;2025-11-22;1;0
5;2025-11-22;2;0
5;2025-11-22;3;0
5;2025-11-22;4;0
5;2025-11-22;5;0
5;2025-11-22;6;0
5;2025-11-22;7;0
5;2025-11-22;8;0
5;2025-11-22;9;0
5;2025-11-22;10;0
5;2025-11-22;11;0
5;2025-11-22;12;0
5;2025-11-22;13;0
5;2025-11-22;14;0
5;2025-11-22;15;0
5;2025-11-22;16;0
5;2025-11-22;17;0
5;2025-11-22;18;0
5;2025-11-22;19;0
5;2025-11-22;20;0
5;2025-11-22;21;0
5;2025-11-22;22;0
5;2025-11-22;23;0
5;2025-11-23;0;0
5;2025-11-23;1;0
5;2025-11-23;2;0
5;2025-11-23;3;0
5;2025-11-23;4;0
5;2025-11-23;5;0
5;2025-11-23;6;0
5;2025-11-23;7;0
5;2025-11-23;8;0
5;2025-11-23;9;0
5;2025-11-23;10;0
5;2025-11-23;11;0
5;2025-11-23;12;0
5;2025-11-23;13;0
5;2025-11-23;14;0
5;2025-11-23;15;0
5;2025-11-23;16;0
5;2025-11-23;17;0
5;2025-11-23;18;0
5;2025-11-23;19;0
5;2025-11-23;20;0
5;2025-11-23;21;0
5;2025-11-23;22;0
5;2025-11-23;23;0
5;2025-11-24;0;0
5;2025-11-24;1;0
5;2025-11-24;2;0
5;2025-11-24;3;0
5;2025-11-24;4;0
5;2025-11-24;5;0
5;2025-11-24;6;0
5;2025-11-24;7;0
5;2025-11-24;8;0
5;2025-11-24;9;0
5;2025-11-24;10;0
5;2025-11-24;11;0
5;2025-11-24;12;0
5;2025-11-24;13;0
5;2025-11-24;14;0
5;2025-11-24;15;0
5;2025-11-24;16;0
5;2025-11-24;17;0
5;2025-11-24;18;0
5;2025-11-24;19;0
5;2025-11-24;20;0
5;2025-11-24;21;0
5;2025-11-24;22;0
5;2025-11-24;23;0
5;2025-11-25;0;0
5;2025-11-25;1;0
5;2025-11-25;2;0
5;2025-11-25;3;0
5;2025-11-25;4;0
5;2025-11-25;5;0
5;2025-11-25;6;0
5;2025-11-25;7;0
5;2025-11-25;8;0
5;2025-11-25;9;0
5;2025-11-25;10;0
5;2025-11-25;11;0
5;2025-11-25;12;0
5;2025-11-25;13;0
5;2025-11-25;14;0
5;2025-11-25;15;0
5;2025-11-25;16;0
5;2025-11-25;17;0
5;2025-11-25;18;0
5;2025-11-25;19;0
5;2025-11-25;20;0
5;2025-11-25;21;0
5;2025-11-25;22;0
5;2025-11-25;23;0
5;2025-11-26;0;0
5;2025-11-26;1;0
5;2025-11-26;2;0
5;2025-11-26;3;0
5;2025-11-26;4;0
5;2025-11-26;5;0
5;2025-11-26;6;0
5;2025-11-26;7;0
5;2025-11-26;8;0
5;2025-11-26;9;0
5;2025-11-26;10;0
5;2025-11-26;11;0
5;2025-11-26;12;0
5;2025-11-26;13;0
5;2025-11-26;14;0
5;2025-11-26;15;0
5;2025-11-26;16;0
5;2025-11-26;17;0
5;2025-11-26;18;0
5;2025-11-26;19;0
5;2025-11-26;20;0
5;2025-11-26;21;0
5;2025-11-26;22;0
5;2025-11-26;23;0
5;2025-11-27;0;0
5;2025-11-27;1;0
5;2025-11-27;2;0
5;2025-11-27;3;0
5;2025-11-27;4;0
5;2025-11-27;5;0
5;2025-11-27;6;0
5;2025-11-27;7;0
5;2025-11-27;8;0
5;2025-11-27;9;0
5;2025-11-27;10;0
5;2025-11-27;11;0
5;2025-11-27;12;0
5;2025-11-27;13;0
5;2025-11-27;14;0
5;2025-11-27;15;0
5;2025-11-27;16;0
5;2025-11-27;17;0
5;2025-11-27;18;0
5;2025-11-27;19;0
5;2025-11-27;20;0
5;2025-11-27;21;0
5;2025-11-27;22;0
5;2025-11-27;23;0
5;2025-11-28;0;0
5;2025-11-28;1;0
5;2025-11-28;2;0
5;2025-11-28;3;0
5;2025-11-28;4;0
5;2025-11-28;5;0
5;2025-11-28;6;0
5;2025-11-28;7;0
5;2025-11-28;8;0
5;2025-11-28;9;0
5;2025-11-28;10;0
5;2025-11-28;11;0
5;2025-11-28;12;0
5;2025-11-28;13;0
5;2025-11-28;14;0
5;2025-11-28;15;0
5;2025-11-28;16;0
5;2025-11-28;17;0
5;2025-11-28;18;0
5;2025-11-28;19;0
5;2025-11-28;20;0
5;2025-11-28;21;0
5;2025-11-28;22;0
5;2025-11-28;23;0
5;2025-11-29;0;0
5;2025-11-29;1;0
5;2025-11-29;2;0
5;2025-11-29;3;0
5;2025-11-29;4;0
5;2025-11-29;5;0
5;2025-11-29;6;0
5;2025-11-29;7;0
5;2025-11-29;8;0
5;2025-11-29;9;0
5;2025-11-29;10;0
5;2025-11-29;11;0
5;2025-11-29;12;0
5;2025-11-29;13;0
5;2025-11-29;14;0
5;2025-11-29;15;0
5;2025-11-29;16;0
5;2025-11-29;17;0
5;2025-11-29;18;0
5;2025-11-29;19;0
5;2025-11-29;20;0
5;2025-11-29;21;0
5;2025-11-29;22;0
5;2025-11-29;23;0
5;2025-11-30;0;0
5;2025-11-30;1;0
5;2025-11-30;2;0
5;2025-11-30;3;0
5;2025-11-30;4;0
5;2025-11-30;5;0
5;2025-11-30;6;0
5;2025-11-30;7;0
5;2025-11-30;8;0
5;2025-11-30;9;0
5;2025-11-30;10;0
5;2025-11-30;11;0
5;2025-11-30;12;0
5;2025-11-30;13;0
5;2025-11-30;14;0
5;2025-11-30;15;0
5;2025-11-30;16;0
5;2025-11-30;17;0
5;2025-11-30;18;0
5;2025-11-30;19;0
5;2025-11-30;20;0
5;2025-11-30;21;0
5;2025-11-30;22;0
5;2025-11-30;23;0
5;2025-12-01;0;0
5;2025-12-01;1;0
5;2025-12-01;2;0
5;2025-12-01;3;0
5;2025-12-01;4;0
5;2025-12-01;5;0
5;2025-12-01;6;0
5;2025-12-01;7;0
5;2025-12-01;8;0
5;2025-12-01;9;0
5;2025-12-01;10;0
5;2025-12-01;11;0
5;2025-12-01;12;0
5;2025-12-01;13;0
5;2025-12-01;14;0
5;2025-12-01;15;0
5;2025-12-01;16;0
5;2025-12-01;17;0
5;2025-12-01;18;0
5;2025-12-01;19;0
5;2025-12-01;20;0
5;2025-12-01;21;0
5;2025-12-01;22;0
5;2025-12-01;23;0
5;2025-12-02;0;0
5;2025-12-02;1;0
5;2025-12-02;2;0
5;2025-12-02;3;0
5;2025-12-02;4;0
5;2025-12-02;5;0
5;2025-12-02;6;0
5;2025-12-02;7;0
5;2025-12-02;8;0
5;2025-12-02;9;0
5;2025-12-02;10;0
5;2025-12-02;11;0
5;2025-12-02;12;0
5;2025-12-02;13;0
5;2025-12-02;14;0
5;2025-12-02;15;0
5;2025-12-02;16;0
5;2025-12-02;17;0
5;2025-12-02;18;0
5;2025-12-02;19;0
5;2025-12-02;20;0
5;2025-12-02;21;0
5;2025-12-02;22;0
5;2025-12-02;23;0
5;2025-12-03;0;0
5;2025-12-03;1;0
5;2025-12-03;2;0
5;2025-12-03;3;0
5;2025-12-03;4;0
5;2025-12-03;5;0
5;2025-12-03;6;0
5;2025-12-03;7;0
5;2025-12-03;8;0
5;2025-12-03;9;0
5;2025-12-03;10;0
5;2025-12-03;11;0
5;2025-12-03;12;0
5;2025-12-03;13;0
5;2025-12-03;14;0
5;2025-12-03;15;0
5;2025-12-03;16;0
5;2025-12-03;17;0
5;2025-12-03;18;0
5;2025-12-03;19;0
5;2025-12-03;20;0
5;2025-12-03;21;0
5;2025-12-03;22;0
5;2025-12-03;23;0
5;2025-12-04;0;0
5;2025-12-04;1;0
5;2025-12-04;2;0
5;2025-12-04;3;0
5;2025-12-04;4;0
5;2025-12-04;5;0
5;2025-12-04;6;0
5;2025-12-04;7;0
5;2025-12-04;8;0
5;2025-12-04;9;0
5;2025-12-04;10;0
5;2025-12-04;11;0
5;2025-12-04;12;0
5;2025-12-04;13;0
5;2025-12-04;14;0
5;2025-12-04;15;0
5;2025-12-04;16;0
5;2025-12-04;17;0
5;2025-12-04;18;0
5;2025-12-04;19;0
5;2025-12-04;20;0
5;2025-12-04;21;0
5;2025-12-04;22;0
5;2025-12-04;23;0
5;2025-12-05;0;0
5;2025-12-05;1;0
5;2025-12-05;2;0
5;2025-12-05;3;0
5;2025-12-05;4;0
5;2025-12-05;5;0
5;2025-12-05;6;0
5;2025-12-05;7;0
5;2025-12-05;8;0
5;2025-12-05;9;0
5;2025-12-05;10;0
5;2025-12-05;11;0
5;2025-12-05;12;0
5;2025-12-05;13;0
5;2025-12-05;14;0
5;2025-12-05;15;0
5;2025-12-05;16;0
5;2025-12-05;17;0
5;2025-12-05;18;0
5;2025-12-05;19;0
5;2025-12-05;20;0
5;2025-12-05;21;0
5;2025-12-05;22;0
5;2025-12-05;23;0
5;2025-12-06;0;0
5;2025-12-06;1;0
5;2025-12-06;2;0
5;2025-12-06;3;0
5;2025-12-06;4;0
5;2025-12-06;5;0
5;2025-12-06;6;0
5;2025-12-06;7;0
5;2025-12-06;8;0
5;2025-12-06;9;0
5;2025-12-06;10;0
5;2025-12-06;11;0
5;2025-12-06;12;0
5;2025-12-06;13;0
5;2025-12-06;14;0
5;2025-12-06;15;0
5;2025-12-06;16;0
5;2025-12-06;17;0
5;2025-12-06;18;0
5;2025-12-06;19;0
5;2025-12-06;20;0
5;2025-12-06;21;0
5;2025-12-06;22;0
5;2025-12-06;23;0
5;2025-12-07;0;0
5;2025-12-07;1;0
5;2025-12-07;2;0
5;2025-12-07;3;0
5;2025-12-07;4;0
5;2025-12-07;5;0
5;2025-12-07;6;0
5;2025-12-07;7;0
5;2025-12-07;8;0
5;2025-12-07;9;0
5;2025-12-07;10;0
5;2025-12-07;11;0
5;2025-12-07;12;0
5;2025-12-07;13;0
5;2025-12-07;14;0
5;2025-12-07;15;0
5;2025-12-07;16;0
5;2025-12-07;17;0
5;2025-12-07;18;0
5;2025-12-07;19;0
5;2025-12-07;20;0
5;2025-12-07;21;0
5;2025-12-07;22;0
5;2025-12-07;23;0
5;2025-12-08;0;0
5;2025-12-08;1;0
5;2025-12-08;2;0
5;2025-12-08;3;0
5;2025-12-08;4;0
5;2025-12-08;5;0
5;2025-12-08;6;0
5;2025-12-08;7;0
5;2025-12-08;8;0
5;2025-12-08;9;0
5;2025-12-08;10;0
5;2025-12-08;11;0
5;2025-12-08;12;0
5;2025-12-08;13;0
5;2025-12-08;14;0
5;2025-12-08;15;0
5;2025-12-08;16;0
5;2025-12-08;17;0
5;2025-12-08;18;0
5;2025-12-08;19;0
5;2025-12-08;20;0
5;2025-12-08;21;0
5;2025-12-08;22;0
5;2025-12-08;23;0
5;2025-12-09;0;0
5;2025-12-09;1;0
5;2025-12-09;2;0
5;2025-12-09;3;0
5;2025-12-09;4;0
5;2025-12-09;5;0
5;2025-12-09;6;0
5;2025-12-09;7;0
5;2025-12-09;8;0
5;2025-12-09;9;0
5;2025-12-09;10;0
5;2025-12-09;11;0
5;2025-12-09;12;0
5;2025-12-09;13;0
5;2025-12-09;14;0
5;2025-12-09;15;0
5;2025-12-09;16;0
5;2025-12-09;17;0
5;2025-12-09;18;0
5;2025-12-09;19;0
5;2025-12-09;20;0
5;2025-12-09;21;0
5;2025-12-09;22;0
5;2025-12-09;23;0
5;2025-12-10;0;0
5;2025-12-10;1;0
5;2025-12-10;2;0
5;2025-12-10;3;0
5;2025-12-10;4;0
5;2025-12-10;5;0
5;2025-12-10;6;0
5;2025-12-10;7;0
5;2025-12-10;8;0
5;2025-12-10;9;0
5;2025-12-10;10;0
5;2025-12-10;11;0
5;2025-12-10;12;0
5;2025-12-10;13;0
5;2025-12-10;14;0
5;2025-12-10;15;0
5;2025-12-10;16;0
5;2025-12-10;17;0
5;2025-12-10;18;0
5;2025-12-10;19;0
5;2025-12-10;20;0
5;2025-12-10;21;0
5;2025-12-10;22;0
5;2025-12-10;23;0
5;2025-12-11;0;0
5;2025-12-11;1;0
5;2025-12-11;2;0
5;2025-12-11;3;0
5;2025-12-11;4;0
5;2025-12-11;5;0
5;2025-12-11;6;0
5;2025-12-11;7;0
5;2025-12-11;8;0
5;2025-12-11;9;0
5;2025-12-11;10;0
5;2025-12-11;11;0
5;2025-12-11;12;0
5;2025-12-11;13;0
5;2025-12-11;14;0
5;2025-12-11;15;0
5;2025-12-11;16;0
5;2025-12-11;17;0
5;2025-12-11;18;0
5;2025-12-11;19;0
5;2025-12-11;20;0
5;2025-12-11;21;0
5;2025-12-11;22;0
5;2025-12-11;23;0
5;2025-12-12;0;0
5;2025-12-12;1;0
5;2025-12-12;2;0
5;2025-12-12;3;0
5;2025-12-12;4;0
5;2025-12-12;5;0
5;2025-12-12;6;0
5;2025-12-12;7;0
5;2025-12-12;8;0
5;2025-12-12;9;0
5;2025-12-12;10;0
5;2025-12-12;11;0
5;2025-12-12;12;0
5;2025-12-12;13;0
5;2025-12-12;14;0
5;2025-12-12;15;0
5;2025-12-12;16;0
5;2025-12-12;17;0
5;2025-12-12;18;0
5;2025-12-12;19;0
5;2025-12-12;20;0
5;2025-12-12;21;0
5;2025-12-12;22;0
5;2025-12-12;23;0
5;2025-12-13;0;0
5;2025-12-13;1;0
5;2025-12-13;2;0
5;2025-12-13;3;0
5;2025-12-13;4;0
5;2025-12-13;5;0
5;2025-12-13;6;0
5;2025-12-13;7;0
5;2025-12-13;8;0
5;2025-12-13;9;0
5;2025-12-13;10;0
5;2025-12-13;11;0
5;2025-12-13;12;0
5;2025-12-13;13;0
5;2025-12-13;14;0
5;2025-12-13;15;0
5;2025-12-13;16;0
5;2025-12-13;17;0
5;2025-12-13;18;0
5;2025-12-13;19;0
5;2025-12-13;20;0
5;2025-12-13;21;0
5;2025-12-13;22;0
5;2025-12-13;23;0
5;2025-12-14;0;0
5;2025-12-14;1;0
5;2025-12-14;2;0
5;2025-12-14;3;0
5;2025-12-14;4;0
5;2025-12-14;5;0
5;2025-12-14;6;0
5;2025-12-14;7;0
5;2025-12-14;8;0
5;2025-12-14;9;0
5;2025-12-14;10;0
5;2025-12-14;11;0
5;2025-12-14;12;0
5;2025-12-14;13;0
5;2025-12-14;14;0
5;2025-12-14;15;0
5;2025-12-14;16;0
5;2025-12-14;17;0
5;2025-12-14;18;0
5;2025-12-14;19;0
5;2025-12-14;20;0
5;2025-12-14;21;0
5;2025-12-14;22;0
5;2025-12-14;23;0
5;2025-12-15;0;0
5;2025-12-15;1;0
5;2025-12-15;2;0
5;2025-12-15;3;0
5;2025-12-15;4;0
5;2025-12-15;5;0
5;2025-12-15;6;0
5;2025-12-15;7;0
5;2025-12-15;8;0
5;2025-12-15;9;0
5;2025-12-15;10;0
5;2025-12-15;11;0
5;2025-12-15;12;0
5;2025-12-15;13;0
5;2025-12-15;14;0
5;2025-12-15;15;0
5;2025-12-15;16;0
5;2025-12-15;17;0
5;2025-12-15;18;0
5;2025-12-15;19;0
5;2025-12-15;20;0
5;2025-12-15;21;0
5;2025-12-15;22;0
5;2025-12-15;23;0
5;2025-12-16;0;0
5;2025-12-16;1;0
5;2025-12-16;2;0
5;2025-12-16;3;0
5;2025-12-16;4;0
5;2025-12-16;5;0
5;2025-12-16;6;0
5;2025-12-16;7;0
5;2025-12-16;8;0
5;2025-12-16;9;0
5;2025-12-16;10;0
5;2025-12-16;11;0
5;2025-12-16;12;0
5;2025-12-16;13;0
5;2025-12-16;14;0
5;2025-12-16;15;0
5;2025-12-16;16;0
5;2025-12-16;17;0
5;2025-12-16;18;0
5;2025-12-16;19;0
5;2025-12-16;20;0
5;2025-12-16;21;0
5;2025-12-16;22;0
5;2025-12-16;23;0
5;2025-12-17;0;0
5;2025-12-17;1;0
5;2025-12-17;2;0
5;2025-12-17;3;0
5;2025-12-17;4;0
5;2025-12-17;5;0
5;2025-12-17;6;0
5;2025-12-17;7;0
5;2025-12-17;8;0
5;2025-12-17;9;0
5;2025-12-17;10;0
5;2025-12-17;11;0
5;2025-12-17;12;0
5;2025-12-17;13;0
5;2025-12-17;14;0
5;2025-12-17;15;0
5;2025-12-17;16;0
5;2025-12-17;17;0
5;2025-12-17;18;0
5;2025-12-17;19;0
5;2025-12-17;20;0
5;2025-12-17;21;0
5;2025-12-17;22;0
5;2025-12-17;23;0
5;2025-12-18;0;0
5;2025-12-18;1;0
5;2025-12-18;2;0
5;2025-12-18;3;0
5;2025-12-18;4;0
5;2025-12-18;5;0
5;2025-12-18;6;0
5;2025-12-18;7;0
5;2025-12-18;8;0
5;2025-12-18;9;0
5;2025-12-18;10;0
5;2025-12-18;11;0
5;2025-12-18;12;0
5;2025-12-18;13;0
5;2025-12-18;14;0
5;2025-12-18;15;0
5;2025-12-18;16;0
5;2025-12-18;17;0
5;2025-12-18;18;0
5;2025-12-18;19;0
5;2025-12-18;20;0
5;2025-12-18;21;0
5;2025-12-18;22;0
5;2025-12-18;23;0
5;2025-12-19;0;0
5;2025-12-19;1;0
5;2025-12-19;2;0
5;2025-12-19;3;0
5;2025-12-19;4;0
5;2025-12-19;5;0
5;2025-12-19;6;0
5;2025-12-19;7;0
5;2025-12-19;8;0
5;2025-12-19;9;0
5;2025-12-19;10;0
5;2025-12-19;11;0
5;2025-12-19;12;0
5;2025-12-19;13;0
5;2025-12-19;14;0
5;2025-12-19;15;0
5;2025-12-19;16;0
5;2025-12-19;17;0
5;2025-12-19;18;0
5;2025-12-19;19;0
5;2025-12-19;20;0
5;2025-12-19;21;0
5;2025-12-19;22;0
5;2025-12-19;23;0
5;2025-12-20;0;0
5;2025-12-20;1;0
5;2025-12-20;2;0
5;2025-12-20;3;0
5;2025-12-20;4;0
5;2025-12-20;5;0
5;2025-12-20;6;0
5;2025-12-20;7;0
5;2025-12-20;8;0
5;2025-12-20;9;0
5;2025-12-20;10;0
5;2025-12-20;11;0
5;2025-12-20;12;0
5;2025-12-20;13;0
5;2025-12-20;14;0
5;2025-12-20;15;0
5;2025-12-20;16;0
5;2025-12-20;17;0
5;2025-12-20;18;0
5;2025-12-20;19;0
5;2025-12-20;20;0
5;2025-12-20;21;0
5;2025-12-20;22;0
5;2025-12-20;23;0
5;2025-12-21;0;0
5;2025-12-21;1;0
5;2025-12-21;2;0
5;2025-12-21;3;0
5;2025-12-21;4;0
5;2025-12-21;5;0
5;2025-12-21;6;0
5;2025-12-21;7;0
5;2025-12-21;8;0
5;2025-12-21;9;0
5;2025-12-21;10;0
5;2025-12-21;11;0
5;2025-12-21;12;0
5;2025-12-21;13;0
5;2025-12-21;14;0
5;2025-12-21;15;0
5;2025-12-21;16;0
5;2025-12-21;17;0
5;2025-12-21;18;0
5;2025-12-21;19;0
5;2025-12-21;20;0
5;2025-12-21;21;0
5;2025-12-21;22;0
5;2025-12-21;23;0
5;2025-12-22;0;0
5;2025-12-22;1;0
5;2025-12-22;2;0
5;2025-12-22;3;0
5;2025-12-22;4;0
5;2025-12-22;5;0
5;2025-12-22;6;0
5;2025-12-22;7;0
5;2025-12-22;8;0
5;2025-12-22;9;0
5;2025-12-22;10;0
5;2025-12-22;11;0
5;2025-12-22;12;0
5;2025-12-22;13;0
5;2025-12-22;14;0
5;2025-12-22;15;0
5;2025-12-22;16;0
5;2025-12-22;17;0
5;2025-12-22;18;0
5;2025-12-22;19;0
5;2025-12-22;20;0
5;2025-12-22;21;0
5;2025-12-22;22;0
5;2025-12-22;23;0
5;2025-12-23;0;0
5;2025-12-23;1;0
5;2025-12-23;2;0
5;2025-12-23;3;0
5;2025-12-23;4;0
5;2025-12-23;5;0
5;2025-12-23;6;0
5;2025-12-23;7;0
5;2025-12-23;8;0
5;2025-12-23;9;0
5;2025-12-23;10;0
5;2025-12-23;11;0
5;2025-12-23;12;0
5;2025-12-23;13;0
5;2025-12-23;14;0
5;2025-12-23;15;0
5;2025-12-23;16;0
5;2025-12-23;17;0
5;2025-12-23;18;0
5;2025-12-23;19;0
5;2025-12-23;20;0
5;2025-12-23;21;0
5;2025-12-23;22;0
5;2025-12-23;23;0
5;2025-12-24;0;0
5;2025-12-24;1;0
5;2025-12-24;2;0
5;2025-12-24;3;0
5;2025-12-24;4;0
5;2025-12-24;5;0
5;2025-12-24;6;0
5;2025-12-24;7;0
5;2025-12-24;8;0
5;2025-12-24;9;0
5;2025-12-24;10;0
5;2025-12-24;11;0
5;2025-12-24;12;0
5;2025-12-24;13;0
5;2025-12-24;14;0
5;2025-12-24;15;0
5;2025-12-24;16;0
5;2025-12-24;17;0
5;2025-12-24;18;0
5;2025-12-24;19;0
5;2025-12-24;20;0
5;2025-12-24;21;0
5;2025-12-24;22;0
5;2025-12-24;23;0
5;2025-12-25;0;0
5;2025-12-25;1;0
5;2025-12-25;2;0
5;2025-12-25;3;0
5;2025-12-25;4;0
5;2025-12-25;5;0
5;2025-12-25;6;0
5;2025-12-25;7;0
5;2025-12-25;8;0
5;2025-12-25;9;0
5;2025-12-25;10;0
5;2025-12-25;11;0
5;2025-12-25;12;0
5;2025-12-25;13;0
5;2025-12-25;14;0
5;2025-12-25;15;0
5;2025-12-25;16;0
5;2025-12-25;17;0
5;2025-12-25;18;0
5;2025-12-25;19;0
5;2025-12-25;20;0
5;2025-12-25;21;0
5;2025-12-25;22;0
5;2025-12-25;23;0
5;2025-12-26;0;0
5;2025-12-26;1;0
5;2025-12-26;2;0
5;2025-12-26;3;0
5;2025-12-26;4;0
5;2025-12-26;5;0
5;2025-12-26;6;0
5;2025-12-26;7;0
5;2025-12-26;8;0
5;2025-12-26;9;0
5;2025-12-26;10;0
5;2025-12-26;11;0
5;2025-12-26;12;0
5;2025-12-26;13;0
5;2025-12-26;14;0
5;2025-12-26;15;0
5;2025-12-26;16;0
5;2025-12-26;17;0
5;2025-12-26;18;0
5;2025-12-26;19;0
5;2025-12-26;20;0
5;2025-12-26;21;0
5;2025-12-26;22;0
5;2025-12-26;23;0
5;2025-12-27;0;0
5;2025-12-27;1;0
5;2025-12-27;2;0
5;2025-12-27;3;0
5;2025-12-27;4;0
5;2025-12-27;5;0
5;2025-12-27;6;0
5;2025-12-27;7;0
5;2025-12-27;8;0
5;2025-12-27;9;0
5;2025-12-27;10;0
5;2025-12-27;11;0
5;2025-12-27;12;0
5;2025-12-27;13;0
5;2025-12-27;14;0
5;2025-12-27;15;0
5;2025-12-27;16;0
5;2025-12-27;17;0
5;2025-12-27;18;0
5;2025-12-27;19;0
5;2025-12-27;20;0
5;2025-12-27;21;0
5;2025-12-27;22;0
5;2025-12-27;23;0
5;2025-12-28;0;0
5;2025-12-28;1;0
5;2025-12-28;2;0
5;2025-12-28;3;0
5;2025-12-28;4;0
5;2025-12-28;5;0
5;2025-12-28;6;0
5;2025-12-28;7;0
5;2025-12-28;8;0
5;2025-12-28;9;0
5;2025-12-28;10;0
5;2025-12-28;11;0
5;2025-12-28;12;0
5;2025-12-28;13;0
5;2025-12-28;14;0
5;2025-12-28;15;0
5;2025-12-28;16;0
5;2025-12-28;17;0
5;2025-12-28;18;0
5;2025-12-28;19;0
5;2025-12-28;20;0
5;2025-12-28;21;0
5;2025-12-28;22;0
5;2025-12-28;23;0
5;2025-12-29;0;0
5;2025-12-29;1;0
5;2025-12-29;2;0
5;2025-12-29;3;0
5;2025-12-29;4;0
5;2025-12-29;5;0
5;2025-12-29;6;0
5;2025-12-29;7;0
5;2025-12-29;8;0
5;2025-12-29;9;0
5;2025-12-29;10;0
5;2025-12-29;11;0
5;2025-12-29;12;0
5;2025-12-29;13;0
5;2025-12-29;14;0
5;2025-12-29;15;0
5;2025-12-29;16;0
5;2025-12-29;17;0
5;2025-12-29;18;0
5;2025-12-29;19;0
5;2025-12-29;20;0
5;2025-12-29;21;0
5;2025-12-29;22;0
5;2025-12-29;23;0
5;2025-12-30;0;0
5;2025-12-30;1;0
5;2025-12-30;2;0
5;2025-12-30;3;0
5;2025-12-30;4;0
5;2025-12-30;5;0
5;2025-12-30;6;0
5;2025-12-30;7;0
5;2025-12-30;8;0
5;2025-12-30;9;0
5;2025-12-30;10;0
5;2025-12-30;11;0
5;2025-12-30;12;0
5;2025-12-30;13;0
5;2025-12-30;14;0
5;2025-12-30;15;0
5;2025-12-30;16;0
5;2025-12-30;17;0
5;2025-12-30;18;0
5;2025-12-30;19;0
5;2025-12-30;20;0
5;2025-12-30;21;0
5;2025-12-30;22;0
5;2025-12-30;23;0
5;2025-12-31;0;0
5;2025-12-31;1;0
5;2025-12-31;2;0
5;2025-12-31;3;0
5;2025-12-31;4;0
5;2025-12-31;5;0
5;2025-12-31;6;0
5;2025-12-31;7;0
5;2025-12-31;8;0
5;2025-12-31;9;0
5;2025-12-31;10;0
5;2025-12-31;11;0
5;2025-12-31;12;0
5;2025-12-31;13;0
5;2025-12-31;14;0
5;2025-12-31;15;0
5;2025-12-31;16;0
5;2025-12-31;17;0
5;2025-12-31;18;0
5;2025-12-31;19;0
5;2025-12-31;20;0
5;2025-12-31;21;0
5;2025-12-31;22;0
5;2025-12-31;23;0
7;2025-11-01;0;66
7;2025-11-01;1;12
7;2025-11-01;2;0
7;2025-11-01;3;0
7;2025-11-01;4;1
7;2025-11-01;5;188
7;2025-11-01;6;669
7;2025-11-01;7;1565
7;2025-11-01;8;2338
7;2025-11-01;9;1781
7;2025-11-01;10;1561
7;2025-11-01;11;1492
7;2025-11-01;12;1582
7;2025-11-01;13;1666
7;2025-11-01;14;1727
7;2025-11-01;15;1851
7;2025-11-01;16;2050
7;2025-11-01;17;2244
7;2025-11-01;18;2120
7;2025-11-01;19;1507
7;2025-11-01;20;1044
7;2025-11-01;21;619
7;2025-11-01;22;360
7;2025-11-01;23;231
7;2025-11-02;0;106
7;2025-11-02;1;20
7;2025-11-02;2;0
7;2025-11-02;3;0
7;2025-11-02;4;0
7;2025-11-02;5;42
7;2025-11-02;6;230
7;2025-11-02;7;350
7;2025-11-02;8;555
7;2025-11-02;9;690
7;2025-11-02;10;795
7;2025-11-02;11;975
7;2025-11-02;12;1134
7;2025-11-02;13;1190
7;2025-11-02;14;1254
7;2025-11-02;15;1179
7;2025-11-02;16;1133
7;2025-11-02;17;1087
7;2025-11-02;18;990
7;2025-11-02;19;911
7;2025-11-02;20;685
7;2025-11-02;21;560
7;2025-11-02;22;338
7;2025-11-02;23;176
7;2025-11-03;0;101
7;2025-11-03;1;19
7;2025-11-03;2;0
7;2025-11-03;3;0
7;2025-11-03;4;0
7;2025-11-03;5;40
7;2025-11-03;6;221
7;2025-11-03;7;335
7;2025-11-03;8;531
7;2025-11-03;9;661
7;2025-11-03;10;761
7;2025-11-03;11;933
7;2025-11-03;12;1086
7;2025-11-03;13;1139
7;2025-11-03;14;1200
7;2025-11-03;15;1129
7;2025-11-03;16;1085
7;2025-11-03;17;1041
7;2025-11-03;18;948
7;2025-11-03;19;872
7;2025-11-03;20;656
7;2025-11-03;21;537
7;2025-11-03;22;323
7;2025-11-03;23;168
7;2025-11-04;0;104
7;2025-11-04;1;20
7;2025-11-04;2;0
7;2025-11-04;3;0
7;2025-11-04;4;0
7;2025-11-04;5;41
7;2025-11-04;6;227
7;2025-11-04;7;345
7;2025-11-04;8;547
7;2025-11-04;9;681
7;2025-11-04;10;784
7;2025-11-04;11;961
7;2025-11-04;12;1119
7;2025-11-04;13;1173
7;2025-11-04;14;1236
7;2025-11-04;15;1163
7;2025-11-04;16;1117
7;2025-11-04;17;1072
7;2025-11-04;18;977
7;2025-11-04;19;899
7;2025-11-04;20;676
7;2025-11-04;21;553
7;2025-11-04;22;333
7;2025-11-04;23;173
7;2025-11-05;0;59
7;2025-11-05;1;9
7;2025-11-05;2;0
7;2025-11-05;3;0
7;2025-11-05;4;2
7;2025-11-05;5;201
7;2025-11-05;6;664
7;2025-11-05;7;1556
7;2025-11-05;8;2493
7;2025-11-05;9;1845
7;2025-11-05;10;1635
7;2025-11-05;11;1409
7;2025-11-05;12;1521
7;2025-11-05;13;1490
7;2025-11-05;14;1601
7;2025-11-05;15;1759
7;2025-11-05;16;1821
7;2025-11-05;17;2324
7;2025-11-05;18;2539
7;2025-11-05;19;1714
7;2025-11-05;20;1086
7;2025-11-05;21;639
7;2025-11-05;22;329
7;2025-11-05;23;190
7;2025-11-06;0;63
7;2025-11-06;1;12
7;2025-11-06;2;0
7;2025-11-06;3;0
7;2025-11-06;4;1
7;2025-11-06;5;195
7;2025-11-06;6;722
7;2025-11-06;7;1647
7;2025-11-06;8;2517
7;2025-11-06;9;1840
7;2025-11-06;10;1560
7;2025-11-06;11;1462
7;2025-11-06;12;1505
7;2025-11-06;13;1504
7;2025-11-06;14;1640
7;2025-11-06;15;1708
7;2025-11-06;16;1823
7;2025-11-06;17;2284
7;2025-11-06;18;2679
7;2025-11-06;19;1679
7;2025-11-06;20;1084
7;2025-11-06;21;652
7;2025-11-06;22;312
7;2025-11-06;23;194
7;2025-11-07;0;66
7;2025-11-07;1;12
7;2025-11-07;2;0
7;2025-11-07;3;0
7;2025-11-07;4;1
7;2025-11-07;5;186
7;2025-11-07;6;664
7;2025-11-07;7;1553
7;2025-11-07;8;2320
7;2025-11-07;9;1767
7;2025-11-07;10;1549
7;2025-11-07;11;1480
7;2025-11-07;12;1570
7;2025-11-07;13;1653
7;2025-11-07;14;1714
7;2025-11-07;15;1837
7;2025-11-07;16;2034
7;2025-11-07;17;2226
7;2025-11-07;18;2104
7;2025-11-07;19;1496
7;2025-11-07;20;1036
7;2025-11-07;21;615
7;2025-11-07;22;357
7;2025-11-07;23;229
7;2025-11-08;0;103
7;2025-11-08;1;22
7;2025-11-08;2;0
7;2025-11-08;3;0
7;2025-11-08;4;0
7;2025-11-08;5;59
7;2025-11-08;6;295
7;2025-11-08;7;462
7;2025-11-08;8;763
7;2025-11-08;9;887
7;2025-11-08;10;997
7;2025-11-08;11;1159
7;2025-11-08;12;1284
7;2025-11-08;13;1294
7;2025-11-08;14;1426
7;2025-11-08;15;1264
7;2025-11-08;16;1210
7;2025-11-08;17;1141
7;2025-11-08;18;1084
7;2025-11-08;19;1088
7;2025-11-08;20;819
7;2025-11-08;21;641
7;2025-11-08;22;357
7;2025-11-08;23;225
7;2025-11-09;0;106
7;2025-11-09;1;20
7;2025-11-09;2;0
7;2025-11-09;3;0
7;2025-11-09;4;0
7;2025-11-09;5;42
7;2025-11-09;6;230
7;2025-11-09;7;350
7;2025-11-09;8;555
7;2025-11-09;9;690
7;2025-11-09;10;795
7;2025-11-09;11;975
7;2025-11-09;12;1134
7;2025-11-09;13;1190
7;2025-11-09;14;1254
7;2025-11-09;15;1179
7;2025-11-09;16;1133
7;2025-11-09;17;1087
7;2025-11-09;18;990
7;2025-11-09;19;911
7;2025-11-09;20;685
7;2025-11-09;21;560
7;2025-11-09;22;338
7;2025-11-09;23;176
7;2025-11-10;0;65
7;2025-11-10;1;13
7;2025-11-10;2;0
7;2025-11-10;3;0
7;2025-11-10;4;1
7;2025-11-10;5;196
7;2025-11-10;6;703
7;2025-11-10;7;1635
7;2025-11-10;8;2449
7;2025-11-10;9;1807
7;2025-11-10;10;1528
7;2025-11-10;11;1342
7;2025-11-10;12;1474
7;2025-11-10;13;1469
7;2025-11-10;14;1492
7;2025-11-10;15;1695
7;2025-11-10;16;1777
7;2025-11-10;17;2273
7;2025-11-10;18;2559
7;2025-11-10;19;1736
7;2025-11-10;20;1094
7;2025-11-10;21;570
7;2025-11-10;22;304
7;2025-11-10;23;156
7;2025-11-11;0;50
7;2025-11-11;1;10
7;2025-11-11;2;0
7;2025-11-11;3;0
7;2025-11-11;4;2
7;2025-11-11;5;202
7;2025-11-11;6;694
7;2025-11-11;7;1654
7;2025-11-11;8;2472
7;2025-11-11;9;1818
7;2025-11-11;10;1586
7;2025-11-11;11;1469
7;2025-11-11;12;1540
7;2025-11-11;13;1541
7;2025-11-11;14;1582
7;2025-11-11;15;1788
7;2025-11-11;16;1796
7;2025-11-11;17;2330
7;2025-11-11;18;2568
7;2025-11-11;19;1792
7;2025-11-11;20;1096
7;2025-11-11;21;649
7;2025-11-11;22;309
7;2025-11-11;23;179
7;2025-11-12;0;59
7;2025-11-12;1;9
7;2025-11-12;2;0
7;2025-11-12;3;0
7;2025-11-12;4;2
7;2025-11-12;5;201
7;2025-11-12;6;664
7;2025-11-12;7;1556
7;2025-11-12;8;2493
7;2025-11-12;9;1845
7;2025-11-12;10;1635
7;2025-11-12;11;1409
7;2025-11-12;12;1521
7;2025-11-12;13;1490
7;2025-11-12;14;1601
7;2025-11-12;15;1759
7;2025-11-12;16;1821
7;2025-11-12;17;2324
7;2025-11-12;18;2539
7;2025-11-12;19;1714
7;2025-11-12;20;1086
7;2025-11-12;21;639
7;2025-11-12;22;329
7;2025-11-12;23;190
7;2025-11-13;0;63
7;2025-11-13;1;12
7;2025-11-13;2;0
7;2025-11-13;3;0
7;2025-11-13;4;1
7;2025-11-13;5;195
7;2025-11-13;6;722
7;2025-11-13;7;1647
7;2025-11-13;8;2517
7;2025-11-13;9;1840
7;2025-11-13;10;1560
7;2025-11-13;11;1462
7;2025-11-13;12;1505
7;2025-11-13;13;1504
7;2025-11-13;14;1640
7;2025-11-13;15;1708
7;2025-11-13;16;1823
7;2025-11-13;17;2284
7;2025-11-13;18;2679
7;2025-11-13;19;1679
7;2025-11-13;20;1084
7;2025-11-13;21;652
7;2025-11-13;22;312
7;2025-11-13;23;194
7;2025-11-14;0;66
7;2025-11-14;1;12
7;2025-11-14;2;0
7;2025-11-14;3;0
7;2025-11-14;4;1
7;2025-11-14;5;186
7;2025-11-14;6;664
7;2025-11-14;7;1553
7;2025-11-14;8;2320
7;2025-11-14;9;1767
7;2025-11-14;10;1549
7;2025-11-14;11;1480
7;2025-11-14;12;1570
7;2025-11-14;13;1653
7;2025-11-14;14;1714
7;2025-11-14;15;1837
7;2025-11-14;16;2034
7;2025-11-14;17;2226
7;2025-11-14;18;2104
7;2025-11-14;19;1496
7;2025-11-14;20;1036
7;2025-11-14;21;615
7;2025-11-14;22;357
7;2025-11-14;23;229
7;2025-11-15;0;103
7;2025-11-15;1;22
7;2025-11-15;2;0
7;2025-11-15;3;0
7;2025-11-15;4;0
7;2025-11-15;5;59
7;2025-11-15;6;295
7;2025-11-15;7;462
7;2025-11-15;8;763
7;2025-11-15;9;887
7;2025-11-15;10;997
7;2025-11-15;11;1159
7;2025-11-15;12;1284
7;2025-11-15;13;1294
7;2025-11-15;14;1426
7;2025-11-15;15;1264
7;2025-11-15;16;1210
7;2025-11-15;17;1141
7;2025-11-15;18;1084
7;2025-11-15;19;1088
7;2025-11-15;20;819
7;2025-11-15;21;641
7;2025-11-15;22;357
7;2025-11-15;23;225
7;2025-11-16;0;106
7;2025-11-16;1;20
7;2025-11-16;2;0
7;2025-11-16;3;0
7;2025-11-16;4;0
7;2025-11-16;5;42
7;2025-11-16;6;230
7;2025-11-16;7;350
7;2025-11-16;8;555
7;2025-11-16;9;690
7;2025-11-16;10;795
7;2025-11-16;11;975
7;2025-11-16;12;1134
7;2025-11-16;13;1190
7;2025-11-16;14;1254
7;2025-11-16;15;1179
7;2025-11-16;16;1133
7;2025-11-16;17;1087
7;2025-11-16;18;990
7;2025-11-16;19;911
7;2025-11-16;20;685
7;2025-11-16;21;560
7;2025-11-16;22;338
7;2025-11-16;23;176
7;2025-11-17;0;65
7;2025-11-17;1;13
7;2025-11-17;2;0
7;2025-11-17;3;0
7;2025-11-17;4;1
7;2025-11-17;5;196
7;2025-11-17;6;703
7;2025-11-17;7;1635
7;2025-11-17;8;2449
7;2025-11-17;9;1807
7;2025-11-17;10;1528
7;2025-11-17;11;1342
7;2025-11-17;12;1474
7;2025-11-17;13;1469
7;2025-11-17;14;1492
7;2025-11-17;15;1695
7;2025-11-17;16;1777
7;2025-11-17;17;2273
7;2025-11-17;18;2559
7;2025-11-17;19;1736
7;2025-11-17;20;1094
7;2025-11-17;21;570
7;2025-11-17;22;304
7;2025-11-17;23;156
7;2025-11-18;0;50
7;2025-11-18;1;10
7;2025-11-18;2;0
7;2025-11-18;3;0
7;2025-11-18;4;2
7;2025-11-18;5;202
7;2025-11-18;6;694
7;2025-11-18;7;1654
7;2025-11-18;8;2472
7;2025-11-18;9;1818
7;2025-11-18;10;1586
7;2025-11-18;11;1469
7;2025-11-18;12;1540
7;2025-11-18;13;1541
7;2025-11-18;14;1582
7;2025-11-18;15;1788
7;2025-11-18;16;1796
7;2025-11-18;17;2330
7;2025-11-18;18;2568
7;2025-11-18;19;1792
7;2025-11-18;20;1096
7;2025-11-18;21;649
7;2025-11-18;22;309
7;2025-11-18;23;179
7;2025-11-19;0;59
7;2025-11-19;1;9
7;2025-11-19;2;0
7;2025-11-19;3;0
7;2025-11-19;4;2
7;2025-11-19;5;201
7;2025-11-19;6;664
7;2025-11-19;7;1556
7;2025-11-19;8;2493
7;2025-11-19;9;1845
7;2025-11-19;10;1635
7;2025-11-19;11;1409
7;2025-11-19;12;1521
7;2025-11-19;13;1490
7;2025-11-19;14;1601
7;2025-11-19;15;1759
7;2025-11-19;16;1821
7;2025-11-19;17;2324
7;2025-11-19;18;2539
7;2025-11-19;19;1714
7;2025-11-19;20;1086
7;2025-11-19;21;639
7;2025-11-19;22;329
7;2025-11-19;23;190
7;2025-11-20;0;63
7;2025-11-20;1;12
7;2025-11-20;2;0
7;2025-11-20;3;0
7;2025-11-20;4;1
7;2025-11-20;5;195
7;2025-11-20;6;722
7;2025-11-20;7;1647
7;2025-11-20;8;2517
7;2025-11-20;9;1840
7;2025-11-20;10;1560
7;2025-11-20;11;1462
7;2025-11-20;12;1505
7;2025-11-20;13;1504
7;2025-11-20;14;1640
7;2025-11-20;15;1708
7;2025-11-20;16;1823
7;2025-11-20;17;2284
7;2025-11-20;18;2679
7;2025-11-20;19;1679
7;2025-11-20;20;1084
7;2025-11-20;21;652
7;2025-11-20;22;312
7;2025-11-20;23;194
7;2025-11-21;0;66
7;2025-11-21;1;12
7;2025-11-21;2;0
7;2025-11-21;3;0
7;2025-11-21;4;1
7;2025-11-21;5;186
7;2025-11-21;6;664
7;2025-11-21;7;1553
7;2025-11-21;8;2320
7;2025-11-21;9;1767
7;2025-11-21;10;1549
7;2025-11-21;11;1480
7;2025-11-21;12;1570
7;2025-11-21;13;1653
7;2025-11-21;14;1714
7;2025-11-21;15;1837
7;2025-11-21;16;2034
7;2025-11-21;17;2226
7;2025-11-21;18;2104
7;2025-11-21;19;1496
7;2025-11-21;20;1036
7;2025-11-21;21;615
7;2025-11-21;22;357
7;2025-11-21;23;229
7;2025-11-22;0;103
7;2025-11-22;1;22
7;2025-11-22;2;0
7;2025-11-22;3;0
7;2025-11-22;4;0
7;2025-11-22;5;59
7;2025-11-22;6;295
7;2025-11-22;7;462
7;2025-11-22;8;763
7;2025-11-22;9;887
7;2025-11-22;10;997
7;2025-11-22;11;1159
7;2025-11-22;12;1284
7;2025-11-22;13;1294
7;2025-11-22;14;1426
7;2025-11-22;15;1264
7;2025-11-22;16;1210
7;2025-11-22;17;1141
7;2025-11-22;18;1084
7;2025-11-22;19;1088
7;2025-11-22;20;819
7;2025-11-22;21;641
7;2025-11-22;22;357
7;2025-11-22;23;225
7;2025-11-23;0;106
7;2025-11-23;1;20
7;2025-11-23;2;0
7;2025-11-23;3;0
7;2025-11-23;4;0
7;2025-11-23;5;42
7;2025-11-23;6;230
7;2025-11-23;7;350
7;2025-11-23;8;555
7;2025-11-23;9;690
7;2025-11-23;10;795
7;2025-11-23;11;975
7;2025-11-23;12;1134
7;2025-11-23;13;1190
7;2025-11-23;14;1254
7;2025-11-23;15;1179
7;2025-11-23;16;1133
7;2025-11-23;17;1087
7;2025-11-23;18;990
7;2025-11-23;19;911
7;2025-11-23;20;685
7;2025-11-23;21;560
7;2025-11-23;22;338
7;2025-11-23;23;176
7;2025-11-24;0;65
7;2025-11-24;1;13
7;2025-11-24;2;0
7;2025-11-24;3;0
7;2025-11-24;4;1
7;2025-11-24;5;196
7;2025-11-24;6;703
7;2025-11-24;7;1635
7;2025-11-24;8;2449
7;2025-11-24;9;1807
7;2025-11-24;10;1528
7;2025-11-24;11;1342
7;2025-11-24;12;1474
7;2025-11-24;13;1469
7;2025-11-24;14;1492
7;2025-11-24;15;1695
7;2025-11-24;16;1777
7;2025-11-24;17;2273
7;2025-11-24;18;2559
7;2025-11-24;19;1736
7;2025-11-24;20;1094
7;2025-11-24;21;570
7;2025-11-24;22;304
7;2025-11-24;23;156
7;2025-11-25;0;50
7;2025-11-25;1;10
7;2025-11-25;2;0
7;2025-11-25;3;0
7;2025-11-25;4;2
7;2025-11-25;5;202
7;2025-11-25;6;694
7;2025-11-25;7;1654
7;2025-11-25;8;2472
7;2025-11-25;9;1818
7;2025-11-25;10;1586
7;2025-11-25;11;1469
7;2025-11-25;12;1540
7;2025-11-25;13;1541
7;2025-11-25;14;1582
7;2025-11-25;15;1788
7;2025-11-25;16;1796
7;2025-11-25;17;2330
7;2025-11-25;18;2568
7;2025-11-25;19;1792
7;2025-11-25;20;1096
7;2025-11-25;21;649
7;2025-11-25;22;309
7;2025-11-25;23;179
7;2025-11-26;0;59
7;2025-11-26;1;9
7;2025-11-26;2;0
7;2025-11-26;3;0
7;2025-11-26;4;2
7;2025-11-26;5;201
7;2025-11-26;6;664
7;2025-11-26;7;1556
7;2025-11-26;8;2493
7;2025-11-26;9;1845
7;2025-11-26;10;1635
7;2025-11-26;11;1409
7;2025-11-26;12;1521
7;2025-11-26;13;1490
7;2025-11-26;14;1601
7;2025-11-26;15;1759
7;2025-11-26;16;1821
7;2025-11-26;17;2324
7;2025-11-26;18;2539
7;2025-11-26;19;1714
7;2025-11-26;20;1086
7;2025-11-26;21;639
7;2025-11-26;22;329
7;2025-11-26;23;190
7;2025-11-27;0;63
7;2025-11-27;1;12
7;2025-11-27;2;0
7;2025-11-27;3;0
7;2025-11-27;4;1
7;2025-11-27;5;195
7;2025-11-27;6;722
7;2025-11-27;7;1647
7;2025-11-27;8;2517
7;2025-11-27;9;1840
7;2025-11-27;10;1560
7;2025-11-27;11;1462
7;2025-11-27;12;1505
7;2025-11-27;13;1504
7;2025-11-27;14;1640
7;2025-11-27;15;1708
7;2025-11-27;16;1823
7;2025-11-27;17;2284
7;2025-11-27;18;2679
7;2025-11-27;19;1679
7;2025-11-27;20;1084
7;2025-11-27;21;652
7;2025-11-27;22;312
7;2025-11-27;23;194
7;2025-11-28;0;66
7;2025-11-28;1;12
7;2025-11-28;2;0
7;2025-11-28;3;0
7;2025-11-28;4;1
7;2025-11-28;5;186
7;2025-11-28;6;664
7;2025-11-28;7;1553
7;2025-11-28;8;2320
7;2025-11-28;9;1767
7;2025-11-28;10;1549
7;2025-11-28;11;1480
7;2025-11-28;12;1570
7;2025-11-28;13;1653
7;2025-11-28;14;1714
7;2025-11-28;15;1837
7;2025-11-28;16;2034
7;2025-11-28;17;2226
7;2025-11-28;18;2104
7;2025-11-28;19;1496
7;2025-11-28;20;1036
7;2025-11-28;21;615
7;2025-11-28;22;357
7;2025-11-28;23;229
7;2025-11-29;0;103
7;2025-11-29;1;22
7;2025-11-29;2;0
7;2025-11-29;3;0
7;2025-11-29;4;0
7;2025-11-29;5;59
7;2025-11-29;6;295
7;2025-11-29;7;462
7;2025-11-29;8;763
7;2025-11-29;9;887
7;2025-11-29;10;997
7;2025-11-29;11;1159
7;2025-11-29;12;1284
7;2025-11-29;13;1294
7;2025-11-29;14;1426
7;2025-11-29;15;1264
7;2025-11-29;16;1210
7;2025-11-29;17;1141
7;2025-11-29;18;1084
7;2025-11-29;19;1088
7;2025-11-29;20;819
7;2025-11-29;21;641
7;2025-11-29;22;357
7;2025-11-29;23;225
7;2025-11-30;0;106
7;2025-11-30;1;20
7;2025-11-30;2;0
7;2025-11-30;3;0
7;2025-11-30;4;0
7;2025-11-30;5;42
7;2025-11-30;6;230
7;2025-11-30;7;350
7;2025-11-30;8;555
7;2025-11-30;9;690
7;2025-11-30;10;795
7;2025-11-30;11;975
7;2025-11-30;12;1134
7;2025-11-30;13;1190
7;2025-11-30;14;1254
7;2025-11-30;15;1179
7;2025-11-30;16;1133
7;2025-11-30;17;1087
7;2025-11-30;18;990
7;2025-11-30;19;911
7;2025-11-30;20;685
7;2025-11-30;21;560
7;2025-11-30;22;338
7;2025-11-30;23;176
7;2025-12-01;0;65
7;2025-12-01;1;13
7;2025-12-01;2;0
7;2025-12-01;3;0
7;2025-12-01;4;1
7;2025-12-01;5;196
7;2025-12-01;6;703
7;2025-12-01;7;1635
7;2025-12-01;8;2449
7;2025-12-01;9;1807
7;2025-12-01;10;1528
7;2025-12-01;11;1342
7;2025-12-01;12;1474
7;2025-12-01;13;1469
7;2025-12-01;14;1492
7;2025-12-01;15;1695
7;2025-12-01;16;1777
7;2025-12-01;17;2273
7;2025-12-01;18;2559
7;2025-12-01;19;1736
7;2025-12-01;20;1094
7;2025-12-01;21;570
7;2025-12-01;22;304
7;2025-12-01;23;156
7;2025-12-02;0;50
7;2025-12-02;1;10
7;2025-12-02;2;0
7;2025-12-02;3;0
7;2025-12-02;4;2
7;2025-12-02;5;202
7;2025-12-02;6;694
7;2025-12-02;7;1654
7;2025-12-02;8;2472
7;2025-12-02;9;1818
7;2025-12-02;10;1586
7;2025-12-02;11;1469
7;2025-12-02;12;1540
7;2025-12-02;13;1541
7;2025-12-02;14;1582
7;2025-12-02;15;1788
7;2025-12-02;16;1796
7;2025-12-02;17;2330
7;2025-12-02;18;2568
7;2025-12-02;19;1792
7;2025-12-02;20;1096
7;2025-12-02;21;649
7;2025-12-02;22;309
7;2025-12-02;23;179
7;2025-12-03;0;59
7;2025-12-03;1;9
7;2025-12-03;2;0
7;2025-12-03;3;0
7;2025-12-03;4;2
7;2025-12-03;5;201
7;2025-12-03;6;664
7;2025-12-03;7;1556
7;2025-12-03;8;2493
7;2025-12-03;9;1845
7;2025-12-03;10;1635
7;2025-12-03;11;1409
7;2025-12-03;12;1521
7;2025-12-03;13;1490
7;2025-12-03;14;1601
7;2025-12-03;15;1759
7;2025-12-03;16;1821
7;2025-12-03;17;2324
7;2025-12-03;18;2539
7;2025-12-03;19;1714
7;2025-12-03;20;1086
7;2025-12-03;21;639
7;2025-12-03;22;329
7;2025-12-03;23;190
7;2025-12-04;0;63
7;2025-12-04;1;12
7;2025-12-04;2;0
7;2025-12-04;3;0
7;2025-12-04;4;1
7;2025-12-04;5;195
7;2025-12-04;6;722
7;2025-12-04;7;1647
7;2025-12-04;8;2517
7;2025-12-04;9;1840
7;2025-12-04;10;1560
7;2025-12-04;11;1462
7;2025-12-04;12;1505
7;2025-12-04;13;1504
7;2025-12-04;14;1640
7;2025-12-04;15;1708
7;2025-12-04;16;1823
7;2025-12-04;17;2284
7;2025-12-04;18;2679
7;2025-12-04;19;1679
7;2025-12-04;20;1084
7;2025-12-04;21;652
7;2025-12-04;22;312
7;2025-12-04;23;194
7;2025-12-05;0;66
7;2025-12-05;1;12
7;2025-12-05;2;0
7;2025-12-05;3;0
7;2025-12-05;4;1
7;2025-12-05;5;186
7;2025-12-05;6;664
7;2025-12-05;7;1553
7;2025-12-05;8;2320
7;2025-12-05;9;1767
7;2025-12-05;10;1549
7;2025-12-05;11;1480
7;2025-12-05;12;1570
7;2025-12-05;13;1653
7;2025-12-05;14;1714
7;2025-12-05;15;1837
7;2025-12-05;16;2034
7;2025-12-05;17;2226
7;2025-12-05;18;2104
7;2025-12-05;19;1496
7;2025-12-05;20;1036
7;2025-12-05;21;615
7;2025-12-05;22;357
7;2025-12-05;23;229
7;2025-12-06;0;103
7;2025-12-06;1;22
7;2025-12-06;2;0
7;2025-12-06;3;0
7;2025-12-06;4;0
7;2025-12-06;5;59
7;2025-12-06;6;295
7;2025-12-06;7;462
7;2025-12-06;8;763
7;2025-12-06;9;887
7;2025-12-06;10;997
7;2025-12-06;11;1159
7;2025-12-06;12;1284
7;2025-12-06;13;1294
7;2025-12-06;14;1426
7;2025-12-06;15;1264
7;2025-12-06;16;1210
7;2025-12-06;17;1141
7;2025-12-06;18;1084
7;2025-12-06;19;1088
7;2025-12-06;20;819
7;2025-12-06;21;641
7;2025-12-06;22;357
7;2025-12-06;23;225
7;2025-12-07;0;106
7;2025-12-07;1;20
7;2025-12-07;2;0
7;2025-12-07;3;0
7;2025-12-07;4;0
7;2025-12-07;5;42
7;2025-12-07;6;230
7;2025-12-07;7;350
7;2025-12-07;8;555
7;2025-12-07;9;690
7;2025-12-07;10;795
7;2025-12-07;11;975
7;2025-12-07;12;1134
7;2025-12-07;13;1190
7;2025-12-07;14;1254
7;2025-12-07;15;1179
7;2025-12-07;16;1133
7;2025-12-07;17;1087
7;2025-12-07;18;990
7;2025-12-07;19;911
7;2025-12-07;20;685
7;2025-12-07;21;560
7;2025-12-07;22;338
7;2025-12-07;23;176
7;2025-12-08;0;65
7;2025-12-08;1;13
7;2025-12-08;2;0
7;2025-12-08;3;0
7;2025-12-08;4;1
7;2025-12-08;5;196
7;2025-12-08;6;703
7;2025-12-08;7;1635
7;2025-12-08;8;2449
7;2025-12-08;9;1807
7;2025-12-08;10;1528
7;2025-12-08;11;1342
7;2025-12-08;12;1474
7;2025-12-08;13;1469
7;2025-12-08;14;1492
7;2025-12-08;15;1695
7;2025-12-08;16;1777
7;2025-12-08;17;2273
7;2025-12-08;18;2559
7;2025-12-08;19;1736
7;2025-12-08;20;1094
7;2025-12-08;21;570
7;2025-12-08;22;304
7;2025-12-08;23;156
7;2025-12-09;0;50
7;2025-12-09;1;10
7;2025-12-09;2;0
7;2025-12-09;3;0
7;2025-12-09;4;2
7;2025-12-09;5;202
7;2025-12-09;6;694
7;2025-12-09;7;1654
7;2025-12-09;8;2472
7;2025-12-09;9;1818
7;2025-12-09;10;1586
7;2025-12-09;11;1469
7;2025-12-09;12;1540
7;2025-12-09;13;1541
7;2025-12-09;14;1582
7;2025-12-09;15;1788
7;2025-12-09;16;1796
7;2025-12-09;17;2330
7;2025-12-09;18;2568
7;2025-12-09;19;1792
7;2025-12-09;20;1096
7;2025-12-09;21;649
7;2025-12-09;22;309
7;2025-12-09;23;179
7;2025-12-10;0;59
7;2025-12-10;1;9
7;2025-12-10;2;0
7;2025-12-10;3;0
7;2025-12-10;4;2
7;2025-12-10;5;201
7;2025-12-10;6;664
7;2025-12-10;7;1556
7;2025-12-10;8;2493
7;2025-12-10;9;1845
7;2025-12-10;10;1635
7;2025-12-10;11;1409
7;2025-12-10;12;1521
7;2025-12-10;13;1490
7;2025-12-10;14;1601
7;2025-12-10;15;1759
7;2025-12-10;16;1821
7;2025-12-10;17;2324
7;2025-12-10;18;2539
7;2025-12-10;19;1714
7;2025-12-10;20;1086
7;2025-12-10;21;639
7;2025-12-10;22;329
7;2025-12-10;23;190
7;2025-12-11;0;63
7;2025-12-11;1;12
7;2025-12-11;2;0
7;2025-12-11;3;0
7;2025-12-11;4;1
7;2025-12-11;5;195
7;2025-12-11;6;722
7;2025-12-11;7;1647
7;2025-12-11;8;2517
7;2025-12-11;9;1840
7;2025-12-11;10;1560
7;2025-12-11;11;1462
7;2025-12-11;12;1505
7;2025-12-11;13;1504
7;2025-12-11;14;1640
7;2025-12-11;15;1708
7;2025-12-11;16;1823
7;2025-12-11;17;2284
7;2025-12-11;18;2679
7;2025-12-11;19;1679
7;2025-12-11;20;1084
7;2025-12-11;21;652
7;2025-12-11;22;312
7;2025-12-11;23;194
7;2025-12-12;0;66
7;2025-12-12;1;12
7;2025-12-12;2;0
7;2025-12-12;3;0
7;2025-12-12;4;1
7;2025-12-12;5;186
7;2025-12-12;6;664
7;2025-12-12;7;1553
7;2025-12-12;8;2320
7;2025-12-12;9;1767
7;2025-12-12;10;1549
7;2025-12-12;11;1480
7;2025-12-12;12;1570
7;2025-12-12;13;1653
7;2025-12-12;14;1714
7;2025-12-12;15;1837
7;2025-12-12;16;2034
7;2025-12-12;17;2226
7;2025-12-12;18;2104
7;2025-12-12;19;1496
7;2025-12-12;20;1036
7;2025-12-12;21;615
7;2025-12-12;22;357
7;2025-12-12;23;229
7;2025-12-13;0;103
7;2025-12-13;1;22
7;2025-12-13;2;0
7;2025-12-13;3;0
7;2025-12-13;4;0
7;2025-12-13;5;59
7;2025-12-13;6;295
7;2025-12-13;7;462
7;2025-12-13;8;763
7;2025-12-13;9;887
7;2025-12-13;10;997
7;2025-12-13;11;1159
7;2025-12-13;12;1284
7;2025-12-13;13;1294
7;2025-12-13;14;1426
7;2025-12-13;15;1264
7;2025-12-13;16;1210
7;2025-12-13;17;1141
7;2025-12-13;18;1084
7;2025-12-13;19;1088
7;2025-12-13;20;819
7;2025-12-13;21;641
7;2025-12-13;22;357
7;2025-12-13;23;225
7;2025-12-14;0;106
7;2025-12-14;1;20
7;2025-12-14;2;0
7;2025-12-14;3;0
7;2025-12-14;4;0
7;2025-12-14;5;42
7;2025-12-14;6;230
7;2025-12-14;7;350
7;2025-12-14;8;555
7;2025-12-14;9;690
7;2025-12-14;10;795
7;2025-12-14;11;975
7;2025-12-14;12;1134
7;2025-12-14;13;1190
7;2025-12-14;14;1254
7;2025-12-14;15;1179
7;2025-12-14;16;1133
7;2025-12-14;17;1087
7;2025-12-14;18;990
7;2025-12-14;19;911
7;2025-12-14;20;685
7;2025-12-14;21;560
7;2025-12-14;22;338
7;2025-12-14;23;176
7;2025-12-15;0;65
7;2025-12-15;1;13
7;2025-12-15;2;0
7;2025-12-15;3;0
7;2025-12-15;4;1
7;2025-12-15;5;196
7;2025-12-15;6;703
7;2025-12-15;7;1635
7;2025-12-15;8;2449
7;2025-12-15;9;1807
7;2025-12-15;10;1528
7;2025-12-15;11;1342
7;2025-12-15;12;1474
7;2025-12-15;13;1469
7;2025-12-15;14;1492
7;2025-12-15;15;1695
7;2025-12-15;16;1777
7;2025-12-15;17;2273
7;2025-12-15;18;2559
7;2025-12-15;19;1736
7;2025-12-15;20;1094
7;2025-12-15;21;570
7;2025-12-15;22;304
7;2025-12-15;23;156
7;2025-12-16;0;50
7;2025-12-16;1;10
7;2025-12-16;2;0
7;2025-12-16;3;0
7;2025-12-16;4;2
7;2025-12-16;5;202
7;2025-12-16;6;694
7;2025-12-16;7;1654
7;2025-12-16;8;2472
7;2025-12-16;9;1818
7;2025-12-16;10;1586
7;2025-12-16;11;1469
7;2025-12-16;12;1540
7;2025-12-16;13;1541
7;2025-12-16;14;1582
7;2025-12-16;15;1788
7;2025-12-16;16;1796
7;2025-12-16;17;2330
7;2025-12-16;18;2568
7;2025-12-16;19;1792
7;2025-12-16;20;1096
7;2025-12-16;21;649
7;2025-12-16;22;309
7;2025-12-16;23;179
7;2025-12-17;0;59
7;2025-12-17;1;9
7;2025-12-17;2;0
7;2025-12-17;3;0
7;2025-12-17;4;2
7;2025-12-17;5;201
7;2025-12-17;6;664
7;2025-12-17;7;1556
7;2025-12-17;8;2493
7;2025-12-17;9;1845
7;2025-12-17;10;1635
7;2025-12-17;11;1409
7;2025-12-17;12;1521
7;2025-12-17;13;1490
7;2025-12-17;14;1601
7;2025-12-17;15;1759
7;2025-12-17;16;1821
7;2025-12-17;17;2324
7;2025-12-17;18;2539
7;2025-12-17;19;1714
7;2025-12-17;20;1086
7;2025-12-17;21;639
7;2025-12-17;22;329
7;2025-12-17;23;190
7;2025-12-18;0;63
7;2025-12-18;1;12
7;2025-12-18;2;0
7;2025-12-18;3;0
7;2025-12-18;4;1
7;2025-12-18;5;195
7;2025-12-18;6;722
7;2025-12-18;7;1647
7;2025-12-18;8;2517
7;2025-12-18;9;1840
7;2025-12-18;10;1560
7;2025-12-18;11;1462
7;2025-12-18;12;1505
7;2025-12-18;13;1504
7;2025-12-18;14;1640
7;2025-12-18;15;1708
7;2025-12-18;16;1823
7;2025-12-18;17;2284
7;2025-12-18;18;2679
7;2025-12-18;19;1679
7;2025-12-18;20;1084
7;2025-12-18;21;652
7;2025-12-18;22;312
7;2025-12-18;23;194
7;2025-12-19;0;66
7;2025-12-19;1;12
7;2025-12-19;2;0
7;2025-12-19;3;0
7;2025-12-19;4;1
7;2025-12-19;5;186
7;2025-12-19;6;664
7;2025-12-19;7;1553
7;2025-12-19;8;2320
7;2025-12-19;9;1767
7;2025-12-19;10;1549
7;2025-12-19;11;1480
7;2025-12-19;12;1570
7;2025-12-19;13;1653
7;2025-12-19;14;1714
7;2025-12-19;15;1837
7;2025-12-19;16;2034
7;2025-12-19;17;2226
7;2025-12-19;18;2104
7;2025-12-19;19;1496
7;2025-12-19;20;1036
7;2025-12-19;21;615
7;2025-12-19;22;357
7;2025-12-19;23;229
7;2025-12-20;0;103
7;2025-12-20;1;22
7;2025-12-20;2;0
7;2025-12-20;3;0
7;2025-12-20;4;0
7;2025-12-20;5;59
7;2025-12-20;6;295
7;2025-12-20;7;462
7;2025-12-20;8;763
7;2025-12-20;9;887
7;2025-12-20;10;997
7;2025-12-20;11;1159
7;2025-12-20;12;1284
7;2025-12-20;13;1294
7;2025-12-20;14;1426
7;2025-12-20;15;1264
7;2025-12-20;16;1210
7;2025-12-20;17;1141
7;2025-12-20;18;1084
7;2025-12-20;19;1088
7;2025-12-20;20;819
7;2025-12-20;21;641
7;2025-12-20;22;357
7;2025-12-20;23;225
7;2025-12-21;0;106
7;2025-12-21;1;20
7;2025-12-21;2;0
7;2025-12-21;3;0
7;2025-12-21;4;0
7;2025-12-21;5;42
7;2025-12-21;6;230
7;2025-12-21;7;350
7;2025-12-21;8;555
7;2025-12-21;9;690
7;2025-12-21;10;795
7;2025-12-21;11;975
7;2025-12-21;12;1134
7;2025-12-21;13;1190
7;2025-12-21;14;1254
7;2025-12-21;15;1179
7;2025-12-21;16;1133
7;2025-12-21;17;1087
7;2025-12-21;18;990
7;2025-12-21;19;911
7;2025-12-21;20;685
7;2025-12-21;21;560
7;2025-12-21;22;338
7;2025-12-21;23;176
7;2025-12-22;0;65
7;2025-12-22;1;13
7;2025-12-22;2;0
7;2025-12-22;3;0
7;2025-12-22;4;1
7;2025-12-22;5;196
7;2025-12-22;6;703
7;2025-12-22;7;1635
7;2025-12-22;8;2449
7;2025-12-22;9;1807
7;2025-12-22;10;1528
7;2025-12-22;11;1342
7;2025-12-22;12;1474
7;2025-12-22;13;1469
7;2025-12-22;14;1492
7;2025-12-22;15;1695
7;2025-12-22;16;1777
7;2025-12-22;17;2273
7;2025-12-22;18;2559
7;2025-12-22;19;1736
7;2025-12-22;20;1094
7;2025-12-22;21;570
7;2025-12-22;22;304
7;2025-12-22;23;156
7;2025-12-23;0;50
7;2025-12-23;1;10
7;2025-12-23;2;0
7;2025-12-23;3;0
7;2025-12-23;4;2
7;2025-12-23;5;202
7;2025-12-23;6;694
7;2025-12-23;7;1654
7;2025-12-23;8;2472
7;2025-12-23;9;1818
7;2025-12-23;10;1586
7;2025-12-23;11;1469
7;2025-12-23;12;1540
7;2025-12-23;13;1541
7;2025-12-23;14;1582
7;2025-12-23;15;1788
7;2025-12-23;16;1796
7;2025-12-23;17;2330
7;2025-12-23;18;2568
7;2025-12-23;19;1792
7;2025-12-23;20;1096
7;2025-12-23;21;649
7;2025-12-23;22;309
7;2025-12-23;23;179
7;2025-12-24;0;59
7;2025-12-24;1;9
7;2025-12-24;2;0
7;2025-12-24;3;0
7;2025-12-24;4;2
7;2025-12-24;5;201
7;2025-12-24;6;664
7;2025-12-24;7;1556
7;2025-12-24;8;2493
7;2025-12-24;9;1845
7;2025-12-24;10;1635
7;2025-12-24;11;1409
7;2025-12-24;12;1521
7;2025-12-24;13;1490
7;2025-12-24;14;1601
7;2025-12-24;15;1759
7;2025-12-24;16;1821
7;2025-12-24;17;2324
7;2025-12-24;18;2539
7;2025-12-24;19;1714
7;2025-12-24;20;1086
7;2025-12-24;21;639
7;2025-12-24;22;329
7;2025-12-24;23;190
7;2025-12-25;0;63
7;2025-12-25;1;12
7;2025-12-25;2;0
7;2025-12-25;3;0
7;2025-12-25;4;1
7;2025-12-25;5;195
7;2025-12-25;6;722
7;2025-12-25;7;1647
7;2025-12-25;8;2517
7;2025-12-25;9;1840
7;2025-12-25;10;1560
7;2025-12-25;11;1462
7;2025-12-25;12;1505
7;2025-12-25;13;1504
7;2025-12-25;14;1640
7;2025-12-25;15;1708
7;2025-12-25;16;1823
7;2025-12-25;17;2284
7;2025-12-25;18;2679
7;2025-12-25;19;1679
7;2025-12-25;20;1084
7;2025-12-25;21;652
7;2025-12-25;22;312
7;2025-12-25;23;194
7;2025-12-26;0;66
7;2025-12-26;1;12
7;2025-12-26;2;0
7;2025-12-26;3;0
7;2025-12-26;4;1
7;2025-12-26;5;186
7;2025-12-26;6;664
7;2025-12-26;7;1553
7;2025-12-26;8;2320
7;2025-12-26;9;1767
7;2025-12-26;10;1549
7;2025-12-26;11;1480
7;2025-12-26;12;1570
7;2025-12-26;13;1653
7;2025-12-26;14;1714
7;2025-12-26;15;1837
7;2025-12-26;16;2034
7;2025-12-26;17;2226
7;2025-12-26;18;2104
7;2025-12-26;19;1496
7;2025-12-26;20;1036
7;2025-12-26;21;615
7;2025-12-26;22;357
7;2025-12-26;23;229
7;2025-12-27;0;103
7;2025-12-27;1;22
7;2025-12-27;2;0
7;2025-12-27;3;0
7;2025-12-27;4;0
7;2025-12-27;5;59
7;2025-12-27;6;295
7;2025-12-27;7;462
7;2025-12-27;8;763
7;2025-12-27;9;887
7;2025-12-27;10;997
7;2025-12-27;11;1159
7;2025-12-27;12;1284
7;2025-12-27;13;1294
7;2025-12-27;14;1426
7;2025-12-27;15;1264
7;2025-12-27;16;1210
7;2025-12-27;17;1141
7;2025-12-27;18;1084
7;2025-12-27;19;1088
7;2025-12-27;20;819
7;2025-12-27;21;641
7;2025-12-27;22;357
7;2025-12-27;23;225
7;2025-12-28;0;106
7;2025-12-28;1;20
7;2025-12-28;2;0
7;2025-12-28;3;0
7;2025-12-28;4;0
7;2025-12-28;5;42
7;2025-12-28;6;230
7;2025-12-28;7;350
7;2025-12-28;8;555
7;2025-12-28;9;690
7;2025-12-28;10;795
7;2025-12-28;11;975
7;2025-12-28;12;1134
7;2025-12-28;13;1190
7;2025-12-28;14;1254
7;2025-12-28;15;1179
7;2025-12-28;16;1133
7;2025-12-28;17;1087
7;2025-12-28;18;990
7;2025-12-28;19;911
7;2025-12-28;20;685
7;2025-12-28;21;560
7;2025-12-28;22;338
7;2025-12-28;23;176
7;2025-12-29;0;65
7;2025-12-29;1;13
7;2025-12-29;2;0
7;2025-12-29;3;0
7;2025-12-29;4;1
7;2025-12-29;5;196
7;2025-12-29;6;703
7;2025-12-29;7;1635
7;2025-12-29;8;2449
7;2025-12-29;9;1807
7;2025-12-29;10;1528
7;2025-12-29;11;1342
7;2025-12-29;12;1474
7;2025-12-29;13;1469
7;2025-12-29;14;1492
7;2025-12-29;15;1695
7;2025-12-29;16;1777
7;2025-12-29;17;2273
7;2025-12-29;18;2559
7;2025-12-29;19;1736
7;2025-12-29;20;1094
7;2025-12-29;21;570
7;2025-12-29;22;304
7;2025-12-29;23;156
7;2025-12-30;0;50
7;2025-12-30;1;10
7;2025-12-30;2;0
7;2025-12-30;3;0
7;2025-12-30;4;2
7;2025-12-30;5;202
7;2025-12-30;6;694
7;2025-12-30;7;1654
7;2025-12-30;8;2472
7;2025-12-30;9;1818
7;2025-12-30;10;1586
7;2025-12-30;11;1469
7;2025-12-30;12;1540
7;2025-12-30;13;1541
7;2025-12-30;14;1582
7;2025-12-30;15;1788
7;2025-12-30;16;1796
7;2025-12-30;17;2330
7;2025-12-30;18;2568
7;2025-12-30;19;1792
7;2025-12-30;20;1096
7;2025-12-30;21;649
7;2025-12-30;22;309
7;2025-12-30;23;179
7;2025-12-31;0;103
7;2025-12-31;1;19
7;2025-12-31;2;0
7;2025-12-31;3;0
7;2025-12-31;4;0
7;2025-12-31;5;41
7;2025-12-31;6;225
7;2025-12-31;7;342
7;2025-12-31;8;542
7;2025-12-31;9;675
7;2025-12-31;10;777
7;2025-12-31;11;953
7;2025-12-31;12;1109
7;2025-12-31;13;1163
7;2025-12-31;14;1225
7;2025-12-31;15;1152
7;2025-12-31;16;1107
7;2025-12-31;17;1063
7;2025-12-31;18;968
7;2025-12-31;19;891
7;2025-12-31;20;670
7;2025-12-31;21;548
7;2025-12-31;22;330
7;2025-12-31;23;172
11;2025-11-01;0;70
11;2025-11-01;1;1
11;2025-11-01;2;0
11;2025-11-01;3;0
11;2025-11-01;4;0
11;2025-11-01;5;285
11;2025-11-01;6;1308
11;2025-11-01;7;2286
11;2025-11-01;8;3046
11;2025-11-01;9;2317
11;2025-11-01;10;1882
11;2025-11-01;11;1806
11;2025-11-01;12;1900
11;2025-11-01;13;1916
11;2025-11-01;14;2001
11;2025-11-01;15;2229
11;2025-11-01;16;2427
11;2025-11-01;17;2866
11;2025-11-01;18;2504
11;2025-11-01;19;1994
11;2025-11-01;20;1394
11;2025-11-01;21;867
11;2025-11-01;22;468
11;2025-11-01;23;294
11;2025-11-02;0;106
11;2025-11-02;1;12
11;2025-11-02;2;0
11;2025-11-02;3;0
11;2025-11-02;4;2
11;2025-11-02;5;128
11;2025-11-02;6;531
11;2025-11-02;7;515
11;2025-11-02;8;678
11;2025-11-02;9;943
11;2025-11-02;10;1015
11;2025-11-02;11;1439
11;2025-11-02;12;1619
11;2025-11-02;13;1561
11;2025-11-02;14;1661
11;2025-11-02;15;1679
11;2025-11-02;16;1625
11;2025-11-02;17;1689
11;2025-11-02;18;1394
11;2025-11-02;19;1184
11;2025-11-02;20;963
11;2025-11-02;21;674
11;2025-11-02;22;391
11;2025-11-02;23;263
11;2025-11-03;0;102
11;2025-11-03;1;11
11;2025-11-03;2;0
11;2025-11-03;3;0
11;2025-11-03;4;2
11;2025-11-03;5;122
11;2025-11-03;6;508
11;2025-11-03;7;493
11;2025-11-03;8;649
11;2025-11-03;9;903
11;2025-11-03;10;972
11;2025-11-03;11;1378
11;2025-11-03;12;1551
11;2025-11-03;13;1495
11;2025-11-03;14;1590
11;2025-11-03;15;1608
11;2025-11-03;16;1556
11;2025-11-03;17;1618
11;2025-11-03;18;1335
11;2025-11-03;19;1134
11;2025-11-03;20;922
11;2025-11-03;21;645
11;2025-11-03;22;374
11;2025-11-03;23;251
11;2025-11-04;0;105
11;2025-11-04;1;11
11;2025-11-04;2;0
11;2025-11-04;3;0
11;2025-11-04;4;2
11;2025-11-04;5;126
11;2025-11-04;6;524
11;2025-11-04;7;508
11;2025-11-04;8;668
11;2025-11-04;9;930
11;2025-11-04;10;1002
11;2025-11-04;11;1420
11;2025-11-04;12;1597
11;2025-11-04;13;1540
11;2025-11-04;14;1638
11;2025-11-04;15;1656
11;2025-11-04;16;1603
11;2025-11-04;17;1667
11;2025-11-04;18;1375
11;2025-11-04;19;1168
11;2025-11-04;20;950
11;2025-11-04;21;665
11;2025-11-04;22;385
11;2025-11-04;23;259
11;2025-11-05;0;61
11;2025-11-05;1;0
11;2025-11-05;2;0
11;2025-11-05;3;0
11;2025-11-05;4;0
11;2025-11-05;5;282
11;2025-11-05;6;1255
11;2025-11-05;7;2399
11;2025-11-05;8;3103
11;2025-11-05;9;2293
11;2025-11-05;10;1834
11;2025-11-05;11;1876
11;2025-11-05;12;1862
11;2025-11-05;13;1989
11;2025-11-05;14;1955
11;2025-11-05;15;1995
11;2025-11-05;16;2118
11;2025-11-05;17;2814
11;2025-11-05;18;3025
11;2025-11-05;19;2262
11;2025-11-05;20;1489
11;2025-11-05;21;865
11;2025-11-05;22;422
11;2025-11-05;23;229
11;2025-11-06;0;64
11;2025-11-06;1;1
11;2025-11-06;2;0
11;2025-11-06;3;0
11;2025-11-06;4;0
11;2025-11-06;5;292
11;2025-11-06;6;1296
11;2025-11-06;7;2351
11;2025-11-06;8;3000
11;2025-11-06;9;2431
11;2025-11-06;10;1930
11;2025-11-06;11;1814
11;2025-11-06;12;1895
11;2025-11-06;13;2022
11;2025-11-06;14;1951
11;2025-11-06;15;2023
11;2025-11-06;16;2246
11;2025-11-06;17;2753
11;2025-11-06;18;3070
11;2025-11-06;19;2235
11;2025-11-06;20;1454
11;2025-11-06;21;874
11;2025-11-06;22;446
11;2025-11-06;23;233
11;2025-11-07;0;69
11;2025-11-07;1;1
11;2025-11-07;2;0
11;2025-11-07;3;0
11;2025-11-07;4;0
11;2025-11-07;5;283
11;2025-11-07;6;1298
11;2025-11-07;7;2268
11;2025-11-07;8;3023
11;2025-11-07;9;2299
11;2025-11-07;10;1867
11;2025-11-07;11;1792
11;2025-11-07;12;1885
11;2025-11-07;13;1901
11;2025-11-07;14;1985
11;2025-11-07;15;2212
11;2025-11-07;16;2409
11;2025-11-07;17;2844
11;2025-11-07;18;2485
11;2025-11-07;19;1979
11;2025-11-07;20;1384
11;2025-11-07;21;860
11;2025-11-07;22;465
11;2025-11-07;23;292
11;2025-11-08;0;102
11;2025-11-08;1;2
11;2025-11-08;2;0
11;2025-11-08;3;0
11;2025-11-08;4;4
11;2025-11-08;5;198
11;2025-11-08;6;784
11;2025-11-08;7;714
11;2025-11-08;8;990
11;2025-11-08;9;1126
11;2025-11-08;10;1257
11;2025-11-08;11;1640
11;2025-11-08;12;1812
11;2025-11-08;13;1739
11;2025-11-08;14;1763
11;2025-11-08;15;1734
11;2025-11-08;16;1771
11;2025-11-08;17;1767
11;2025-11-08;18;1517
11;2025-11-08;19;1447
11;2025-11-08;20;1081
11;2025-11-08;21;747
11;2025-11-08;22;462
11;2025-11-08;23;303
11;2025-11-09;0;106
11;2025-11-09;1;12
11;2025-11-09;2;0
11;2025-11-09;3;0
11;2025-11-09;4;2
11;2025-11-09;5;128
11;2025-11-09;6;531
11;2025-11-09;7;515
11;2025-11-09;8;678
11;2025-11-09;9;943
11;2025-11-09;10;1015
11;2025-11-09;11;1439
11;2025-11-09;12;1619
11;2025-11-09;13;1561
11;2025-11-09;14;1661
11;2025-11-09;15;1679
11;2025-11-09;16;1625
11;2025-11-09;17;1689
11;2025-11-09;18;1394
11;2025-11-09;19;1184
11;2025-11-09;20;963
11;2025-11-09;21;674
11;2025-11-09;22;391
11;2025-11-09;23;263
11;2025-11-10;0;72
11;2025-11-10;1;6
11;2025-11-10;2;0
11;2025-11-10;3;0
11;2025-11-10;4;0
11;2025-11-10;5;278
11;2025-11-10;6;1337
11;2025-11-10;7;2301
11;2025-11-10;8;3024
11;2025-11-10;9;2336
11;2025-11-10;10;1737
11;2025-11-10;11;1778
11;2025-11-10;12;1703
11;2025-11-10;13;1840
11;2025-11-10;14;1842
11;2025-11-10;15;2019
11;2025-11-10;16;2211
11;2025-11-10;17;2740
11;2025-11-10;18;3032
11;2025-11-10;19;2298
11;2025-11-10;20;1431
11;2025-11-10;21;831
11;2025-11-10;22;407
11;2025-11-10;23;209
11;2025-11-11;0;61
11;2025-11-11;1;1
11;2025-11-11;2;0
11;2025-11-11;3;0
11;2025-11-11;4;0
11;2025-11-11;5;267
11;2025-11-11;6;1348
11;2025-11-11;7;2376
11;2025-11-11;8;3225
11;2025-11-11;9;2422
11;2025-11-11;10;1831
11;2025-11-11;11;1765
11;2025-11-11;12;1795
11;2025-11-11;13;1954
11;2025-11-11;14;1976
11;2025-11-11;15;2031
11;2025-11-11;16;2247
11;2025-11-11;17;2806
11;2025-11-11;18;3052
11;2025-11-11;19;2298
11;2025-11-11;20;1491
11;2025-11-11;21;849
11;2025-11-11;22;430
11;2025-11-11;23;212
11;2025-11-12;0;61
11;2025-11-12;1;0
11;2025-11-12;2;0
11;2025-11-12;3;0
11;2025-11-12;4;0
11;2025-11-12;5;282
11;2025-11-12;6;1255
11;2025-11-12;7;2399
11;2025-11-12;8;3103
11;2025-11-12;9;2293
11;2025-11-12;10;1834
11;2025-11-12;11;1876
11;2025-11-12;12;1862
11;2025-11-12;13;1989
11;2025-11-12;14;1955
11;2025-11-12;15;1995
11;2025-11-12;16;2118
11;2025-11-12;17;2814
11;2025-11-12;18;3025
11;2025-11-12;19;2262
11;2025-11-12;20;1489
11;2025-11-12;21;865
11;2025-11-12;22;422
11;2025-11-12;23;229
11;2025-11-13;0;64
11;2025-11-13;1;1
11;2025-11-13;2;0
11;2025-11-13;3;0
11;2025-11-13;4;0
11;2025-11-13;5;292
11;2025-11-13;6;1296
11;2025-11-13;7;2351
11;2025-11-13;8;3000
11;2025-11-13;9;2431
11;2025-11-13;10;1930
11;2025-11-13;11;1814
11;2025-11-13;12;1895
11;2025-11-13;13;2022
11;2025-11-13;14;1951
11;2025-11-13;15;2023
11;2025-11-13;16;2246
11;2025-11-13;17;2753
11;2025-11-13;18;3070
11;2025-11-13;19;2235
11;2025-11-13;20;1454
11;2025-11-13;21;874
11;2025-11-13;22;446
11;2025-11-13;23;233
11;2025-11-14;0;69
11;2025-11-14;1;1
11;2025-11-14;2;0
11;2025-11-14;3;0
11;2025-11-14;4;0
11;2025-11-14;5;283
11;2025-11-14;6;1298
11;2025-11-14;7;2268
11;2025-11-14;8;3023
11;2025-11-14;9;2299
11;2025-11-14;10;1867
11;2025-11-14;11;1792
11;2025-11-14;12;1885
11;2025-11-14;13;1901
11;2025-11-14;14;1985
11;2025-11-14;15;2212
11;2025-11-14;16;2409
11;2025-11-14;17;2844
11;2025-11-14;18;2485
11;2025-11-14;19;1979
11;2025-11-14;20;1384
11;2025-11-14;21;860
11;2025-11-14;22;465
11;2025-11-14;23;292
11;2025-11-15;0;102
11;2025-11-15;1;2
11;2025-11-15;2;0
11;2025-11-15;3;0
11;2025-11-15;4;4
11;2025-11-15;5;198
11;2025-11-15;6;784
11;2025-11-15;7;714
11;2025-11-15;8;990
11;2025-11-15;9;1126
11;2025-11-15;10;1257
11;2025-11-15;11;1640
11;2025-11-15;12;1812
11;2025-11-15;13;1739
11;2025-11-15;14;1763
11;2025-11-15;15;1734
11;2025-11-15;16;1771
11;2025-11-15;17;1767
11;2025-11-15;18;1517
11;2025-11-15;19;1447
11;2025-11-15;20;1081
11;2025-11-15;21;747
11;2025-11-15;22;462
11;2025-11-15;23;303
11;2025-11-16;0;106
11;2025-11-16;1;12
11;2025-11-16;2;0
11;2025-11-16;3;0
11;2025-11-16;4;2
11;2025-11-16;5;128
11;2025-11-16;6;531
11;2025-11-16;7;515
11;2025-11-16;8;678
11;2025-11-16;9;943
11;2025-11-16;10;1015
11;2025-11-16;11;1439
11;2025-11-16;12;1619
11;2025-11-16;13;1561
11;2025-11-16;14;1661
11;2025-11-16;15;1679
11;2025-11-16;16;1625
11;2025-11-16;17;1689
11;2025-11-16;18;1394
11;2025-11-16;19;1184
11;2025-11-16;20;963
11;2025-11-16;21;674
11;2025-11-16;22;391
11;2025-11-16;23;263
11;2025-11-17;0;72
11;2025-11-17;1;6
11;2025-11-17;2;0
11;2025-11-17;3;0
11;2025-11-17;4;0
11;2025-11-17;5;278
11;2025-11-17;6;1337
11;2025-11-17;7;2301
11;2025-11-17;8;3024
11;2025-11-17;9;2336
11;2025-11-17;10;1737
11;2025-11-17;11;1778
11;2025-11-17;12;1703
11;2025-11-17;13;1840
11;2025-11-17;14;1842
11;2025-11-17;15;2019
11;2025-11-17;16;2211
11;2025-11-17;17;2740
11;2025-11-17;18;3032
11;2025-11-17;19;2298
11;2025-11-17;20;1431
11;2025-11-17;21;831
11;2025-11-17;22;407
11;2025-11-17;23;209
11;2025-11-18;0;61
11;2025-11-18;1;1
11;2025-11-18;2;0
11;2025-11-18;3;0
11;2025-11-18;4;0
11;2025-11-18;5;267
11;2025-11-18;6;1348
11;2025-11-18;7;2376
11;2025-11-18;8;3225
11;2025-11-18;9;2422
11;2025-11-18;10;1831
11;2025-11-18;11;1765
11;2025-11-18;12;1795
11;2025-11-18;13;1954
11;2025-11-18;14;1976
11;2025-11-18;15;2031
11;2025-11-18;16;2247
11;2025-11-18;17;2806
11;2025-11-18;18;3052
11;2025-11-18;19;2298
11;2025-11-18;20;1491
11;2025-11-18;21;849
11;2025-11-18;22;430
11;2025-11-18;23;212
11;2025-11-19;0;61
11;2025-11-19;1;0
11;2025-11-19;2;0
11;2025-11-19;3;0
11;2025-11-19;4;0
11;2025-11-19;5;282
11;2025-11-19;6;1255
11;2025-11-19;7;2399
11;2025-11-19;8;3103
11;2025-11-19;9;2293
11;2025-11-19;10;1834
11;2025-11-19;11;1876
11;2025-11-19;12;1862
11;2025-11-19;13;1989
11;2025-11-19;14;1955
11;2025-11-19;15;1995
11;2025-11-19;16;2118
11;2025-11-19;17;2814
11;2025-11-19;18;3025
11;2025-11-19;19;2262
11;2025-11-19;20;1489
11;2025-11-19;21;865
11;2025-11-19;22;422
11;2025-11-19;23;229
11;2025-11-20;0;64
11;2025-11-20;1;1
11;2025-11-20;2;0
11;2025-11-20;3;0
11;2025-11-20;4;0
11;2025-11-20;5;292
11;2025-11-20;6;1296
11;2025-11-20;7;2351
11;2025-11-20;8;3000
11;2025-11-20;9;2431
11;2025-11-20;10;1930
11;2025-11-20;11;1814
11;2025-11-20;12;1895
11;2025-11-20;13;2022
11;2025-11-20;14;1951
11;2025-11-20;15;2023
11;2025-11-20;16;2246
11;2025-11-20;17;2753
11;2025-11-20;18;3070
11;2025-11-20;19;2235
11;2025-11-20;20;1454
11;2025-11-20;21;874
11;2025-11-20;22;446
11;2025-11-20;23;233
11;2025-11-21;0;69
11;2025-11-21;1;1
11;2025-11-21;2;0
11;2025-11-21;3;0
11;2025-11-21;4;0
11;2025-11-21;5;283
11;2025-11-21;6;1298
11;2025-11-21;7;2268
11;2025-11-21;8;3023
11;2025-11-21;9;2299
11;2025-11-21;10;1867
11;2025-11-21;11;1792
11;2025-11-21;12;1885
11;2025-11-21;13;1901
11;2025-11-21;14;1985
11;2025-11-21;15;2212
11;2025-11-21;16;2409
11;2025-11-21;17;2844
11;2025-11-21;18;2485
11;2025-11-21;19;1979
11;2025-11-21;20;1384
11;2025-11-21;21;860
11;2025-11-21;22;465
11;2025-11-21;23;292
11;2025-11-22;0;102
11;2025-11-22;1;2
11;2025-11-22;2;0
11;2025-11-22;3;0
11;2025-11-22;4;4
11;2025-11-22;5;198
11;2025-11-22;6;784
11;2025-11-22;7;714
11;2025-11-22;8;990
11;2025-11-22;9;1126
11;2025-11-22;10;1257
11;2025-11-22;11;1640
11;2025-11-22;12;1812
11;2025-11-22;13;1739
11;2025-11-22;14;1763
11;2025-11-22;15;1734
11;2025-11-22;16;1771
11;2025-11-22;17;1767
11;2025-11-22;18;1517
11;2025-11-22;19;1447
11;2025-11-22;20;1081
11;2025-11-22;21;747
11;2025-11-22;22;462
11;2025-11-22;23;303
11;2025-11-23;0;106
11;2025-11-23;1;12
11;2025-11-23;2;0
11;2025-11-23;3;0
11;2025-11-23;4;2
11;2025-11-23;5;128
11;2025-11-23;6;531
11;2025-11-23;7;515
11;2025-11-23;8;678
11;2025-11-23;9;943
11;2025-11-23;10;1015
11;2025-11-23;11;1439
11;2025-11-23;12;1619
11;2025-11-23;13;1561
11;2025-11-23;14;1661
11;2025-11-23;15;1679
11;2025-11-23;16;1625
11;2025-11-23;17;1689
11;2025-11-23;18;1394
11;2025-11-23;19;1184
11;2025-11-23;20;963
11;2025-11-23;21;674
11;2025-11-23;22;391
11;2025-11-23;23;263
11;2025-11-24;0;72
11;2025-11-24;1;6
11;2025-11-24;2;0
11;2025-11-24;3;0
11;2025-11-24;4;0
11;2025-11-24;5;278
11;2025-11-24;6;1337
11;2025-11-24;7;2301
11;2025-11-24;8;3024
11;2025-11-24;9;2336
11;2025-11-24;10;1737
11;2025-11-24;11;1778
11;2025-11-24;12;1703
11;2025-11-24;13;1840
11;2025-11-24;14;1842
11;2025-11-24;15;2019
11;2025-11-24;16;2211
11;2025-11-24;17;2740
11;2025-11-24;18;3032
11;2025-11-24;19;2298
11;2025-11-24;20;1431
11;2025-11-24;21;831
11;2025-11-24;22;407
11;2025-11-24;23;209
11;2025-11-25;0;61
11;2025-11-25;1;1
11;2025-11-25;2;0
11;2025-11-25;3;0
11;2025-11-25;4;0
11;2025-11-25;5;267
11;2025-11-25;6;1348
11;2025-11-25;7;2376
11;2025-11-25;8;3225
11;2025-11-25;9;2422
11;2025-11-25;10;1831
11;2025-11-25;11;1765
11;2025-11-25;12;1795
11;2025-11-25;13;1954
11;2025-11-25;14;1976
11;2025-11-25;15;2031
11;2025-11-25;16;2247
11;2025-11-25;17;2806
11;2025-11-25;18;3052
11;2025-11-25;19;2298
11;2025-11-25;20;1491
11;2025-11-25;21;849
11;2025-11-25;22;430
11;2025-11-25;23;212
11;2025-11-26;0;61
11;2025-11-26;1;0
11;2025-11-26;2;0
11;2025-11-26;3;0
11;2025-11-26;4;0
11;2025-11-26;5;282
11;2025-11-26;6;1255
11;2025-11-26;7;2399
11;2025-11-26;8;3103
11;2025-11-26;9;2293
11;2025-11-26;10;1834
11;2025-11-26;11;1876
11;2025-11-26;12;1862
11;2025-11-26;13;1989
11;2025-11-26;14;1955
11;2025-11-26;15;1995
11;2025-11-26;16;2118
11;2025-11-26;17;2814
11;2025-11-26;18;3025
11;2025-11-26;19;2262
11;2025-11-26;20;1489
11;2025-11-26;21;865
11;2025-11-26;22;422
11;2025-11-26;23;229
11;2025-11-27;0;64
11;2025-11-27;1;1
11;2025-11-27;2;0
11;2025-11-27;3;0
11;2025-11-27;4;0
11;2025-11-27;5;292
11;2025-11-27;6;1296
11;2025-11-27;7;2351
11;2025-11-27;8;3000
11;2025-11-27;9;2431
11;2025-11-27;10;1930
11;2025-11-27;11;1814
11;2025-11-27;12;1895
11;2025-11-27;13;2022
11;2025-11-27;14;1951
11;2025-11-27;15;2023
11;2025-11-27;16;2246
11;2025-11-27;17;2753
11;2025-11-27;18;3070
11;2025-11-27;19;2235
11;2025-11-27;20;1454
11;2025-11-27;21;874
11;2025-11-27;22;446
11;2025-11-27;23;233
11;2025-11-28;0;69
11;2025-11-28;1;1
11;2025-11-28;2;0
11;2025-11-28;3;0
11;2025-11-28;4;0
11;2025-11-28;5;283
11;2025-11-28;6;1298
11;2025-11-28;7;2268
11;2025-11-28;8;3023
11;2025-11-28;9;2299
11;2025-11-28;10;1867
11;2025-11-28;11;1792
11;2025-11-28;12;1885
11;2025-11-28;13;1901
11;2025-11-28;14;1985
11;2025-11-28;15;2212
11;2025-11-28;16;2409
11;2025-11-28;17;2844
11;2025-11-28;18;2485
11;2025-11-28;19;1979
11;2025-11-28;20;1384
11;2025-11-28;21;860
11;2025-11-28;22;465
11;2025-11-28;23;292
11;2025-11-29;0;102
11;2025-11-29;1;2
11;2025-11-29;2;0
11;2025-11-29;3;0
11;2025-11-29;4;4
11;2025-11-29;5;198
11;2025-11-29;6;784
11;2025-11-29;7;714
11;2025-11-29;8;990
11;2025-11-29;9;1126
11;2025-11-29;10;1257
11;2025-11-29;11;1640
11;2025-11-29;12;1812
11;2025-11-29;13;1739
11;2025-11-29;14;1763
11;2025-11-29;15;1734
11;2025-11-29;16;1771
11;2025-11-29;17;1767
11;2025-11-29;18;1517
11;2025-11-29;19;1447
11;2025-11-29;20;1081
11;2025-11-29;21;747
11;2025-11-29;22;462
11;2025-11-29;23;303
11;2025-11-30;0;106
11;2025-11-30;1;12
11;2025-11-30;2;0
11;2025-11-30;3;0
11;2025-11-30;4;2
11;2025-11-30;5;128
11;2025-11-30;6;531
11;2025-11-30;7;515
11;2025-11-30;8;678
11;2025-11-30;9;943
11;2025-11-30;10;1015
11;2025-11-30;11;1439
11;2025-11-30;12;1619
11;2025-11-30;13;1561
11;2025-11-30;14;1661
11;2025-11-30;15;1679
11;2025-11-30;16;1625
11;2025-11-30;17;1689
11;2025-11-30;18;1394
11;2025-11-30;19;1184
11;2025-11-30;20;963
11;2025-11-30;21;674
11;2025-11-30;22;391
11;2025-11-30;23;263
11;2025-12-01;0;72
11;2025-12-01;1;6
11;2025-12-01;2;0
11;2025-12-01;3;0
11;2025-12-01;4;0
11;2025-12-01;5;278
11;2025-12-01;6;1337
11;2025-12-01;7;2301
11;2025-12-01;8;3024
11;2025-12-01;9;2336
11;2025-12-01;10;1737
11;2025-12-01;11;1778
11;2025-12-01;12;1703
11;2025-12-01;13;1840
11;2025-12-01;14;1842
11;2025-12-01;15;2019
11;2025-12-01;16;2211
11;2025-12-01;17;2740
11;2025-12-01;18;3032
11;2025-12-01;19;2298
11;2025-12-01;20;1431
11;2025-12-01;21;831
11;2025-12-01;22;407
11;2025-12-01;23;209
11;2025-12-02;0;61
11;2025-12-02;1;1
11;2025-12-02;2;0
11;2025-12-02;3;0
11;2025-12-02;4;0
11;2025-12-02;5;267
11;2025-12-02;6;1348
11;2025-12-02;7;2376
11;2025-12-02;8;3225
11;2025-12-02;9;2422
11;2025-12-02;10;1831
11;2025-12-02;11;1765
11;2025-12-02;12;1795
11;2025-12-02;13;1954
11;2025-12-02;14;1976
11;2025-12-02;15;2031
11;2025-12-02;16;2247
11;2025-12-02;17;2806
11;2025-12-02;18;3052
11;2025-12-02;19;2298
11;2025-12-02;20;1491
11;2025-12-02;21;849
11;2025-12-02;22;430
11;2025-12-02;23;212
11;2025-12-03;0;61
11;2025-12-03;1;0
11;2025-12-03;2;0
11;2025-12-03;3;0
11;2025-12-03;4;0
11;2025-12-03;5;282
11;2025-12-03;6;1255
11;2025-12-03;7;2399
11;2025-12-03;8;3103
11;2025-12-03;9;2293
11;2025-12-03;10;1834
11;2025-12-03;11;1876
11;2025-12-03;12;1862
11;2025-12-03;13;1989
11;2025-12-03;14;1955
11;2025-12-03;15;1995
11;2025-12-03;16;2118
11;2025-12-03;17;2814
11;2025-12-03;18;3025
11;2025-12-03;19;2262
11;2025-12-03;20;1489
11;2025-12-03;21;865
11;2025-12-03;22;422
11;2025-12-03;23;229
11;2025-12-04;0;64
11;2025-12-04;1;1
11;2025-12-04;2;0
11;2025-12-04;3;0
11;2025-12-04;4;0
11;2025-12-04;5;292
11;2025-12-04;6;1296
11;2025-12-04;7;2351
11;2025-12-04;8;3000
11;2025-12-04;9;2431
11;2025-12-04;10;1930
11;2025-12-04;11;1814
11;2025-12-04;12;1895
11;2025-12-04;13;2022
11;2025-12-04;14;1951
11;2025-12-04;15;2023
11;2025-12-04;16;2246
11;2025-12-04;17;2753
11;2025-12-04;18;3070
11;2025-12-04;19;2235
11;2025-12-04;20;1454
11;2025-12-04;21;874
11;2025-12-04;22;446
11;2025-12-04;23;233
11;2025-12-05;0;69
11;2025-12-05;1;1
11;2025-12-05;2;0
11;2025-12-05;3;0
11;2025-12-05;4;0
11;2025-12-05;5;283
11;2025-12-05;6;1298
11;2025-12-05;7;2268
11;2025-12-05;8;3023
11;2025-12-05;9;2299
11;2025-12-05;10;1867
11;2025-12-05;11;1792
11;2025-12-05;12;1885
11;2025-12-05;13;1901
11;2025-12-05;14;1985
11;2025-12-05;15;2212
11;2025-12-05;16;2409
11;2025-12-05;17;2844
11;2025-12-05;18;2485
11;2025-12-05;19;1979
11;2025-12-05;20;1384
11;2025-12-05;21;860
11;2025-12-05;22;465
11;2025-12-05;23;292
11;2025-12-06;0;102
11;2025-12-06;1;2
11;2025-12-06;2;0
11;2025-12-06;3;0
11;2025-12-06;4;4
11;2025-12-06;5;198
11;2025-12-06;6;784
11;2025-12-06;7;714
11;2025-12-06;8;990
11;2025-12-06;9;1126
11;2025-12-06;10;1257
11;2025-12-06;11;1640
11;2025-12-06;12;1812
11;2025-12-06;13;1739
11;2025-12-06;14;1763
11;2025-12-06;15;1734
11;2025-12-06;16;1771
11;2025-12-06;17;1767
11;2025-12-06;18;1517
11;2025-12-06;19;1447
11;2025-12-06;20;1081
11;2025-12-06;21;747
11;2025-12-06;22;462
11;2025-12-06;23;303
11;2025-12-07;0;106
11;2025-12-07;1;12
11;2025-12-07;2;0
11;2025-12-07;3;0
11;2025-12-07;4;2
11;2025-12-07;5;128
11;2025-12-07;6;531
11;2025-12-07;7;515
11;2025-12-07;8;678
11;2025-12-07;9;943
11;2025-12-07;10;1015
11;2025-12-07;11;1439
11;2025-12-07;12;1619
11;2025-12-07;13;1561
11;2025-12-07;14;1661
11;2025-12-07;15;1679
11;2025-12-07;16;1625
11;2025-12-07;17;1689
11;2025-12-07;18;1394
11;2025-12-07;19;1184
11;2025-12-07;20;963
11;2025-12-07;21;674
11;2025-12-07;22;391
11;2025-12-07;23;263
11;2025-12-08;0;72
11;2025-12-08;1;6
11;2025-12-08;2;0
11;2025-12-08;3;0
11;2025-12-08;4;0
11;2025-12-08;5;278
11;2025-12-08;6;1337
11;2025-12-08;7;2301
11;2025-12-08;8;3024
11;2025-12-08;9;2336
11;2025-12-08;10;1737
11;2025-12-08;11;1778
11;2025-12-08;12;1703
11;2025-12-08;13;1840
11;2025-12-08;14;1842
11;2025-12-08;15;2019
11;2025-12-08;16;2211
11;2025-12-08;17;2740
11;2025-12-08;18;3032
11;2025-12-08;19;2298
11;2025-12-08;20;1431
11;2025-12-08;21;831
11;2025-12-08;22;407
11;2025-12-08;23;209
11;2025-12-09;0;61
11;2025-12-09;1;1
11;2025-12-09;2;0
11;2025-12-09;3;0
11;2025-12-09;4;0
11;2025-12-09;5;267
11;2025-12-09;6;1348
11;2025-12-09;7;2376
11;2025-12-09;8;3225
11;2025-12-09;9;2422
11;2025-12-09;10;1831
11;2025-12-09;11;1765
11;2025-12-09;12;1795
11;2025-12-09;13;1954
11;2025-12-09;14;1976
11;2025-12-09;15;2031
11;2025-12-09;16;2247
11;2025-12-09;17;2806
11;2025-12-09;18;3052
11;2025-12-09;19;2298
11;2025-12-09;20;1491
11;2025-12-09;21;849
11;2025-12-09;22;430
11;2025-12-09;23;212
11;2025-12-10;0;61
11;2025-12-10;1;0
11;2025-12-10;2;0
11;2025-12-10;3;0
11;2025-12-10;4;0
11;2025-12-10;5;282
11;2025-12-10;6;1255
11;2025-12-10;7;2399
11;2025-12-10;8;3103
11;2025-12-10;9;2293
11;2025-12-10;10;1834
11;2025-12-10;11;1876
11;2025-12-10;12;1862
11;2025-12-10;13;1989
11;2025-12-10;14;1955
11;2025-12-10;15;1995
11;2025-12-10;16;2118
11;2025-12-10;17;2814
11;2025-12-10;18;3025
11;2025-12-10;19;2262
11;2025-12-10;20;1489
11;2025-12-10;21;865
11;2025-12-10;22;422
11;2025-12-10;23;229
11;2025-12-11;0;64
11;2025-12-11;1;1
11;2025-12-11;2;0
11;2025-12-11;3;0
11;2025-12-11;4;0
11;2025-12-11;5;292
11;2025-12-11;6;1296
11;2025-12-11;7;2351
11;2025-12-11;8;3000
11;2025-12-11;9;2431
11;2025-12-11;10;1930
11;2025-12-11;11;1814
11;2025-12-11;12;1895
11;2025-12-11;13;2022
11;2025-12-11;14;1951
11;2025-12-11;15;2023
11;2025-12-11;16;2246
11;2025-12-11;17;2753
11;2025-12-11;18;3070
11;2025-12-11;19;2235
11;2025-12-11;20;1454
11;2025-12-11;21;874
11;2025-12-11;22;446
11;2025-12-11;23;233
11;2025-12-12;0;69
11;2025-12-12;1;1
11;2025-12-12;2;0
11;2025-12-12;3;0
11;2025-12-12;4;0
11;2025-12-12;5;283
11;2025-12-12;6;1298
11;2025-12-12;7;2268
11;2025-12-12;8;3023
11;2025-12-12;9;2299
11;2025-12-12;10;1867
11;2025-12-12;11;1792
11;2025-12-12;12;1885
11;2025-12-12;13;1901
11;2025-12-12;14;1985
11;2025-12-12;15;2212
11;2025-12-12;16;2409
11;2025-12-12;17;2844
11;2025-12-12;18;2485
11;2025-12-12;19;1979
11;2025-12-12;20;1384
11;2025-12-12;21;860
11;2025-12-12;22;465
11;2025-12-12;23;292
11;2025-12-13;0;102
11;2025-12-13;1;2
11;2025-12-13;2;0
11;2025-12-13;3;0
11;2025-12-13;4;4
11;2025-12-13;5;198
11;2025-12-13;6;784
11;2025-12-13;7;714
11;2025-12-13;8;990
11;2025-12-13;9;1126
11;2025-12-13;10;1257
11;2025-12-13;11;1640
11;2025-12-13;12;1812
11;2025-12-13;13;1739
11;2025-12-13;14;1763
11;2025-12-13;15;1734
11;2025-12-13;16;1771
11;2025-12-13;17;1767
11;2025-12-13;18;1517
11;2025-12-13;19;1447
11;2025-12-13;20;1081
11;2025-12-13;21;747
11;2025-12-13;22;462
11;2025-12-13;23;303
11;2025-12-14;0;106
11;2025-12-14;1;12
11;2025-12-14;2;0
11;2025-12-14;3;0
11;2025-12-14;4;2
11;2025-12-14;5;128
11;2025-12-14;6;531
11;2025-12-14;7;515
11;2025-12-14;8;678
11;2025-12-14;9;943
11;2025-12-14;10;1015
11;2025-12-14;11;1439
11;2025-12-14;12;1619
11;2025-12-14;13;1561
11;2025-12-14;14;1661
11;2025-12-14;15;1679
11;2025-12-14;16;1625
11;2025-12-14;17;1689
11;2025-12-14;18;1394
11;2025-12-14;19;1184
11;2025-12-14;20;963
11;2025-12-14;21;674
11;2025-12-14;22;391
11;2025-12-14;23;263
11;2025-12-15;0;72
11;2025-12-15;1;6
11;2025-12-15;2;0
11;2025-12-15;3;0
11;2025-12-15;4;0
11;2025-12-15;5;278
11;2025-12-15;6;1337
11;2025-12-15;7;2301
11;2025-12-15;8;3024
11;2025-12-15;9;2336
11;2025-12-15;10;1737
11;2025-12-15;11;1778
11;2025-12-15;12;1703
11;2025-12-15;13;1840
11;2025-12-15;14;1842
11;2025-12-15;15;2019
11;2025-12-15;16;2211
11;2025-12-15;17;2740
11;2025-12-15;18;3032
11;2025-12-15;19;2298
11;2025-12-15;20;1431
11;2025-12-15;21;831
11;2025-12-15;22;407
11;2025-12-15;23;209
11;2025-12-16;0;61
11;2025-12-16;1;1
11;2025-12-16;2;0
11;2025-12-16;3;0
11;2025-12-16;4;0
11;2025-12-16;5;267
11;2025-12-16;6;1348
11;2025-12-16;7;2376
11;2025-12-16;8;3225
11;2025-12-16;9;2422
11;2025-12-16;10;1831
11;2025-12-16;11;1765
11;2025-12-16;12;1795
11;2025-12-16;13;1954
11;2025-12-16;14;1976
11;2025-12-16;15;2031
11;2025-12-16;16;2247
11;2025-12-16;17;2806
11;2025-12-16;18;3052
11;2025-12-16;19;2298
11;2025-12-16;20;1491
11;2025-12-16;21;849
11;2025-12-16;22;430
11;2025-12-16;23;212
11;2025-12-17;0;61
11;2025-12-17;1;0
11;2025-12-17;2;0
11;2025-12-17;3;0
11;2025-12-17;4;0
11;2025-12-17;5;282
11;2025-12-17;6;1255
11;2025-12-17;7;2399
11;2025-12-17;8;3103
11;2025-12-17;9;2293
11;2025-12-17;10;1834
11;2025-12-17;11;1876
11;2025-12-17;12;1862
11;2025-12-17;13;1989
11;2025-12-17;14;1955
11;2025-12-17;15;1995
11;2025-12-17;16;2118
11;2025-12-17;17;2814
11;2025-12-17;18;3025
11;2025-12-17;19;2262
11;2025-12-17;20;1489
11;2025-12-17;21;865
11;2025-12-17;22;422
11;2025-12-17;23;229
11;2025-12-18;0;64
11;2025-12-18;1;1
11;2025-12-18;2;0
11;2025-12-18;3;0
11;2025-12-18;4;0
11;2025-12-18;5;292
11;2025-12-18;6;1296
11;2025-12-18;7;2351
11;2025-12-18;8;3000
11;2025-12-18;9;2431
11;2025-12-18;10;1930
11;2025-12-18;11;1814
11;2025-12-18;12;1895
11;2025-12-18;13;2022
11;2025-12-18;14;1951
11;2025-12-18;15;2023
11;2025-12-18;16;2246
11;2025-12-18;17;2753
11;2025-12-18;18;3070
11;2025-12-18;19;2235
11;2025-12-18;20;1454
11;2025-12-18;21;874
11;2025-12-18;22;446
11;2025-12-18;23;233
11;2025-12-19;0;69
11;2025-12-19;1;1
11;2025-12-19;2;0
11;2025-12-19;3;0
11;2025-12-19;4;0
11;2025-12-19;5;283
11;2025-12-19;6;1298
11;2025-12-19;7;2268
11;2025-12-19;8;3023
11;2025-12-19;9;2299
11;2025-12-19;10;1867
11;2025-12-19;11;1792
11;2025-12-19;12;1885
11;2025-12-19;13;1901
11;2025-12-19;14;1985
11;2025-12-19;15;2212
11;2025-12-19;16;2409
11;2025-12-19;17;2844
11;2025-12-19;18;2485
11;2025-12-19;19;1979
11;2025-12-19;20;1384
11;2025-12-19;21;860
11;2025-12-19;22;465
11;2025-12-19;23;292
11;2025-12-20;0;102
11;2025-12-20;1;2
11;2025-12-20;2;0
11;2025-12-20;3;0
11;2025-12-20;4;4
11;2025-12-20;5;198
11;2025-12-20;6;784
11;2025-12-20;7;714
11;2025-12-20;8;990
11;2025-12-20;9;1126
11;2025-12-20;10;1257
11;2025-12-20;11;1640
11;2025-12-20;12;1812
11;2025-12-20;13;1739
11;2025-12-20;14;1763
11;2025-12-20;15;1734
11;2025-12-20;16;1771
11;2025-12-20;17;1767
11;2025-12-20;18;1517
11;2025-12-20;19;1447
11;2025-12-20;20;1081
11;2025-12-20;21;747
11;2025-12-20;22;462
11;2025-12-20;23;303
11;2025-12-21;0;106
11;2025-12-21;1;12
11;2025-12-21;2;0
11;2025-12-21;3;0
11;2025-12-21;4;2
11;2025-12-21;5;128
11;2025-12-21;6;531
11;2025-12-21;7;515
11;2025-12-21;8;678
11;2025-12-21;9;943
11;2025-12-21;10;1015
11;2025-12-21;11;1439
11;2025-12-21;12;1619
11;2025-12-21;13;1561
11;2025-12-21;14;1661
11;2025-12-21;15;1679
11;2025-12-21;16;1625
11;2025-12-21;17;1689
11;2025-12-21;18;1394
11;2025-12-21;19;1184
11;2025-12-21;20;963
11;2025-12-21;21;674
11;2025-12-21;22;391
11;2025-12-21;23;263
11;2025-12-22;0;72
11;2025-12-22;1;6
11;2025-12-22;2;0
11;2025-12-22;3;0
11;2025-12-22;4;0
11;2025-12-22;5;278
11;2025-12-22;6;1337
11;2025-12-22;7;2301
11;2025-12-22;8;3024
11;2025-12-22;9;2336
11;2025-12-22;10;1737
11;2025-12-22;11;1778
11;2025-12-22;12;1703
11;2025-12-22;13;1840
11;2025-12-22;14;1842
11;2025-12-22;15;2019
11;2025-12-22;16;2211
11;2025-12-22;17;2740
11;2025-12-22;18;3032
11;2025-12-22;19;2298
11;2025-12-22;20;1431
11;2025-12-22;21;831
11;2025-12-22;22;407
11;2025-12-22;23;209
11;2025-12-23;0;61
11;2025-12-23;1;1
11;2025-12-23;2;0
11;2025-12-23;3;0
11;2025-12-23;4;0
11;2025-12-23;5;267
11;2025-12-23;6;1348
11;2025-12-23;7;2376
11;2025-12-23;8;3225
11;2025-12-23;9;2422
11;2025-12-23;10;1831
11;2025-12-23;11;1765
11;2025-12-23;12;1795
11;2025-12-23;13;1954
11;2025-12-23;14;1976
11;2025-12-23;15;2031
11;2025-12-23;16;2247
11;2025-12-23;17;2806
11;2025-12-23;18;3052
11;2025-12-23;19;2298
11;2025-12-23;20;1491
11;2025-12-23;21;849
11;2025-12-23;22;430
11;2025-12-23;23;212
11;2025-12-24;0;61
11;2025-12-24;1;0
11;2025-12-24;2;0
11;2025-12-24;3;0
11;2025-12-24;4;0
11;2025-12-24;5;282
11;2025-12-24;6;1255
11;2025-12-24;7;2399
11;2025-12-24;8;3103
11;2025-12-24;9;2293
11;2025-12-24;10;1834
11;2025-12-24;11;1876
11;2025-12-24;12;1862
11;2025-12-24;13;1989
11;2025-12-24;14;1955
11;2025-12-24;15;1995
11;2025-12-24;16;2118
11;2025-12-24;17;2814
11;2025-12-24;18;3025
11;2025-12-24;19;2262
11;2025-12-24;20;1489
11;2025-12-24;21;865
11;2025-12-24;22;422
11;2025-12-24;23;229
11;2025-12-25;0;64
11;2025-12-25;1;1
11;2025-12-25;2;0
11;2025-12-25;3;0
11;2025-12-25;4;0
11;2025-12-25;5;292
11;2025-12-25;6;1296
11;2025-12-25;7;2351
11;2025-12-25;8;3000
11;2025-12-25;9;2431
11;2025-12-25;10;1930
11;2025-12-25;11;1814
11;2025-12-25;12;1895
11;2025-12-25;13;2022
11;2025-12-25;14;1951
11;2025-12-25;15;2023
11;2025-12-25;16;2246
11;2025-12-25;17;2753
11;2025-12-25;18;3070
11;2025-12-25;19;2235
11;2025-12-25;20;1454
11;2025-12-25;21;874
11;2025-12-25;22;446
11;2025-12-25;23;233
11;2025-12-26;0;69
11;2025-12-26;1;1
11;2025-12-26;2;0
11;2025-12-26;3;0
11;2025-12-26;4;0
11;2025-12-26;5;283
11;2025-12-26;6;1298
11;2025-12-26;7;2268
11;2025-12-26;8;3023
11;2025-12-26;9;2299
11;2025-12-26;10;1867
11;2025-12-26;11;1792
11;2025-12-26;12;1885
11;2025-12-26;13;1901
11;2025-12-26;14;1985
11;2025-12-26;15;2212
11;2025-12-26;16;2409
11;2025-12-26;17;2844
11;2025-12-26;18;2485
11;2025-12-26;19;1979
11;2025-12-26;20;1384
11;2025-12-26;21;860
11;2025-12-26;22;465
11;2025-12-26;23;292
11;2025-12-27;0;102
11;2025-12-27;1;2
11;2025-12-27;2;0
11;2025-12-27;3;0
11;2025-12-27;4;4
11;2025-12-27;5;198
11;2025-12-27;6;784
11;2025-12-27;7;714
11;2025-12-27;8;990
11;2025-12-27;9;1126
11;2025-12-27;10;1257
11;2025-12-27;11;1640
11;2025-12-27;12;1812
11;2025-12-27;13;1739
11;2025-12-27;14;1763
11;2025-12-27;15;1734
11;2025-12-27;16;1771
11;2025-12-27;17;1767
11;2025-12-27;18;1517
11;2025-12-27;19;1447
11;2025-12-27;20;1081
11;2025-12-27;21;747
11;2025-12-27;22;462
11;2025-12-27;23;303
11;2025-12-28;0;106
11;2025-12-28;1;12
11;2025-12-28;2;0
11;2025-12-28;3;0
11;2025-12-28;4;2
11;2025-12-28;5;128
11;2025-12-28;6;531
11;2025-12-28;7;515
11;2025-12-28;8;678
11;2025-12-28;9;943
11;2025-12-28;10;1015
11;2025-12-28;11;1439
11;2025-12-28;12;1619
11;2025-12-28;13;1561
11;2025-12-28;14;1661
11;2025-12-28;15;1679
11;2025-12-28;16;1625
11;2025-12-28;17;1689
11;2025-12-28;18;1394
11;2025-12-28;19;1184
11;2025-12-28;20;963
11;2025-12-28;21;674
11;2025-12-28;22;391
11;2025-12-28;23;263
11;2025-12-29;0;72
11;2025-12-29;1;6
11;2025-12-29;2;0
11;2025-12-29;3;0
11;2025-12-29;4;0
11;2025-12-29;5;278
11;2025-12-29;6;1337
11;2025-12-29;7;2301
11;2025-12-29;8;3024
11;2025-12-29;9;2336
11;2025-12-29;10;1737
11;2025-12-29;11;1778
11;2025-12-29;12;1703
11;2025-12-29;13;1840
11;2025-12-29;14;1842
11;2025-12-29;15;2019
11;2025-12-29;16;2211
11;2025-12-29;17;2740
11;2025-12-29;18;3032
11;2025-12-29;19;2298
11;2025-12-29;20;1431
11;2025-12-29;21;831
11;2025-12-29;22;407
11;2025-12-29;23;209
11;2025-12-30;0;61
11;2025-12-30;1;1
11;2025-12-30;2;0
11;2025-12-30;3;0
11;2025-12-30;4;0
11;2025-12-30;5;267
11;2025-12-30;6;1348
11;2025-12-30;7;2376
11;2025-12-30;8;3225
11;2025-12-30;9;2422
11;2025-12-30;10;1831
11;2025-12-30;11;1765
11;2025-12-30;12;1795
11;2025-12-30;13;1954
11;2025-12-30;14;1976
11;2025-12-30;15;2031
11;2025-12-30;16;2247
11;2025-12-30;17;2806
11;2025-12-30;18;3052
11;2025-12-30;19;2298
11;2025-12-30;20;1491
11;2025-12-30;21;849
11;2025-12-30;22;430
11;2025-12-30;23;212
11;2025-12-31;0;104
11;2025-12-31;1;11
11;2025-12-31;2;0
11;2025-12-31;3;0
11;2025-12-31;4;2
11;2025-12-31;5;125
11;2025-12-31;6;519
11;2025-12-31;7;503
11;2025-12-31;8;662
11;2025-12-31;9;922
11;2025-12-31;10;993
11;2025-12-31;11;1407
11;2025-12-31;12;1583
11;2025-12-31;13;1526
11;2025-12-31;14;1623
11;2025-12-31;15;1641
11;2025-12-31;16;1589
11;2025-12-31;17;1652
11;2025-12-31;18;1362
11;2025-12-31;19;1157
11;2025-12-31;20;942
11;2025-12-31;21;659
11;2025-12-31;22;382
11;2025-12-31;23;257
12;2025-11-01;0;54
12;2025-11-01;1;2
12;2025-11-01;2;0
12;2025-11-01;3;0
12;2025-11-01;4;5
12;2025-11-01;5;330
12;2025-11-01;6;1409
12;2025-11-01;7;2707
12;2025-11-01;8;3448
12;2025-11-01;9;2417
12;2025-11-01;10;1949
12;2025-11-01;11;1981
12;2025-11-01;12;2037
12;2025-11-01;13;2075
12;2025-11-01;14;2089
12;2025-11-01;15;2399
12;2025-11-01;16;3015
12;2025-11-01;17;3037
12;2025-11-01;18;2643
12;2025-11-01;19;2261
12;2025-11-01;20;1461
12;2025-11-01;21;990
12;2025-11-01;22;517
12;2025-11-01;23;301
12;2025-11-02;0;84
12;2025-11-02;1;7
12;2025-11-02;2;0
12;2025-11-02;3;0
12;2025-11-02;4;2
12;2025-11-02;5;165
12;2025-11-02;6;555
12;2025-11-02;7;659
12;2025-11-02;8;752
12;2025-11-02;9;940
12;2025-11-02;10;1154
12;2025-11-02;11;1290
12;2025-11-02;12;1357
12;2025-11-02;13;1589
12;2025-11-02;14;1525
12;2025-11-02;15;1395
12;2025-11-02;16;1515
12;2025-11-02;17;1520
12;2025-11-02;18;1347
12;2025-11-02;19;1084
12;2025-11-02;20;820
12;2025-11-02;21;618
12;2025-11-02;22;422
12;2025-11-02;23;224
12;2025-11-03;0;80
12;2025-11-03;1;7
12;2025-11-03;2;0
12;2025-11-03;3;0
12;2025-11-03;4;2
12;2025-11-03;5;158
12;2025-11-03;6;532
12;2025-11-03;7;631
12;2025-11-03;8;720
12;2025-11-03;9;900
12;2025-11-03;10;1105
12;2025-11-03;11;1235
12;2025-11-03;12;1300
12;2025-11-03;13;1522
12;2025-11-03;14;1460
12;2025-11-03;15;1336
12;2025-11-03;16;1451
12;2025-11-03;17;1456
12;2025-11-03;18;1290
12;2025-11-03;19;1038
12;2025-11-03;20;786
12;2025-11-03;21;592
12;2025-11-03;22;405
12;2025-11-03;23;215
12;2025-11-04;0;83
12;2025-11-04;1;7
12;2025-11-04;2;0
12;2025-11-04;3;0
12;2025-11-04;4;2
12;2025-11-04;5;163
12;2025-11-04;6;548
12;2025-11-04;7;650
12;2025-11-04;8;742
12;2025-11-04;9;927
12;2025-11-04;10;1138
12;2025-11-04;11;1272
12;2025-11-04;12;1339
12;2025-11-04;13;1568
12;2025-11-04;14;1504
12;2025-11-04;15;1376
12;2025-11-04;16;1494
12;2025-11-04;17;1499
12;2025-11-04;18;1328
12;2025-11-04;19;1070
12;2025-11-04;20;809
12;2025-11-04;21;610
12;2025-11-04;22;417
12;2025-11-04;23;221
12;2025-11-05;0;58
12;2025-11-05;1;2
12;2025-11-05;2;0
12;2025-11-05;3;0
12;2025-11-05;4;6
12;2025-11-05;5;331
12;2025-11-05;6;1417
12;2025-11-05;7;2663
12;2025-11-05;8;3543
12;2025-11-05;9;2495
12;2025-11-05;10;2092
12;2025-11-05;11;1977
12;2025-11-05;12;2031
12;2025-11-05;13;2008
12;2025-11-05;14;2010
12;2025-11-05;15;2205
12;2025-11-05;16;2662
12;2025-11-05;17;2990
12;2025-11-05;18;3162
12;2025-11-05;19;2512
12;2025-11-05;20;1491
12;2025-11-05;21;991
12;2025-11-05;22;513
12;2025-11-05;23;261
12;2025-11-06;0;52
12;2025-11-06;1;3
12;2025-11-06;2;0
12;2025-11-06;3;0
12;2025-11-06;4;6
12;2025-11-06;5;318
12;2025-11-06;6;1392
12;2025-11-06;7;2737
12;2025-11-06;8;3567
12;2025-11-06;9;2404
12;2025-11-06;10;2013
12;2025-11-06;11;2011
12;2025-11-06;12;2070
12;2025-11-06;13;2035
12;2025-11-06;14;2021
12;2025-11-06;15;2265
12;2025-11-06;16;2744
12;2025-11-06;17;3098
12;2025-11-06;18;3166
12;2025-11-06;19;2523
12;2025-11-06;20;1572
12;2025-11-06;21;943
12;2025-11-06;22;491
12;2025-11-06;23;263
12;2025-11-07;0;54
12;2025-11-07;1;2
12;2025-11-07;2;0
12;2025-11-07;3;0
12;2025-11-07;4;5
12;2025-11-07;5;328
12;2025-11-07;6;1398
12;2025-11-07;7;2686
12;2025-11-07;8;3421
12;2025-11-07;9;2399
12;2025-11-07;10;1934
12;2025-11-07;11;1966
12;2025-11-07;12;2021
12;2025-11-07;13;2059
12;2025-11-07;14;2073
12;2025-11-07;15;2380
12;2025-11-07;16;2992
12;2025-11-07;17;3013
12;2025-11-07;18;2622
12;2025-11-07;19;2244
12;2025-11-07;20;1449
12;2025-11-07;21;982
12;2025-11-07;22;513
12;2025-11-07;23;299
12;2025-11-08;0;80
12;2025-11-08;1;4
12;2025-11-08;2;0
12;2025-11-08;3;0
12;2025-11-08;4;2
12;2025-11-08;5;235
12;2025-11-08;6;834
12;2025-11-08;7;901
12;2025-11-08;8;1006
12;2025-11-08;9;1199
12;2025-11-08;10;1399
12;2025-11-08;11;1475
12;2025-11-08;12;1466
12;2025-11-08;13;1690
12;2025-11-08;14;1594
12;2025-11-08;15;1504
12;2025-11-08;16;1571
12;2025-11-08;17;1516
12;2025-11-08;18;1448
12;2025-11-08;19;1391
12;2025-11-08;20;964
12;2025-11-08;21;733
12;2025-11-08;22;412
12;2025-11-08;23;286
12;2025-11-09;0;84
12;2025-11-09;1;7
12;2025-11-09;2;0
12;2025-11-09;3;0
12;2025-11-09;4;2
12;2025-11-09;5;165
12;2025-11-09;6;555
12;2025-11-09;7;659
12;2025-11-09;8;752
12;2025-11-09;9;940
12;2025-11-09;10;1154
12;2025-11-09;11;1290
12;2025-11-09;12;1357
12;2025-11-09;13;1589
12;2025-11-09;14;1525
12;2025-11-09;15;1395
12;2025-11-09;16;1515
12;2025-11-09;17;1520
12;2025-11-09;18;1347
12;2025-11-09;19;1084
12;2025-11-09;20;820
12;2025-11-09;21;618
12;2025-11-09;22;422
12;2025-11-09;23;224
12;2025-11-10;0;63
12;2025-11-10;1;3
12;2025-11-10;2;0
12;2025-11-10;3;0
12;2025-11-10;4;5
12;2025-11-10;5;325
12;2025-11-10;6;1396
12;2025-11-10;7;2659
12;2025-11-10;8;3554
12;2025-11-10;9;2425
12;2025-11-10;10;1910
12;2025-11-10;11;1853
12;2025-11-10;12;1988
12;2025-11-10;13;1901
12;2025-11-10;14;1890
12;2025-11-10;15;2211
12;2025-11-10;16;2647
12;2025-11-10;17;2984
12;2025-11-10;18;3176
12;2025-11-10;19;2488
12;2025-11-10;20;1576
12;2025-11-10;21;918
12;2025-11-10;22;455
12;2025-11-10;23;232
12;2025-11-11;0;48
12;2025-11-11;1;1
12;2025-11-11;2;0
12;2025-11-11;3;0
12;2025-11-11;4;5
12;2025-11-11;5;343
12;2025-11-11;6;1413
12;2025-11-11;7;2794
12;2025-11-11;8;3689
12;2025-11-11;9;2500
12;2025-11-11;10;2025
12;2025-11-11;11;2021
12;2025-11-11;12;2034
12;2025-11-11;13;2039
12;2025-11-11;14;1970
12;2025-11-11;15;2216
12;2025-11-11;16;2651
12;2025-11-11;17;3060
12;2025-11-11;18;3257
12;2025-11-11;19;2528
12;2025-11-11;20;1526
12;2025-11-11;21;920
12;2025-11-11;22;478
12;2025-11-11;23;239
12;2025-11-12;0;58
12;2025-11-12;1;2
12;2025-11-12;2;0
12;2025-11-12;3;0
12;2025-11-12;4;6
12;2025-11-12;5;331
12;2025-11-12;6;1417
12;2025-11-12;7;2663
12;2025-11-12;8;3543
12;2025-11-12;9;2495
12;2025-11-12;10;2092
12;2025-11-12;11;1977
12;2025-11-12;12;2031
12;2025-11-12;13;2008
12;2025-11-12;14;2010
12;2025-11-12;15;2205
12;2025-11-12;16;2662
12;2025-11-12;17;2990
12;2025-11-12;18;3162
12;2025-11-12;19;2512
12;2025-11-12;20;1491
12;2025-11-12;21;991
12;2025-11-12;22;513
12;2025-11-12;23;261
12;2025-11-13;0;52
12;2025-11-13;1;3
12;2025-11-13;2;0
12;2025-11-13;3;0
12;2025-11-13;4;6
12;2025-11-13;5;318
12;2025-11-13;6;1392
12;2025-11-13;7;2737
12;2025-11-13;8;3567
12;2025-11-13;9;2404
12;2025-11-13;10;2013
12;2025-11-13;11;2011
12;2025-11-13;12;2070
12;2025-11-13;13;2035
12;2025-11-13;14;2021
12;2025-11-13;15;2265
12;2025-11-13;16;2744
12;2025-11-13;17;3098
12;2025-11-13;18;3166
12;2025-11-13;19;2523
12;2025-11-13;20;1572
12;2025-11-13;21;943
12;2025-11-13;22;491
12;2025-11-13;23;263
12;2025-11-14;0;54
12;2025-11-14;1;2
12;2025-11-14;2;0
12;2025-11-14;3;0
12;2025-11-14;4;5
12;2025-11-14;5;328
12;2025-11-14;6;1398
12;2025-11-14;7;2686
12;2025-11-14;8;3421
12;2025-11-14;9;2399
12;2025-11-14;10;1934
12;2025-11-14;11;1966
12;2025-11-14;12;2021
12;2025-11-14;13;2059
12;2025-11-14;14;2073
12;2025-11-14;15;2380
12;2025-11-14;16;2992
12;2025-11-14;17;3013
12;2025-11-14;18;2622
12;2025-11-14;19;2244
12;2025-11-14;20;1449
12;2025-11-14;21;982
12;2025-11-14;22;513
12;2025-11-14;23;299
12;2025-11-15;0;80
12;2025-11-15;1;4
12;2025-11-15;2;0
12;2025-11-15;3;0
12;2025-11-15;4;2
12;2025-11-15;5;235
12;2025-11-15;6;834
12;2025-11-15;7;901
12;2025-11-15;8;1006
12;2025-11-15;9;1199
12;2025-11-15;10;1399
12;2025-11-15;11;1475
12;2025-11-15;12;1466
12;2025-11-15;13;1690
12;2025-11-15;14;1594
12;2025-11-15;15;1504
12;2025-11-15;16;1571
12;2025-11-15;17;1516
12;2025-11-15;18;1448
12;2025-11-15;19;1391
12;2025-11-15;20;964
12;2025-11-15;21;733
12;2025-11-15;22;412
12;2025-11-15;23;286
12;2025-11-16;0;84
12;2025-11-16;1;7
12;2025-11-16;2;0
12;2025-11-16;3;0
12;2025-11-16;4;2
12;2025-11-16;5;165
12;2025-11-16;6;555
12;2025-11-16;7;659
12;2025-11-16;8;752
12;2025-11-16;9;940
12;2025-11-16;10;1154
12;2025-11-16;11;1290
12;2025-11-16;12;1357
12;2025-11-16;13;1589
12;2025-11-16;14;1525
12;2025-11-16;15;1395
12;2025-11-16;16;1515
12;2025-11-16;17;1520
12;2025-11-16;18;1347
12;2025-11-16;19;1084
12;2025-11-16;20;820
12;2025-11-16;21;618
12;2025-11-16;22;422
12;2025-11-16;23;224
12;2025-11-17;0;63
12;2025-11-17;1;3
12;2025-11-17;2;0
12;2025-11-17;3;0
12;2025-11-17;4;5
12;2025-11-17;5;325
12;2025-11-17;6;1396
12;2025-11-17;7;2659
12;2025-11-17;8;3554
12;2025-11-17;9;2425
12;2025-11-17;10;1910
12;2025-11-17;11;1853
12;2025-11-17;12;1988
12;2025-11-17;13;1901
12;2025-11-17;14;1890
12;2025-11-17;15;2211
12;2025-11-17;16;2647
12;2025-11-17;17;2984
12;2025-11-17;18;3176
12;2025-11-17;19;2488
12;2025-11-17;20;1576
12;2025-11-17;21;918
12;2025-11-17;22;455
12;2025-11-17;23;232
12;2025-11-18;0;48
12;2025-11-18;1;1
12;2025-11-18;2;0
12;2025-11-18;3;0
12;2025-11-18;4;5
12;2025-11-18;5;343
12;2025-11-18;6;1413
12;2025-11-18;7;2794
12;2025-11-18;8;3689
12;2025-11-18;9;2500
12;2025-11-18;10;2025
12;2025-11-18;11;2021
12;2025-11-18;12;2034
12;2025-11-18;13;2039
12;2025-11-18;14;1970
12;2025-11-18;15;2216
12;2025-11-18;16;2651
12;2025-11-18;17;3060
12;2025-11-18;18;3257
12;2025-11-18;19;2528
12;2025-11-18;20;1526
12;2025-11-18;21;920
12;2025-11-18;22;478
12;2025-11-18;23;239
12;2025-11-19;0;58
12;2025-11-19;1;2
12;2025-11-19;2;0
12;2025-11-19;3;0
12;2025-11-19;4;6
12;2025-11-19;5;331
12;2025-11-19;6;1417
12;2025-11-19;7;2663
12;2025-11-19;8;3543
12;2025-11-19;9;2495
12;2025-11-19;10;2092
12;2025-11-19;11;1977
12;2025-11-19;12;2031
12;2025-11-19;13;2008
12;2025-11-19;14;2010
12;2025-11-19;15;2205
12;2025-11-19;16;2662
12;2025-11-19;17;2990
12;2025-11-19;18;3162
12;2025-11-19;19;2512
12;2025-11-19;20;1491
12;2025-11-19;21;991
12;2025-11-19;22;513
12;2025-11-19;23;261
12;2025-11-20;0;52
12;2025-11-20;1;3
12;2025-11-20;2;0
12;2025-11-20;3;0
12;2025-11-20;4;6
12;2025-11-20;5;318
12;2025-11-20;6;1392
12;2025-11-20;7;2737
12;2025-11-20;8;3567
12;2025-11-20;9;2404
12;2025-11-20;10;2013
12;2025-11-20;11;2011
12;2025-11-20;12;2070
12;2025-11-20;13;2035
12;2025-11-20;14;2021
12;2025-11-20;15;2265
12;2025-11-20;16;2744
12;2025-11-20;17;3098
12;2025-11-20;18;3166
12;2025-11-20;19;2523
12;2025-11-20;20;1572
12;2025-11-20;21;943
12;2025-11-20;22;491
12;2025-11-20;23;263
12;2025-11-21;0;54
12;2025-11-21;1;2
12;2025-11-21;2;0
12;2025-11-21;3;0
12;2025-11-21;4;5
12;2025-11-21;5;328
12;2025-11-21;6;1398
12;2025-11-21;7;2686
12;2025-11-21;8;3421
12;2025-11-21;9;2399
12;2025-11-21;10;1934
12;2025-11-21;11;1966
12;2025-11-21;12;2021
12;2025-11-21;13;2059
12;2025-11-21;14;2073
12;2025-11-21;15;2380
12;2025-11-21;16;2992
12;2025-11-21;17;3013
12;2025-11-21;18;2622
12;2025-11-21;19;2244
12;2025-11-21;20;1449
12;2025-11-21;21;982
12;2025-11-21;22;513
12;2025-11-21;23;299
12;2025-11-22;0;80
12;2025-11-22;1;4
12;2025-11-22;2;0
12;2025-11-22;3;0
12;2025-11-22;4;2
12;2025-11-22;5;235
12;2025-11-22;6;834
12;2025-11-22;7;901
12;2025-11-22;8;1006
12;2025-11-22;9;1199
12;2025-11-22;10;1399
12;2025-11-22;11;1475
12;2025-11-22;12;1466
12;2025-11-22;13;1690
12;2025-11-22;14;1594
12;2025-11-22;15;1504
12;2025-11-22;16;1571
12;2025-11-22;17;1516
12;2025-11-22;18;1448
12;2025-11-22;19;1391
12;2025-11-22;20;964
12;2025-11-22;21;733
12;2025-11-22;22;412
12;2025-11-22;23;286
12;2025-11-23;0;84
12;2025-11-23;1;7
12;2025-11-23;2;0
12;2025-11-23;3;0
12;2025-11-23;4;2
12;2025-11-23;5;165
12;2025-11-23;6;555
12;2025-11-23;7;659
12;2025-11-23;8;752
12;2025-11-23;9;940
12;2025-11-23;10;1154
12;2025-11-23;11;1290
12;2025-11-23;12;1357
12;2025-11-23;13;1589
12;2025-11-23;14;1525
12;2025-11-23;15;1395
12;2025-11-23;16;1515
12;2025-11-23;17;1520
12;2025-11-23;18;1347
12;2025-11-23;19;1084
12;2025-11-23;20;820
12;2025-11-23;21;618
12;2025-11-23;22;422
12;2025-11-23;23;224
12;2025-11-24;0;63
12;2025-11-24;1;3
12;2025-11-24;2;0
12;2025-11-24;3;0
12;2025-11-24;4;5
12;2025-11-24;5;325
12;2025-11-24;6;1396
12;2025-11-24;7;2659
12;2025-11-24;8;3554
12;2025-11-24;9;2425
12;2025-11-24;10;1910
12;2025-11-24;11;1853
12;2025-11-24;12;1988
12;2025-11-24;13;1901
12;2025-11-24;14;1890
12;2025-11-24;15;2211
12;2025-11-24;16;2647
12;2025-11-24;17;2984
12;2025-11-24;18;3176
12;2025-11-24;19;2488
12;2025-11-24;20;1576
12;2025-11-24;21;918
12;2025-11-24;22;455
12;2025-11-24;23;232
12;2025-11-25;0;48
12;2025-11-25;1;1
12;2025-11-25;2;0
12;2025-11-25;3;0
12;2025-11-25;4;5
12;2025-11-25;5;343
12;2025-11-25;6;1413
12;2025-11-25;7;2794
12;2025-11-25;8;3689
12;2025-11-25;9;2500
12;2025-11-25;10;2025
12;2025-11-25;11;2021
12;2025-11-25;12;2034
12;2025-11-25;13;2039
12;2025-11-25;14;1970
12;2025-11-25;15;2216
12;2025-11-25;16;2651
12;2025-11-25;17;3060
12;2025-11-25;18;3257
12;2025-11-25;19;2528
12;2025-11-25;20;1526
12;2025-11-25;21;920
12;2025-11-25;22;478
12;2025-11-25;23;239
12;2025-11-26;0;58
12;2025-11-26;1;2
12;2025-11-26;2;0
12;2025-11-26;3;0
12;2025-11-26;4;6
12;2025-11-26;5;331
12;2025-11-26;6;1417
12;2025-11-26;7;2663
12;2025-11-26;8;3543
12;2025-11-26;9;2495
12;2025-11-26;10;2092
12;2025-11-26;11;1977
12;2025-11-26;12;2031
12;2025-11-26;13;2008
12;2025-11-26;14;2010
12;2025-11-26;15;2205
12;2025-11-26;16;2662
12;2025-11-26;17;2990
12;2025-11-26;18;3162
12;2025-11-26;19;2512
12;2025-11-26;20;1491
12;2025-11-26;21;991
12;2025-11-26;22;513
12;2025-11-26;23;261
12;2025-11-27;0;52
12;2025-11-27;1;3
12;2025-11-27;2;0
12;2025-11-27;3;0
12;2025-11-27;4;6
12;2025-11-27;5;318
12;2025-11-27;6;1392
12;2025-11-27;7;2737
12;2025-11-27;8;3567
12;2025-11-27;9;2404
12;2025-11-27;10;2013
12;2025-11-27;11;2011
12;2025-11-27;12;2070
12;2025-11-27;13;2035
12;2025-11-27;14;2021
12;2025-11-27;15;2265
12;2025-11-27;16;2744
12;2025-11-27;17;3098
12;2025-11-27;18;3166
12;2025-11-27;19;2523
12;2025-11-27;20;1572
12;2025-11-27;21;943
12;2025-11-27;22;491
12;2025-11-27;23;263
12;2025-11-28;0;54
12;2025-11-28;1;2
12;2025-11-28;2;0
12;2025-11-28;3;0
12;2025-11-28;4;5
12;2025-11-28;5;328
12;2025-11-28;6;1398
12;2025-11-28;7;2686
12;2025-11-28;8;3421
12;2025-11-28;9;2399
12;2025-11-28;10;1934
12;2025-11-28;11;1966
12;2025-11-28;12;2021
12;2025-11-28;13;2059
12;2025-11-28;14;2073
12;2025-11-28;15;2380
12;2025-11-28;16;2992
12;2025-11-28;17;3013
12;2025-11-28;18;2622
12;2025-11-28;19;2244
12;2025-11-28;20;1449
12;2025-11-28;21;982
12;2025-11-28;22;513
12;2025-11-28;23;299
12;2025-11-29;0;80
12;2025-11-29;1;4
12;2025-11-29;2;0
12;2025-11-29;3;0
12;2025-11-29;4;2
12;2025-11-29;5;235
12;2025-11-29;6;834
12;2025-11-29;7;901
12;2025-11-29;8;1006
12;2025-11-29;9;1199
12;2025-11-29;10;1399
12;2025-11-29;11;1475
12;2025-11-29;12;1466
12;2025-11-29;13;1690
12;2025-11-29;14;1594
12;2025-11-29;15;1504
12;2025-11-29;16;1571
12;2025-11-29;17;1516
12;2025-11-29;18;1448
12;2025-11-29;19;1391
12;2025-11-29;20;964
12;2025-11-29;21;733
12;2025-11-29;22;412
12;2025-11-29;23;286
12;2025-11-30;0;84
12;2025-11-30;1;7
12;2025-11-30;2;0
12;2025-11-30;3;0
12;2025-11-30;4;2
12;2025-11-30;5;165
12;2025-11-30;6;555
12;2025-11-30;7;659
12;2025-11-30;8;752
12;2025-11-30;9;940
12;2025-11-30;10;1154
12;2025-11-30;11;1290
12;2025-11-30;12;1357
12;2025-11-30;13;1589
12;2025-11-30;14;1525
12;2025-11-30;15;1395
12;2025-11-30;16;1515
12;2025-11-30;17;1520
12;2025-11-30;18;1347
12;2025-11-30;19;1084
12;2025-11-30;20;820
12;2025-11-30;21;618
12;2025-11-30;22;422
12;2025-11-30;23;224
12;2025-12-01;0;63
12;2025-12-01;1;3
12;2025-12-01;2;0
12;2025-12-01;3;0
12;2025-12-01;4;5
12;2025-12-01;5;325
12;2025-12-01;6;1396
12;2025-12-01;7;2659
12;2025-12-01;8;3554
12;2025-12-01;9;2425
12;2025-12-01;10;1910
12;2025-12-01;11;1853
12;2025-12-01;12;1988
12;2025-12-01;13;1901
12;2025-12-01;14;1890
12;2025-12-01;15;2211
12;2025-12-01;16;2647
12;2025-12-01;17;2984
12;2025-12-01;18;3176
12;2025-12-01;19;2488
12;2025-12-01;20;1576
12;2025-12-01;21;918
12;2025-12-01;22;455
12;2025-12-01;23;232
12;2025-12-02;0;48
12;2025-12-02;1;1
12;2025-12-02;2;0
12;2025-12-02;3;0
12;2025-12-02;4;5
12;2025-12-02;5;343
12;2025-12-02;6;1413
12;2025-12-02;7;2794
12;2025-12-02;8;3689
12;2025-12-02;9;2500
12;2025-12-02;10;2025
12;2025-12-02;11;2021
12;2025-12-02;12;2034
12;2025-12-02;13;2039
12;2025-12-02;14;1970
12;2025-12-02;15;2216
12;2025-12-02;16;2651
12;2025-12-02;17;3060
12;2025-12-02;18;3257
12;2025-12-02;19;2528
12;2025-12-02;20;1526
12;2025-12-02;21;920
12;2025-12-02;22;478
12;2025-12-02;23;239
12;2025-12-03;0;58
12;2025-12-03;1;2
12;2025-12-03;2;0
12;2025-12-03;3;0
12;2025-12-03;4;6
12;2025-12-03;5;331
12;2025-12-03;6;1417
12;2025-12-03;7;2663
12;2025-12-03;8;3543
12;2025-12-03;9;2495
12;2025-12-03;10;2092
12;2025-12-03;11;1977
12;2025-12-03;12;2031
12;2025-12-03;13;2008
12;2025-12-03;14;2010
12;2025-12-03;15;2205
12;2025-12-03;16;2662
12;2025-12-03;17;2990
12;2025-12-03;18;3162
12;2025-12-03;19;2512
12;2025-12-03;20;1491
12;2025-12-03;21;991
12;2025-12-03;22;513
12;2025-12-03;23;261
12;2025-12-04;0;52
12;2025-12-04;1;3
12;2025-12-04;2;0
12;2025-12-04;3;0
12;2025-12-04;4;6
12;2025-12-04;5;318
12;2025-12-04;6;1392
12;2025-12-04;7;2737
12;2025-12-04;8;3567
12;2025-12-04;9;2404
12;2025-12-04;10;2013
12;2025-12-04;11;2011
12;2025-12-04;12;2070
12;2025-12-04;13;2035
12;2025-12-04;14;2021
12;2025-12-04;15;2265
12;2025-12-04;16;2744
12;2025-12-04;17;3098
12;2025-12-04;18;3166
12;2025-12-04;19;2523
12;2025-12-04;20;1572
12;2025-12-04;21;943
12;2025-12-04;22;491
12;2025-12-04;23;263
12;2025-12-05;0;54
12;2025-12-05;1;2
12;2025-12-05;2;0
12;2025-12-05;3;0
12;2025-12-05;4;5
12;2025-12-05;5;328
12;2025-12-05;6;1398
12;2025-12-05;7;2686
12;2025-12-05;8;3421
12;2025-12-05;9;2399
12;2025-12-05;10;1934
12;2025-12-05;11;1966
12;2025-12-05;12;2021
12;2025-12-05;13;2059
12;2025-12-05;14;2073
12;2025-12-05;15;2380
12;2025-12-05;16;2992
12;2025-12-05;17;3013
12;2025-12-05;18;2622
12;2025-12-05;19;2244
12;2025-12-05;20;1449
12;2025-12-05;21;982
12;2025-12-05;22;513
12;2025-12-05;23;299
12;2025-12-06;0;80
12;2025-12-06;1;4
12;2025-12-06;2;0
12;2025-12-06;3;0
12;2025-12-06;4;2
12;2025-12-06;5;235
12;2025-12-06;6;834
12;2025-12-06;7;901
12;2025-12-06;8;1006
12;2025-12-06;9;1199
12;2025-12-06;10;1399
12;2025-12-06;11;1475
12;2025-12-06;12;1466
12;2025-12-06;13;1690
12;2025-12-06;14;1594
12;2025-12-06;15;1504
12;2025-12-06;16;1571
12;2025-12-06;17;1516
12;2025-12-06;18;1448
12;2025-12-06;19;1391
12;2025-12-06;20;964
12;2025-12-06;21;733
12;2025-12-06;22;412
12;2025-12-06;23;286
12;2025-12-07;0;84
12;2025-12-07;1;7
12;2025-12-07;2;0
12;2025-12-07;3;0
12;2025-12-07;4;2
12;2025-12-07;5;165
12;2025-12-07;6;555
12;2025-12-07;7;659
12;2025-12-07;8;752
12;2025-12-07;9;940
12;2025-12-07;10;1154
12;2025-12-07;11;1290
12;2025-12-07;12;1357
12;2025-12-07;13;1589
12;2025-12-07;14;1525
12;2025-12-07;15;1395
12;2025-12-07;16;1515
12;2025-12-07;17;1520
12;2025-12-07;18;1347
12;2025-12-07;19;1084
12;2025-12-07;20;820
12;2025-12-07;21;618
12;2025-12-07;22;422
12;2025-12-07;23;224
12;2025-12-08;0;63
12;2025-12-08;1;3
12;2025-12-08;2;0
12;2025-12-08;3;0
12;2025-12-08;4;5
12;2025-12-08;5;325
12;2025-12-08;6;1396
12;2025-12-08;7;2659
12;2025-12-08;8;3554
12;2025-12-08;9;2425
12;2025-12-08;10;1910
12;2025-12-08;11;1853
12;2025-12-08;12;1988
12;2025-12-08;13;1901
12;2025-12-08;14;1890
12;2025-12-08;15;2211
12;2025-12-08;16;2647
12;2025-12-08;17;2984
12;2025-12-08;18;3176
12;2025-12-08;19;2488
12;2025-12-08;20;1576
12;2025-12-08;21;918
12;2025-12-08;22;455
12;2025-12-08;23;232
12;2025-12-09;0;48
12;2025-12-09;1;1
12;2025-12-09;2;0
12;2025-12-09;3;0
12;2025-12-09;4;5
12;2025-12-09;5;343
12;2025-12-09;6;1413
12;2025-12-09;7;2794
12;2025-12-09;8;3689
12;2025-12-09;9;2500
12;2025-12-09;10;2025
12;2025-12-09;11;2021
12;2025-12-09;12;2034
12;2025-12-09;13;2039
12;2025-12-09;14;1970
12;2025-12-09;15;2216
12;2025-12-09;16;2651
12;2025-12-09;17;3060
12;2025-12-09;18;3257
12;2025-12-09;19;2528
12;2025-12-09;20;1526
12;2025-12-09;21;920
12;2025-12-09;22;478
12;2025-12-09;23;239
12;2025-12-10;0;58
12;2025-12-10;1;2
12;2025-12-10;2;0
12;2025-12-10;3;0
12;2025-12-10;4;6
12;2025-12-10;5;331
12;2025-12-10;6;1417
12;2025-12-10;7;2663
12;2025-12-10;8;3543
12;2025-12-10;9;2495
12;2025-12-10;10;2092
12;2025-12-10;11;1977
12;2025-12-10;12;2031
12;2025-12-10;13;2008
12;2025-12-10;14;2010
12;2025-12-10;15;2205
12;2025-12-10;16;2662
12;2025-12-10;17;2990
12;2025-12-10;18;3162
12;2025-12-10;19;2512
12;2025-12-10;20;1491
12;2025-12-10;21;991
12;2025-12-10;22;513
12;2025-12-10;23;261
12;2025-12-11;0;52
12;2025-12-11;1;3
12;2025-12-11;2;0
12;2025-12-11;3;0
12;2025-12-11;4;6
12;2025-12-11;5;318
12;2025-12-11;6;1392
12;2025-12-11;7;2737
12;2025-12-11;8;3567
12;2025-12-11;9;2404
12;2025-12-11;10;2013
12;2025-12-11;11;2011
12;2025-12-11;12;2070
12;2025-12-11;13;2035
12;2025-12-11;14;2021
12;2025-12-11;15;2265
12;2025-12-11;16;2744
12;2025-12-11;17;3098
12;2025-12-11;18;3166
12;2025-12-11;19;2523
12;2025-12-11;20;1572
12;2025-12-11;21;943
12;2025-12-11;22;491
12;2025-12-11;23;263
12;2025-12-12;0;54
12;2025-12-12;1;2
12;2025-12-12;2;0
12;2025-12-12;3;0
12;2025-12-12;4;5
12;2025-12-12;5;328
12;2025-12-12;6;1398
12;2025-12-12;7;2686
12;2025-12-12;8;3421
12;2025-12-12;9;2399
12;2025-12-12;10;1934
12;2025-12-12;11;1966
12;2025-12-12;12;2021
12;2025-12-12;13;2059
12;2025-12-12;14;2073
12;2025-12-12;15;2380
12;2025-12-12;16;2992
12;2025-12-12;17;3013
12;2025-12-12;18;2622
12;2025-12-12;19;2244
12;2025-12-12;20;1449
12;2025-12-12;21;982
12;2025-12-12;22;513
12;2025-12-12;23;299
12;2025-12-13;0;80
12;2025-12-13;1;4
12;2025-12-13;2;0
12;2025-12-13;3;0
12;2025-12-13;4;2
12;2025-12-13;5;235
12;2025-12-13;6;834
12;2025-12-13;7;901
12;2025-12-13;8;1006
12;2025-12-13;9;1199
12;2025-12-13;10;1399
12;2025-12-13;11;1475
12;2025-12-13;12;1466
12;2025-12-13;13;1690
12;2025-12-13;14;1594
12;2025-12-13;15;1504
12;2025-12-13;16;1571
12;2025-12-13;17;1516
12;2025-12-13;18;1448
12;2025-12-13;19;1391
12;2025-12-13;20;964
12;2025-12-13;21;733
12;2025-12-13;22;412
12;2025-12-13;23;286
12;2025-12-14;0;84
12;2025-12-14;1;7
12;2025-12-14;2;0
12;2025-12-14;3;0
12;2025-12-14;4;2
12;2025-12-14;5;165
12;2025-12-14;6;555
12;2025-12-14;7;659
12;2025-12-14;8;752
12;2025-12-14;9;940
12;2025-12-14;10;1154
12;2025-12-14;11;1290
12;2025-12-14;12;1357
12;2025-12-14;13;1589
12;2025-12-14;14;1525
12;2025-12-14;15;1395
12;2025-12-14;16;1515
12;2025-12-14;17;1520
12;2025-12-14;18;1347
12;2025-12-14;19;1084
12;2025-12-14;20;820
12;2025-12-14;21;618
12;2025-12-14;22;422
12;2025-12-14;23;224
12;2025-12-15;0;63
12;2025-12-15;1;3
12;2025-12-15;2;0
12;2025-12-15;3;0
12;2025-12-15;4;5
12;2025-12-15;5;325
12;2025-12-15;6;1396
12;2025-12-15;7;2659
12;2025-12-15;8;3554
12;2025-12-15;9;2425
12;2025-12-15;10;1910
12;2025-12-15;11;1853
12;2025-12-15;12;1988
12;2025-12-15;13;1901
12;2025-12-15;14;1890
12;2025-12-15;15;2211
12;2025-12-15;16;2647
12;2025-12-15;17;2984
12;2025-12-15;18;3176
12;2025-12-15;19;2488
12;2025-12-15;20;1576
12;2025-12-15;21;918
12;2025-12-15;22;455
12;2025-12-15;23;232
12;2025-12-16;0;48
12;2025-12-16;1;1
12;2025-12-16;2;0
12;2025-12-16;3;0
12;2025-12-16;4;5
12;2025-12-16;5;343
12;2025-12-16;6;1413
12;2025-12-16;7;2794
12;2025-12-16;8;3689
12;2025-12-16;9;2500
12;2025-12-16;10;2025
12;2025-12-16;11;2021
12;2025-12-16;12;2034
12;2025-12-16;13;2039
12;2025-12-16;14;1970
12;2025-12-16;15;2216
12;2025-12-16;16;2651
12;2025-12-16;17;3060
12;2025-12-16;18;3257
12;2025-12-16;19;2528
12;2025-12-16;20;1526
12;2025-12-16;21;920
12;2025-12-16;22;478
12;2025-12-16;23;239
12;2025-12-17;0;58
12;2025-12-17;1;2
12;2025-12-17;2;0
12;2025-12-17;3;0
12;2025-12-17;4;6
12;2025-12-17;5;331
12;2025-12-17;6;1417
12;2025-12-17;7;2663
12;2025-12-17;8;3543
12;2025-12-17;9;2495
12;2025-12-17;10;2092
12;2025-12-17;11;1977
12;2025-12-17;12;2031
12;2025-12-17;13;2008
12;2025-12-17;14;2010
12;2025-12-17;15;2205
12;2025-12-17;16;2662
12;2025-12-17;17;2990
12;2025-12-17;18;3162
12;2025-12-17;19;2512
12;2025-12-17;20;1491
12;2025-12-17;21;991
12;2025-12-17;22;513
12;2025-12-17;23;261
12;2025-12-18;0;52
12;2025-12-18;1;3
12;2025-12-18;2;0
12;2025-12-18;3;0
12;2025-12-18;4;6
12;2025-12-18;5;318
12;2025-12-18;6;1392
12;2025-12-18;7;2737
12;2025-12-18;8;3567
12;2025-12-18;9;2404
12;2025-12-18;10;2013
12;2025-12-18;11;2011
12;2025-12-18;12;2070
12;2025-12-18;13;2035
12;2025-12-18;14;2021
12;2025-12-18;15;2265
12;2025-12-18;16;2744
12;2025-12-18;17;3098
12;2025-12-18;18;3166
12;2025-12-18;19;2523
12;2025-12-18;20;1572
12;2025-12-18;21;943
12;2025-12-18;22;491
12;2025-12-18;23;263
12;2025-12-19;0;54
12;2025-12-19;1;2
12;2025-12-19;2;0
12;2025-12-19;3;0
12;2025-12-19;4;5
12;2025-12-19;5;328
12;2025-12-19;6;1398
12;2025-12-19;7;2686
12;2025-12-19;8;3421
12;2025-12-19;9;2399
12;2025-12-19;10;1934
12;2025-12-19;11;1966
12;2025-12-19;12;2021
12;2025-12-19;13;2059
12;2025-12-19;14;2073
12;2025-12-19;15;2380
12;2025-12-19;16;2992
12;2025-12-19;17;3013
12;2025-12-19;18;2622
12;2025-12-19;19;2244
12;2025-12-19;20;1449
12;2025-12-19;21;982
12;2025-12-19;22;513
12;2025-12-19;23;299
12;2025-12-20;0;80
12;2025-12-20;1;4
12;2025-12-20;2;0
12;2025-12-20;3;0
12;2025-12-20;4;2
12;2025-12-20;5;235
12;2025-12-20;6;834
12;2025-12-20;7;901
12;2025-12-20;8;1006
12;2025-12-20;9;1199
12;2025-12-20;10;1399
12;2025-12-20;11;1475
12;2025-12-20;12;1466
12;2025-12-20;13;1690
12;2025-12-20;14;1594
12;2025-12-20;15;1504
12;2025-12-20;16;1571
12;2025-12-20;17;1516
12;2025-12-20;18;1448
12;2025-12-20;19;1391
12;2025-12-20;20;964
12;2025-12-20;21;733
12;2025-12-20;22;412
12;2025-12-20;23;286
12;2025-12-21;0;84
12;2025-12-21;1;7
12;2025-12-21;2;0
12;2025-12-21;3;0
12;2025-12-21;4;2
12;2025-12-21;5;165
12;2025-12-21;6;555
12;2025-12-21;7;659
12;2025-12-21;8;752
12;2025-12-21;9;940
12;2025-12-21;10;1154
12;2025-12-21;11;1290
12;2025-12-21;12;1357
12;2025-12-21;13;1589
12;2025-12-21;14;1525
12;2025-12-21;15;1395
12;2025-12-21;16;1515
12;2025-12-21;17;1520
12;2025-12-21;18;1347
12;2025-12-21;19;1084
12;2025-12-21;20;820
12;2025-12-21;21;618
12;2025-12-21;22;422
12;2025-12-21;23;224
12;2025-12-22;0;63
12;2025-12-22;1;3
12;2025-12-22;2;0
12;2025-12-22;3;0
12;2025-12-22;4;5
12;2025-12-22;5;325
12;2025-12-22;6;1396
12;2025-12-22;7;2659
12;2025-12-22;8;3554
12;2025-12-22;9;2425
12;2025-12-22;10;1910
12;2025-12-22;11;1853
12;2025-12-22;12;1988
12;2025-12-22;13;1901
12;2025-12-22;14;1890
12;2025-12-22;15;2211
12;2025-12-22;16;2647
12;2025-12-22;17;2984
12;2025-12-22;18;3176
12;2025-12-22;19;2488
12;2025-12-22;20;1576
12;2025-12-22;21;918
12;2025-12-22;22;455
12;2025-12-22;23;232
12;2025-12-23;0;48
12;2025-12-23;1;1
12;2025-12-23;2;0
12;2025-12-23;3;0
12;2025-12-23;4;5
12;2025-12-23;5;343
12;2025-12-23;6;1413
12;2025-12-23;7;2794
12;2025-12-23;8;3689
12;2025-12-23;9;2500
12;2025-12-23;10;2025
12;2025-12-23;11;2021
12;2025-12-23;12;2034
12;2025-12-23;13;2039
12;2025-12-23;14;1970
12;2025-12-23;15;2216
12;2025-12-23;16;2651
12;2025-12-23;17;3060
12;2025-12-23;18;3257
12;2025-12-23;19;2528
12;2025-12-23;20;1526
12;2025-12-23;21;920
12;2025-12-23;22;478
12;2025-12-23;23;239
12;2025-12-24;0;58
12;2025-12-24;1;2
12;2025-12-24;2;0
12;2025-12-24;3;0
12;2025-12-24;4;6
12;2025-12-24;5;331
12;2025-12-24;6;1417
12;2025-12-24;7;2663
12;2025-12-24;8;3543
12;2025-12-24;9;2495
12;2025-12-24;10;2092
12;2025-12-24;11;1977
12;2025-12-24;12;2031
12;2025-12-24;13;2008
12;2025-12-24;14;2010
12;2025-12-24;15;2205
12;2025-12-24;16;2662
12;2025-12-24;17;2990
12;2025-12-24;18;3162
12;2025-12-24;19;2512
12;2025-12-24;20;1491
12;2025-12-24;21;991
12;2025-12-24;22;513
12;2025-12-24;23;261
12;2025-12-25;0;52
12;2025-12-25;1;3
12;2025-12-25;2;0
12;2025-12-25;3;0
12;2025-12-25;4;6
12;2025-12-25;5;318
12;2025-12-25;6;1392
12;2025-12-25;7;2737
12;2025-12-25;8;3567
12;2025-12-25;9;2404
12;2025-12-25;10;2013
12;2025-12-25;11;2011
12;2025-12-25;12;2070
12;2025-12-25;13;2035
12;2025-12-25;14;2021
12;2025-12-25;15;2265
12;2025-12-25;16;2744
12;2025-12-25;17;3098
12;2025-12-25;18;3166
12;2025-12-25;19;2523
12;2025-12-25;20;1572
12;2025-12-25;21;943
12;2025-12-25;22;491
12;2025-12-25;23;263
12;2025-12-26;0;54
12;2025-12-26;1;2
12;2025-12-26;2;0
12;2025-12-26;3;0
12;2025-12-26;4;5
12;2025-12-26;5;328
12;2025-12-26;6;1398
12;2025-12-26;7;2686
12;2025-12-26;8;3421
12;2025-12-26;9;2399
12;2025-12-26;10;1934
12;2025-12-26;11;1966
12;2025-12-26;12;2021
12;2025-12-26;13;2059
12;2025-12-26;14;2073
12;2025-12-26;15;2380
12;2025-12-26;16;2992
12;2025-12-26;17;3013
12;2025-12-26;18;2622
12;2025-12-26;19;2244
12;2025-12-26;20;1449
12;2025-12-26;21;982
12;2025-12-26;22;513
12;2025-12-26;23;299
12;2025-12-27;0;80
12;2025-12-27;1;4
12;2025-12-27;2;0
12;2025-12-27;3;0
12;2025-12-27;4;2
12;2025-12-27;5;235
12;2025-12-27;6;834
12;2025-12-27;7;901
12;2025-12-27;8;1006
12;2025-12-27;9;1199
12;2025-12-27;10;1399
12;2025-12-27;11;1475
12;2025-12-27;12;1466
12;2025-12-27;13;1690
12;2025-12-27;14;1594
12;2025-12-27;15;1504
12;2025-12-27;16;1571
12;2025-12-27;17;1516
12;2025-12-27;18;1448
12;2025-12-27;19;1391
12;2025-12-27;20;964
12;2025-12-27;21;733
12;2025-12-27;22;412
12;2025-12-27;23;286
12;2025-12-28;0;84
12;2025-12-28;1;7
12;2025-12-28;2;0
12;2025-12-28;3;0
12;2025-12-28;4;2
12;2025-12-28;5;165
12;2025-12-28;6;555
12;2025-12-28;7;659
12;2025-12-28;8;752
12;2025-12-28;9;940
12;2025-12-28;10;1154
12;2025-12-28;11;1290
12;2025-12-28;12;1357
12;2025-12-28;13;1589
12;2025-12-28;14;1525
12;2025-12-28;15;1395
12;2025-12-28;16;1515
12;2025-12-28;17;1520
12;2025-12-28;18;1347
12;2025-12-28;19;1084
12;2025-12-28;20;820
12;2025-12-28;21;618
12;2025-12-28;22;422
12;2025-12-28;23;224
12;2025-12-29;0;63
12;2025-12-29;1;3
12;2025-12-29;2;0
12;2025-12-29;3;0
12;2025-12-29;4;5
12;2025-12-29;5;325
12;2025-12-29;6;1396
12;2025-12-29;7;2659
12;2025-12-29;8;3554
12;2025-12-29;9;2425
12;2025-12-29;10;1910
12;2025-12-29;11;1853
12;2025-12-29;12;1988
12;2025-12-29;13;1901
12;2025-12-29;14;1890
12;2025-12-29;15;2211
12;2025-12-29;16;2647
12;2025-12-29;17;2984
12;2025-12-29;18;3176
12;2025-12-29;19;2488
12;2025-12-29;20;1576
12;2025-12-29;21;918
12;2025-12-29;22;455
12;2025-12-29;23;232
12;2025-12-30;0;48
12;2025-12-30;1;1
12;2025-12-30;2;0
12;2025-12-30;3;0
12;2025-12-30;4;5
12;2025-12-30;5;343
12;2025-12-30;6;1413
12;2025-12-30;7;2794
12;2025-12-30;8;3689
12;2025-12-30;9;2500
12;2025-12-30;10;2025
12;2025-12-30;11;2021
12;2025-12-30;12;2034
12;2025-12-30;13;2039
12;2025-12-30;14;1970
12;2025-12-30;15;2216
12;2025-12-30;16;2651
12;2025-12-30;17;3060
12;2025-12-30;18;3257
12;2025-12-30;19;2528
12;2025-12-30;20;1526
12;2025-12-30;21;920
12;2025-12-30;22;478
12;2025-12-30;23;239
12;2025-12-31;0;82
12;2025-12-31;1;7
12;2025-12-31;2;0
12;2025-12-31;3;0
12;2025-12-31;4;2
12;2025-12-31;5;161
12;2025-12-31;6;543
12;2025-12-31;7;645
12;2025-12-31;8;735
12;2025-12-31;9;918
12;2025-12-31;10;1128
12;2025-12-31;11;1261
12;2025-12-31;12;1327
12;2025-12-31;13;1554
12;2025-12-31;14;1491
12;2025-12-31;15;1363
12;2025-12-31;16;1481
12;2025-12-31;17;1486
12;2025-12-31;18;1317
12;2025-12-31;19;1060
12;2025-12-31;20;802
12;2025-12-31;21;604
12;2025-12-31;22;413
12;2025-12-31;23;219
17;2025-11-01;0;143
17;2025-11-01;1;15
17;2025-11-01;2;0
17;2025-11-01;3;0
17;2025-11-01;4;26
17;2025-11-01;5;314
17;2025-11-01;6;1522
17;2025-11-01;7;4041
17;2025-11-01;8;5199
17;2025-11-01;9;3669
17;2025-11-01;10;2940
17;2025-11-01;11;2977
17;2025-11-01;12;3014
17;2025-11-01;13;3101
17;2025-11-01;14;3175
17;2025-11-01;15;3523
17;2025-11-01;16;4144
17;2025-11-01;17;4589
17;2025-11-01;18;4376
17;2025-11-01;19;3245
17;2025-11-01;20;2341
17;2025-11-01;21;1560
17;2025-11-01;22;897
17;2025-11-01;23;456
17;2025-11-02;0;180
17;2025-11-02;1;24
17;2025-11-02;2;0
17;2025-11-02;3;0
17;2025-11-02;4;4
17;2025-11-02;5;111
17;2025-11-02;6;442
17;2025-11-02;7;821
17;2025-11-02;8;1260
17;2025-11-02;9;1717
17;2025-11-02;10;1986
17;2025-11-02;11;2498
17;2025-11-02;12;2921
17;2025-11-02;13;3173
17;2025-11-02;14;3264
17;2025-11-02;15;3315
17;2025-11-02;16;3253
17;2025-11-02;17;3123
17;2025-11-02;18;2751
17;2025-11-02;19;2229
17;2025-11-02;20;1714
17;2025-11-02;21;1234
17;2025-11-02;22;797
17;2025-11-02;23;341
17;2025-11-03;0;172
17;2025-11-03;1;23
17;2025-11-03;2;0
17;2025-11-03;3;0
17;2025-11-03;4;4
17;2025-11-03;5;106
17;2025-11-03;6;423
17;2025-11-03;7;786
17;2025-11-03;8;1206
17;2025-11-03;9;1644
17;2025-11-03;10;1902
17;2025-11-03;11;2393
17;2025-11-03;12;2797
17;2025-11-03;13;3038
17;2025-11-03;14;3126
17;2025-11-03;15;3174
17;2025-11-03;16;3116
17;2025-11-03;17;2991
17;2025-11-03;18;2635
17;2025-11-03;19;2134
17;2025-11-03;20;1641
17;2025-11-03;21;1182
17;2025-11-03;22;763
17;2025-11-03;23;326
17;2025-11-04;0;178
17;2025-11-04;1;23
17;2025-11-04;2;0
17;2025-11-04;3;0
17;2025-11-04;4;4
17;2025-11-04;5;109
17;2025-11-04;6;436
17;2025-11-04;7;810
17;2025-11-04;8;1243
17;2025-11-04;9;1693
17;2025-11-04;10;1959
17;2025-11-04;11;2465
17;2025-11-04;12;2881
17;2025-11-04;13;3130
17;2025-11-04;14;3220
17;2025-11-04;15;3270
17;2025-11-04;16;3209
17;2025-11-04;17;3081
17;2025-11-04;18;2714
17;2025-11-04;19;2198
17;2025-11-04;20;1690
17;2025-11-04;21;1218
17;2025-11-04;22;786
17;2025-11-04;23;336
17;2025-11-05;0;125
17;2025-11-05;1;9
17;2025-11-05;2;0
17;2025-11-05;3;0
17;2025-11-05;4;27
17;2025-11-05;5;329
17;2025-11-05;6;1554
17;2025-11-05;7;4102
17;2025-11-05;8;5370
17;2025-11-05;9;3804
17;2025-11-05;10;3018
17;2025-11-05;11;2974
17;2025-11-05;12;3021
17;2025-11-05;13;3072
17;2025-11-05;14;3140
17;2025-11-05;15;3315
17;2025-11-05;16;3678
17;2025-11-05;17;4516
17;2025-11-05;18;4967
17;2025-11-05;19;3528
17;2025-11-05;20;2419
17;2025-11-05;21;1514
17;2025-11-05;22;830
17;2025-11-05;23;392
17;2025-11-06;0;141
17;2025-11-06;1;10
17;2025-11-06;2;0
17;2025-11-06;3;0
17;2025-11-06;4;26
17;2025-11-06;5;325
17;2025-11-06;6;1569
17;2025-11-06;7;4110
17;2025-11-06;8;5409
17;2025-11-06;9;3824
17;2025-11-06;10;3030
17;2025-11-06;11;2962
17;2025-11-06;12;3078
17;2025-11-06;13;3120
17;2025-11-06;14;3156
17;2025-11-06;15;3300
17;2025-11-06;16;3739
17;2025-11-06;17;4550
17;2025-11-06;18;5013
17;2025-11-06;19;3527
17;2025-11-06;20;2446
17;2025-11-06;21;1535
17;2025-11-06;22;842
17;2025-11-06;23;401
17;2025-11-07;0;142
17;2025-11-07;1;15
17;2025-11-07;2;0
17;2025-11-07;3;0
17;2025-11-07;4;26
17;2025-11-07;5;312
17;2025-11-07;6;1510
17;2025-11-07;7;4010
17;2025-11-07;8;5160
17;2025-11-07;9;3641
17;2025-11-07;10;2917
17;2025-11-07;11;2954
17;2025-11-07;12;2991
17;2025-11-07;13;3077
17;2025-11-07;14;3151
17;2025-11-07;15;3496
17;2025-11-07;16;4113
17;2025-11-07;17;4554
17;2025-11-07;18;4343
17;2025-11-07;19;3220
17;2025-11-07;20;2323
17;2025-11-07;21;1548
17;2025-11-07;22;891
17;2025-11-07;23;453
17;2025-11-08;0;193
17;2025-11-08;1;25
17;2025-11-08;2;0
17;2025-11-08;3;0
17;2025-11-08;4;5
17;2025-11-08;5;130
17;2025-11-08;6;541
17;2025-11-08;7;1147
17;2025-11-08;8;1660
17;2025-11-08;9;2110
17;2025-11-08;10;2333
17;2025-11-08;11;2777
17;2025-11-08;12;3105
17;2025-11-08;13;3256
17;2025-11-08;14;3271
17;2025-11-08;15;3324
17;2025-11-08;16;3307
17;2025-11-08;17;3137
17;2025-11-08;18;2874
17;2025-11-08;19;2358
17;2025-11-08;20;1824
17;2025-11-08;21;1323
17;2025-11-08;22;854
17;2025-11-08;23;431
17;2025-11-09;0;180
17;2025-11-09;1;24
17;2025-11-09;2;0
17;2025-11-09;3;0
17;2025-11-09;4;4
17;2025-11-09;5;111
17;2025-11-09;6;442
17;2025-11-09;7;821
17;2025-11-09;8;1260
17;2025-11-09;9;1717
17;2025-11-09;10;1986
17;2025-11-09;11;2498
17;2025-11-09;12;2921
17;2025-11-09;13;3173
17;2025-11-09;14;3264
17;2025-11-09;15;3315
17;2025-11-09;16;3253
17;2025-11-09;17;3123
17;2025-11-09;18;2751
17;2025-11-09;19;2229
17;2025-11-09;20;1714
17;2025-11-09;21;1234
17;2025-11-09;22;797
17;2025-11-09;23;341
17;2025-11-10;0;108
17;2025-11-10;1;13
17;2025-11-10;2;0
17;2025-11-10;3;0
17;2025-11-10;4;27
17;2025-11-10;5;319
17;2025-11-10;6;1538
17;2025-11-10;7;4121
17;2025-11-10;8;5427
17;2025-11-10;9;3779
17;2025-11-10;10;2904
17;2025-11-10;11;2853
17;2025-11-10;12;2908
17;2025-11-10;13;2951
17;2025-11-10;14;2976
17;2025-11-10;15;3210
17;2025-11-10;16;3619
17;2025-11-10;17;4442
17;2025-11-10;18;4988
17;2025-11-10;19;3524
17;2025-11-10;20;2349
17;2025-11-10;21;1406
17;2025-11-10;22;772
17;2025-11-10;23;332
17;2025-11-11;0;109
17;2025-11-11;1;10
17;2025-11-11;2;0
17;2025-11-11;3;0
17;2025-11-11;4;27
17;2025-11-11;5;317
17;2025-11-11;6;1588
17;2025-11-11;7;4239
17;2025-11-11;8;5567
17;2025-11-11;9;3921
17;2025-11-11;10;3030
17;2025-11-11;11;2930
17;2025-11-11;12;3020
17;2025-11-11;13;3037
17;2025-11-11;14;3183
17;2025-11-11;15;3267
17;2025-11-11;16;3638
17;2025-11-11;17;4589
17;2025-11-11;18;5054
17;2025-11-11;19;3593
17;2025-11-11;20;2448
17;2025-11-11;21;1484
17;2025-11-11;22;793
17;2025-11-11;23;362
17;2025-11-12;0;125
17;2025-11-12;1;9
17;2025-11-12;2;0
17;2025-11-12;3;0
17;2025-11-12;4;27
17;2025-11-12;5;329
17;2025-11-12;6;1554
17;2025-11-12;7;4102
17;2025-11-12;8;5370
17;2025-11-12;9;3804
17;2025-11-12;10;3018
17;2025-11-12;11;2974
17;2025-11-12;12;3021
17;2025-11-12;13;3072
17;2025-11-12;14;3140
17;2025-11-12;15;3315
17;2025-11-12;16;3678
17;2025-11-12;17;4516
17;2025-11-12;18;4967
17;2025-11-12;19;3528
17;2025-11-12;20;2419
17;2025-11-12;21;1514
17;2025-11-12;22;830
17;2025-11-12;23;392
17;2025-11-13;0;141
17;2025-11-13;1;10
17;2025-11-13;2;0
17;2025-11-13;3;0
17;2025-11-13;4;26
17;2025-11-13;5;325
17;2025-11-13;6;1569
17;2025-11-13;7;4110
17;2025-11-13;8;5409
17;2025-11-13;9;3824
17;2025-11-13;10;3030
17;2025-11-13;11;2962
17;2025-11-13;12;3078
17;2025-11-13;13;3120
17;2025-11-13;14;3156
17;2025-11-13;15;3300
17;2025-11-13;16;3739
17;2025-11-13;17;4550
17;2025-11-13;18;5013
17;2025-11-13;19;3527
17;2025-11-13;20;2446
17;2025-11-13;21;1535
17;2025-11-13;22;842
17;2025-11-13;23;401
17;2025-11-14;0;142
17;2025-11-14;1;15
17;2025-11-14;2;0
17;2025-11-14;3;0
17;2025-11-14;4;26
17;2025-11-14;5;312
17;2025-11-14;6;1510
17;2025-11-14;7;4010
17;2025-11-14;8;5160
17;2025-11-14;9;3641
17;2025-11-14;10;2917
17;2025-11-14;11;2954
17;2025-11-14;12;2991
17;2025-11-14;13;3077
17;2025-11-14;14;3151
17;2025-11-14;15;3496
17;2025-11-14;16;4113
17;2025-11-14;17;4554
17;2025-11-14;18;4343
17;2025-11-14;19;3220
17;2025-11-14;20;2323
17;2025-11-14;21;1548
17;2025-11-14;22;891
17;2025-11-14;23;453
17;2025-11-15;0;193
17;2025-11-15;1;25
17;2025-11-15;2;0
17;2025-11-15;3;0
17;2025-11-15;4;5
17;2025-11-15;5;130
17;2025-11-15;6;541
17;2025-11-15;7;1147
17;2025-11-15;8;1660
17;2025-11-15;9;2110
17;2025-11-15;10;2333
17;2025-11-15;11;2777
17;2025-11-15;12;3105
17;2025-11-15;13;3256
17;2025-11-15;14;3271
17;2025-11-15;15;3324
17;2025-11-15;16;3307
17;2025-11-15;17;3137
17;2025-11-15;18;2874
17;2025-11-15;19;2358
17;2025-11-15;20;1824
17;2025-11-15;21;1323
17;2025-11-15;22;854
17;2025-11-15;23;431
17;2025-11-16;0;180
17;2025-11-16;1;24
17;2025-11-16;2;0
17;2025-11-16;3;0
17;2025-11-16;4;4
17;2025-11-16;5;111
17;2025-11-16;6;442
17;2025-11-16;7;821
17;2025-11-16;8;1260
17;2025-11-16;9;1717
17;2025-11-16;10;1986
17;2025-11-16;11;2498
17;2025-11-16;12;2921
17;2025-11-16;13;3173
17;2025-11-16;14;3264
17;2025-11-16;15;3315
17;2025-11-16;16;3253
17;2025-11-16;17;3123
17;2025-11-16;18;2751
17;2025-11-16;19;2229
17;2025-11-16;20;1714
17;2025-11-16;21;1234
17;2025-11-16;22;797
17;2025-11-16;23;341
17;2025-11-17;0;108
17;2025-11-17;1;13
17;2025-11-17;2;0
17;2025-11-17;3;0
17;2025-11-17;4;27
17;2025-11-17;5;319
17;2025-11-17;6;1538
17;2025-11-17;7;4121
17;2025-11-17;8;5427
17;2025-11-17;9;3779
17;2025-11-17;10;2904
17;2025-11-17;11;2853
17;2025-11-17;12;2908
17;2025-11-17;13;2951
17;2025-11-17;14;2976
17;2025-11-17;15;3210
17;2025-11-17;16;3619
17;2025-11-17;17;4442
17;2025-11-17;18;4988
17;2025-11-17;19;3524
17;2025-11-17;20;2349
17;2025-11-17;21;1406
17;2025-11-17;22;772
17;2025-11-17;23;332
17;2025-11-18;0;109
17;2025-11-18;1;10
17;2025-11-18;2;0
17;2025-11-18;3;0
17;2025-11-18;4;27
17;2025-11-18;5;317
17;2025-11-18;6;1588
17;2025-11-18;7;4239
17;2025-11-18;8;5567
17;2025-11-18;9;3921
17;2025-11-18;10;3030
17;2025-11-18;11;2930
17;2025-11-18;12;3020
17;2025-11-18;13;3037
17;2025-11-18;14;3183
17;2025-11-18;15;3267
17;2025-11-18;16;3638
17;2025-11-18;17;4589
17;2025-11-18;18;5054
17;2025-11-18;19;3593
17;2025-11-18;20;2448
17;2025-11-18;21;1484
17;2025-11-18;22;793
17;2025-11-18;23;362
17;2025-11-19;0;125
17;2025-11-19;1;9
17;2025-11-19;2;0
17;2025-11-19;3;0
17;2025-11-19;4;27
17;2025-11-19;5;329
17;2025-11-19;6;1554
17;2025-11-19;7;4102
17;2025-11-19;8;5370
17;2025-11-19;9;3804
17;2025-11-19;10;3018
17;2025-11-19;11;2974
17;2025-11-19;12;3021
17;2025-11-19;13;3072
17;2025-11-19;14;3140
17;2025-11-19;15;3315
17;2025-11-19;16;3678
17;2025-11-19;17;4516
17;2025-11-19;18;4967
17;2025-11-19;19;3528
17;2025-11-19;20;2419
17;2025-11-19;21;1514
17;2025-11-19;22;830
17;2025-11-19;23;392
17;2025-11-20;0;141
17;2025-11-20;1;10
17;2025-11-20;2;0
17;2025-11-20;3;0
17;2025-11-20;4;26
17;2025-11-20;5;325
17;2025-11-20;6;1569
17;2025-11-20;7;4110
17;2025-11-20;8;5409
17;2025-11-20;9;3824
17;2025-11-20;10;3030
17;2025-11-20;11;2962
17;2025-11-20;12;3078
17;2025-11-20;13;3120
17;2025-11-20;14;3156
17;2025-11-20;15;3300
17;2025-11-20;16;3739
17;2025-11-20;17;4550
17;2025-11-20;18;5013
17;2025-11-20;19;3527
17;2025-11-20;20;2446
17;2025-11-20;21;1535
17;2025-11-20;22;842
17;2025-11-20;23;401
17;2025-11-21;0;142
17;2025-11-21;1;15
17;2025-11-21;2;0
17;2025-11-21;3;0
17;2025-11-21;4;26
17;2025-11-21;5;312
17;2025-11-21;6;1510
17;2025-11-21;7;4010
17;2025-11-21;8;5160
17;2025-11-21;9;3641
17;2025-11-21;10;2917
17;2025-11-21;11;2954
17;2025-11-21;12;2991
17;2025-11-21;13;3077
17;2025-11-21;14;3151
17;2025-11-21;15;3496
17;2025-11-21;16;4113
17;2025-11-21;17;4554
17;2025-11-21;18;4343
17;2025-11-21;19;3220
17;2025-11-21;20;2323
17;2025-11-21;21;1548
17;2025-11-21;22;891
17;2025-11-21;23;453
17;2025-11-22;0;193
17;2025-11-22;1;25
17;2025-11-22;2;0
17;2025-11-22;3;0
17;2025-11-22;4;5
17;2025-11-22;5;130
17;2025-11-22;6;541
17;2025-11-22;7;1147
17;2025-11-22;8;1660
17;2025-11-22;9;2110
17;2025-11-22;10;2333
17;2025-11-22;11;2777
17;2025-11-22;12;3105
17;2025-11-22;13;3256
17;2025-11-22;14;3271
17;2025-11-22;15;3324
17;2025-11-22;16;3307
17;2025-11-22;17;3137
17;2025-11-22;18;2874
17;2025-11-22;19;2358
17;2025-11-22;20;1824
17;2025-11-22;21;1323
17;2025-11-22;22;854
17;2025-11-22;23;431
17;2025-11-23;0;180
17;2025-11-23;1;24
17;2025-11-23;2;0
17;2025-11-23;3;0
17;2025-11-23;4;4
17;2025-11-23;5;111
17;2025-11-23;6;442
17;2025-11-23;7;821
17;2025-11-23;8;1260
17;2025-11-23;9;1717
17;2025-11-23;10;1986
17;2025-11-23;11;2498
17;2025-11-23;12;2921
17;2025-11-23;13;3173
17;2025-11-23;14;3264
17;2025-11-23;15;3315
17;2025-11-23;16;3253
17;2025-11-23;17;3123
17;2025-11-23;18;2751
17;2025-11-23;19;2229
17;2025-11-23;20;1714
17;2025-11-23;21;1234
17;2025-11-23;22;797
17;2025-11-23;23;341
17;2025-11-24;0;108
17;2025-11-24;1;13
17;2025-11-24;2;0
17;2025-11-24;3;0
17;2025-11-24;4;27
17;2025-11-24;5;319
17;2025-11-24;6;1538
17;2025-11-24;7;4121
17;2025-11-24;8;5427
17;2025-11-24;9;3779
17;2025-11-24;10;2904
17;2025-11-24;11;2853
17;2025-11-24;12;2908
17;2025-11-24;13;2951
17;2025-11-24;14;2976
17;2025-11-24;15;3210
17;2025-11-24;16;3619
17;2025-11-24;17;4442
17;2025-11-24;18;4988
17;2025-11-24;19;3524
17;2025-11-24;20;2349
17;2025-11-24;21;1406
17;2025-11-24;22;772
17;2025-11-24;23;332
17;2025-11-25;0;109
17;2025-11-25;1;10
17;2025-11-25;2;0
17;2025-11-25;3;0
17;2025-11-25;4;27
17;2025-11-25;5;317
17;2025-11-25;6;1588
17;2025-11-25;7;4239
17;2025-11-25;8;5567
17;2025-11-25;9;3921
17;2025-11-25;10;3030
17;2025-11-25;11;2930
17;2025-11-25;12;3020
17;2025-11-25;13;3037
17;2025-11-25;14;3183
17;2025-11-25;15;3267
17;2025-11-25;16;3638
17;2025-11-25;17;4589
17;2025-11-25;18;5054
17;2025-11-25;19;3593
17;2025-11-25;20;2448
17;2025-11-25;21;1484
17;2025-11-25;22;793
17;2025-11-25;23;362
17;2025-11-26;0;125
17;2025-11-26;1;9
17;2025-11-26;2;0
17;2025-11-26;3;0
17;2025-11-26;4;27
17;2025-11-26;5;329
17;2025-11-26;6;1554
17;2025-11-26;7;4102
17;2025-11-26;8;5370
17;2025-11-26;9;3804
17;2025-11-26;10;3018
17;2025-11-26;11;2974
17;2025-11-26;12;3021
17;2025-11-26;13;3072
17;2025-11-26;14;3140
17;2025-11-26;15;3315
17;2025-11-26;16;3678
17;2025-11-26;17;4516
17;2025-11-26;18;4967
17;2025-11-26;19;3528
17;2025-11-26;20;2419
17;2025-11-26;21;1514
17;2025-11-26;22;830
17;2025-11-26;23;392
17;2025-11-27;0;141
17;2025-11-27;1;10
17;2025-11-27;2;0
17;2025-11-27;3;0
17;2025-11-27;4;26
17;2025-11-27;5;325
17;2025-11-27;6;1569
17;2025-11-27;7;4110
17;2025-11-27;8;5409
17;2025-11-27;9;3824
17;2025-11-27;10;3030
17;2025-11-27;11;2962
17;2025-11-27;12;3078
17;2025-11-27;13;3120
17;2025-11-27;14;3156
17;2025-11-27;15;3300
17;2025-11-27;16;3739
17;2025-11-27;17;4550
17;2025-11-27;18;5013
17;2025-11-27;19;3527
17;2025-11-27;20;2446
17;2025-11-27;21;1535
17;2025-11-27;22;842
17;2025-11-27;23;401
17;2025-11-28;0;142
17;2025-11-28;1;15
17;2025-11-28;2;0
17;2025-11-28;3;0
17;2025-11-28;4;26
17;2025-11-28;5;312
17;2025-11-28;6;1510
17;2025-11-28;7;4010
17;2025-11-28;8;5160
17;2025-11-28;9;3641
17;2025-11-28;10;2917
17;2025-11-28;11;2954
17;2025-11-28;12;2991
17;2025-11-28;13;3077
17;2025-11-28;14;3151
17;2025-11-28;15;3496
17;2025-11-28;16;4113
17;2025-11-28;17;4554
17;2025-11-28;18;4343
17;2025-11-28;19;3220
17;2025-11-28;20;2323
17;2025-11-28;21;1548
17;2025-11-28;22;891
17;2025-11-28;23;453
17;2025-11-29;0;193
17;2025-11-29;1;25
17;2025-11-29;2;0
17;2025-11-29;3;0
17;2025-11-29;4;5
17;2025-11-29;5;130
17;2025-11-29;6;541
17;2025-11-29;7;1147
17;2025-11-29;8;1660
17;2025-11-29;9;2110
17;2025-11-29;10;2333
17;2025-11-29;11;2777
17;2025-11-29;12;3105
17;2025-11-29;13;3256
17;2025-11-29;14;3271
17;2025-11-29;15;3324
17;2025-11-29;16;3307
17;2025-11-29;17;3137
17;2025-11-29;18;2874
17;2025-11-29;19;2358
17;2025-11-29;20;1824
17;2025-11-29;21;1323
17;2025-11-29;22;854
17;2025-11-29;23;431
17;2025-11-30;0;180
17;2025-11-30;1;24
17;2025-11-30;2;0
17;2025-11-30;3;0
17;2025-11-30;4;4
17;2025-11-30;5;111
17;2025-11-30;6;442
17;2025-11-30;7;821
17;2025-11-30;8;1260
17;2025-11-30;9;1717
17;2025-11-30;10;1986
17;2025-11-30;11;2498
17;2025-11-30;12;2921
17;2025-11-30;13;3173
17;2025-11-30;14;3264
17;2025-11-30;15;3315
17;2025-11-30;16;3253
17;2025-11-30;17;3123
17;2025-11-30;18;2751
17;2025-11-30;19;2229
17;2025-11-30;20;1714
17;2025-11-30;21;1234
17;2025-11-30;22;797
17;2025-11-30;23;341
17;2025-12-01;0;108
17;2025-12-01;1;13
17;2025-12-01;2;0
17;2025-12-01;3;0
17;2025-12-01;4;27
17;2025-12-01;5;319
17;2025-12-01;6;1538
17;2025-12-01;7;4121
17;2025-12-01;8;5427
17;2025-12-01;9;3779
17;2025-12-01;10;2904
17;2025-12-01;11;2853
17;2025-12-01;12;2908
17;2025-12-01;13;2951
17;2025-12-01;14;2976
17;2025-12-01;15;3210
17;2025-12-01;16;3619
17;2025-12-01;17;4442
17;2025-12-01;18;4988
17;2025-12-01;19;3524
17;2025-12-01;20;2349
17;2025-12-01;21;1406
17;2025-12-01;22;772
17;2025-12-01;23;332
17;2025-12-02;0;109
17;2025-12-02;1;10
17;2025-12-02;2;0
17;2025-12-02;3;0
17;2025-12-02;4;27
17;2025-12-02;5;317
17;2025-12-02;6;1588
17;2025-12-02;7;4239
17;2025-12-02;8;5567
17;2025-12-02;9;3921
17;2025-12-02;10;3030
17;2025-12-02;11;2930
17;2025-12-02;12;3020
17;2025-12-02;13;3037
17;2025-12-02;14;3183
17;2025-12-02;15;3267
17;2025-12-02;16;3638
17;2025-12-02;17;4589
17;2025-12-02;18;5054
17;2025-12-02;19;3593
17;2025-12-02;20;2448
17;2025-12-02;21;1484
17;2025-12-02;22;793
17;2025-12-02;23;362
17;2025-12-03;0;125
17;2025-12-03;1;9
17;2025-12-03;2;0
17;2025-12-03;3;0
17;2025-12-03;4;27
17;2025-12-03;5;329
17;2025-12-03;6;1554
17;2025-12-03;7;4102
17;2025-12-03;8;5370
17;2025-12-03;9;3804
17;2025-12-03;10;3018
17;2025-12-03;11;2974
17;2025-12-03;12;3021
17;2025-12-03;13;3072
17;2025-12-03;14;3140
17;2025-12-03;15;3315
17;2025-12-03;16;3678
17;2025-12-03;17;4516
17;2025-12-03;18;4967
17;2025-12-03;19;3528
17;2025-12-03;20;2419
17;2025-12-03;21;1514
17;2025-12-03;22;830
17;2025-12-03;23;392
17;2025-12-04;0;141
17;2025-12-04;1;10
17;2025-12-04;2;0
17;2025-12-04;3;0
17;2025-12-04;4;26
17;2025-12-04;5;325
17;2025-12-04;6;1569
17;2025-12-04;7;4110
17;2025-12-04;8;5409
17;2025-12-04;9;3824
17;2025-12-04;10;3030
17;2025-12-04;11;2962
17;2025-12-04;12;3078
17;2025-12-04;13;3120
17;2025-12-04;14;3156
17;2025-12-04;15;3300
17;2025-12-04;16;3739
17;2025-12-04;17;4550
17;2025-12-04;18;5013
17;2025-12-04;19;3527
17;2025-12-04;20;2446
17;2025-12-04;21;1535
17;2025-12-04;22;842
17;2025-12-04;23;401
17;2025-12-05;0;142
17;2025-12-05;1;15
17;2025-12-05;2;0
17;2025-12-05;3;0
17;2025-12-05;4;26
17;2025-12-05;5;312
17;2025-12-05;6;1510
17;2025-12-05;7;4010
17;2025-12-05;8;5160
17;2025-12-05;9;3641
17;2025-12-05;10;2917
17;2025-12-05;11;2954
17;2025-12-05;12;2991
17;2025-12-05;13;3077
17;2025-12-05;14;3151
17;2025-12-05;15;3496
17;2025-12-05;16;4113
17;2025-12-05;17;4554
17;2025-12-05;18;4343
17;2025-12-05;19;3220
17;2025-12-05;20;2323
17;2025-12-05;21;1548
17;2025-12-05;22;891
17;2025-12-05;23;453
17;2025-12-06;0;193
17;2025-12-06;1;25
17;2025-12-06;2;0
17;2025-12-06;3;0
17;2025-12-06;4;5
17;2025-12-06;5;130
17;2025-12-06;6;541
17;2025-12-06;7;1147
17;2025-12-06;8;1660
17;2025-12-06;9;2110
17;2025-12-06;10;2333
17;2025-12-06;11;2777
17;2025-12-06;12;3105
17;2025-12-06;13;3256
17;2025-12-06;14;3271
17;2025-12-06;15;3324
17;2025-12-06;16;3307
17;2025-12-06;17;3137
17;2025-12-06;18;2874
17;2025-12-06;19;2358
17;2025-12-06;20;1824
17;2025-12-06;21;1323
17;2025-12-06;22;854
17;2025-12-06;23;431
17;2025-12-07;0;180
17;2025-12-07;1;24
17;2025-12-07;2;0
17;2025-12-07;3;0
17;2025-12-07;4;4
17;2025-12-07;5;111
17;2025-12-07;6;442
17;2025-12-07;7;821
17;2025-12-07;8;1260
17;2025-12-07;9;1717
17;2025-12-07;10;1986
17;2025-12-07;11;2498
17;2025-12-07;12;2921
17;2025-12-07;13;3173
17;2025-12-07;14;3264
17;2025-12-07;15;3315
17;2025-12-07;16;3253
17;2025-12-07;17;3123
17;2025-12-07;18;2751
17;2025-12-07;19;2229
17;2025-12-07;20;1714
17;2025-12-07;21;1234
17;2025-12-07;22;797
17;2025-12-07;23;341
17;2025-12-08;0;108
17;2025-12-08;1;13
17;2025-12-08;2;0
17;2025-12-08;3;0
17;2025-12-08;4;27
17;2025-12-08;5;319
17;2025-12-08;6;1538
17;2025-12-08;7;4121
17;2025-12-08;8;5427
17;2025-12-08;9;3779
17;2025-12-08;10;2904
17;2025-12-08;11;2853
17;2025-12-08;12;2908
17;2025-12-08;13;2951
17;2025-12-08;14;2976
17;2025-12-08;15;3210
17;2025-12-08;16;3619
17;2025-12-08;17;4442
17;2025-12-08;18;4988
17;2025-12-08;19;3524
17;2025-12-08;20;2349
17;2025-12-08;21;1406
17;2025-12-08;22;772
17;2025-12-08;23;332
17;2025-12-09;0;109
17;2025-12-09;1;10
17;2025-12-09;2;0
17;2025-12-09;3;0
17;2025-12-09;4;27
17;2025-12-09;5;317
17;2025-12-09;6;1588
17;2025-12-09;7;4239
17;2025-12-09;8;5567
17;2025-12-09;9;3921
17;2025-12-09;10;3030
17;2025-12-09;11;2930
17;2025-12-09;12;3020
17;2025-12-09;13;3037
17;2025-12-09;14;3183
17;2025-12-09;15;3267
17;2025-12-09;16;3638
17;2025-12-09;17;4589
17;2025-12-09;18;5054
17;2025-12-09;19;3593
17;2025-12-09;20;2448
17;2025-12-09;21;1484
17;2025-12-09;22;793
17;2025-12-09;23;362
17;2025-12-10;0;125
17;2025-12-10;1;9
17;2025-12-10;2;0
17;2025-12-10;3;0
17;2025-12-10;4;27
17;2025-12-10;5;329
17;2025-12-10;6;1554
17;2025-12-10;7;4102
17;2025-12-10;8;5370
17;2025-12-10;9;3804
17;2025-12-10;10;3018
17;2025-12-10;11;2974
17;2025-12-10;12;3021
17;2025-12-10;13;3072
17;2025-12-10;14;3140
17;2025-12-10;15;3315
17;2025-12-10;16;3678
17;2025-12-10;17;4516
17;2025-12-10;18;4967
17;2025-12-10;19;3528
17;2025-12-10;20;2419
17;2025-12-10;21;1514
17;2025-12-10;22;830
17;2025-12-10;23;392
17;2025-12-11;0;141
17;2025-12-11;1;10
17;2025-12-11;2;0
17;2025-12-11;3;0
17;2025-12-11;4;26
17;2025-12-11;5;325
17;2025-12-11;6;1569
17;2025-12-11;7;4110
17;2025-12-11;8;5409
17;2025-12-11;9;3824
17;2025-12-11;10;3030
17;2025-12-11;11;2962
17;2025-12-11;12;3078
17;2025-12-11;13;3120
17;2025-12-11;14;3156
17;2025-12-11;15;3300
17;2025-12-11;16;3739
17;2025-12-11;17;4550
17;2025-12-11;18;5013
17;2025-12-11;19;3527
17;2025-12-11;20;2446
17;2025-12-11;21;1535
17;2025-12-11;22;842
17;2025-12-11;23;401
17;2025-12-12;0;142
17;2025-12-12;1;15
17;2025-12-12;2;0
17;2025-12-12;3;0
17;2025-12-12;4;26
17;2025-12-12;5;312
17;2025-12-12;6;1510
17;2025-12-12;7;4010
17;2025-12-12;8;5160
17;2025-12-12;9;3641
17;2025-12-12;10;2917
17;2025-12-12;11;2954
17;2025-12-12;12;2991
17;2025-12-12;13;3077
17;2025-12-12;14;3151
17;2025-12-12;15;3496
17;2025-12-12;16;4113
17;2025-12-12;17;4554
17;2025-12-12;18;4343
17;2025-12-12;19;3220
17;2025-12-12;20;2323
17;2025-12-12;21;1548
17;2025-12-12;22;891
17;2025-12-12;23;453
17;2025-12-13;0;193
17;2025-12-13;1;25
17;2025-12-13;2;0
17;2025-12-13;3;0
17;2025-12-13;4;5
17;2025-12-13;5;130
17;2025-12-13;6;541
17;2025-12-13;7;1147
17;2025-12-13;8;1660
17;2025-12-13;9;2110
17;2025-12-13;10;2333
17;2025-12-13;11;2777
17;2025-12-13;12;3105
17;2025-12-13;13;3256
17;2025-12-13;14;3271
17;2025-12-13;15;3324
17;2025-12-13;16;3307
17;2025-12-13;17;3137
17;2025-12-13;18;2874
17;2025-12-13;19;2358
17;2025-12-13;20;1824
17;2025-12-13;21;1323
17;2025-12-13;22;854
17;2025-12-13;23;431
17;2025-12-14;0;180
17;2025-12-14;1;24
17;2025-12-14;2;0
17;2025-12-14;3;0
17;2025-12-14;4;4
17;2025-12-14;5;111
17;2025-12-14;6;442
17;2025-12-14;7;821
17;2025-12-14;8;1260
17;2025-12-14;9;1717
17;2025-12-14;10;1986
17;2025-12-14;11;2498
17;2025-12-14;12;2921
17;2025-12-14;13;3173
17;2025-12-14;14;3264
17;2025-12-14;15;3315
17;2025-12-14;16;3253
17;2025-12-14;17;3123
17;2025-12-14;18;2751
17;2025-12-14;19;2229
17;2025-12-14;20;1714
17;2025-12-14;21;1234
17;2025-12-14;22;797
17;2025-12-14;23;341
17;2025-12-15;0;108
17;2025-12-15;1;13
17;2025-12-15;2;0
17;2025-12-15;3;0
17;2025-12-15;4;27
17;2025-12-15;5;319
17;2025-12-15;6;1538
17;2025-12-15;7;4121
17;2025-12-15;8;5427
17;2025-12-15;9;3779
17;2025-12-15;10;2904
17;2025-12-15;11;2853
17;2025-12-15;12;2908
17;2025-12-15;13;2951
17;2025-12-15;14;2976
17;2025-12-15;15;3210
17;2025-12-15;16;3619
17;2025-12-15;17;4442
17;2025-12-15;18;4988
17;2025-12-15;19;3524
17;2025-12-15;20;2349
17;2025-12-15;21;1406
17;2025-12-15;22;772
17;2025-12-15;23;332
17;2025-12-16;0;109
17;2025-12-16;1;10
17;2025-12-16;2;0
17;2025-12-16;3;0
17;2025-12-16;4;27
17;2025-12-16;5;317
17;2025-12-16;6;1588
17;2025-12-16;7;4239
17;2025-12-16;8;5567
17;2025-12-16;9;3921
17;2025-12-16;10;3030
17;2025-12-16;11;2930
17;2025-12-16;12;3020
17;2025-12-16;13;3037
17;2025-12-16;14;3183
17;2025-12-16;15;3267
17;2025-12-16;16;3638
17;2025-12-16;17;4589
17;2025-12-16;18;5054
17;2025-12-16;19;3593
17;2025-12-16;20;2448
17;2025-12-16;21;1484
17;2025-12-16;22;793
17;2025-12-16;23;362
17;2025-12-17;0;125
17;2025-12-17;1;9
17;2025-12-17;2;0
17;2025-12-17;3;0
17;2025-12-17;4;27
17;2025-12-17;5;329
17;2025-12-17;6;1554
17;2025-12-17;7;4102
17;2025-12-17;8;5370
17;2025-12-17;9;3804
17;2025-12-17;10;3018
17;2025-12-17;11;2974
17;2025-12-17;12;3021
17;2025-12-17;13;3072
17;2025-12-17;14;3140
17;2025-12-17;15;3315
17;2025-12-17;16;3678
17;2025-12-17;17;4516
17;2025-12-17;18;4967
17;2025-12-17;19;3528
17;2025-12-17;20;2419
17;2025-12-17;21;1514
17;2025-12-17;22;830
17;2025-12-17;23;392
17;2025-12-18;0;141
17;2025-12-18;1;10
17;2025-12-18;2;0
17;2025-12-18;3;0
17;2025-12-18;4;26
17;2025-12-18;5;325
17;2025-12-18;6;1569
17;2025-12-18;7;4110
17;2025-12-18;8;5409
17;2025-12-18;9;3824
17;2025-12-18;10;3030
17;2025-12-18;11;2962
17;2025-12-18;12;3078
17;2025-12-18;13;3120
17;2025-12-18;14;3156
17;2025-12-18;15;3300
17;2025-12-18;16;3739
17;2025-12-18;17;4550
17;2025-12-18;18;5013
17;2025-12-18;19;3527
17;2025-12-18;20;2446
17;2025-12-18;21;1535
17;2025-12-18;22;842
17;2025-12-18;23;401
17;2025-12-19;0;142
17;2025-12-19;1;15
17;2025-12-19;2;0
17;2025-12-19;3;0
17;2025-12-19;4;26
17;2025-12-19;5;312
17;2025-12-19;6;1510
17;2025-12-19;7;4010
17;2025-12-19;8;5160
17;2025-12-19;9;3641
17;2025-12-19;10;2917
17;2025-12-19;11;2954
17;2025-12-19;12;2991
17;2025-12-19;13;3077
17;2025-12-19;14;3151
17;2025-12-19;15;3496
17;2025-12-19;16;4113
17;2025-12-19;17;4554
17;2025-12-19;18;4343
17;2025-12-19;19;3220
17;2025-12-19;20;2323
17;2025-12-19;21;1548
17;2025-12-19;22;891
17;2025-12-19;23;453
17;2025-12-20;0;193
17;2025-12-20;1;25
17;2025-12-20;2;0
17;2025-12-20;3;0
17;2025-12-20;4;5
17;2025-12-20;5;130
17;2025-12-20;6;541
17;2025-12-20;7;1147
17;2025-12-20;8;1660
17;2025-12-20;9;2110
17;2025-12-20;10;2333
17;2025-12-20;11;2777
17;2025-12-20;12;3105
17;2025-12-20;13;3256
17;2025-12-20;14;3271
17;2025-12-20;15;3324
17;2025-12-20;16;3307
17;2025-12-20;17;3137
17;2025-12-20;18;2874
17;2025-12-20;19;2358
17;2025-12-20;20;1824
17;2025-12-20;21;1323
17;2025-12-20;22;854
17;2025-12-20;23;431
17;2025-12-21;0;180
17;2025-12-21;1;24
17;2025-12-21;2;0
17;2025-12-21;3;0
17;2025-12-21;4;4
17;2025-12-21;5;111
17;2025-12-21;6;442
17;2025-12-21;7;821
17;2025-12-21;8;1260
17;2025-12-21;9;1717
17;2025-12-21;10;1986
17;2025-12-21;11;2498
17;2025-12-21;12;2921
17;2025-12-21;13;3173
17;2025-12-21;14;3264
17;2025-12-21;15;3315
17;2025-12-21;16;3253
17;2025-12-21;17;3123
17;2025-12-21;18;2751
17;2025-12-21;19;2229
17;2025-12-21;20;1714
17;2025-12-21;21;1234
17;2025-12-21;22;797
17;2025-12-21;23;341
17;2025-12-22;0;108
17;2025-12-22;1;13
17;2025-12-22;2;0
17;2025-12-22;3;0
17;2025-12-22;4;27
17;2025-12-22;5;319
17;2025-12-22;6;1538
17;2025-12-22;7;4121
17;2025-12-22;8;5427
17;2025-12-22;9;3779
17;2025-12-22;10;2904
17;2025-12-22;11;2853
17;2025-12-22;12;2908
17;2025-12-22;13;2951
17;2025-12-22;14;2976
17;2025-12-22;15;3210
17;2025-12-22;16;3619
17;2025-12-22;17;4442
17;2025-12-22;18;4988
17;2025-12-22;19;3524
17;2025-12-22;20;2349
17;2025-12-22;21;1406
17;2025-12-22;22;772
17;2025-12-22;23;332
17;2025-12-23;0;109
17;2025-12-23;1;10
17;2025-12-23;2;0
17;2025-12-23;3;0
17;2025-12-23;4;27
17;2025-12-23;5;317
17;2025-12-23;6;1588
17;2025-12-23;7;4239
17;2025-12-23;8;5567
17;2025-12-23;9;3921
17;2025-12-23;10;3030
17;2025-12-23;11;2930
17;2025-12-23;12;3020
17;2025-12-23;13;3037
17;2025-12-23;14;3183
17;2025-12-23;15;3267
17;2025-12-23;16;3638
17;2025-12-23;17;4589
17;2025-12-23;18;5054
17;2025-12-23;19;3593
17;2025-12-23;20;2448
17;2025-12-23;21;1484
17;2025-12-23;22;793
17;2025-12-23;23;362
17;2025-12-24;0;125
17;2025-12-24;1;9
17;2025-12-24;2;0
17;2025-12-24;3;0
17;2025-12-24;4;27
17;2025-12-24;5;329
17;2025-12-24;6;1554
17;2025-12-24;7;4102
17;2025-12-24;8;5370
17;2025-12-24;9;3804
17;2025-12-24;10;3018
17;2025-12-24;11;2974
17;2025-12-24;12;3021
17;2025-12-24;13;3072
17;2025-12-24;14;3140
17;2025-12-24;15;3315
17;2025-12-24;16;3678
17;2025-12-24;17;4516
17;2025-12-24;18;4967
17;2025-12-24;19;3528
17;2025-12-24;20;2419
17;2025-12-24;21;1514
17;2025-12-24;22;830
17;2025-12-24;23;392
17;2025-12-25;0;141
17;2025-12-25;1;10
17;2025-12-25;2;0
17;2025-12-25;3;0
17;2025-12-25;4;26
17;2025-12-25;5;325
17;2025-12-25;6;1569
17;2025-12-25;7;4110
17;2025-12-25;8;5409
17;2025-12-25;9;3824
17;2025-12-25;10;3030
17;2025-12-25;11;2962
17;2025-12-25;12;3078
17;2025-12-25;13;3120
17;2025-12-25;14;3156
17;2025-12-25;15;3300
17;2025-12-25;16;3739
17;2025-12-25;17;4550
17;2025-12-25;18;5013
17;2025-12-25;19;3527
17;2025-12-25;20;2446
17;2025-12-25;21;1535
17;2025-12-25;22;842
17;2025-12-25;23;401
17;2025-12-26;0;142
17;2025-12-26;1;15
17;2025-12-26;2;0
17;2025-12-26;3;0
17;2025-12-26;4;26
17;2025-12-26;5;312
17;2025-12-26;6;1510
17;2025-12-26;7;4010
17;2025-12-26;8;5160
17;2025-12-26;9;3641
17;2025-12-26;10;2917
17;2025-12-26;11;2954
17;2025-12-26;12;2991
17;2025-12-26;13;3077
17;2025-12-26;14;3151
17;2025-12-26;15;3496
17;2025-12-26;16;4113
17;2025-12-26;17;4554
17;2025-12-26;18;4343
17;2025-12-26;19;3220
17;2025-12-26;20;2323
17;2025-12-26;21;1548
17;2025-12-26;22;891
17;2025-12-26;23;453
17;2025-12-27;0;193
17;2025-12-27;1;25
17;2025-12-27;2;0
17;2025-12-27;3;0
17;2025-12-27;4;5
17;2025-12-27;5;130
17;2025-12-27;6;541
17;2025-12-27;7;1147
17;2025-12-27;8;1660
17;2025-12-27;9;2110
17;2025-12-27;10;2333
17;2025-12-27;11;2777
17;2025-12-27;12;3105
17;2025-12-27;13;3256
17;2025-12-27;14;3271
17;2025-12-27;15;3324
17;2025-12-27;16;3307
17;2025-12-27;17;3137
17;2025-12-27;18;2874
17;2025-12-27;19;2358
17;2025-12-27;20;1824
17;2025-12-27;21;1323
17;2025-12-27;22;854
17;2025-12-27;23;431
17;2025-12-28;0;180
17;2025-12-28;1;24
17;2025-12-28;2;0
17;2025-12-28;3;0
17;2025-12-28;4;4
17;2025-12-28;5;111
17;2025-12-28;6;442
17;2025-12-28;7;821
17;2025-12-28;8;1260
17;2025-12-28;9;1717
17;2025-12-28;10;1986
17;2025-12-28;11;2498
17;2025-12-28;12;2921
17;2025-12-28;13;3173
17;2025-12-28;14;3264
17;2025-12-28;15;3315
17;2025-12-28;16;3253
17;2025-12-28;17;3123
17;2025-12-28;18;2751
17;2025-12-28;19;2229
17;2025-12-28;20;1714
17;2025-12-28;21;1234
17;2025-12-28;22;797
17;2025-12-28;23;341
17;2025-12-29;0;108
17;2025-12-29;1;13
17;2025-12-29;2;0
17;2025-12-29;3;0
17;2025-12-29;4;27
17;2025-12-29;5;319
17;2025-12-29;6;1538
17;2025-12-29;7;4121
17;2025-12-29;8;5427
17;2025-12-29;9;3779
17;2025-12-29;10;2904
17;2025-12-29;11;2853
17;2025-12-29;12;2908
17;2025-12-29;13;2951
17;2025-12-29;14;2976
17;2025-12-29;15;3210
17;2025-12-29;16;3619
17;2025-12-29;17;4442
17;2025-12-29;18;4988
17;2025-12-29;19;3524
17;2025-12-29;20;2349
17;2025-12-29;21;1406
17;2025-12-29;22;772
17;2025-12-29;23;332
17;2025-12-30;0;109
17;2025-12-30;1;10
17;2025-12-30;2;0
17;2025-12-30;3;0
17;2025-12-30;4;27
17;2025-12-30;5;317
17;2025-12-30;6;1588
17;2025-12-30;7;4239
17;2025-12-30;8;5567
17;2025-12-30;9;3921
17;2025-12-30;10;3030
17;2025-12-30;11;2930
17;2025-12-30;12;3020
17;2025-12-30;13;3037
17;2025-12-30;14;3183
17;2025-12-30;15;3267
17;2025-12-30;16;3638
17;2025-12-30;17;4589
17;2025-12-30;18;5054
17;2025-12-30;19;3593
17;2025-12-30;20;2448
17;2025-12-30;21;1484
17;2025-12-30;22;793
17;2025-12-30;23;362
17;2025-12-31;0;176
17;2025-12-31;1;23
17;2025-12-31;2;0
17;2025-12-31;3;0
17;2025-12-31;4;4
17;2025-12-31;5;108
17;2025-12-31;6;432
17;2025-12-31;7;802
17;2025-12-31;8;1232
17;2025-12-31;9;1678
17;2025-12-31;10;1942
17;2025-12-31;11;2442
17;2025-12-31;12;2856
17;2025-12-31;13;3102
17;2025-12-31;14;3191
17;2025-12-31;15;3240
17;2025-12-31;16;3180
17;2025-12-31;17;3053
17;2025-12-31;18;2689
17;2025-12-31;19;2179
17;2025-12-31;20;1675
17;2025-12-31;21;1207
17;2025-12-31;22;779
17;2025-12-31;23;333
25;2025-11-01;0;0
25;2025-11-01;1;0
25;2025-11-01;2;0
25;2025-11-01;3;0
25;2025-11-01;4;0
25;2025-11-01;5;5
25;2025-11-01;6;186
25;2025-11-01;7;568
25;2025-11-01;8;899
25;2025-11-01;9;464
25;2025-11-01;10;377
25;2025-11-01;11;449
25;2025-11-01;12;444
25;2025-11-01;13;550
25;2025-11-01;14;520
25;2025-11-01;15;627
25;2025-11-01;16;789
25;2025-11-01;17;803
25;2025-11-01;18;702
25;2025-11-01;19;504
25;2025-11-01;20;326
25;2025-11-01;21;223
25;2025-11-01;22;138
25;2025-11-01;23;9
25;2025-11-02;0;14
25;2025-11-02;1;0
25;2025-11-02;2;0
25;2025-11-02;3;0
25;2025-11-02;4;0
25;2025-11-02;5;2
25;2025-11-02;6;53
25;2025-11-02;7;106
25;2025-11-02;8;197
25;2025-11-02;9;228
25;2025-11-02;10;232
25;2025-11-02;11;296
25;2025-11-02;12;361
25;2025-11-02;13;470
25;2025-11-02;14;509
25;2025-11-02;15;606
25;2025-11-02;16;532
25;2025-11-02;17;492
25;2025-11-02;18;454
25;2025-11-02;19;372
25;2025-11-02;20;258
25;2025-11-02;21;212
25;2025-11-02;22;126
25;2025-11-02;23;43
25;2025-11-03;0;14
25;2025-11-03;1;0
25;2025-11-03;2;0
25;2025-11-03;3;0
25;2025-11-03;4;0
25;2025-11-03;5;2
25;2025-11-03;6;51
25;2025-11-03;7;101
25;2025-11-03;8;188
25;2025-11-03;9;218
25;2025-11-03;10;222
25;2025-11-03;11;283
25;2025-11-03;12;345
25;2025-11-03;13;450
25;2025-11-03;14;487
25;2025-11-03;15;580
25;2025-11-03;16;510
25;2025-11-03;17;472
25;2025-11-03;18;435
25;2025-11-03;19;356
25;2025-11-03;20;247
25;2025-11-03;21;203
25;2025-11-03;22;121
25;2025-11-03;23;41
25;2025-11-04;0;14
25;2025-11-04;1;0
25;2025-11-04;2;0
25;2025-11-04;3;0
25;2025-11-04;4;0
25;2025-11-04;5;2
25;2025-11-04;6;52
25;2025-11-04;7;104
25;2025-11-04;8;194
25;2025-11-04;9;225
25;2025-11-04;10;229
25;2025-11-04;11;292
25;2025-11-04;12;356
25;2025-11-04;13;464
25;2025-11-04;14;502
25;2025-11-04;15;598
25;2025-11-04;16;525
25;2025-11-04;17;486
25;2025-11-04;18;448
25;2025-11-04;19;367
25;2025-11-04;20;254
25;2025-11-04;21;209
25;2025-11-04;22;124
25;2025-11-04;23;42
25;2025-11-05;0;0
25;2025-11-05;1;0
25;2025-11-05;2;0
25;2025-11-05;3;0
25;2025-11-05;4;0
25;2025-11-05;5;6
25;2025-11-05;6;175
25;2025-11-05;7;567
25;2025-11-05;8;950
25;2025-11-05;9;493
25;2025-11-05;10;379
25;2025-11-05;11;443
25;2025-11-05;12;440
25;2025-11-05;13;566
25;2025-11-05;14;474
25;2025-11-05;15;557
25;2025-11-05;16;687
25;2025-11-05;17;798
25;2025-11-05;18;859
25;2025-11-05;19;549
25;2025-11-05;20;358
25;2025-11-05;21;224
25;2025-11-05;22;120
25;2025-11-05;23;6
25;2025-11-06;0;0
25;2025-11-06;1;0
25;2025-11-06;2;0
25;2025-11-06;3;0
25;2025-11-06;4;0
25;2025-11-06;5;6
25;2025-11-06;6;180
25;2025-11-06;7;572
25;2025-11-06;8;993
25;2025-11-06;9;498
25;2025-11-06;10;393
25;2025-11-06;11;428
25;2025-11-06;12;429
25;2025-11-06;13;556
25;2025-11-06;14;517
25;2025-11-06;15;577
25;2025-11-06;16;712
25;2025-11-06;17;790
25;2025-11-06;18;825
25;2025-11-06;19;554
25;2025-11-06;20;326
25;2025-11-06;21;221
25;2025-11-06;22;129
25;2025-11-06;23;6
25;2025-11-07;0;0
25;2025-11-07;1;0
25;2025-11-07;2;0
25;2025-11-07;3;0
25;2025-11-07;4;0
25;2025-11-07;5;5
25;2025-11-07;6;185
25;2025-11-07;7;563
25;2025-11-07;8;892
25;2025-11-07;9;460
25;2025-11-07;10;374
25;2025-11-07;11;446
25;2025-11-07;12;440
25;2025-11-07;13;545
25;2025-11-07;14;516
25;2025-11-07;15;622
25;2025-11-07;16;783
25;2025-11-07;17;796
25;2025-11-07;18;697
25;2025-11-07;19;500
25;2025-11-07;20;324
25;2025-11-07;21;222
25;2025-11-07;22;137
25;2025-11-07;23;9
25;2025-11-08;0;0
25;2025-11-08;1;0
25;2025-11-08;2;0
25;2025-11-08;3;0
25;2025-11-08;4;0
25;2025-11-08;5;3
25;2025-11-08;6;63
25;2025-11-08;7;146
25;2025-11-08;8;330
25;2025-11-08;9;315
25;2025-11-08;10;310
25;2025-11-08;11;395
25;2025-11-08;12;410
25;2025-11-08;13;588
25;2025-11-08;14;594
25;2025-11-08;15;689
25;2025-11-08;16;600
25;2025-11-08;17;528
25;2025-11-08;18;505
25;2025-11-08;19;441
25;2025-11-08;20;282
25;2025-11-08;21;228
25;2025-11-08;22;144
25;2025-11-08;23;54
25;2025-11-09;0;14
25;2025-11-09;1;0
25;2025-11-09;2;0
25;2025-11-09;3;0
25;2025-11-09;4;0
25;2025-11-09;5;2
25;2025-11-09;6;53
25;2025-11-09;7;106
25;2025-11-09;8;197
25;2025-11-09;9;228
25;2025-11-09;10;232
25;2025-11-09;11;296
25;2025-11-09;12;361
25;2025-11-09;13;470
25;2025-11-09;14;509
25;2025-11-09;15;606
25;2025-11-09;16;532
25;2025-11-09;17;492
25;2025-11-09;18;454
25;2025-11-09;19;372
25;2025-11-09;20;258
25;2025-11-09;21;212
25;2025-11-09;22;126
25;2025-11-09;23;43
25;2025-11-10;0;9
25;2025-11-10;1;0
25;2025-11-10;2;0
25;2025-11-10;3;0
25;2025-11-10;4;0
25;2025-11-10;5;4
25;2025-11-10;6;182
25;2025-11-10;7;562
25;2025-11-10;8;1000
25;2025-11-10;9;512
25;2025-11-10;10;351
25;2025-11-10;11;403
25;2025-11-10;12;399
25;2025-11-10;13;547
25;2025-11-10;14;443
25;2025-11-10;15;529
25;2025-11-10;16;710
25;2025-11-10;17;753
25;2025-11-10;18;872
25;2025-11-10;19;544
25;2025-11-10;20;320
25;2025-11-10;21;217
25;2025-11-10;22;108
25;2025-11-10;23;8
25;2025-11-11;0;0
25;2025-11-11;1;0
25;2025-11-11;2;0
25;2025-11-11;3;0
25;2025-11-11;4;0
25;2025-11-11;5;5
25;2025-11-11;6;182
25;2025-11-11;7;598
25;2025-11-11;8;988
25;2025-11-11;9;527
25;2025-11-11;10;398
25;2025-11-11;11;470
25;2025-11-11;12;422
25;2025-11-11;13;513
25;2025-11-11;14;475
25;2025-11-11;15;572
25;2025-11-11;16;724
25;2025-11-11;17;769
25;2025-11-11;18;817
25;2025-11-11;19;567
25;2025-11-11;20;351
25;2025-11-11;21;222
25;2025-11-11;22;121
25;2025-11-11;23;7
25;2025-11-12;0;0
25;2025-11-12;1;0
25;2025-11-12;2;0
25;2025-11-12;3;0
25;2025-11-12;4;0
25;2025-11-12;5;6
25;2025-11-12;6;175
25;2025-11-12;7;567
25;2025-11-12;8;950
25;2025-11-12;9;493
25;2025-11-12;10;379
25;2025-11-12;11;443
25;2025-11-12;12;440
25;2025-11-12;13;566
25;2025-11-12;14;474
25;2025-11-12;15;557
25;2025-11-12;16;687
25;2025-11-12;17;798
25;2025-11-12;18;859
25;2025-11-12;19;549
25;2025-11-12;20;358
25;2025-11-12;21;224
25;2025-11-12;22;120
25;2025-11-12;23;6
25;2025-11-13;0;0
25;2025-11-13;1;0
25;2025-11-13;2;0
25;2025-11-13;3;0
25;2025-11-13;4;0
25;2025-11-13;5;6
25;2025-11-13;6;180
25;2025-11-13;7;572
25;2025-11-13;8;993
25;2025-11-13;9;498
25;2025-11-13;10;393
25;2025-11-13;11;428
25;2025-11-13;12;429
25;2025-11-13;13;556
25;2025-11-13;14;517
25;2025-11-13;15;577
25;2025-11-13;16;712
25;2025-11-13;17;790
25;2025-11-13;18;825
25;2025-11-13;19;554
25;2025-11-13;20;326
25;2025-11-13;21;221
25;2025-11-13;22;129
25;2025-11-13;23;6
25;2025-11-14;0;0
25;2025-11-14;1;0
25;2025-11-14;2;0
25;2025-11-14;3;0
25;2025-11-14;4;0
25;2025-11-14;5;5
25;2025-11-14;6;185
25;2025-11-14;7;563
25;2025-11-14;8;892
25;2025-11-14;9;460
25;2025-11-14;10;374
25;2025-11-14;11;446
25;2025-11-14;12;440
25;2025-11-14;13;545
25;2025-11-14;14;516
25;2025-11-14;15;622
25;2025-11-14;16;783
25;2025-11-14;17;796
25;2025-11-14;18;697
25;2025-11-14;19;500
25;2025-11-14;20;324
25;2025-11-14;21;222
25;2025-11-14;22;137
25;2025-11-14;23;9
25;2025-11-15;0;0
25;2025-11-15;1;0
25;2025-11-15;2;0
25;2025-11-15;3;0
25;2025-11-15;4;0
25;2025-11-15;5;3
25;2025-11-15;6;63
25;2025-11-15;7;146
25;2025-11-15;8;330
25;2025-11-15;9;315
25;2025-11-15;10;310
25;2025-11-15;11;395
25;2025-11-15;12;410
25;2025-11-15;13;588
25;2025-11-15;14;594
25;2025-11-15;15;689
25;2025-11-15;16;600
25;2025-11-15;17;528
25;2025-11-15;18;505
25;2025-11-15;19;441
25;2025-11-15;20;282
25;2025-11-15;21;228
25;2025-11-15;22;144
25;2025-11-15;23;54
25;2025-11-16;0;14
25;2025-11-16;1;0
25;2025-11-16;2;0
25;2025-11-16;3;0
25;2025-11-16;4;0
25;2025-11-16;5;2
25;2025-11-16;6;53
25;2025-11-16;7;106
25;2025-11-16;8;197
25;2025-11-16;9;228
25;2025-11-16;10;232
25;2025-11-16;11;296
25;2025-11-16;12;361
25;2025-11-16;13;470
25;2025-11-16;14;509
25;2025-11-16;15;606
25;2025-11-16;16;532
25;2025-11-16;17;492
25;2025-11-16;18;454
25;2025-11-16;19;372
25;2025-11-16;20;258
25;2025-11-16;21;212
25;2025-11-16;22;126
25;2025-11-16;23;43
25;2025-11-17;0;9
25;2025-11-17;1;0
25;2025-11-17;2;0
25;2025-11-17;3;0
25;2025-11-17;4;0
25;2025-11-17;5;4
25;2025-11-17;6;182
25;2025-11-17;7;562
25;2025-11-17;8;1000
25;2025-11-17;9;512
25;2025-11-17;10;351
25;2025-11-17;11;403
25;2025-11-17;12;399
25;2025-11-17;13;547
25;2025-11-17;14;443
25;2025-11-17;15;529
25;2025-11-17;16;710
25;2025-11-17;17;753
25;2025-11-17;18;872
25;2025-11-17;19;544
25;2025-11-17;20;320
25;2025-11-17;21;217
25;2025-11-17;22;108
25;2025-11-17;23;8
25;2025-11-18;0;0
25;2025-11-18;1;0
25;2025-11-18;2;0
25;2025-11-18;3;0
25;2025-11-18;4;0
25;2025-11-18;5;5
25;2025-11-18;6;182
25;2025-11-18;7;598
25;2025-11-18;8;988
25;2025-11-18;9;527
25;2025-11-18;10;398
25;2025-11-18;11;470
25;2025-11-18;12;422
25;2025-11-18;13;513
25;2025-11-18;14;475
25;2025-11-18;15;572
25;2025-11-18;16;724
25;2025-11-18;17;769
25;2025-11-18;18;817
25;2025-11-18;19;567
25;2025-11-18;20;351
25;2025-11-18;21;222
25;2025-11-18;22;121
25;2025-11-18;23;7
25;2025-11-19;0;0
25;2025-11-19;1;0
25;2025-11-19;2;0
25;2025-11-19;3;0
25;2025-11-19;4;0
25;2025-11-19;5;6
25;2025-11-19;6;175
25;2025-11-19;7;567
25;2025-11-19;8;950
25;2025-11-19;9;493
25;2025-11-19;10;379
25;2025-11-19;11;443
25;2025-11-19;12;440
25;2025-11-19;13;566
25;2025-11-19;14;474
25;2025-11-19;15;557
25;2025-11-19;16;687
25;2025-11-19;17;798
25;2025-11-19;18;859
25;2025-11-19;19;549
25;2025-11-19;20;358
25;2025-11-19;21;224
25;2025-11-19;22;120
25;2025-11-19;23;6
25;2025-11-20;0;0
25;2025-11-20;1;0
25;2025-11-20;2;0
25;2025-11-20;3;0
25;2025-11-20;4;0
25;2025-11-20;5;6
25;2025-11-20;6;180
25;2025-11-20;7;572
25;2025-11-20;8;993
25;2025-11-20;9;498
25;2025-11-20;10;393
25;2025-11-20;11;428
25;2025-11-20;12;429
25;2025-11-20;13;556
25;2025-11-20;14;517
25;2025-11-20;15;577
25;2025-11-20;16;712
25;2025-11-20;17;790
25;2025-11-20;18;825
25;2025-11-20;19;554
25;2025-11-20;20;326
25;2025-11-20;21;221
25;2025-11-20;22;129
25;2025-11-20;23;6
25;2025-11-21;0;0
25;2025-11-21;1;0
25;2025-11-21;2;0
25;2025-11-21;3;0
25;2025-11-21;4;0
25;2025-11-21;5;5
25;2025-11-21;6;185
25;2025-11-21;7;563
25;2025-11-21;8;892
25;2025-11-21;9;460
25;2025-11-21;10;374
25;2025-11-21;11;446
25;2025-11-21;12;440
25;2025-11-21;13;545
25;2025-11-21;14;516
25;2025-11-21;15;622
25;2025-11-21;16;783
25;2025-11-21;17;796
25;2025-11-21;18;697
25;2025-11-21;19;500
25;2025-11-21;20;324
25;2025-11-21;21;222
25;2025-11-21;22;137
25;2025-11-21;23;9
25;2025-11-22;0;0
25;2025-11-22;1;0
25;2025-11-22;2;0
25;2025-11-22;3;0
25;2025-11-22;4;0
25;2025-11-22;5;3
25;2025-11-22;6;63
25;2025-11-22;7;146
25;2025-11-22;8;330
25;2025-11-22;9;315
25;2025-11-22;10;310
25;2025-11-22;11;395
25;2025-11-22;12;410
25;2025-11-22;13;588
25;2025-11-22;14;594
25;2025-11-22;15;689
25;2025-11-22;16;600
25;2025-11-22;17;528
25;2025-11-22;18;505
25;2025-11-22;19;441
25;2025-11-22;20;282
25;2025-11-22;21;228
25;2025-11-22;22;144
25;2025-11-22;23;54
25;2025-11-23;0;14
25;2025-11-23;1;0
25;2025-11-23;2;0
25;2025-11-23;3;0
25;2025-11-23;4;0
25;2025-11-23;5;2
25;2025-11-23;6;53
25;2025-11-23;7;106
25;2025-11-23;8;197
25;2025-11-23;9;228
25;2025-11-23;10;232
25;2025-11-23;11;296
25;2025-11-23;12;361
25;2025-11-23;13;470
25;2025-11-23;14;509
25;2025-11-23;15;606
25;2025-11-23;16;532
25;2025-11-23;17;492
25;2025-11-23;18;454
25;2025-11-23;19;372
25;2025-11-23;20;258
25;2025-11-23;21;212
25;2025-11-23;22;126
25;2025-11-23;23;43
25;2025-11-24;0;9
25;2025-11-24;1;0
25;2025-11-24;2;0
25;2025-11-24;3;0
25;2025-11-24;4;0
25;2025-11-24;5;4
25;2025-11-24;6;182
25;2025-11-24;7;562
25;2025-11-24;8;1000
25;2025-11-24;9;512
25;2025-11-24;10;351
25;2025-11-24;11;403
25;2025-11-24;12;399
25;2025-11-24;13;547
25;2025-11-24;14;443
25;2025-11-24;15;529
25;2025-11-24;16;710
25;2025-11-24;17;753
25;2025-11-24;18;872
25;2025-11-24;19;544
25;2025-11-24;20;320
25;2025-11-24;21;217
25;2025-11-24;22;108
25;2025-11-24;23;8
25;2025-11-25;0;0
25;2025-11-25;1;0
25;2025-11-25;2;0
25;2025-11-25;3;0
25;2025-11-25;4;0
25;2025-11-25;5;5
25;2025-11-25;6;182
25;2025-11-25;7;598
25;2025-11-25;8;988
25;2025-11-25;9;527
25;2025-11-25;10;398
25;2025-11-25;11;470
25;2025-11-25;12;422
25;2025-11-25;13;513
25;2025-11-25;14;475
25;2025-11-25;15;572
25;2025-11-25;16;724
25;2025-11-25;17;769
25;2025-11-25;18;817
25;2025-11-25;19;567
25;2025-11-25;20;351
25;2025-11-25;21;222
25;2025-11-25;22;121
25;2025-11-25;23;7
25;2025-11-26;0;0
25;2025-11-26;1;0
25;2025-11-26;2;0
25;2025-11-26;3;0
25;2025-11-26;4;0
25;2025-11-26;5;6
25;2025-11-26;6;175
25;2025-11-26;7;567
25;2025-11-26;8;950
25;2025-11-26;9;493
25;2025-11-26;10;379
25;2025-11-26;11;443
25;2025-11-26;12;440
25;2025-11-26;13;566
25;2025-11-26;14;474
25;2025-11-26;15;557
25;2025-11-26;16;687
25;2025-11-26;17;798
25;2025-11-26;18;859
25;2025-11-26;19;549
25;2025-11-26;20;358
25;2025-11-26;21;224
25;2025-11-26;22;120
25;2025-11-26;23;6
25;2025-11-27;0;0
25;2025-11-27;1;0
25;2025-11-27;2;0
25;2025-11-27;3;0
25;2025-11-27;4;0
25;2025-11-27;5;6
25;2025-11-27;6;180
25;2025-11-27;7;572
25;2025-11-27;8;993
25;2025-11-27;9;498
25;2025-11-27;10;393
25;2025-11-27;11;428
25;2025-11-27;12;429
25;2025-11-27;13;556
25;2025-11-27;14;517
25;2025-11-27;15;577
25;2025-11-27;16;712
25;2025-11-27;17;790
25;2025-11-27;18;825
25;2025-11-27;19;554
25;2025-11-27;20;326
25;2025-11-27;21;221
25;2025-11-27;22;129
25;2025-11-27;23;6
25;2025-11-28;0;0
25;2025-11-28;1;0
25;2025-11-28;2;0
25;2025-11-28;3;0
25;2025-11-28;4;0
25;2025-11-28;5;5
25;2025-11-28;6;185
25;2025-11-28;7;563
25;2025-11-28;8;892
25;2025-11-28;9;460
25;2025-11-28;10;374
25;2025-11-28;11;446
25;2025-11-28;12;440
25;2025-11-28;13;545
25;2025-11-28;14;516
25;2025-11-28;15;622
25;2025-11-28;16;783
25;2025-11-28;17;796
25;2025-11-28;18;697
25;2025-11-28;19;500
25;2025-11-28;20;324
25;2025-11-28;21;222
25;2025-11-28;22;137
25;2025-11-28;23;9
25;2025-11-29;0;0
25;2025-11-29;1;0
25;2025-11-29;2;0
25;2025-11-29;3;0
25;2025-11-29;4;0
25;2025-11-29;5;3
25;2025-11-29;6;63
25;2025-11-29;7;146
25;2025-11-29;8;330
25;2025-11-29;9;315
25;2025-11-29;10;310
25;2025-11-29;11;395
25;2025-11-29;12;410
25;2025-11-29;13;588
25;2025-11-29;14;594
25;2025-11-29;15;689
25;2025-11-29;16;600
25;2025-11-29;17;528
25;2025-11-29;18;505
25;2025-11-29;19;441
25;2025-11-29;20;282
25;2025-11-29;21;228
25;2025-11-29;22;144
25;2025-11-29;23;54
25;2025-11-30;0;14
25;2025-11-30;1;0
25;2025-11-30;2;0
25;2025-11-30;3;0
25;2025-11-30;4;0
25;2025-11-30;5;2
25;2025-11-30;6;53
25;2025-11-30;7;106
25;2025-11-30;8;197
25;2025-11-30;9;228
25;2025-11-30;10;232
25;2025-11-30;11;296
25;2025-11-30;12;361
25;2025-11-30;13;470
25;2025-11-30;14;509
25;2025-11-30;15;606
25;2025-11-30;16;532
25;2025-11-30;17;492
25;2025-11-30;18;454
25;2025-11-30;19;372
25;2025-11-30;20;258
25;2025-11-30;21;212
25;2025-11-30;22;126
25;2025-11-30;23;43
25;2025-12-01;0;9
25;2025-12-01;1;0
25;2025-12-01;2;0
25;2025-12-01;3;0
25;2025-12-01;4;0
25;2025-12-01;5;4
25;2025-12-01;6;182
25;2025-12-01;7;562
25;2025-12-01;8;1000
25;2025-12-01;9;512
25;2025-12-01;10;351
25;2025-12-01;11;403
25;2025-12-01;12;399
25;2025-12-01;13;547
25;2025-12-01;14;443
25;2025-12-01;15;529
25;2025-12-01;16;710
25;2025-12-01;17;753
25;2025-12-01;18;872
25;2025-12-01;19;544
25;2025-12-01;20;320
25;2025-12-01;21;217
25;2025-12-01;22;108
25;2025-12-01;23;8
25;2025-12-02;0;0
25;2025-12-02;1;0
25;2025-12-02;2;0
25;2025-12-02;3;0
25;2025-12-02;4;0
25;2025-12-02;5;5
25;2025-12-02;6;182
25;2025-12-02;7;598
25;2025-12-02;8;988
25;2025-12-02;9;527
25;2025-12-02;10;398
25;2025-12-02;11;470
25;2025-12-02;12;422
25;2025-12-02;13;513
25;2025-12-02;14;475
25;2025-12-02;15;572
25;2025-12-02;16;724
25;2025-12-02;17;769
25;2025-12-02;18;817
25;2025-12-02;19;567
25;2025-12-02;20;351
25;2025-12-02;21;222
25;2025-12-02;22;121
25;2025-12-02;23;7
25;2025-12-03;0;0
25;2025-12-03;1;0
25;2025-12-03;2;0
25;2025-12-03;3;0
25;2025-12-03;4;0
25;2025-12-03;5;6
25;2025-12-03;6;175
25;2025-12-03;7;567
25;2025-12-03;8;950
25;2025-12-03;9;493
25;2025-12-03;10;379
25;2025-12-03;11;443
25;2025-12-03;12;440
25;2025-12-03;13;566
25;2025-12-03;14;474
25;2025-12-03;15;557
25;2025-12-03;16;687
25;2025-12-03;17;798
25;2025-12-03;18;859
25;2025-12-03;19;549
25;2025-12-03;20;358
25;2025-12-03;21;224
25;2025-12-03;22;120
25;2025-12-03;23;6
25;2025-12-04;0;0
25;2025-12-04;1;0
25;2025-12-04;2;0
25;2025-12-04;3;0
25;2025-12-04;4;0
25;2025-12-04;5;6
25;2025-12-04;6;180
25;2025-12-04;7;572
25;2025-12-04;8;993
25;2025-12-04;9;498
25;2025-12-04;10;393
25;2025-12-04;11;428
25;2025-12-04;12;429
25;2025-12-04;13;556
25;2025-12-04;14;517
25;2025-12-04;15;577
25;2025-12-04;16;712
25;2025-12-04;17;790
25;2025-12-04;18;825
25;2025-12-04;19;554
25;2025-12-04;20;326
25;2025-12-04;21;221
25;2025-12-04;22;129
25;2025-12-04;23;6
25;2025-12-05;0;0
25;2025-12-05;1;0
25;2025-12-05;2;0
25;2025-12-05;3;0
25;2025-12-05;4;0
25;2025-12-05;5;5
25;2025-12-05;6;185
25;2025-12-05;7;563
25;2025-12-05;8;892
25;2025-12-05;9;460
25;2025-12-05;10;374
25;2025-12-05;11;446
25;2025-12-05;12;440
25;2025-12-05;13;545
25;2025-12-05;14;516
25;2025-12-05;15;622
25;2025-12-05;16;783
25;2025-12-05;17;796
25;2025-12-05;18;697
25;2025-12-05;19;500
25;2025-12-05;20;324
25;2025-12-05;21;222
25;2025-12-05;22;137
25;2025-12-05;23;9
25;2025-12-06;0;0
25;2025-12-06;1;0
25;2025-12-06;2;0
25;2025-12-06;3;0
25;2025-12-06;4;0
25;2025-12-06;5;3
25;2025-12-06;6;63
25;2025-12-06;7;146
25;2025-12-06;8;330
25;2025-12-06;9;315
25;2025-12-06;10;310
25;2025-12-06;11;395
25;2025-12-06;12;410
25;2025-12-06;13;588
25;2025-12-06;14;594
25;2025-12-06;15;689
25;2025-12-06;16;600
25;2025-12-06;17;528
25;2025-12-06;18;505
25;2025-12-06;19;441
25;2025-12-06;20;282
25;2025-12-06;21;228
25;2025-12-06;22;144
25;2025-12-06;23;54
25;2025-12-07;0;14
25;2025-12-07;1;0
25;2025-12-07;2;0
25;2025-12-07;3;0
25;2025-12-07;4;0
25;2025-12-07;5;2
25;2025-12-07;6;53
25;2025-12-07;7;106
25;2025-12-07;8;197
25;2025-12-07;9;228
25;2025-12-07;10;232
25;2025-12-07;11;296
25;2025-12-07;12;361
25;2025-12-07;13;470
25;2025-12-07;14;509
25;2025-12-07;15;606
25;2025-12-07;16;532
25;2025-12-07;17;492
25;2025-12-07;18;454
25;2025-12-07;19;372
25;2025-12-07;20;258
25;2025-12-07;21;212
25;2025-12-07;22;126
25;2025-12-07;23;43
25;2025-12-08;0;9
25;2025-12-08;1;0
25;2025-12-08;2;0
25;2025-12-08;3;0
25;2025-12-08;4;0
25;2025-12-08;5;4
25;2025-12-08;6;182
25;2025-12-08;7;562
25;2025-12-08;8;1000
25;2025-12-08;9;512
25;2025-12-08;10;351
25;2025-12-08;11;403
25;2025-12-08;12;399
25;2025-12-08;13;547
25;2025-12-08;14;443
25;2025-12-08;15;529
25;2025-12-08;16;710
25;2025-12-08;17;753
25;2025-12-08;18;872
25;2025-12-08;19;544
25;2025-12-08;20;320
25;2025-12-08;21;217
25;2025-12-08;22;108
25;2025-12-08;23;8
25;2025-12-09;0;0
25;2025-12-09;1;0
25;2025-12-09;2;0
25;2025-12-09;3;0
25;2025-12-09;4;0
25;2025-12-09;5;5
25;2025-12-09;6;182
25;2025-12-09;7;598
25;2025-12-09;8;988
25;2025-12-09;9;527
25;2025-12-09;10;398
25;2025-12-09;11;470
25;2025-12-09;12;422
25;2025-12-09;13;513
25;2025-12-09;14;475
25;2025-12-09;15;572
25;2025-12-09;16;724
25;2025-12-09;17;769
25;2025-12-09;18;817
25;2025-12-09;19;567
25;2025-12-09;20;351
25;2025-12-09;21;222
25;2025-12-09;22;121
25;2025-12-09;23;7
25;2025-12-10;0;0
25;2025-12-10;1;0
25;2025-12-10;2;0
25;2025-12-10;3;0
25;2025-12-10;4;0
25;2025-12-10;5;6
25;2025-12-10;6;175
25;2025-12-10;7;567
25;2025-12-10;8;950
25;2025-12-10;9;493
25;2025-12-10;10;379
25;2025-12-10;11;443
25;2025-12-10;12;440
25;2025-12-10;13;566
25;2025-12-10;14;474
25;2025-12-10;15;557
25;2025-12-10;16;687
25;2025-12-10;17;798
25;2025-12-10;18;859
25;2025-12-10;19;549
25;2025-12-10;20;358
25;2025-12-10;21;224
25;2025-12-10;22;120
25;2025-12-10;23;6
25;2025-12-11;0;0
25;2025-12-11;1;0
25;2025-12-11;2;0
25;2025-12-11;3;0
25;2025-12-11;4;0
25;2025-12-11;5;6
25;2025-12-11;6;180
25;2025-12-11;7;572
25;2025-12-11;8;993
25;2025-12-11;9;498
25;2025-12-11;10;393
25;2025-12-11;11;428
25;2025-12-11;12;429
25;2025-12-11;13;556
25;2025-12-11;14;517
25;2025-12-11;15;577
25;2025-12-11;16;712
25;2025-12-11;17;790
25;2025-12-11;18;825
25;2025-12-11;19;554
25;2025-12-11;20;326
25;2025-12-11;21;221
25;2025-12-11;22;129
25;2025-12-11;23;6
25;2025-12-12;0;0
25;2025-12-12;1;0
25;2025-12-12;2;0
25;2025-12-12;3;0
25;2025-12-12;4;0
25;2025-12-12;5;5
25;2025-12-12;6;185
25;2025-12-12;7;563
25;2025-12-12;8;892
25;2025-12-12;9;460
25;2025-12-12;10;374
25;2025-12-12;11;446
25;2025-12-12;12;440
25;2025-12-12;13;545
25;2025-12-12;14;516
25;2025-12-12;15;622
25;2025-12-12;16;783
25;2025-12-12;17;796
25;2025-12-12;18;697
25;2025-12-12;19;500
25;2025-12-12;20;324
25;2025-12-12;21;222
25;2025-12-12;22;137
25;2025-12-12;23;9
25;2025-12-13;0;0
25;2025-12-13;1;0
25;2025-12-13;2;0
25;2025-12-13;3;0
25;2025-12-13;4;0
25;2025-12-13;5;3
25;2025-12-13;6;63
25;2025-12-13;7;146
25;2025-12-13;8;330
25;2025-12-13;9;315
25;2025-12-13;10;310
25;2025-12-13;11;395
25;2025-12-13;12;410
25;2025-12-13;13;588
25;2025-12-13;14;594
25;2025-12-13;15;689
25;2025-12-13;16;600
25;2025-12-13;17;528
25;2025-12-13;18;505
25;2025-12-13;19;441
25;2025-12-13;20;282
25;2025-12-13;21;228
25;2025-12-13;22;144
25;2025-12-13;23;54
25;2025-12-14;0;14
25;2025-12-14;1;0
25;2025-12-14;2;0
25;2025-12-14;3;0
25;2025-12-14;4;0
25;2025-12-14;5;2
25;2025-12-14;6;53
25;2025-12-14;7;106
25;2025-12-14;8;197
25;2025-12-14;9;228
25;2025-12-14;10;232
25;2025-12-14;11;296
25;2025-12-14;12;361
25;2025-12-14;13;470
25;2025-12-14;14;509
25;2025-12-14;15;606
25;2025-12-14;16;532
25;2025-12-14;17;492
25;2025-12-14;18;454
25;2025-12-14;19;372
25;2025-12-14;20;258
25;2025-12-14;21;212
25;2025-12-14;22;126
25;2025-12-14;23;43
25;2025-12-15;0;9
25;2025-12-15;1;0
25;2025-12-15;2;0
25;2025-12-15;3;0
25;2025-12-15;4;0
25;2025-12-15;5;4
25;2025-12-15;6;182
25;2025-12-15;7;562
25;2025-12-15;8;1000
25;2025-12-15;9;512
25;2025-12-15;10;351
25;2025-12-15;11;403
25;2025-12-15;12;399
25;2025-12-15;13;547
25;2025-12-15;14;443
25;2025-12-15;15;529
25;2025-12-15;16;710
25;2025-12-15;17;753
25;2025-12-15;18;872
25;2025-12-15;19;544
25;2025-12-15;20;320
25;2025-12-15;21;217
25;2025-12-15;22;108
25;2025-12-15;23;8
25;2025-12-16;0;0
25;2025-12-16;1;0
25;2025-12-16;2;0
25;2025-12-16;3;0
25;2025-12-16;4;0
25;2025-12-16;5;5
25;2025-12-16;6;182
25;2025-12-16;7;598
25;2025-12-16;8;988
25;2025-12-16;9;527
25;2025-12-16;10;398
25;2025-12-16;11;470
25;2025-12-16;12;422
25;2025-12-16;13;513
25;2025-12-16;14;475
25;2025-12-16;15;572
25;2025-12-16;16;724
25;2025-12-16;17;769
25;2025-12-16;18;817
25;2025-12-16;19;567
25;2025-12-16;20;351
25;2025-12-16;21;222
25;2025-12-16;22;121
25;2025-12-16;23;7
25;2025-12-17;0;0
25;2025-12-17;1;0
25;2025-12-17;2;0
25;2025-12-17;3;0
25;2025-12-17;4;0
25;2025-12-17;5;6
25;2025-12-17;6;175
25;2025-12-17;7;567
25;2025-12-17;8;950
25;2025-12-17;9;493
25;2025-12-17;10;379
25;2025-12-17;11;443
25;2025-12-17;12;440
25;2025-12-17;13;566
25;2025-12-17;14;474
25;2025-12-17;15;557
25;2025-12-17;16;687
25;2025-12-17;17;798
25;2025-12-17;18;859
25;2025-12-17;19;549
25;2025-12-17;20;358
25;2025-12-17;21;224
25;2025-12-17;22;120
25;2025-12-17;23;6
25;2025-12-18;0;0
25;2025-12-18;1;0
25;2025-12-18;2;0
25;2025-12-18;3;0
25;2025-12-18;4;0
25;2025-12-18;5;6
25;2025-12-18;6;180
25;2025-12-18;7;572
25;2025-12-18;8;993
25;2025-12-18;9;498
25;2025-12-18;10;393
25;2025-12-18;11;428
25;2025-12-18;12;429
25;2025-12-18;13;556
25;2025-12-18;14;517
25;2025-12-18;15;577
25;2025-12-18;16;712
25;2025-12-18;17;790
25;2025-12-18;18;825
25;2025-12-18;19;554
25;2025-12-18;20;326
25;2025-12-18;21;221
25;2025-12-18;22;129
25;2025-12-18;23;6
25;2025-12-19;0;0
25;2025-12-19;1;0
25;2025-12-19;2;0
25;2025-12-19;3;0
25;2025-12-19;4;0
25;2025-12-19;5;5
25;2025-12-19;6;185
25;2025-12-19;7;563
25;2025-12-19;8;892
25;2025-12-19;9;460
25;2025-12-19;10;374
25;2025-12-19;11;446
25;2025-12-19;12;440
25;2025-12-19;13;545
25;2025-12-19;14;516
25;2025-12-19;15;622
25;2025-12-19;16;783
25;2025-12-19;17;796
25;2025-12-19;18;697
25;2025-12-19;19;500
25;2025-12-19;20;324
25;2025-12-19;21;222
25;2025-12-19;22;137
25;2025-12-19;23;9
25;2025-12-20;0;0
25;2025-12-20;1;0
25;2025-12-20;2;0
25;2025-12-20;3;0
25;2025-12-20;4;0
25;2025-12-20;5;3
25;2025-12-20;6;63
25;2025-12-20;7;146
25;2025-12-20;8;330
25;2025-12-20;9;315
25;2025-12-20;10;310
25;2025-12-20;11;395
25;2025-12-20;12;410
25;2025-12-20;13;588
25;2025-12-20;14;594
25;2025-12-20;15;689
25;2025-12-20;16;600
25;2025-12-20;17;528
25;2025-12-20;18;505
25;2025-12-20;19;441
25;2025-12-20;20;282
25;2025-12-20;21;228
25;2025-12-20;22;144
25;2025-12-20;23;54
25;2025-12-21;0;14
25;2025-12-21;1;0
25;2025-12-21;2;0
25;2025-12-21;3;0
25;2025-12-21;4;0
25;2025-12-21;5;2
25;2025-12-21;6;53
25;2025-12-21;7;106
25;2025-12-21;8;197
25;2025-12-21;9;228
25;2025-12-21;10;232
25;2025-12-21;11;296
25;2025-12-21;12;361
25;2025-12-21;13;470
25;2025-12-21;14;509
25;2025-12-21;15;606
25;2025-12-21;16;532
25;2025-12-21;17;492
25;2025-12-21;18;454
25;2025-12-21;19;372
25;2025-12-21;20;258
25;2025-12-21;21;212
25;2025-12-21;22;126
25;2025-12-21;23;43
25;2025-12-22;0;9
25;2025-12-22;1;0
25;2025-12-22;2;0
25;2025-12-22;3;0
25;2025-12-22;4;0
25;2025-12-22;5;4
25;2025-12-22;6;182
25;2025-12-22;7;562
25;2025-12-22;8;1000
25;2025-12-22;9;512
25;2025-12-22;10;351
25;2025-12-22;11;403
25;2025-12-22;12;399
25;2025-12-22;13;547
25;2025-12-22;14;443
25;2025-12-22;15;529
25;2025-12-22;16;710
25;2025-12-22;17;753
25;2025-12-22;18;872
25;2025-12-22;19;544
25;2025-12-22;20;320
25;2025-12-22;21;217
25;2025-12-22;22;108
25;2025-12-22;23;8
25;2025-12-23;0;0
25;2025-12-23;1;0
25;2025-12-23;2;0
25;2025-12-23;3;0
25;2025-12-23;4;0
25;2025-12-23;5;5
25;2025-12-23;6;182
25;2025-12-23;7;598
25;2025-12-23;8;988
25;2025-12-23;9;527
25;2025-12-23;10;398
25;2025-12-23;11;470
25;2025-12-23;12;422
25;2025-12-23;13;513
25;2025-12-23;14;475
25;2025-12-23;15;572
25;2025-12-23;16;724
25;2025-12-23;17;769
25;2025-12-23;18;817
25;2025-12-23;19;567
25;2025-12-23;20;351
25;2025-12-23;21;222
25;2025-12-23;22;121
25;2025-12-23;23;7
25;2025-12-24;0;0
25;2025-12-24;1;0
25;2025-12-24;2;0
25;2025-12-24;3;0
25;2025-12-24;4;0
25;2025-12-24;5;6
25;2025-12-24;6;175
25;2025-12-24;7;567
25;2025-12-24;8;950
25;2025-12-24;9;493
25;2025-12-24;10;379
25;2025-12-24;11;443
25;2025-12-24;12;440
25;2025-12-24;13;566
25;2025-12-24;14;474
25;2025-12-24;15;557
25;2025-12-24;16;687
25;2025-12-24;17;798
25;2025-12-24;18;859
25;2025-12-24;19;549
25;2025-12-24;20;358
25;2025-12-24;21;224
25;2025-12-24;22;120
25;2025-12-24;23;6
25;2025-12-25;0;0
25;2025-12-25;1;0
25;2025-12-25;2;0
25;2025-12-25;3;0
25;2025-12-25;4;0
25;2025-12-25;5;6
25;2025-12-25;6;180
25;2025-12-25;7;572
25;2025-12-25;8;993
25;2025-12-25;9;498
25;2025-12-25;10;393
25;2025-12-25;11;428
25;2025-12-25;12;429
25;2025-12-25;13;556
25;2025-12-25;14;517
25;2025-12-25;15;577
25;2025-12-25;16;712
25;2025-12-25;17;790
25;2025-12-25;18;825
25;2025-12-25;19;554
25;2025-12-25;20;326
25;2025-12-25;21;221
25;2025-12-25;22;129
25;2025-12-25;23;6
25;2025-12-26;0;0
25;2025-12-26;1;0
25;2025-12-26;2;0
25;2025-12-26;3;0
25;2025-12-26;4;0
25;2025-12-26;5;5
25;2025-12-26;6;185
25;2025-12-26;7;563
25;2025-12-26;8;892
25;2025-12-26;9;460
25;2025-12-26;10;374
25;2025-12-26;11;446
25;2025-12-26;12;440
25;2025-12-26;13;545
25;2025-12-26;14;516
25;2025-12-26;15;622
25;2025-12-26;16;783
25;2025-12-26;17;796
25;2025-12-26;18;697
25;2025-12-26;19;500
25;2025-12-26;20;324
25;2025-12-26;21;222
25;2025-12-26;22;137
25;2025-12-26;23;9
25;2025-12-27;0;0
25;2025-12-27;1;0
25;2025-12-27;2;0
25;2025-12-27;3;0
25;2025-12-27;4;0
25;2025-12-27;5;3
25;2025-12-27;6;63
25;2025-12-27;7;146
25;2025-12-27;8;330
25;2025-12-27;9;315
25;2025-12-27;10;310
25;2025-12-27;11;395
25;2025-12-27;12;410
25;2025-12-27;13;588
25;2025-12-27;14;594
25;2025-12-27;15;689
25;2025-12-27;16;600
25;2025-12-27;17;528
25;2025-12-27;18;505
25;2025-12-27;19;441
25;2025-12-27;20;282
25;2025-12-27;21;228
25;2025-12-27;22;144
25;2025-12-27;23;54
25;2025-12-28;0;14
25;2025-12-28;1;0
25;2025-12-28;2;0
25;2025-12-28;3;0
25;2025-12-28;4;0
25;2025-12-28;5;2
25;2025-12-28;6;53
25;2025-12-28;7;106
25;2025-12-28;8;197
25;2025-12-28;9;228
25;2025-12-28;10;232
25;2025-12-28;11;296
25;2025-12-28;12;361
25;2025-12-28;13;470
25;2025-12-28;14;509
25;2025-12-28;15;606
25;2025-12-28;16;532
25;2025-12-28;17;492
25;2025-12-28;18;454
25;2025-12-28;19;372
25;2025-12-28;20;258
25;2025-12-28;21;212
25;2025-12-28;22;126
25;2025-12-28;23;43
25;2025-12-29;0;9
25;2025-12-29;1;0
25;2025-12-29;2;0
25;2025-12-29;3;0
25;2025-12-29;4;0
25;2025-12-29;5;4
25;2025-12-29;6;182
25;2025-12-29;7;562
25;2025-12-29;8;1000
25;2025-12-29;9;512
25;2025-12-29;10;351
25;2025-12-29;11;403
25;2025-12-29;12;399
25;2025-12-29;13;547
25;2025-12-29;14;443
25;2025-12-29;15;529
25;2025-12-29;16;710
25;2025-12-29;17;753
25;2025-12-29;18;872
25;2025-12-29;19;544
25;2025-12-29;20;320
25;2025-12-29;21;217
25;2025-12-29;22;108
25;2025-12-29;23;8
25;2025-12-30;0;0
25;2025-12-30;1;0
25;2025-12-30;2;0
25;2025-12-30;3;0
25;2025-12-30;4;0
25;2025-12-30;5;5
25;2025-12-30;6;182
25;2025-12-30;7;598
25;2025-12-30;8;988
25;2025-12-30;9;527
25;2025-12-30;10;398
25;2025-12-30;11;470
25;2025-12-30;12;422
25;2025-12-30;13;513
25;2025-12-30;14;475
25;2025-12-30;15;572
25;2025-12-30;16;724
25;2025-12-30;17;769
25;2025-12-30;18;817
25;2025-12-30;19;567
25;2025-12-30;20;351
25;2025-12-30;21;222
25;2025-12-30;22;121
25;2025-12-30;23;7
25;2025-12-31;0;14
25;2025-12-31;1;0
25;2025-12-31;2;0
25;2025-12-31;3;0
25;2025-12-31;4;0
25;2025-12-31;5;2
25;2025-12-31;6;52
25;2025-12-31;7;103
25;2025-12-31;8;192
25;2025-12-31;9;223
25;2025-12-31;10;227
25;2025-12-31;11;289
25;2025-12-31;12;353
25;2025-12-31;13;459
25;2025-12-31;14;498
25;2025-12-31;15;592
25;2025-12-31;16;521
25;2025-12-31;17;481
25;2025-12-31;18;444
25;2025-12-31;19;363
25;2025-12-31;20;252
25;2025-12-31;21;207
25;2025-12-31;22;123
25;2025-12-31;23;42
26;2025-11-01;0;36
26;2025-11-01;1;2
26;2025-11-01;2;0
26;2025-11-01;3;0
26;2025-11-01;4;1
26;2025-11-01;5;90
26;2025-11-01;6;516
26;2025-11-01;7;1085
26;2025-11-01;8;2086
26;2025-11-01;9;1425
26;2025-11-01;10;1246
26;2025-11-01;11;1090
26;2025-11-01;12;1146
26;2025-11-01;13;1212
26;2025-11-01;14;1271
26;2025-11-01;15;1414
26;2025-11-01;16;1670
26;2025-11-01;17;1747
26;2025-11-01;18;1453
26;2025-11-01;19;1107
26;2025-11-01;20;742
26;2025-11-01;21;484
26;2025-11-01;22;232
26;2025-11-01;23;163
26;2025-11-02;0;52
26;2025-11-02;1;4
26;2025-11-02;2;0
26;2025-11-02;3;0
26;2025-11-02;4;1
26;2025-11-02;5;29
26;2025-11-02;6;174
26;2025-11-02;7;272
26;2025-11-02;8;390
26;2025-11-02;9;534
26;2025-11-02;10;589
26;2025-11-02;11;798
26;2025-11-02;12;841
26;2025-11-02;13;900
26;2025-11-02;14;887
26;2025-11-02;15;823
26;2025-11-02;16;832
26;2025-11-02;17;818
26;2025-11-02;18;772
26;2025-11-02;19;605
26;2025-11-02;20;450
26;2025-11-02;21;310
26;2025-11-02;22;217
26;2025-11-02;23;116
26;2025-11-03;0;50
26;2025-11-03;1;4
26;2025-11-03;2;0
26;2025-11-03;3;0
26;2025-11-03;4;1
26;2025-11-03;5;28
26;2025-11-03;6;167
26;2025-11-03;7;260
26;2025-11-03;8;374
26;2025-11-03;9;511
26;2025-11-03;10;564
26;2025-11-03;11;764
26;2025-11-03;12;805
26;2025-11-03;13;862
26;2025-11-03;14;849
26;2025-11-03;15;788
26;2025-11-03;16;797
26;2025-11-03;17;783
26;2025-11-03;18;740
26;2025-11-03;19;579
26;2025-11-03;20;431
26;2025-11-03;21;297
26;2025-11-03;22;208
26;2025-11-03;23;111
26;2025-11-04;0;51
26;2025-11-04;1;4
26;2025-11-04;2;0
26;2025-11-04;3;0
26;2025-11-04;4;1
26;2025-11-04;5;29
26;2025-11-04;6;172
26;2025-11-04;7;268
26;2025-11-04;8;385
26;2025-11-04;9;526
26;2025-11-04;10;581
26;2025-11-04;11;787
26;2025-11-04;12;830
26;2025-11-04;13;888
26;2025-11-04;14;875
26;2025-11-04;15;812
26;2025-11-04;16;821
26;2025-11-04;17;806
26;2025-11-04;18;762
26;2025-11-04;19;596
26;2025-11-04;20;443
26;2025-11-04;21;306
26;2025-11-04;22;214
26;2025-11-04;23;115
26;2025-11-05;0;32
26;2025-11-05;1;1
26;2025-11-05;2;0
26;2025-11-05;3;0
26;2025-11-05;4;2
26;2025-11-05;5;91
26;2025-11-05;6;500
26;2025-11-05;7;1101
26;2025-11-05;8;2158
26;2025-11-05;9;1463
26;2025-11-05;10;1204
26;2025-11-05;11;1087
26;2025-11-05;12;1134
26;2025-11-05;13;1170
26;2025-11-05;14;1285
26;2025-11-05;15;1325
26;2025-11-05;16;1456
26;2025-11-05;17;1639
26;2025-11-05;18;1838
26;2025-11-05;19;1249
26;2025-11-05;20;777
26;2025-11-05;21;498
26;2025-11-05;22;236
26;2025-11-05;23;129
26;2025-11-06;0;38
26;2025-11-06;1;1
26;2025-11-06;2;0
26;2025-11-06;3;0
26;2025-11-06;4;1
26;2025-11-06;5;87
26;2025-11-06;6;496
26;2025-11-06;7;1086
26;2025-11-06;8;2152
26;2025-11-06;9;1492
26;2025-11-06;10;1181
26;2025-11-06;11;1128
26;2025-11-06;12;1136
26;2025-11-06;13;1167
26;2025-11-06;14;1230
26;2025-11-06;15;1337
26;2025-11-06;16;1499
26;2025-11-06;17;1680
26;2025-11-06;18;1916
26;2025-11-06;19;1279
26;2025-11-06;20;769
26;2025-11-06;21;476
26;2025-11-06;22;246
26;2025-11-06;23;131
26;2025-11-07;0;35
26;2025-11-07;1;2
26;2025-11-07;2;0
26;2025-11-07;3;0
26;2025-11-07;4;1
26;2025-11-07;5;89
26;2025-11-07;6;512
26;2025-11-07;7;1077
26;2025-11-07;8;2070
26;2025-11-07;9;1414
26;2025-11-07;10;1236
26;2025-11-07;11;1082
26;2025-11-07;12;1137
26;2025-11-07;13;1202
26;2025-11-07;14;1261
26;2025-11-07;15;1403
26;2025-11-07;16;1658
26;2025-11-07;17;1734
26;2025-11-07;18;1442
26;2025-11-07;19;1098
26;2025-11-07;20;736
26;2025-11-07;21;480
26;2025-11-07;22;230
26;2025-11-07;23;162
26;2025-11-08;0;46
26;2025-11-08;1;2
26;2025-11-08;2;0
26;2025-11-08;3;0
26;2025-11-08;4;2
26;2025-11-08;5;49
26;2025-11-08;6;266
26;2025-11-08;7;378
26;2025-11-08;8;595
26;2025-11-08;9;696
26;2025-11-08;10;823
26;2025-11-08;11;1003
26;2025-11-08;12;1048
26;2025-11-08;13;1048
26;2025-11-08;14;1041
26;2025-11-08;15;993
26;2025-11-08;16;994
26;2025-11-08;17;932
26;2025-11-08;18;887
26;2025-11-08;19;821
26;2025-11-08;20;557
26;2025-11-08;21;372
26;2025-11-08;22;227
26;2025-11-08;23;147
26;2025-11-09;0;52
26;2025-11-09;1;4
26;2025-11-09;2;0
26;2025-11-09;3;0
26;2025-11-09;4;1
26;2025-11-09;5;29
26;2025-11-09;6;174
26;2025-11-09;7;272
26;2025-11-09;8;390
26;2025-11-09;9;534
26;2025-11-09;10;589
26;2025-11-09;11;798
26;2025-11-09;12;841
26;2025-11-09;13;900
26;2025-11-09;14;887
26;2025-11-09;15;823
26;2025-11-09;16;832
26;2025-11-09;17;818
26;2025-11-09;18;772
26;2025-11-09;19;605
26;2025-11-09;20;450
26;2025-11-09;21;310
26;2025-11-09;22;217
26;2025-11-09;23;116
26;2025-11-10;0;27
26;2025-11-10;1;2
26;2025-11-10;2;0
26;2025-11-10;3;0
26;2025-11-10;4;2
26;2025-11-10;5;89
26;2025-11-10;6;515
26;2025-11-10;7;1095
26;2025-11-10;8;2091
26;2025-11-10;9;1442
26;2025-11-10;10;1184
26;2025-11-10;11;1042
26;2025-11-10;12;1067
26;2025-11-10;13;1163
26;2025-11-10;14;1183
26;2025-11-10;15;1288
26;2025-11-10;16;1467
26;2025-11-10;17;1667
26;2025-11-10;18;1871
26;2025-11-10;19;1233
26;2025-11-10;20;771
26;2025-11-10;21;441
26;2025-11-10;22;217
26;2025-11-10;23;105
26;2025-11-11;0;31
26;2025-11-11;1;1
26;2025-11-11;2;0
26;2025-11-11;3;0
26;2025-11-11;4;2
26;2025-11-11;5;86
26;2025-11-11;6;511
26;2025-11-11;7;1108
26;2025-11-11;8;2220
26;2025-11-11;9;1460
26;2025-11-11;10;1203
26;2025-11-11;11;1113
26;2025-11-11;12;1129
26;2025-11-11;13;1155
26;2025-11-11;14;1189
26;2025-11-11;15;1305
26;2025-11-11;16;1470
26;2025-11-11;17;1749
26;2025-11-11;18;1888
26;2025-11-11;19;1338
26;2025-11-11;20;785
26;2025-11-11;21;476
26;2025-11-11;22;226
26;2025-11-11;23;115
26;2025-11-12;0;32
26;2025-11-12;1;1
26;2025-11-12;2;0
26;2025-11-12;3;0
26;2025-11-12;4;2
26;2025-11-12;5;91
26;2025-11-12;6;500
26;2025-11-12;7;1101
26;2025-11-12;8;2158
26;2025-11-12;9;1463
26;2025-11-12;10;1204
26;2025-11-12;11;1087
26;2025-11-12;12;1134
26;2025-11-12;13;1170
26;2025-11-12;14;1285
26;2025-11-12;15;1325
26;2025-11-12;16;1456
26;2025-11-12;17;1639
26;2025-11-12;18;1838
26;2025-11-12;19;1249
26;2025-11-12;20;777
26;2025-11-12;21;498
26;2025-11-12;22;236
26;2025-11-12;23;129
26;2025-11-13;0;38
26;2025-11-13;1;1
26;2025-11-13;2;0
26;2025-11-13;3;0
26;2025-11-13;4;1
26;2025-11-13;5;87
26;2025-11-13;6;496
26;2025-11-13;7;1086
26;2025-11-13;8;2152
26;2025-11-13;9;1492
26;2025-11-13;10;1181
26;2025-11-13;11;1128
26;2025-11-13;12;1136
26;2025-11-13;13;1167
26;2025-11-13;14;1230
26;2025-11-13;15;1337
26;2025-11-13;16;1499
26;2025-11-13;17;1680
26;2025-11-13;18;1916
26;2025-11-13;19;1279
26;2025-11-13;20;769
26;2025-11-13;21;476
26;2025-11-13;22;246
26;2025-11-13;23;131
26;2025-11-14;0;35
26;2025-11-14;1;2
26;2025-11-14;2;0
26;2025-11-14;3;0
26;2025-11-14;4;1
26;2025-11-14;5;89
26;2025-11-14;6;512
26;2025-11-14;7;1077
26;2025-11-14;8;2070
26;2025-11-14;9;1414
26;2025-11-14;10;1236
26;2025-11-14;11;1082
26;2025-11-14;12;1137
26;2025-11-14;13;1202
26;2025-11-14;14;1261
26;2025-11-14;15;1403
26;2025-11-14;16;1658
26;2025-11-14;17;1734
26;2025-11-14;18;1442
26;2025-11-14;19;1098
26;2025-11-14;20;736
26;2025-11-14;21;480
26;2025-11-14;22;230
26;2025-11-14;23;162
26;2025-11-15;0;46
26;2025-11-15;1;2
26;2025-11-15;2;0
26;2025-11-15;3;0
26;2025-11-15;4;2
26;2025-11-15;5;49
26;2025-11-15;6;266
26;2025-11-15;7;378
26;2025-11-15;8;595
26;2025-11-15;9;696
26;2025-11-15;10;823
26;2025-11-15;11;1003
26;2025-11-15;12;1048
26;2025-11-15;13;1048
26;2025-11-15;14;1041
26;2025-11-15;15;993
26;2025-11-15;16;994
26;2025-11-15;17;932
26;2025-11-15;18;887
26;2025-11-15;19;821
26;2025-11-15;20;557
26;2025-11-15;21;372
26;2025-11-15;22;227
26;2025-11-15;23;147
26;2025-11-16;0;52
26;2025-11-16;1;4
26;2025-11-16;2;0
26;2025-11-16;3;0
26;2025-11-16;4;1
26;2025-11-16;5;29
26;2025-11-16;6;174
26;2025-11-16;7;272
26;2025-11-16;8;390
26;2025-11-16;9;534
26;2025-11-16;10;589
26;2025-11-16;11;798
26;2025-11-16;12;841
26;2025-11-16;13;900
26;2025-11-16;14;887
26;2025-11-16;15;823
26;2025-11-16;16;832
26;2025-11-16;17;818
26;2025-11-16;18;772
26;2025-11-16;19;605
26;2025-11-16;20;450
26;2025-11-16;21;310
26;2025-11-16;22;217
26;2025-11-16;23;116
26;2025-11-17;0;27
26;2025-11-17;1;2
26;2025-11-17;2;0
26;2025-11-17;3;0
26;2025-11-17;4;2
26;2025-11-17;5;89
26;2025-11-17;6;515
26;2025-11-17;7;1095
26;2025-11-17;8;2091
26;2025-11-17;9;1442
26;2025-11-17;10;1184
26;2025-11-17;11;1042
26;2025-11-17;12;1067
26;2025-11-17;13;1163
26;2025-11-17;14;1183
26;2025-11-17;15;1288
26;2025-11-17;16;1467
26;2025-11-17;17;1667
26;2025-11-17;18;1871
26;2025-11-17;19;1233
26;2025-11-17;20;771
26;2025-11-17;21;441
26;2025-11-17;22;217
26;2025-11-17;23;105
26;2025-11-18;0;31
26;2025-11-18;1;1
26;2025-11-18;2;0
26;2025-11-18;3;0
26;2025-11-18;4;2
26;2025-11-18;5;86
26;2025-11-18;6;511
26;2025-11-18;7;1108
26;2025-11-18;8;2220
26;2025-11-18;9;1460
26;2025-11-18;10;1203
26;2025-11-18;11;1113
26;2025-11-18;12;1129
26;2025-11-18;13;1155
26;2025-11-18;14;1189
26;2025-11-18;15;1305
26;2025-11-18;16;1470
26;2025-11-18;17;1749
26;2025-11-18;18;1888
26;2025-11-18;19;1338
26;2025-11-18;20;785
26;2025-11-18;21;476
26;2025-11-18;22;226
26;2025-11-18;23;115
26;2025-11-19;0;32
26;2025-11-19;1;1
26;2025-11-19;2;0
26;2025-11-19;3;0
26;2025-11-19;4;2
26;2025-11-19;5;91
26;2025-11-19;6;500
26;2025-11-19;7;1101
26;2025-11-19;8;2158
26;2025-11-19;9;1463
26;2025-11-19;10;1204
26;2025-11-19;11;1087
26;2025-11-19;12;1134
26;2025-11-19;13;1170
26;2025-11-19;14;1285
26;2025-11-19;15;1325
26;2025-11-19;16;1456
26;2025-11-19;17;1639
26;2025-11-19;18;1838
26;2025-11-19;19;1249
26;2025-11-19;20;777
26;2025-11-19;21;498
26;2025-11-19;22;236
26;2025-11-19;23;129
26;2025-11-20;0;38
26;2025-11-20;1;1
26;2025-11-20;2;0
26;2025-11-20;3;0
26;2025-11-20;4;1
26;2025-11-20;5;87
26;2025-11-20;6;496
26;2025-11-20;7;1086
26;2025-11-20;8;2152
26;2025-11-20;9;1492
26;2025-11-20;10;1181
26;2025-11-20;11;1128
26;2025-11-20;12;1136
26;2025-11-20;13;1167
26;2025-11-20;14;1230
26;2025-11-20;15;1337
26;2025-11-20;16;1499
26;2025-11-20;17;1680
26;2025-11-20;18;1916
26;2025-11-20;19;1279
26;2025-11-20;20;769
26;2025-11-20;21;476
26;2025-11-20;22;246
26;2025-11-20;23;131
26;2025-11-21;0;35
26;2025-11-21;1;2
26;2025-11-21;2;0
26;2025-11-21;3;0
26;2025-11-21;4;1
26;2025-11-21;5;89
26;2025-11-21;6;512
26;2025-11-21;7;1077
26;2025-11-21;8;2070
26;2025-11-21;9;1414
26;2025-11-21;10;1236
26;2025-11-21;11;1082
26;2025-11-21;12;1137
26;2025-11-21;13;1202
26;2025-11-21;14;1261
26;2025-11-21;15;1403
26;2025-11-21;16;1658
26;2025-11-21;17;1734
26;2025-11-21;18;1442
26;2025-11-21;19;1098
26;2025-11-21;20;736
26;2025-11-21;21;480
26;2025-11-21;22;230
26;2025-11-21;23;162
26;2025-11-22;0;46
26;2025-11-22;1;2
26;2025-11-22;2;0
26;2025-11-22;3;0
26;2025-11-22;4;2
26;2025-11-22;5;49
26;2025-11-22;6;266
26;2025-11-22;7;378
26;2025-11-22;8;595
26;2025-11-22;9;696
26;2025-11-22;10;823
26;2025-11-22;11;1003
26;2025-11-22;12;1048
26;2025-11-22;13;1048
26;2025-11-22;14;1041
26;2025-11-22;15;993
26;2025-11-22;16;994
26;2025-11-22;17;932
26;2025-11-22;18;887
26;2025-11-22;19;821
26;2025-11-22;20;557
26;2025-11-22;21;372
26;2025-11-22;22;227
26;2025-11-22;23;147
26;2025-11-23;0;52
26;2025-11-23;1;4
26;2025-11-23;2;0
26;2025-11-23;3;0
26;2025-11-23;4;1
26;2025-11-23;5;29
26;2025-11-23;6;174
26;2025-11-23;7;272
26;2025-11-23;8;390
26;2025-11-23;9;534
26;2025-11-23;10;589
26;2025-11-23;11;798
26;2025-11-23;12;841
26;2025-11-23;13;900
26;2025-11-23;14;887
26;2025-11-23;15;823
26;2025-11-23;16;832
26;2025-11-23;17;818
26;2025-11-23;18;772
26;2025-11-23;19;605
26;2025-11-23;20;450
26;2025-11-23;21;310
26;2025-11-23;22;217
26;2025-11-23;23;116
26;2025-11-24;0;27
26;2025-11-24;1;2
26;2025-11-24;2;0
26;2025-11-24;3;0
26;2025-11-24;4;2
26;2025-11-24;5;89
26;2025-11-24;6;515
26;2025-11-24;7;1095
26;2025-11-24;8;2091
26;2025-11-24;9;1442
26;2025-11-24;10;1184
26;2025-11-24;11;1042
26;2025-11-24;12;1067
26;2025-11-24;13;1163
26;2025-11-24;14;1183
26;2025-11-24;15;1288
26;2025-11-24;16;1467
26;2025-11-24;17;1667
26;2025-11-24;18;1871
26;2025-11-24;19;1233
26;2025-11-24;20;771
26;2025-11-24;21;441
26;2025-11-24;22;217
26;2025-11-24;23;105
26;2025-11-25;0;31
26;2025-11-25;1;1
26;2025-11-25;2;0
26;2025-11-25;3;0
26;2025-11-25;4;2
26;2025-11-25;5;86
26;2025-11-25;6;511
26;2025-11-25;7;1108
26;2025-11-25;8;2220
26;2025-11-25;9;1460
26;2025-11-25;10;1203
26;2025-11-25;11;1113
26;2025-11-25;12;1129
26;2025-11-25;13;1155
26;2025-11-25;14;1189
26;2025-11-25;15;1305
26;2025-11-25;16;1470
26;2025-11-25;17;1749
26;2025-11-25;18;1888
26;2025-11-25;19;1338
26;2025-11-25;20;785
26;2025-11-25;21;476
26;2025-11-25;22;226
26;2025-11-25;23;115
26;2025-11-26;0;32
26;2025-11-26;1;1
26;2025-11-26;2;0
26;2025-11-26;3;0
26;2025-11-26;4;2
26;2025-11-26;5;91
26;2025-11-26;6;500
26;2025-11-26;7;1101
26;2025-11-26;8;2158
26;2025-11-26;9;1463
26;2025-11-26;10;1204
26;2025-11-26;11;1087
26;2025-11-26;12;1134
26;2025-11-26;13;1170
26;2025-11-26;14;1285
26;2025-11-26;15;1325
26;2025-11-26;16;1456
26;2025-11-26;17;1639
26;2025-11-26;18;1838
26;2025-11-26;19;1249
26;2025-11-26;20;777
26;2025-11-26;21;498
26;2025-11-26;22;236
26;2025-11-26;23;129
26;2025-11-27;0;38
26;2025-11-27;1;1
26;2025-11-27;2;0
26;2025-11-27;3;0
26;2025-11-27;4;1
26;2025-11-27;5;87
26;2025-11-27;6;496
26;2025-11-27;7;1086
26;2025-11-27;8;2152
26;2025-11-27;9;1492
26;2025-11-27;10;1181
26;2025-11-27;11;1128
26;2025-11-27;12;1136
26;2025-11-27;13;1167
26;2025-11-27;14;1230
26;2025-11-27;15;1337
26;2025-11-27;16;1499
26;2025-11-27;17;1680
26;2025-11-27;18;1916
26;2025-11-27;19;1279
26;2025-11-27;20;769
26;2025-11-27;21;476
26;2025-11-27;22;246
26;2025-11-27;23;131
26;2025-11-28;0;35
26;2025-11-28;1;2
26;2025-11-28;2;0
26;2025-11-28;3;0
26;2025-11-28;4;1
26;2025-11-28;5;89
26;2025-11-28;6;512
26;2025-11-28;7;1077
26;2025-11-28;8;2070
26;2025-11-28;9;1414
26;2025-11-28;10;1236
26;2025-11-28;11;1082
26;2025-11-28;12;1137
26;2025-11-28;13;1202
26;2025-11-28;14;1261
26;2025-11-28;15;1403
26;2025-11-28;16;1658
26;2025-11-28;17;1734
26;2025-11-28;18;1442
26;2025-11-28;19;1098
26;2025-11-28;20;736
26;2025-11-28;21;480
26;2025-11-28;22;230
26;2025-11-28;23;162
26;2025-11-29;0;46
26;2025-11-29;1;2
26;2025-11-29;2;0
26;2025-11-29;3;0
26;2025-11-29;4;2
26;2025-11-29;5;49
26;2025-11-29;6;266
26;2025-11-29;7;378
26;2025-11-29;8;595
26;2025-11-29;9;696
26;2025-11-29;10;823
26;2025-11-29;11;1003
26;2025-11-29;12;1048
26;2025-11-29;13;1048
26;2025-11-29;14;1041
26;2025-11-29;15;993
26;2025-11-29;16;994
26;2025-11-29;17;932
26;2025-11-29;18;887
26;2025-11-29;19;821
26;2025-11-29;20;557
26;2025-11-29;21;372
26;2025-11-29;22;227
26;2025-11-29;23;147
26;2025-11-30;0;52
26;2025-11-30;1;4
26;2025-11-30;2;0
26;2025-11-30;3;0
26;2025-11-30;4;1
26;2025-11-30;5;29
26;2025-11-30;6;174
26;2025-11-30;7;272
26;2025-11-30;8;390
26;2025-11-30;9;534
26;2025-11-30;10;589
26;2025-11-30;11;798
26;2025-11-30;12;841
26;2025-11-30;13;900
26;2025-11-30;14;887
26;2025-11-30;15;823
26;2025-11-30;16;832
26;2025-11-30;17;818
26;2025-11-30;18;772
26;2025-11-30;19;605
26;2025-11-30;20;450
26;2025-11-30;21;310
26;2025-11-30;22;217
26;2025-11-30;23;116
26;2025-12-01;0;27
26;2025-12-01;1;2
26;2025-12-01;2;0
26;2025-12-01;3;0
26;2025-12-01;4;2
26;2025-12-01;5;89
26;2025-12-01;6;515
26;2025-12-01;7;1095
26;2025-12-01;8;2091
26;2025-12-01;9;1442
26;2025-12-01;10;1184
26;2025-12-01;11;1042
26;2025-12-01;12;1067
26;2025-12-01;13;1163
26;2025-12-01;14;1183
26;2025-12-01;15;1288
26;2025-12-01;16;1467
26;2025-12-01;17;1667
26;2025-12-01;18;1871
26;2025-12-01;19;1233
26;2025-12-01;20;771
26;2025-12-01;21;441
26;2025-12-01;22;217
26;2025-12-01;23;105
26;2025-12-02;0;31
26;2025-12-02;1;1
26;2025-12-02;2;0
26;2025-12-02;3;0
26;2025-12-02;4;2
26;2025-12-02;5;86
26;2025-12-02;6;511
26;2025-12-02;7;1108
26;2025-12-02;8;2220
26;2025-12-02;9;1460
26;2025-12-02;10;1203
26;2025-12-02;11;1113
26;2025-12-02;12;1129
26;2025-12-02;13;1155
26;2025-12-02;14;1189
26;2025-12-02;15;1305
26;2025-12-02;16;1470
26;2025-12-02;17;1749
26;2025-12-02;18;1888
26;2025-12-02;19;1338
26;2025-12-02;20;785
26;2025-12-02;21;476
26;2025-12-02;22;226
26;2025-12-02;23;115
26;2025-12-03;0;32
26;2025-12-03;1;1
26;2025-12-03;2;0
26;2025-12-03;3;0
26;2025-12-03;4;2
26;2025-12-03;5;91
26;2025-12-03;6;500
26;2025-12-03;7;1101
26;2025-12-03;8;2158
26;2025-12-03;9;1463
26;2025-12-03;10;1204
26;2025-12-03;11;1087
26;2025-12-03;12;1134
26;2025-12-03;13;1170
26;2025-12-03;14;1285
26;2025-12-03;15;1325
26;2025-12-03;16;1456
26;2025-12-03;17;1639
26;2025-12-03;18;1838
26;2025-12-03;19;1249
26;2025-12-03;20;777
26;2025-12-03;21;498
26;2025-12-03;22;236
26;2025-12-03;23;129
26;2025-12-04;0;38
26;2025-12-04;1;1
26;2025-12-04;2;0
26;2025-12-04;3;0
26;2025-12-04;4;1
26;2025-12-04;5;87
26;2025-12-04;6;496
26;2025-12-04;7;1086
26;2025-12-04;8;2152
26;2025-12-04;9;1492
26;2025-12-04;10;1181
26;2025-12-04;11;1128
26;2025-12-04;12;1136
26;2025-12-04;13;1167
26;2025-12-04;14;1230
26;2025-12-04;15;1337
26;2025-12-04;16;1499
26;2025-12-04;17;1680
26;2025-12-04;18;1916
26;2025-12-04;19;1279
26;2025-12-04;20;769
26;2025-12-04;21;476
26;2025-12-04;22;246
26;2025-12-04;23;131
26;2025-12-05;0;35
26;2025-12-05;1;2
26;2025-12-05;2;0
26;2025-12-05;3;0
26;2025-12-05;4;1
26;2025-12-05;5;89
26;2025-12-05;6;512
26;2025-12-05;7;1077
26;2025-12-05;8;2070
26;2025-12-05;9;1414
26;2025-12-05;10;1236
26;2025-12-05;11;1082
26;2025-12-05;12;1137
26;2025-12-05;13;1202
26;2025-12-05;14;1261
26;2025-12-05;15;1403
26;2025-12-05;16;1658
26;2025-12-05;17;1734
26;2025-12-05;18;1442
26;2025-12-05;19;1098
26;2025-12-05;20;736
26;2025-12-05;21;480
26;2025-12-05;22;230
26;2025-12-05;23;162
26;2025-12-06;0;46
26;2025-12-06;1;2
26;2025-12-06;2;0
26;2025-12-06;3;0
26;2025-12-06;4;2
26;2025-12-06;5;49
26;2025-12-06;6;266
26;2025-12-06;7;378
26;2025-12-06;8;595
26;2025-12-06;9;696
26;2025-12-06;10;823
26;2025-12-06;11;1003
26;2025-12-06;12;1048
26;2025-12-06;13;1048
26;2025-12-06;14;1041
26;2025-12-06;15;993
26;2025-12-06;16;994
26;2025-12-06;17;932
26;2025-12-06;18;887
26;2025-12-06;19;821
26;2025-12-06;20;557
26;2025-12-06;21;372
26;2025-12-06;22;227
26;2025-12-06;23;147
26;2025-12-07;0;52
26;2025-12-07;1;4
26;2025-12-07;2;0
26;2025-12-07;3;0
26;2025-12-07;4;1
26;2025-12-07;5;29
26;2025-12-07;6;174
26;2025-12-07;7;272
26;2025-12-07;8;390
26;2025-12-07;9;534
26;2025-12-07;10;589
26;2025-12-07;11;798
26;2025-12-07;12;841
26;2025-12-07;13;900
26;2025-12-07;14;887
26;2025-12-07;15;823
26;2025-12-07;16;832
26;2025-12-07;17;818
26;2025-12-07;18;772
26;2025-12-07;19;605
26;2025-12-07;20;450
26;2025-12-07;21;310
26;2025-12-07;22;217
26;2025-12-07;23;116
26;2025-12-08;0;27
26;2025-12-08;1;2
26;2025-12-08;2;0
26;2025-12-08;3;0
26;2025-12-08;4;2
26;2025-12-08;5;89
26;2025-12-08;6;515
26;2025-12-08;7;1095
26;2025-12-08;8;2091
26;2025-12-08;9;1442
26;2025-12-08;10;1184
26;2025-12-08;11;1042
26;2025-12-08;12;1067
26;2025-12-08;13;1163
26;2025-12-08;14;1183
26;2025-12-08;15;1288
26;2025-12-08;16;1467
26;2025-12-08;17;1667
26;2025-12-08;18;1871
26;2025-12-08;19;1233
26;2025-12-08;20;771
26;2025-12-08;21;441
26;2025-12-08;22;217
26;2025-12-08;23;105
26;2025-12-09;0;31
26;2025-12-09;1;1
26;2025-12-09;2;0
26;2025-12-09;3;0
26;2025-12-09;4;2
26;2025-12-09;5;86
26;2025-12-09;6;511
26;2025-12-09;7;1108
26;2025-12-09;8;2220
26;2025-12-09;9;1460
26;2025-12-09;10;1203
26;2025-12-09;11;1113
26;2025-12-09;12;1129
26;2025-12-09;13;1155
26;2025-12-09;14;1189
26;2025-12-09;15;1305
26;2025-12-09;16;1470
26;2025-12-09;17;1749
26;2025-12-09;18;1888
26;2025-12-09;19;1338
26;2025-12-09;20;785
26;2025-12-09;21;476
26;2025-12-09;22;226
26;2025-12-09;23;115
26;2025-12-10;0;32
26;2025-12-10;1;1
26;2025-12-10;2;0
26;2025-12-10;3;0
26;2025-12-10;4;2
26;2025-12-10;5;91
26;2025-12-10;6;500
26;2025-12-10;7;1101
26;2025-12-10;8;2158
26;2025-12-10;9;1463
26;2025-12-10;10;1204
26;2025-12-10;11;1087
26;2025-12-10;12;1134
26;2025-12-10;13;1170
26;2025-12-10;14;1285
26;2025-12-10;15;1325
26;2025-12-10;16;1456
26;2025-12-10;17;1639
26;2025-12-10;18;1838
26;2025-12-10;19;1249
26;2025-12-10;20;777
26;2025-12-10;21;498
26;2025-12-10;22;236
26;2025-12-10;23;129
26;2025-12-11;0;38
26;2025-12-11;1;1
26;2025-12-11;2;0
26;2025-12-11;3;0
26;2025-12-11;4;1
26;2025-12-11;5;87
26;2025-12-11;6;496
26;2025-12-11;7;1086
26;2025-12-11;8;2152
26;2025-12-11;9;1492
26;2025-12-11;10;1181
26;2025-12-11;11;1128
26;2025-12-11;12;1136
26;2025-12-11;13;1167
26;2025-12-11;14;1230
26;2025-12-11;15;1337
26;2025-12-11;16;1499
26;2025-12-11;17;1680
26;2025-12-11;18;1916
26;2025-12-11;19;1279
26;2025-12-11;20;769
26;2025-12-11;21;476
26;2025-12-11;22;246
26;2025-12-11;23;131
26;2025-12-12;0;35
26;2025-12-12;1;2
26;2025-12-12;2;0
26;2025-12-12;3;0
26;2025-12-12;4;1
26;2025-12-12;5;89
26;2025-12-12;6;512
26;2025-12-12;7;1077
26;2025-12-12;8;2070
26;2025-12-12;9;1414
26;2025-12-12;10;1236
26;2025-12-12;11;1082
26;2025-12-12;12;1137
26;2025-12-12;13;1202
26;2025-12-12;14;1261
26;2025-12-12;15;1403
26;2025-12-12;16;1658
26;2025-12-12;17;1734
26;2025-12-12;18;1442
26;2025-12-12;19;1098
26;2025-12-12;20;736
26;2025-12-12;21;480
26;2025-12-12;22;230
26;2025-12-12;23;162
26;2025-12-13;0;46
26;2025-12-13;1;2
26;2025-12-13;2;0
26;2025-12-13;3;0
26;2025-12-13;4;2
26;2025-12-13;5;49
26;2025-12-13;6;266
26;2025-12-13;7;378
26;2025-12-13;8;595
26;2025-12-13;9;696
26;2025-12-13;10;823
26;2025-12-13;11;1003
26;2025-12-13;12;1048
26;2025-12-13;13;1048
26;2025-12-13;14;1041
26;2025-12-13;15;993
26;2025-12-13;16;994
26;2025-12-13;17;932
26;2025-12-13;18;887
26;2025-12-13;19;821
26;2025-12-13;20;557
26;2025-12-13;21;372
26;2025-12-13;22;227
26;2025-12-13;23;147
26;2025-12-14;0;52
26;2025-12-14;1;4
26;2025-12-14;2;0
26;2025-12-14;3;0
26;2025-12-14;4;1
26;2025-12-14;5;29
26;2025-12-14;6;174
26;2025-12-14;7;272
26;2025-12-14;8;390
26;2025-12-14;9;534
26;2025-12-14;10;589
26;2025-12-14;11;798
26;2025-12-14;12;841
26;2025-12-14;13;900
26;2025-12-14;14;887
26;2025-12-14;15;823
26;2025-12-14;16;832
26;2025-12-14;17;818
26;2025-12-14;18;772
26;2025-12-14;19;605
26;2025-12-14;20;450
26;2025-12-14;21;310
26;2025-12-14;22;217
26;2025-12-14;23;116
26;2025-12-15;0;27
26;2025-12-15;1;2
26;2025-12-15;2;0
26;2025-12-15;3;0
26;2025-12-15;4;2
26;2025-12-15;5;89
26;2025-12-15;6;515
26;2025-12-15;7;1095
26;2025-12-15;8;2091
26;2025-12-15;9;1442
26;2025-12-15;10;1184
26;2025-12-15;11;1042
26;2025-12-15;12;1067
26;2025-12-15;13;1163
26;2025-12-15;14;1183
26;2025-12-15;15;1288
26;2025-12-15;16;1467
26;2025-12-15;17;1667
26;2025-12-15;18;1871
26;2025-12-15;19;1233
26;2025-12-15;20;771
26;2025-12-15;21;441
26;2025-12-15;22;217
26;2025-12-15;23;105
26;2025-12-16;0;31
26;2025-12-16;1;1
26;2025-12-16;2;0
26;2025-12-16;3;0
26;2025-12-16;4;2
26;2025-12-16;5;86
26;2025-12-16;6;511
26;2025-12-16;7;1108
26;2025-12-16;8;2220
26;2025-12-16;9;1460
26;2025-12-16;10;1203
26;2025-12-16;11;1113
26;2025-12-16;12;1129
26;2025-12-16;13;1155
26;2025-12-16;14;1189
26;2025-12-16;15;1305
26;2025-12-16;16;1470
26;2025-12-16;17;1749
26;2025-12-16;18;1888
26;2025-12-16;19;1338
26;2025-12-16;20;785
26;2025-12-16;21;476
26;2025-12-16;22;226
26;2025-12-16;23;115
26;2025-12-17;0;32
26;2025-12-17;1;1
26;2025-12-17;2;0
26;2025-12-17;3;0
26;2025-12-17;4;2
26;2025-12-17;5;91
26;2025-12-17;6;500
26;2025-12-17;7;1101
26;2025-12-17;8;2158
26;2025-12-17;9;1463
26;2025-12-17;10;1204
26;2025-12-17;11;1087
26;2025-12-17;12;1134
26;2025-12-17;13;1170
26;2025-12-17;14;1285
26;2025-12-17;15;1325
26;2025-12-17;16;1456
26;2025-12-17;17;1639
26;2025-12-17;18;1838
26;2025-12-17;19;1249
26;2025-12-17;20;777
26;2025-12-17;21;498
26;2025-12-17;22;236
26;2025-12-17;23;129
26;2025-12-18;0;38
26;2025-12-18;1;1
26;2025-12-18;2;0
26;2025-12-18;3;0
26;2025-12-18;4;1
26;2025-12-18;5;87
26;2025-12-18;6;496
26;2025-12-18;7;1086
26;2025-12-18;8;2152
26;2025-12-18;9;1492
26;2025-12-18;10;1181
26;2025-12-18;11;1128
26;2025-12-18;12;1136
26;2025-12-18;13;1167
26;2025-12-18;14;1230
26;2025-12-18;15;1337
26;2025-12-18;16;1499
26;2025-12-18;17;1680
26;2025-12-18;18;1916
26;2025-12-18;19;1279
26;2025-12-18;20;769
26;2025-12-18;21;476
26;2025-12-18;22;246
26;2025-12-18;23;131
26;2025-12-19;0;35
26;2025-12-19;1;2
26;2025-12-19;2;0
26;2025-12-19;3;0
26;2025-12-19;4;1
26;2025-12-19;5;89
26;2025-12-19;6;512
26;2025-12-19;7;1077
26;2025-12-19;8;2070
26;2025-12-19;9;1414
26;2025-12-19;10;1236
26;2025-12-19;11;1082
26;2025-12-19;12;1137
26;2025-12-19;13;1202
26;2025-12-19;14;1261
26;2025-12-19;15;1403
26;2025-12-19;16;1658
26;2025-12-19;17;1734
26;2025-12-19;18;1442
26;2025-12-19;19;1098
26;2025-12-19;20;736
26;2025-12-19;21;480
26;2025-12-19;22;230
26;2025-12-19;23;162
26;2025-12-20;0;46
26;2025-12-20;1;2
26;2025-12-20;2;0
26;2025-12-20;3;0
26;2025-12-20;4;2
26;2025-12-20;5;49
26;2025-12-20;6;266
26;2025-12-20;7;378
26;2025-12-20;8;595
26;2025-12-20;9;696
26;2025-12-20;10;823
26;2025-12-20;11;1003
26;2025-12-20;12;1048
26;2025-12-20;13;1048
26;2025-12-20;14;1041
26;2025-12-20;15;993
26;2025-12-20;16;994
26;2025-12-20;17;932
26;2025-12-20;18;887
26;2025-12-20;19;821
26;2025-12-20;20;557
26;2025-12-20;21;372
26;2025-12-20;22;227
26;2025-12-20;23;147
26;2025-12-21;0;52
26;2025-12-21;1;4
26;2025-12-21;2;0
26;2025-12-21;3;0
26;2025-12-21;4;1
26;2025-12-21;5;29
26;2025-12-21;6;174
26;2025-12-21;7;272
26;2025-12-21;8;390
26;2025-12-21;9;534
26;2025-12-21;10;589
26;2025-12-21;11;798
26;2025-12-21;12;841
26;2025-12-21;13;900
26;2025-12-21;14;887
26;2025-12-21;15;823
26;2025-12-21;16;832
26;2025-12-21;17;818
26;2025-12-21;18;772
26;2025-12-21;19;605
26;2025-12-21;20;450
26;2025-12-21;21;310
26;2025-12-21;22;217
26;2025-12-21;23;116
26;2025-12-22;0;27
26;2025-12-22;1;2
26;2025-12-22;2;0
26;2025-12-22;3;0
26;2025-12-22;4;2
26;2025-12-22;5;89
26;2025-12-22;6;515
26;2025-12-22;7;1095
26;2025-12-22;8;2091
26;2025-12-22;9;1442
26;2025-12-22;10;1184
26;2025-12-22;11;1042
26;2025-12-22;12;1067
26;2025-12-22;13;1163
26;2025-12-22;14;1183
26;2025-12-22;15;1288
26;2025-12-22;16;1467
26;2025-12-22;17;1667
26;2025-12-22;18;1871
26;2025-12-22;19;1233
26;2025-12-22;20;771
26;2025-12-22;21;441
26;2025-12-22;22;217
26;2025-12-22;23;105
26;2025-12-23;0;31
26;2025-12-23;1;1
26;2025-12-23;2;0
26;2025-12-23;3;0
26;2025-12-23;4;2
26;2025-12-23;5;86
26;2025-12-23;6;511
26;2025-12-23;7;1108
26;2025-12-23;8;2220
26;2025-12-23;9;1460
26;2025-12-23;10;1203
26;2025-12-23;11;1113
26;2025-12-23;12;1129
26;2025-12-23;13;1155
26;2025-12-23;14;1189
26;2025-12-23;15;1305
26;2025-12-23;16;1470
26;2025-12-23;17;1749
26;2025-12-23;18;1888
26;2025-12-23;19;1338
26;2025-12-23;20;785
26;2025-12-23;21;476
26;2025-12-23;22;226
26;2025-12-23;23;115
26;2025-12-24;0;32
26;2025-12-24;1;1
26;2025-12-24;2;0
26;2025-12-24;3;0
26;2025-12-24;4;2
26;2025-12-24;5;91
26;2025-12-24;6;500
26;2025-12-24;7;1101
26;2025-12-24;8;2158
26;2025-12-24;9;1463
26;2025-12-24;10;1204
26;2025-12-24;11;1087
26;2025-12-24;12;1134
26;2025-12-24;13;1170
26;2025-12-24;14;1285
26;2025-12-24;15;1325
26;2025-12-24;16;1456
26;2025-12-24;17;1639
26;2025-12-24;18;1838
26;2025-12-24;19;1249
26;2025-12-24;20;777
26;2025-12-24;21;498
26;2025-12-24;22;236
26;2025-12-24;23;129
26;2025-12-25;0;38
26;2025-12-25;1;1
26;2025-12-25;2;0
26;2025-12-25;3;0
26;2025-12-25;4;1
26;2025-12-25;5;87
26;2025-12-25;6;496
26;2025-12-25;7;1086
26;2025-12-25;8;2152
26;2025-12-25;9;1492
26;2025-12-25;10;1181
26;2025-12-25;11;1128
26;2025-12-25;12;1136
26;2025-12-25;13;1167
26;2025-12-25;14;1230
26;2025-12-25;15;1337
26;2025-12-25;16;1499
26;2025-12-25;17;1680
26;2025-12-25;18;1916
26;2025-12-25;19;1279
26;2025-12-25;20;769
26;2025-12-25;21;476
26;2025-12-25;22;246
26;2025-12-25;23;131
26;2025-12-26;0;35
26;2025-12-26;1;2
26;2025-12-26;2;0
26;2025-12-26;3;0
26;2025-12-26;4;1
26;2025-12-26;5;89
26;2025-12-26;6;512
26;2025-12-26;7;1077
26;2025-12-26;8;2070
26;2025-12-26;9;1414
26;2025-12-26;10;1236
26;2025-12-26;11;1082
26;2025-12-26;12;1137
26;2025-12-26;13;1202
26;2025-12-26;14;1261
26;2025-12-26;15;1403
26;2025-12-26;16;1658
26;2025-12-26;17;1734
26;2025-12-26;18;1442
26;2025-12-26;19;1098
26;2025-12-26;20;736
26;2025-12-26;21;480
26;2025-12-26;22;230
26;2025-12-26;23;162
26;2025-12-27;0;46
26;2025-12-27;1;2
26;2025-12-27;2;0
26;2025-12-27;3;0
26;2025-12-27;4;2
26;2025-12-27;5;49
26;2025-12-27;6;266
26;2025-12-27;7;378
26;2025-12-27;8;595
26;2025-12-27;9;696
26;2025-12-27;10;823
26;2025-12-27;11;1003
26;2025-12-27;12;1048
26;2025-12-27;13;1048
26;2025-12-27;14;1041
26;2025-12-27;15;993
26;2025-12-27;16;994
26;2025-12-27;17;932
26;2025-12-27;18;887
26;2025-12-27;19;821
26;2025-12-27;20;557
26;2025-12-27;21;372
26;2025-12-27;22;227
26;2025-12-27;23;147
26;2025-12-28;0;52
26;2025-12-28;1;4
26;2025-12-28;2;0
26;2025-12-28;3;0
26;2025-12-28;4;1
26;2025-12-28;5;29
26;2025-12-28;6;174
26;2025-12-28;7;272
26;2025-12-28;8;390
26;2025-12-28;9;534
26;2025-12-28;10;589
26;2025-12-28;11;798
26;2025-12-28;12;841
26;2025-12-28;13;900
26;2025-12-28;14;887
26;2025-12-28;15;823
26;2025-12-28;16;832
26;2025-12-28;17;818
26;2025-12-28;18;772
26;2025-12-28;19;605
26;2025-12-28;20;450
26;2025-12-28;21;310
26;2025-12-28;22;217
26;2025-12-28;23;116
26;2025-12-29;0;27
26;2025-12-29;1;2
26;2025-12-29;2;0
26;2025-12-29;3;0
26;2025-12-29;4;2
26;2025-12-29;5;89
26;2025-12-29;6;515
26;2025-12-29;7;1095
26;2025-12-29;8;2091
26;2025-12-29;9;1442
26;2025-12-29;10;1184
26;2025-12-29;11;1042
26;2025-12-29;12;1067
26;2025-12-29;13;1163
26;2025-12-29;14;1183
26;2025-12-29;15;1288
26;2025-12-29;16;1467
26;2025-12-29;17;1667
26;2025-12-29;18;1871
26;2025-12-29;19;1233
26;2025-12-29;20;771
26;2025-12-29;21;441
26;2025-12-29;22;217
26;2025-12-29;23;105
26;2025-12-30;0;31
26;2025-12-30;1;1
26;2025-12-30;2;0
26;2025-12-30;3;0
26;2025-12-30;4;2
26;2025-12-30;5;86
26;2025-12-30;6;511
26;2025-12-30;7;1108
26;2025-12-30;8;2220
26;2025-12-30;9;1460
26;2025-12-30;10;1203
26;2025-12-30;11;1113
26;2025-12-30;12;1129
26;2025-12-30;13;1155
26;2025-12-30;14;1189
26;2025-12-30;15;1305
26;2025-12-30;16;1470
26;2025-12-30;17;1749
26;2025-12-30;18;1888
26;2025-12-30;19;1338
26;2025-12-30;20;785
26;2025-12-30;21;476
26;2025-12-30;22;226
26;2025-12-30;23;115
26;2025-12-31;0;51
26;2025-12-31;1;4
26;2025-12-31;2;0
26;2025-12-31;3;0
26;2025-12-31;4;1
26;2025-12-31;5;29
26;2025-12-31;6;171
26;2025-12-31;7;266
26;2025-12-31;8;382
26;2025-12-31;9;522
26;2025-12-31;10;576
26;2025-12-31;11;780
26;2025-12-31;12;822
26;2025-12-31;13;880
26;2025-12-31;14;867
26;2025-12-31;15;804
26;2025-12-31;16;813
26;2025-12-31;17;799
26;2025-12-31;18;755
26;2025-12-31;19;591
26;2025-12-31;20;440
26;2025-12-31;21;303
26;2025-12-31;22;212
26;2025-12-31;23;114
28;2025-11-01;0;0
28;2025-11-01;1;0
28;2025-11-01;2;0
28;2025-11-01;3;0
28;2025-11-01;4;2
28;2025-11-01;5;81
28;2025-11-01;6;268
28;2025-11-01;7;798
28;2025-11-01;8;1240
28;2025-11-01;9;825
28;2025-11-01;10;602
28;2025-11-01;11;571
28;2025-11-01;12;717
28;2025-11-01;13;722
28;2025-11-01;14;697
28;2025-11-01;15;754
28;2025-11-01;16;950
28;2025-11-01;17;992
28;2025-11-01;18;845
28;2025-11-01;19;642
28;2025-11-01;20;480
28;2025-11-01;21;327
28;2025-11-01;22;146
28;2025-11-01;23;19
28;2025-11-02;0;0
28;2025-11-02;1;0
28;2025-11-02;2;0
28;2025-11-02;3;0
28;2025-11-02;4;0
28;2025-11-02;5;33
28;2025-11-02;6;89
28;2025-11-02;7;162
28;2025-11-02;8;256
28;2025-11-02;9;336
28;2025-11-02;10;385
28;2025-11-02;11;419
28;2025-11-02;12;477
28;2025-11-02;13;531
28;2025-11-02;14;535
28;2025-11-02;15;543
28;2025-11-02;16;500
28;2025-11-02;17;506
28;2025-11-02;18;444
28;2025-11-02;19;380
28;2025-11-02;20;315
28;2025-11-02;21;260
28;2025-11-02;22;119
28;2025-11-02;23;13
28;2025-11-03;0;0
28;2025-11-03;1;0
28;2025-11-03;2;0
28;2025-11-03;3;0
28;2025-11-03;4;0
28;2025-11-03;5;31
28;2025-11-03;6;85
28;2025-11-03;7;155
28;2025-11-03;8;246
28;2025-11-03;9;322
28;2025-11-03;10;368
28;2025-11-03;11;401
28;2025-11-03;12;457
28;2025-11-03;13;509
28;2025-11-03;14;513
28;2025-11-03;15;520
28;2025-11-03;16;478
28;2025-11-03;17;485
28;2025-11-03;18;425
28;2025-11-03;19;364
28;2025-11-03;20;301
28;2025-11-03;21;249
28;2025-11-03;22;114
28;2025-11-03;23;12
28;2025-11-04;0;0
28;2025-11-04;1;0
28;2025-11-04;2;0
28;2025-11-04;3;0
28;2025-11-04;4;0
28;2025-11-04;5;32
28;2025-11-04;6;88
28;2025-11-04;7;160
28;2025-11-04;8;253
28;2025-11-04;9;331
28;2025-11-04;10;379
28;2025-11-04;11;413
28;2025-11-04;12;470
28;2025-11-04;13;524
28;2025-11-04;14;528
28;2025-11-04;15;536
28;2025-11-04;16;493
28;2025-11-04;17;499
28;2025-11-04;18;438
28;2025-11-04;19;375
28;2025-11-04;20;311
28;2025-11-04;21;256
28;2025-11-04;22;118
28;2025-11-04;23;13
28;2025-11-05;0;0
28;2025-11-05;1;0
28;2025-11-05;2;0
28;2025-11-05;3;0
28;2025-11-05;4;2
28;2025-11-05;5;85
28;2025-11-05;6;277
28;2025-11-05;7;787
28;2025-11-05;8;1218
28;2025-11-05;9;838
28;2025-11-05;10;628
28;2025-11-05;11;590
28;2025-11-05;12;696
28;2025-11-05;13;741
28;2025-11-05;14;652
28;2025-11-05;15;708
28;2025-11-05;16;897
28;2025-11-05;17;971
28;2025-11-05;18;965
28;2025-11-05;19;730
28;2025-11-05;20;509
28;2025-11-05;21;324
28;2025-11-05;22;137
28;2025-11-05;23;15
28;2025-11-06;0;0
28;2025-11-06;1;0
28;2025-11-06;2;0
28;2025-11-06;3;0
28;2025-11-06;4;1
28;2025-11-06;5;79
28;2025-11-06;6;274
28;2025-11-06;7;807
28;2025-11-06;8;1278
28;2025-11-06;9;848
28;2025-11-06;10;612
28;2025-11-06;11;549
28;2025-11-06;12;681
28;2025-11-06;13;721
28;2025-11-06;14;654
28;2025-11-06;15;702
28;2025-11-06;16;870
28;2025-11-06;17;1000
28;2025-11-06;18;1016
28;2025-11-06;19;751
28;2025-11-06;20;535
28;2025-11-06;21;323
28;2025-11-06;22;140
28;2025-11-06;23;15
28;2025-11-07;0;0
28;2025-11-07;1;0
28;2025-11-07;2;0
28;2025-11-07;3;0
28;2025-11-07;4;2
28;2025-11-07;5;80
28;2025-11-07;6;266
28;2025-11-07;7;792
28;2025-11-07;8;1231
28;2025-11-07;9;819
28;2025-11-07;10;597
28;2025-11-07;11;566
28;2025-11-07;12;712
28;2025-11-07;13;716
28;2025-11-07;14;692
28;2025-11-07;15;748
28;2025-11-07;16;943
28;2025-11-07;17;985
28;2025-11-07;18;838
28;2025-11-07;19;637
28;2025-11-07;20;477
28;2025-11-07;21;325
28;2025-11-07;22;145
28;2025-11-07;23;19
28;2025-11-08;0;0
28;2025-11-08;1;0
28;2025-11-08;2;0
28;2025-11-08;3;0
28;2025-11-08;4;0
28;2025-11-08;5;39
28;2025-11-08;6;104
28;2025-11-08;7;233
28;2025-11-08;8;397
28;2025-11-08;9;473
28;2025-11-08;10;484
28;2025-11-08;11;503
28;2025-11-08;12;581
28;2025-11-08;13;620
28;2025-11-08;14;625
28;2025-11-08;15;592
28;2025-11-08;16;557
28;2025-11-08;17;569
28;2025-11-08;18;505
28;2025-11-08;19;436
28;2025-11-08;20;325
28;2025-11-08;21;277
28;2025-11-08;22;138
28;2025-11-08;23;19
28;2025-11-09;0;0
28;2025-11-09;1;0
28;2025-11-09;2;0
28;2025-11-09;3;0
28;2025-11-09;4;0
28;2025-11-09;5;33
28;2025-11-09;6;89
28;2025-11-09;7;162
28;2025-11-09;8;256
28;2025-11-09;9;336
28;2025-11-09;10;385
28;2025-11-09;11;419
28;2025-11-09;12;477
28;2025-11-09;13;531
28;2025-11-09;14;535
28;2025-11-09;15;543
28;2025-11-09;16;500
28;2025-11-09;17;506
28;2025-11-09;18;444
28;2025-11-09;19;380
28;2025-11-09;20;315
28;2025-11-09;21;260
28;2025-11-09;22;119
28;2025-11-09;23;13
28;2025-11-10;0;0
28;2025-11-10;1;0
28;2025-11-10;2;0
28;2025-11-10;3;0
28;2025-11-10;4;2
28;2025-11-10;5;79
28;2025-11-10;6;275
28;2025-11-10;7;820
28;2025-11-10;8;1244
28;2025-11-10;9;860
28;2025-11-10;10;602
28;2025-11-10;11;531
28;2025-11-10;12;667
28;2025-11-10;13;678
28;2025-11-10;14;632
28;2025-11-10;15;664
28;2025-11-10;16;881
28;2025-11-10;17;968
28;2025-11-10;18;956
28;2025-11-10;19;722
28;2025-11-10;20;507
28;2025-11-10;21;309
28;2025-11-10;22;125
28;2025-11-10;23;12
28;2025-11-11;0;0
28;2025-11-11;1;0
28;2025-11-11;2;0
28;2025-11-11;3;0
28;2025-11-11;4;2
28;2025-11-11;5;80
28;2025-11-11;6;266
28;2025-11-11;7;845
28;2025-11-11;8;1277
28;2025-11-11;9;876
28;2025-11-11;10;677
28;2025-11-11;11;580
28;2025-11-11;12;683
28;2025-11-11;13;734
28;2025-11-11;14;675
28;2025-11-11;15;703
28;2025-11-11;16;826
28;2025-11-11;17;982
28;2025-11-11;18;948
28;2025-11-11;19;726
28;2025-11-11;20;530
28;2025-11-11;21;320
28;2025-11-11;22;129
28;2025-11-11;23;16
28;2025-11-12;0;0
28;2025-11-12;1;0
28;2025-11-12;2;0
28;2025-11-12;3;0
28;2025-11-12;4;2
28;2025-11-12;5;85
28;2025-11-12;6;277
28;2025-11-12;7;787
28;2025-11-12;8;1218
28;2025-11-12;9;838
28;2025-11-12;10;628
28;2025-11-12;11;590
28;2025-11-12;12;696
28;2025-11-12;13;741
28;2025-11-12;14;652
28;2025-11-12;15;708
28;2025-11-12;16;897
28;2025-11-12;17;971
28;2025-11-12;18;965
28;2025-11-12;19;730
28;2025-11-12;20;509
28;2025-11-12;21;324
28;2025-11-12;22;137
28;2025-11-12;23;15
28;2025-11-13;0;0
28;2025-11-13;1;0
28;2025-11-13;2;0
28;2025-11-13;3;0
28;2025-11-13;4;1
28;2025-11-13;5;79
28;2025-11-13;6;274
28;2025-11-13;7;807
28;2025-11-13;8;1278
28;2025-11-13;9;848
28;2025-11-13;10;612
28;2025-11-13;11;549
28;2025-11-13;12;681
28;2025-11-13;13;721
28;2025-11-13;14;654
28;2025-11-13;15;702
28;2025-11-13;16;870
28;2025-11-13;17;1000
28;2025-11-13;18;1016
28;2025-11-13;19;751
28;2025-11-13;20;535
28;2025-11-13;21;323
28;2025-11-13;22;140
28;2025-11-13;23;15
28;2025-11-14;0;0
28;2025-11-14;1;0
28;2025-11-14;2;0
28;2025-11-14;3;0
28;2025-11-14;4;2
28;2025-11-14;5;80
28;2025-11-14;6;266
28;2025-11-14;7;792
28;2025-11-14;8;1231
28;2025-11-14;9;819
28;2025-11-14;10;597
28;2025-11-14;11;566
28;2025-11-14;12;712
28;2025-11-14;13;716
28;2025-11-14;14;692
28;2025-11-14;15;748
28;2025-11-14;16;943
28;2025-11-14;17;985
28;2025-11-14;18;838
28;2025-11-14;19;637
28;2025-11-14;20;477
28;2025-11-14;21;325
28;2025-11-14;22;145
28;2025-11-14;23;19
28;2025-11-15;0;0
28;2025-11-15;1;0
28;2025-11-15;2;0
28;2025-11-15;3;0
28;2025-11-15;4;0
28;2025-11-15;5;39
28;2025-11-15;6;104
28;2025-11-15;7;233
28;2025-11-15;8;397
28;2025-11-15;9;473
28;2025-11-15;10;484
28;2025-11-15;11;503
28;2025-11-15;12;581
28;2025-11-15;13;620
28;2025-11-15;14;625
28;2025-11-15;15;592
28;2025-11-15;16;557
28;2025-11-15;17;569
28;2025-11-15;18;505
28;2025-11-15;19;436
28;2025-11-15;20;325
28;2025-11-15;21;277
28;2025-11-15;22;138
28;2025-11-15;23;19
28;2025-11-16;0;0
28;2025-11-16;1;0
28;2025-11-16;2;0
28;2025-11-16;3;0
28;2025-11-16;4;0
28;2025-11-16;5;33
28;2025-11-16;6;89
28;2025-11-16;7;162
28;2025-11-16;8;256
28;2025-11-16;9;336
28;2025-11-16;10;385
28;2025-11-16;11;419
28;2025-11-16;12;477
28;2025-11-16;13;531
28;2025-11-16;14;535
28;2025-11-16;15;543
28;2025-11-16;16;500
28;2025-11-16;17;506
28;2025-11-16;18;444
28;2025-11-16;19;380
28;2025-11-16;20;315
28;2025-11-16;21;260
28;2025-11-16;22;119
28;2025-11-16;23;13
28;2025-11-17;0;0
28;2025-11-17;1;0
28;2025-11-17;2;0
28;2025-11-17;3;0
28;2025-11-17;4;2
28;2025-11-17;5;79
28;2025-11-17;6;275
28;2025-11-17;7;820
28;2025-11-17;8;1244
28;2025-11-17;9;860
28;2025-11-17;10;602
28;2025-11-17;11;531
28;2025-11-17;12;667
28;2025-11-17;13;678
28;2025-11-17;14;632
28;2025-11-17;15;664
28;2025-11-17;16;881
28;2025-11-17;17;968
28;2025-11-17;18;956
28;2025-11-17;19;722
28;2025-11-17;20;507
28;2025-11-17;21;309
28;2025-11-17;22;125
28;2025-11-17;23;12
28;2025-11-18;0;0
28;2025-11-18;1;0
28;2025-11-18;2;0
28;2025-11-18;3;0
28;2025-11-18;4;2
28;2025-11-18;5;80
28;2025-11-18;6;266
28;2025-11-18;7;845
28;2025-11-18;8;1277
28;2025-11-18;9;876
28;2025-11-18;10;677
28;2025-11-18;11;580
28;2025-11-18;12;683
28;2025-11-18;13;734
28;2025-11-18;14;675
28;2025-11-18;15;703
28;2025-11-18;16;826
28;2025-11-18;17;982
28;2025-11-18;18;948
28;2025-11-18;19;726
28;2025-11-18;20;530
28;2025-11-18;21;320
28;2025-11-18;22;129
28;2025-11-18;23;16
28;2025-11-19;0;0
28;2025-11-19;1;0
28;2025-11-19;2;0
28;2025-11-19;3;0
28;2025-11-19;4;2
28;2025-11-19;5;85
28;2025-11-19;6;277
28;2025-11-19;7;787
28;2025-11-19;8;1218
28;2025-11-19;9;838
28;2025-11-19;10;628
28;2025-11-19;11;590
28;2025-11-19;12;696
28;2025-11-19;13;741
28;2025-11-19;14;652
28;2025-11-19;15;708
28;2025-11-19;16;897
28;2025-11-19;17;971
28;2025-11-19;18;965
28;2025-11-19;19;730
28;2025-11-19;20;509
28;2025-11-19;21;324
28;2025-11-19;22;137
28;2025-11-19;23;15
28;2025-11-20;0;0
28;2025-11-20;1;0
28;2025-11-20;2;0
28;2025-11-20;3;0
28;2025-11-20;4;1
28;2025-11-20;5;79
28;2025-11-20;6;274
28;2025-11-20;7;807
28;2025-11-20;8;1278
28;2025-11-20;9;848
28;2025-11-20;10;612
28;2025-11-20;11;549
28;2025-11-20;12;681
28;2025-11-20;13;721
28;2025-11-20;14;654
28;2025-11-20;15;702
28;2025-11-20;16;870
28;2025-11-20;17;1000
28;2025-11-20;18;1016
28;2025-11-20;19;751
28;2025-11-20;20;535
28;2025-11-20;21;323
28;2025-11-20;22;140
28;2025-11-20;23;15
28;2025-11-21;0;0
28;2025-11-21;1;0
28;2025-11-21;2;0
28;2025-11-21;3;0
28;2025-11-21;4;2
28;2025-11-21;5;80
28;2025-11-21;6;266
28;2025-11-21;7;792
28;2025-11-21;8;1231
28;2025-11-21;9;819
28;2025-11-21;10;597
28;2025-11-21;11;566
28;2025-11-21;12;712
28;2025-11-21;13;716
28;2025-11-21;14;692
28;2025-11-21;15;748
28;2025-11-21;16;943
28;2025-11-21;17;985
28;2025-11-21;18;838
28;2025-11-21;19;637
28;2025-11-21;20;477
28;2025-11-21;21;325
28;2025-11-21;22;145
28;2025-11-21;23;19
28;2025-11-22;0;0
28;2025-11-22;1;0
28;2025-11-22;2;0
28;2025-11-22;3;0
28;2025-11-22;4;0
28;2025-11-22;5;39
28;2025-11-22;6;104
28;2025-11-22;7;233
28;2025-11-22;8;397
28;2025-11-22;9;473
28;2025-11-22;10;484
28;2025-11-22;11;503
28;2025-11-22;12;581
28;2025-11-22;13;620
28;2025-11-22;14;625
28;2025-11-22;15;592
28;2025-11-22;16;557
28;2025-11-22;17;569
28;2025-11-22;18;505
28;2025-11-22;19;436
28;2025-11-22;20;325
28;2025-11-22;21;277
28;2025-11-22;22;138
28;2025-11-22;23;19
28;2025-11-23;0;0
28;2025-11-23;1;0
28;2025-11-23;2;0
28;2025-11-23;3;0
28;2025-11-23;4;0
28;2025-11-23;5;33
28;2025-11-23;6;89
28;2025-11-23;7;162
28;2025-11-23;8;256
28;2025-11-23;9;336
28;2025-11-23;10;385
28;2025-11-23;11;419
28;2025-11-23;12;477
28;2025-11-23;13;531
28;2025-11-23;14;535
28;2025-11-23;15;543
28;2025-11-23;16;500
28;2025-11-23;17;506
28;2025-11-23;18;444
28;2025-11-23;19;380
28;2025-11-23;20;315
28;2025-11-23;21;260
28;2025-11-23;22;119
28;2025-11-23;23;13
28;2025-11-24;0;0
28;2025-11-24;1;0
28;2025-11-24;2;0
28;2025-11-24;3;0
28;2025-11-24;4;2
28;2025-11-24;5;79
28;2025-11-24;6;275
28;2025-11-24;7;820
28;2025-11-24;8;1244
28;2025-11-24;9;860
28;2025-11-24;10;602
28;2025-11-24;11;531
28;2025-11-24;12;667
28;2025-11-24;13;678
28;2025-11-24;14;632
28;2025-11-24;15;664
28;2025-11-24;16;881
28;2025-11-24;17;968
28;2025-11-24;18;956
28;2025-11-24;19;722
28;2025-11-24;20;507
28;2025-11-24;21;309
28;2025-11-24;22;125
28;2025-11-24;23;12
28;2025-11-25;0;0
28;2025-11-25;1;0
28;2025-11-25;2;0
28;2025-11-25;3;0
28;2025-11-25;4;2
28;2025-11-25;5;80
28;2025-11-25;6;266
28;2025-11-25;7;845
28;2025-11-25;8;1277
28;2025-11-25;9;876
28;2025-11-25;10;677
28;2025-11-25;11;580
28;2025-11-25;12;683
28;2025-11-25;13;734
28;2025-11-25;14;675
28;2025-11-25;15;703
28;2025-11-25;16;826
28;2025-11-25;17;982
28;2025-11-25;18;948
28;2025-11-25;19;726
28;2025-11-25;20;530
28;2025-11-25;21;320
28;2025-11-25;22;129
28;2025-11-25;23;16
28;2025-11-26;0;0
28;2025-11-26;1;0
28;2025-11-26;2;0
28;2025-11-26;3;0
28;2025-11-26;4;2
28;2025-11-26;5;85
28;2025-11-26;6;277
28;2025-11-26;7;787
28;2025-11-26;8;1218
28;2025-11-26;9;838
28;2025-11-26;10;628
28;2025-11-26;11;590
28;2025-11-26;12;696
28;2025-11-26;13;741
28;2025-11-26;14;652
28;2025-11-26;15;708
28;2025-11-26;16;897
28;2025-11-26;17;971
28;2025-11-26;18;965
28;2025-11-26;19;730
28;2025-11-26;20;509
28;2025-11-26;21;324
28;2025-11-26;22;137
28;2025-11-26;23;15
28;2025-11-27;0;0
28;2025-11-27;1;0
28;2025-11-27;2;0
28;2025-11-27;3;0
28;2025-11-27;4;1
28;2025-11-27;5;79
28;2025-11-27;6;274
28;2025-11-27;7;807
28;2025-11-27;8;1278
28;2025-11-27;9;848
28;2025-11-27;10;612
28;2025-11-27;11;549
28;2025-11-27;12;681
28;2025-11-27;13;721
28;2025-11-27;14;654
28;2025-11-27;15;702
28;2025-11-27;16;870
28;2025-11-27;17;1000
28;2025-11-27;18;1016
28;2025-11-27;19;751
28;2025-11-27;20;535
28;2025-11-27;21;323
28;2025-11-27;22;140
28;2025-11-27;23;15
28;2025-11-28;0;0
28;2025-11-28;1;0
28;2025-11-28;2;0
28;2025-11-28;3;0
28;2025-11-28;4;2
28;2025-11-28;5;80
28;2025-11-28;6;266
28;2025-11-28;7;792
28;2025-11-28;8;1231
28;2025-11-28;9;819
28;2025-11-28;10;597
28;2025-11-28;11;566
28;2025-11-28;12;712
28;2025-11-28;13;716
28;2025-11-28;14;692
28;2025-11-28;15;748
28;2025-11-28;16;943
28;2025-11-28;17;985
28;2025-11-28;18;838
28;2025-11-28;19;637
28;2025-11-28;20;477
28;2025-11-28;21;325
28;2025-11-28;22;145
28;2025-11-28;23;19
28;2025-11-29;0;0
28;2025-11-29;1;0
28;2025-11-29;2;0
28;2025-11-29;3;0
28;2025-11-29;4;0
28;2025-11-29;5;39
28;2025-11-29;6;104
28;2025-11-29;7;233
28;2025-11-29;8;397
28;2025-11-29;9;473
28;2025-11-29;10;484
28;2025-11-29;11;503
28;2025-11-29;12;581
28;2025-11-29;13;620
28;2025-11-29;14;625
28;2025-11-29;15;592
28;2025-11-29;16;557
28;2025-11-29;17;569
28;2025-11-29;18;505
28;2025-11-29;19;436
28;2025-11-29;20;325
28;2025-11-29;21;277
28;2025-11-29;22;138
28;2025-11-29;23;19
28;2025-11-30;0;0
28;2025-11-30;1;0
28;2025-11-30;2;0
28;2025-11-30;3;0
28;2025-11-30;4;0
28;2025-11-30;5;33
28;2025-11-30;6;89
28;2025-11-30;7;162
28;2025-11-30;8;256
28;2025-11-30;9;336
28;2025-11-30;10;385
28;2025-11-30;11;419
28;2025-11-30;12;477
28;2025-11-30;13;531
28;2025-11-30;14;535
28;2025-11-30;15;543
28;2025-11-30;16;500
28;2025-11-30;17;506
28;2025-11-30;18;444
28;2025-11-30;19;380
28;2025-11-30;20;315
28;2025-11-30;21;260
28;2025-11-30;22;119
28;2025-11-30;23;13
28;2025-12-01;0;0
28;2025-12-01;1;0
28;2025-12-01;2;0
28;2025-12-01;3;0
28;2025-12-01;4;2
28;2025-12-01;5;79
28;2025-12-01;6;275
28;2025-12-01;7;820
28;2025-12-01;8;1244
28;2025-12-01;9;860
28;2025-12-01;10;602
28;2025-12-01;11;531
28;2025-12-01;12;667
28;2025-12-01;13;678
28;2025-12-01;14;632
28;2025-12-01;15;664
28;2025-12-01;16;881
28;2025-12-01;17;968
28;2025-12-01;18;956
28;2025-12-01;19;722
28;2025-12-01;20;507
28;2025-12-01;21;309
28;2025-12-01;22;125
28;2025-12-01;23;12
28;2025-12-02;0;0
28;2025-12-02;1;0
28;2025-12-02;2;0
28;2025-12-02;3;0
28;2025-12-02;4;2
28;2025-12-02;5;80
28;2025-12-02;6;266
28;2025-12-02;7;845
28;2025-12-02;8;1277
28;2025-12-02;9;876
28;2025-12-02;10;677
28;2025-12-02;11;580
28;2025-12-02;12;683
28;2025-12-02;13;734
28;2025-12-02;14;675
28;2025-12-02;15;703
28;2025-12-02;16;826
28;2025-12-02;17;982
28;2025-12-02;18;948
28;2025-12-02;19;726
28;2025-12-02;20;530
28;2025-12-02;21;320
28;2025-12-02;22;129
28;2025-12-02;23;16
28;2025-12-03;0;0
28;2025-12-03;1;0
28;2025-12-03;2;0
28;2025-12-03;3;0
28;2025-12-03;4;2
28;2025-12-03;5;85
28;2025-12-03;6;277
28;2025-12-03;7;787
28;2025-12-03;8;1218
28;2025-12-03;9;838
28;2025-12-03;10;628
28;2025-12-03;11;590
28;2025-12-03;12;696
28;2025-12-03;13;741
28;2025-12-03;14;652
28;2025-12-03;15;708
28;2025-12-03;16;897
28;2025-12-03;17;971
28;2025-12-03;18;965
28;2025-12-03;19;730
28;2025-12-03;20;509
28;2025-12-03;21;324
28;2025-12-03;22;137
28;2025-12-03;23;15
28;2025-12-04;0;0
28;2025-12-04;1;0
28;2025-12-04;2;0
28;2025-12-04;3;0
28;2025-12-04;4;1
28;2025-12-04;5;79
28;2025-12-04;6;274
28;2025-12-04;7;807
28;2025-12-04;8;1278
28;2025-12-04;9;848
28;2025-12-04;10;612
28;2025-12-04;11;549
28;2025-12-04;12;681
28;2025-12-04;13;721
28;2025-12-04;14;654
28;2025-12-04;15;702
28;2025-12-04;16;870
28;2025-12-04;17;1000
28;2025-12-04;18;1016
28;2025-12-04;19;751
28;2025-12-04;20;535
28;2025-12-04;21;323
28;2025-12-04;22;140
28;2025-12-04;23;15
28;2025-12-05;0;0
28;2025-12-05;1;0
28;2025-12-05;2;0
28;2025-12-05;3;0
28;2025-12-05;4;2
28;2025-12-05;5;80
28;2025-12-05;6;266
28;2025-12-05;7;792
28;2025-12-05;8;1231
28;2025-12-05;9;819
28;2025-12-05;10;597
28;2025-12-05;11;566
28;2025-12-05;12;712
28;2025-12-05;13;716
28;2025-12-05;14;692
28;2025-12-05;15;748
28;2025-12-05;16;943
28;2025-12-05;17;985
28;2025-12-05;18;838
28;2025-12-05;19;637
28;2025-12-05;20;477
28;2025-12-05;21;325
28;2025-12-05;22;145
28;2025-12-05;23;19
28;2025-12-06;0;0
28;2025-12-06;1;0
28;2025-12-06;2;0
28;2025-12-06;3;0
28;2025-12-06;4;0
28;2025-12-06;5;39
28;2025-12-06;6;104
28;2025-12-06;7;233
28;2025-12-06;8;397
28;2025-12-06;9;473
28;2025-12-06;10;484
28;2025-12-06;11;503
28;2025-12-06;12;581
28;2025-12-06;13;620
28;2025-12-06;14;625
28;2025-12-06;15;592
28;2025-12-06;16;557
28;2025-12-06;17;569
28;2025-12-06;18;505
28;2025-12-06;19;436
28;2025-12-06;20;325
28;2025-12-06;21;277
28;2025-12-06;22;138
28;2025-12-06;23;19
28;2025-12-07;0;0
28;2025-12-07;1;0
28;2025-12-07;2;0
28;2025-12-07;3;0
28;2025-12-07;4;0
28;2025-12-07;5;33
28;2025-12-07;6;89
28;2025-12-07;7;162
28;2025-12-07;8;256
28;2025-12-07;9;336
28;2025-12-07;10;385
28;2025-12-07;11;419
28;2025-12-07;12;477
28;2025-12-07;13;531
28;2025-12-07;14;535
28;2025-12-07;15;543
28;2025-12-07;16;500
28;2025-12-07;17;506
28;2025-12-07;18;444
28;2025-12-07;19;380
28;2025-12-07;20;315
28;2025-12-07;21;260
28;2025-12-07;22;119
28;2025-12-07;23;13
28;2025-12-08;0;0
28;2025-12-08;1;0
28;2025-12-08;2;0
28;2025-12-08;3;0
28;2025-12-08;4;2
28;2025-12-08;5;79
28;2025-12-08;6;275
28;2025-12-08;7;820
28;2025-12-08;8;1244
28;2025-12-08;9;860
28;2025-12-08;10;602
28;2025-12-08;11;531
28;2025-12-08;12;667
28;2025-12-08;13;678
28;2025-12-08;14;632
28;2025-12-08;15;664
28;2025-12-08;16;881
28;2025-12-08;17;968
28;2025-12-08;18;956
28;2025-12-08;19;722
28;2025-12-08;20;507
28;2025-12-08;21;309
28;2025-12-08;22;125
28;2025-12-08;23;12
28;2025-12-09;0;0
28;2025-12-09;1;0
28;2025-12-09;2;0
28;2025-12-09;3;0
28;2025-12-09;4;2
28;2025-12-09;5;80
28;2025-12-09;6;266
28;2025-12-09;7;845
28;2025-12-09;8;1277
28;2025-12-09;9;876
28;2025-12-09;10;677
28;2025-12-09;11;580
28;2025-12-09;12;683
28;2025-12-09;13;734
28;2025-12-09;14;675
28;2025-12-09;15;703
28;2025-12-09;16;826
28;2025-12-09;17;982
28;2025-12-09;18;948
28;2025-12-09;19;726
28;2025-12-09;20;530
28;2025-12-09;21;320
28;2025-12-09;22;129
28;2025-12-09;23;16
28;2025-12-10;0;0
28;2025-12-10;1;0
28;2025-12-10;2;0
28;2025-12-10;3;0
28;2025-12-10;4;2
28;2025-12-10;5;85
28;2025-12-10;6;277
28;2025-12-10;7;787
28;2025-12-10;8;1218
28;2025-12-10;9;838
28;2025-12-10;10;628
28;2025-12-10;11;590
28;2025-12-10;12;696
28;2025-12-10;13;741
28;2025-12-10;14;652
28;2025-12-10;15;708
28;2025-12-10;16;897
28;2025-12-10;17;971
28;2025-12-10;18;965
28;2025-12-10;19;730
28;2025-12-10;20;509
28;2025-12-10;21;324
28;2025-12-10;22;137
28;2025-12-10;23;15
28;2025-12-11;0;0
28;2025-12-11;1;0
28;2025-12-11;2;0
28;2025-12-11;3;0
28;2025-12-11;4;1
28;2025-12-11;5;79
28;2025-12-11;6;274
28;2025-12-11;7;807
28;2025-12-11;8;1278
28;2025-12-11;9;848
28;2025-12-11;10;612
28;2025-12-11;11;549
28;2025-12-11;12;681
28;2025-12-11;13;721
28;2025-12-11;14;654
28;2025-12-11;15;702
28;2025-12-11;16;870
28;2025-12-11;17;1000
28;2025-12-11;18;1016
28;2025-12-11;19;751
28;2025-12-11;20;535
28;2025-12-11;21;323
28;2025-12-11;22;140
28;2025-12-11;23;15
28;2025-12-12;0;0
28;2025-12-12;1;0
28;2025-12-12;2;0
28;2025-12-12;3;0
28;2025-12-12;4;2
28;2025-12-12;5;80
28;2025-12-12;6;266
28;2025-12-12;7;792
28;2025-12-12;8;1231
28;2025-12-12;9;819
28;2025-12-12;10;597
28;2025-12-12;11;566
28;2025-12-12;12;712
28;2025-12-12;13;716
28;2025-12-12;14;692
28;2025-12-12;15;748
28;2025-12-12;16;943
28;2025-12-12;17;985
28;2025-12-12;18;838
28;2025-12-12;19;637
28;2025-12-12;20;477
28;2025-12-12;21;325
28;2025-12-12;22;145
28;2025-12-12;23;19
28;2025-12-13;0;0
28;2025-12-13;1;0
28;2025-12-13;2;0
28;2025-12-13;3;0
28;2025-12-13;4;0
28;2025-12-13;5;39
28;2025-12-13;6;104
28;2025-12-13;7;233
28;2025-12-13;8;397
28;2025-12-13;9;473
28;2025-12-13;10;484
28;2025-12-13;11;503
28;2025-12-13;12;581
28;2025-12-13;13;620
28;2025-12-13;14;625
28;2025-12-13;15;592
28;2025-12-13;16;557
28;2025-12-13;17;569
28;2025-12-13;18;505
28;2025-12-13;19;436
28;2025-12-13;20;325
28;2025-12-13;21;277
28;2025-12-13;22;138
28;2025-12-13;23;19
28;2025-12-14;0;0
28;2025-12-14;1;0
28;2025-12-14;2;0
28;2025-12-14;3;0
28;2025-12-14;4;0
28;2025-12-14;5;33
28;2025-12-14;6;89
28;2025-12-14;7;162
28;2025-12-14;8;256
28;2025-12-14;9;336
28;2025-12-14;10;385
28;2025-12-14;11;419
28;2025-12-14;12;477
28;2025-12-14;13;531
28;2025-12-14;14;535
28;2025-12-14;15;543
28;2025-12-14;16;500
28;2025-12-14;17;506
28;2025-12-14;18;444
28;2025-12-14;19;380
28;2025-12-14;20;315
28;2025-12-14;21;260
28;2025-12-14;22;119
28;2025-12-14;23;13
28;2025-12-15;0;0
28;2025-12-15;1;0
28;2025-12-15;2;0
28;2025-12-15;3;0
28;2025-12-15;4;2
28;2025-12-15;5;79
28;2025-12-15;6;275
28;2025-12-15;7;820
28;2025-12-15;8;1244
28;2025-12-15;9;860
28;2025-12-15;10;602
28;2025-12-15;11;531
28;2025-12-15;12;667
28;2025-12-15;13;678
28;2025-12-15;14;632
28;2025-12-15;15;664
28;2025-12-15;16;881
28;2025-12-15;17;968
28;2025-12-15;18;956
28;2025-12-15;19;722
28;2025-12-15;20;507
28;2025-12-15;21;309
28;2025-12-15;22;125
28;2025-12-15;23;12
28;2025-12-16;0;0
28;2025-12-16;1;0
28;2025-12-16;2;0
28;2025-12-16;3;0
28;2025-12-16;4;2
28;2025-12-16;5;80
28;2025-12-16;6;266
28;2025-12-16;7;845
28;2025-12-16;8;1277
28;2025-12-16;9;876
28;2025-12-16;10;677
28;2025-12-16;11;580
28;2025-12-16;12;683
28;2025-12-16;13;734
28;2025-12-16;14;675
28;2025-12-16;15;703
28;2025-12-16;16;826
28;2025-12-16;17;982
28;2025-12-16;18;948
28;2025-12-16;19;726
28;2025-12-16;20;530
28;2025-12-16;21;320
28;2025-12-16;22;129
28;2025-12-16;23;16
28;2025-12-17;0;0
28;2025-12-17;1;0
28;2025-12-17;2;0
28;2025-12-17;3;0
28;2025-12-17;4;2
28;2025-12-17;5;85
28;2025-12-17;6;277
28;2025-12-17;7;787
28;2025-12-17;8;1218
28;2025-12-17;9;838
28;2025-12-17;10;628
28;2025-12-17;11;590
28;2025-12-17;12;696
28;2025-12-17;13;741
28;2025-12-17;14;652
28;2025-12-17;15;708
28;2025-12-17;16;897
28;2025-12-17;17;971
28;2025-12-17;18;965
28;2025-12-17;19;730
28;2025-12-17;20;509
28;2025-12-17;21;324
28;2025-12-17;22;137
28;2025-12-17;23;15
28;2025-12-18;0;0
28;2025-12-18;1;0
28;2025-12-18;2;0
28;2025-12-18;3;0
28;2025-12-18;4;1
28;2025-12-18;5;79
28;2025-12-18;6;274
28;2025-12-18;7;807
28;2025-12-18;8;1278
28;2025-12-18;9;848
28;2025-12-18;10;612
28;2025-12-18;11;549
28;2025-12-18;12;681
28;2025-12-18;13;721
28;2025-12-18;14;654
28;2025-12-18;15;702
28;2025-12-18;16;870
28;2025-12-18;17;1000
28;2025-12-18;18;1016
28;2025-12-18;19;751
28;2025-12-18;20;535
28;2025-12-18;21;323
28;2025-12-18;22;140
28;2025-12-18;23;15
28;2025-12-19;0;0
28;2025-12-19;1;0
28;2025-12-19;2;0
28;2025-12-19;3;0
28;2025-12-19;4;2
28;2025-12-19;5;80
28;2025-12-19;6;266
28;2025-12-19;7;792
28;2025-12-19;8;1231
28;2025-12-19;9;819
28;2025-12-19;10;597
28;2025-12-19;11;566
28;2025-12-19;12;712
28;2025-12-19;13;716
28;2025-12-19;14;692
28;2025-12-19;15;748
28;2025-12-19;16;943
28;2025-12-19;17;985
28;2025-12-19;18;838
28;2025-12-19;19;637
28;2025-12-19;20;477
28;2025-12-19;21;325
28;2025-12-19;22;145
28;2025-12-19;23;19
28;2025-12-20;0;0
28;2025-12-20;1;0
28;2025-12-20;2;0
28;2025-12-20;3;0
28;2025-12-20;4;0
28;2025-12-20;5;39
28;2025-12-20;6;104
28;2025-12-20;7;233
28;2025-12-20;8;397
28;2025-12-20;9;473
28;2025-12-20;10;484
28;2025-12-20;11;503
28;2025-12-20;12;581
28;2025-12-20;13;620
28;2025-12-20;14;625
28;2025-12-20;15;592
28;2025-12-20;16;557
28;2025-12-20;17;569
28;2025-12-20;18;505
28;2025-12-20;19;436
28;2025-12-20;20;325
28;2025-12-20;21;277
28;2025-12-20;22;138
28;2025-12-20;23;19
28;2025-12-21;0;0
28;2025-12-21;1;0
28;2025-12-21;2;0
28;2025-12-21;3;0
28;2025-12-21;4;0
28;2025-12-21;5;33
28;2025-12-21;6;89
28;2025-12-21;7;162
28;2025-12-21;8;256
28;2025-12-21;9;336
28;2025-12-21;10;385
28;2025-12-21;11;419
28;2025-12-21;12;477
28;2025-12-21;13;531
28;2025-12-21;14;535
28;2025-12-21;15;543
28;2025-12-21;16;500
28;2025-12-21;17;506
28;2025-12-21;18;444
28;2025-12-21;19;380
28;2025-12-21;20;315
28;2025-12-21;21;260
28;2025-12-21;22;119
28;2025-12-21;23;13
28;2025-12-22;0;0
28;2025-12-22;1;0
28;2025-12-22;2;0
28;2025-12-22;3;0
28;2025-12-22;4;2
28;2025-12-22;5;79
28;2025-12-22;6;275
28;2025-12-22;7;820
28;2025-12-22;8;1244
28;2025-12-22;9;860
28;2025-12-22;10;602
28;2025-12-22;11;531
28;2025-12-22;12;667
28;2025-12-22;13;678
28;2025-12-22;14;632
28;2025-12-22;15;664
28;2025-12-22;16;881
28;2025-12-22;17;968
28;2025-12-22;18;956
28;2025-12-22;19;722
28;2025-12-22;20;507
28;2025-12-22;21;309
28;2025-12-22;22;125
28;2025-12-22;23;12
28;2025-12-23;0;0
28;2025-12-23;1;0
28;2025-12-23;2;0
28;2025-12-23;3;0
28;2025-12-23;4;2
28;2025-12-23;5;80
28;2025-12-23;6;266
28;2025-12-23;7;845
28;2025-12-23;8;1277
28;2025-12-23;9;876
28;2025-12-23;10;677
28;2025-12-23;11;580
28;2025-12-23;12;683
28;2025-12-23;13;734
28;2025-12-23;14;675
28;2025-12-23;15;703
28;2025-12-23;16;826
28;2025-12-23;17;982
28;2025-12-23;18;948
28;2025-12-23;19;726
28;2025-12-23;20;530
28;2025-12-23;21;320
28;2025-12-23;22;129
28;2025-12-23;23;16
28;2025-12-24;0;0
28;2025-12-24;1;0
28;2025-12-24;2;0
28;2025-12-24;3;0
28;2025-12-24;4;2
28;2025-12-24;5;85
28;2025-12-24;6;277
28;2025-12-24;7;787
28;2025-12-24;8;1218
28;2025-12-24;9;838
28;2025-12-24;10;628
28;2025-12-24;11;590
28;2025-12-24;12;696
28;2025-12-24;13;741
28;2025-12-24;14;652
28;2025-12-24;15;708
28;2025-12-24;16;897
28;2025-12-24;17;971
28;2025-12-24;18;965
28;2025-12-24;19;730
28;2025-12-24;20;509
28;2025-12-24;21;324
28;2025-12-24;22;137
28;2025-12-24;23;15
28;2025-12-25;0;0
28;2025-12-25;1;0
28;2025-12-25;2;0
28;2025-12-25;3;0
28;2025-12-25;4;1
28;2025-12-25;5;79
28;2025-12-25;6;274
28;2025-12-25;7;807
28;2025-12-25;8;1278
28;2025-12-25;9;848
28;2025-12-25;10;612
28;2025-12-25;11;549
28;2025-12-25;12;681
28;2025-12-25;13;721
28;2025-12-25;14;654
28;2025-12-25;15;702
28;2025-12-25;16;870
28;2025-12-25;17;1000
28;2025-12-25;18;1016
28;2025-12-25;19;751
28;2025-12-25;20;535
28;2025-12-25;21;323
28;2025-12-25;22;140
28;2025-12-25;23;15
28;2025-12-26;0;0
28;2025-12-26;1;0
28;2025-12-26;2;0
28;2025-12-26;3;0
28;2025-12-26;4;2
28;2025-12-26;5;80
28;2025-12-26;6;266
28;2025-12-26;7;792
28;2025-12-26;8;1231
28;2025-12-26;9;819
28;2025-12-26;10;597
28;2025-12-26;11;566
28;2025-12-26;12;712
28;2025-12-26;13;716
28;2025-12-26;14;692
28;2025-12-26;15;748
28;2025-12-26;16;943
28;2025-12-26;17;985
28;2025-12-26;18;838
28;2025-12-26;19;637
28;2025-12-26;20;477
28;2025-12-26;21;325
28;2025-12-26;22;145
28;2025-12-26;23;19
28;2025-12-27;0;0
28;2025-12-27;1;0
28;2025-12-27;2;0
28;2025-12-27;3;0
28;2025-12-27;4;0
28;2025-12-27;5;39
28;2025-12-27;6;104
28;2025-12-27;7;233
28;2025-12-27;8;397
28;2025-12-27;9;473
28;2025-12-27;10;484
28;2025-12-27;11;503
28;2025-12-27;12;581
28;2025-12-27;13;620
28;2025-12-27;14;625
28;2025-12-27;15;592
28;2025-12-27;16;557
28;2025-12-27;17;569
28;2025-12-27;18;505
28;2025-12-27;19;436
28;2025-12-27;20;325
28;2025-12-27;21;277
28;2025-12-27;22;138
28;2025-12-27;23;19
28;2025-12-28;0;0
28;2025-12-28;1;0
28;2025-12-28;2;0
28;2025-12-28;3;0
28;2025-12-28;4;0
28;2025-12-28;5;33
28;2025-12-28;6;89
28;2025-12-28;7;162
28;2025-12-28;8;256
28;2025-12-28;9;336
28;2025-12-28;10;385
28;2025-12-28;11;419
28;2025-12-28;12;477
28;2025-12-28;13;531
28;2025-12-28;14;535
28;2025-12-28;15;543
28;2025-12-28;16;500
28;2025-12-28;17;506
28;2025-12-28;18;444
28;2025-12-28;19;380
28;2025-12-28;20;315
28;2025-12-28;21;260
28;2025-12-28;22;119
28;2025-12-28;23;13
28;2025-12-29;0;0
28;2025-12-29;1;0
28;2025-12-29;2;0
28;2025-12-29;3;0
28;2025-12-29;4;2
28;2025-12-29;5;79
28;2025-12-29;6;275
28;2025-12-29;7;820
28;2025-12-29;8;1244
28;2025-12-29;9;860
28;2025-12-29;10;602
28;2025-12-29;11;531
28;2025-12-29;12;667
28;2025-12-29;13;678
28;2025-12-29;14;632
28;2025-12-29;15;664
28;2025-12-29;16;881
28;2025-12-29;17;968
28;2025-12-29;18;956
28;2025-12-29;19;722
28;2025-12-29;20;507
28;2025-12-29;21;309
28;2025-12-29;22;125
28;2025-12-29;23;12
28;2025-12-30;0;0
28;2025-12-30;1;0
28;2025-12-30;2;0
28;2025-12-30;3;0
28;2025-12-30;4;2
28;2025-12-30;5;80
28;2025-12-30;6;266
28;2025-12-30;7;845
28;2025-12-30;8;1277
28;2025-12-30;9;876
28;2025-12-30;10;677
28;2025-12-30;11;580
28;2025-12-30;12;683
28;2025-12-30;13;734
28;2025-12-30;14;675
28;2025-12-30;15;703
28;2025-12-30;16;826
28;2025-12-30;17;982
28;2025-12-30;18;948
28;2025-12-30;19;726
28;2025-12-30;20;530
28;2025-12-30;21;320
28;2025-12-30;22;129
28;2025-12-30;23;16
28;2025-12-31;0;0
28;2025-12-31;1;0
28;2025-12-31;2;0
28;2025-12-31;3;0
28;2025-12-31;4;0
28;2025-12-31;5;32
28;2025-12-31;6;87
28;2025-12-31;7;158
28;2025-12-31;8;251
28;2025-12-31;9;328
28;2025-12-31;10;376
28;2025-12-31;11;410
28;2025-12-31;12;466
28;2025-12-31;13;519
28;2025-12-31;14;523
28;2025-12-31;15;531
28;2025-12-31;16;488
28;2025-12-31;17;495
28;2025-12-31;18;434
28;2025-12-31;19;372
28;2025-12-31;20;308
28;2025-12-31;21;254
28;2025-12-31;22;117
28;2025-12-31;23;12
50;2025-11-01;0;18
50;2025-11-01;1;0
50;2025-11-01;2;0
50;2025-11-01;3;0
50;2025-11-01;4;0
50;2025-11-01;5;0
50;2025-11-01;6;0
50;2025-11-01;7;0
50;2025-11-01;8;0
50;2025-11-01;9;2
50;2025-11-01;10;4
50;2025-11-01;11;5
50;2025-11-01;12;10
50;2025-11-01;13;8
50;2025-11-01;14;6
50;2025-11-01;15;4
50;2025-11-01;16;6
50;2025-11-01;17;9
50;2025-11-01;18;8
50;2025-11-01;19;0
50;2025-11-01;20;2
50;2025-11-01;21;0
50;2025-11-01;22;1
50;2025-11-01;23;0
50;2025-11-02;0;18
50;2025-11-02;1;0
50;2025-11-02;2;0
50;2025-11-02;3;0
50;2025-11-02;4;0
50;2025-11-02;5;0
50;2025-11-02;6;0
50;2025-11-02;7;0
50;2025-11-02;8;0
50;2025-11-02;9;2
50;2025-11-02;10;4
50;2025-11-02;11;5
50;2025-11-02;12;10
50;2025-11-02;13;8
50;2025-11-02;14;6
50;2025-11-02;15;4
50;2025-11-02;16;6
50;2025-11-02;17;9
50;2025-11-02;18;8
50;2025-11-02;19;0
50;2025-11-02;20;2
50;2025-11-02;21;0
50;2025-11-02;22;1
50;2025-11-02;23;0
50;2025-11-03;0;54
50;2025-11-03;1;7
50;2025-11-03;2;0
50;2025-11-03;3;0
50;2025-11-03;4;1
50;2025-11-03;5;30
50;2025-11-03;6;142
50;2025-11-03;7;266
50;2025-11-03;8;383
50;2025-11-03;9;485
50;2025-11-03;10;523
50;2025-11-03;11;655
50;2025-11-03;12;761
50;2025-11-03;13;801
50;2025-11-03;14;824
50;2025-11-03;15;771
50;2025-11-03;16;774
50;2025-11-03;17;758
50;2025-11-03;18;700
50;2025-11-03;19;591
50;2025-11-03;20;488
50;2025-11-03;21;387
50;2025-11-03;22;237
50;2025-11-03;23;125
50;2025-11-04;0;55
50;2025-11-04;1;7
50;2025-11-04;2;0
50;2025-11-04;3;0
50;2025-11-04;4;1
50;2025-11-04;5;31
50;2025-11-04;6;146
50;2025-11-04;7;274
50;2025-11-04;8;395
50;2025-11-04;9;500
50;2025-11-04;10;539
50;2025-11-04;11;675
50;2025-11-04;12;784
50;2025-11-04;13;825
50;2025-11-04;14;849
50;2025-11-04;15;794
50;2025-11-04;16;798
50;2025-11-04;17;781
50;2025-11-04;18;721
50;2025-11-04;19;609
50;2025-11-04;20;502
50;2025-11-04;21;399
50;2025-11-04;22;244
50;2025-11-04;23;129
50;2025-11-05;0;33
50;2025-11-05;1;3
50;2025-11-05;2;0
50;2025-11-05;3;0
50;2025-11-05;4;3
50;2025-11-05;5;67
50;2025-11-05;6;527
50;2025-11-05;7;1736
50;2025-11-05;8;2763
50;2025-11-05;9;2101
50;2025-11-05;10;1614
50;2025-11-05;11;1554
50;2025-11-05;12;1430
50;2025-11-05;13;1460
50;2025-11-05;14;1425
50;2025-11-05;15;1661
50;2025-11-05;16;1697
50;2025-11-05;17;2329
50;2025-11-05;18;2428
50;2025-11-05;19;1543
50;2025-11-05;20;914
50;2025-11-05;21;637
50;2025-11-05;22;293
50;2025-11-05;23;137
50;2025-11-06;0;38
50;2025-11-06;1;2
50;2025-11-06;2;0
50;2025-11-06;3;0
50;2025-11-06;4;2
50;2025-11-06;5;70
50;2025-11-06;6;537
50;2025-11-06;7;1764
50;2025-11-06;8;2690
50;2025-11-06;9;2148
50;2025-11-06;10;1669
50;2025-11-06;11;1575
50;2025-11-06;12;1468
50;2025-11-06;13;1418
50;2025-11-06;14;1416
50;2025-11-06;15;1635
50;2025-11-06;16;1725
50;2025-11-06;17;2344
50;2025-11-06;18;2501
50;2025-11-06;19;1465
50;2025-11-06;20;950
50;2025-11-06;21;684
50;2025-11-06;22;292
50;2025-11-06;23;157
50;2025-11-07;0;38
50;2025-11-07;1;2
50;2025-11-07;2;0
50;2025-11-07;3;0
50;2025-11-07;4;2
50;2025-11-07;5;66
50;2025-11-07;6;556
50;2025-11-07;7;1751
50;2025-11-07;8;2701
50;2025-11-07;9;2074
50;2025-11-07;10;1578
50;2025-11-07;11;1626
50;2025-11-07;12;1537
50;2025-11-07;13;1510
50;2025-11-07;14;1475
50;2025-11-07;15;1760
50;2025-11-07;16;2137
50;2025-11-07;17;2167
50;2025-11-07;18;1794
50;2025-11-07;19;1268
50;2025-11-07;20;839
50;2025-11-07;21;578
50;2025-11-07;22;311
50;2025-11-07;23;179
50;2025-11-08;0;18
50;2025-11-08;1;0
50;2025-11-08;2;0
50;2025-11-08;3;0
50;2025-11-08;4;0
50;2025-11-08;5;0
50;2025-11-08;6;0
50;2025-11-08;7;0
50;2025-11-08;8;0
50;2025-11-08;9;2
50;2025-11-08;10;4
50;2025-11-08;11;5
50;2025-11-08;12;10
50;2025-11-08;13;8
50;2025-11-08;14;6
50;2025-11-08;15;4
50;2025-11-08;16;6
50;2025-11-08;17;9
50;2025-11-08;18;8
50;2025-11-08;19;0
50;2025-11-08;20;2
50;2025-11-08;21;0
50;2025-11-08;22;1
50;2025-11-08;23;0
50;2025-11-09;0;18
50;2025-11-09;1;0
50;2025-11-09;2;0
50;2025-11-09;3;0
50;2025-11-09;4;0
50;2025-11-09;5;0
50;2025-11-09;6;0
50;2025-11-09;7;0
50;2025-11-09;8;0
50;2025-11-09;9;2
50;2025-11-09;10;4
50;2025-11-09;11;5
50;2025-11-09;12;10
50;2025-11-09;13;8
50;2025-11-09;14;6
50;2025-11-09;15;4
50;2025-11-09;16;6
50;2025-11-09;17;9
50;2025-11-09;18;8
50;2025-11-09;19;0
50;2025-11-09;20;2
50;2025-11-09;21;0
50;2025-11-09;22;1
50;2025-11-09;23;0
50;2025-11-10;0;24
50;2025-11-10;1;3
50;2025-11-10;2;0
50;2025-11-10;3;0
50;2025-11-10;4;3
50;2025-11-10;5;68
50;2025-11-10;6;523
50;2025-11-10;7;1736
50;2025-11-10;8;2737
50;2025-11-10;9;2154
50;2025-11-10;10;1617
50;2025-11-10;11;1519
50;2025-11-10;12;1356
50;2025-11-10;13;1431
50;2025-11-10;14;1353
50;2025-11-10;15;1602
50;2025-11-10;16;1614
50;2025-11-10;17;2242
50;2025-11-10;18;2495
50;2025-11-10;19;1460
50;2025-11-10;20;893
50;2025-11-10;21;605
50;2025-11-10;22;262
50;2025-11-10;23;120
50;2025-11-11;0;32
50;2025-11-11;1;2
50;2025-11-11;2;0
50;2025-11-11;3;0
50;2025-11-11;4;2
50;2025-11-11;5;65
50;2025-11-11;6;572
50;2025-11-11;7;1820
50;2025-11-11;8;2817
50;2025-11-11;9;2176
50;2025-11-11;10;1665
50;2025-11-11;11;1519
50;2025-11-11;12;1465
50;2025-11-11;13;1467
50;2025-11-11;14;1388
50;2025-11-11;15;1662
50;2025-11-11;16;1655
50;2025-11-11;17;2374
50;2025-11-11;18;2501
50;2025-11-11;19;1467
50;2025-11-11;20;921
50;2025-11-11;21;621
50;2025-11-11;22;269
50;2025-11-11;23;134
50;2025-11-12;0;33
50;2025-11-12;1;3
50;2025-11-12;2;0
50;2025-11-12;3;0
50;2025-11-12;4;3
50;2025-11-12;5;67
50;2025-11-12;6;527
50;2025-11-12;7;1736
50;2025-11-12;8;2763
50;2025-11-12;9;2101
50;2025-11-12;10;1614
50;2025-11-12;11;1554
50;2025-11-12;12;1430
50;2025-11-12;13;1460
50;2025-11-12;14;1425
50;2025-11-12;15;1661
50;2025-11-12;16;1697
50;2025-11-12;17;2329
50;2025-11-12;18;2428
50;2025-11-12;19;1543
50;2025-11-12;20;914
50;2025-11-12;21;637
50;2025-11-12;22;293
50;2025-11-12;23;137
50;2025-11-13;0;38
50;2025-11-13;1;2
50;2025-11-13;2;0
50;2025-11-13;3;0
50;2025-11-13;4;2
50;2025-11-13;5;70
50;2025-11-13;6;537
50;2025-11-13;7;1764
50;2025-11-13;8;2690
50;2025-11-13;9;2148
50;2025-11-13;10;1669
50;2025-11-13;11;1575
50;2025-11-13;12;1468
50;2025-11-13;13;1418
50;2025-11-13;14;1416
50;2025-11-13;15;1635
50;2025-11-13;16;1725
50;2025-11-13;17;2344
50;2025-11-13;18;2501
50;2025-11-13;19;1465
50;2025-11-13;20;950
50;2025-11-13;21;684
50;2025-11-13;22;292
50;2025-11-13;23;157
50;2025-11-14;0;38
50;2025-11-14;1;2
50;2025-11-14;2;0
50;2025-11-14;3;0
50;2025-11-14;4;2
50;2025-11-14;5;66
50;2025-11-14;6;556
50;2025-11-14;7;1751
50;2025-11-14;8;2701
50;2025-11-14;9;2074
50;2025-11-14;10;1578
50;2025-11-14;11;1626
50;2025-11-14;12;1537
50;2025-11-14;13;1510
50;2025-11-14;14;1475
50;2025-11-14;15;1760
50;2025-11-14;16;2137
50;2025-11-14;17;2167
50;2025-11-14;18;1794
50;2025-11-14;19;1268
50;2025-11-14;20;839
50;2025-11-14;21;578
50;2025-11-14;22;311
50;2025-11-14;23;179
50;2025-11-15;0;18
50;2025-11-15;1;0
50;2025-11-15;2;0
50;2025-11-15;3;0
50;2025-11-15;4;0
50;2025-11-15;5;0
50;2025-11-15;6;0
50;2025-11-15;7;0
50;2025-11-15;8;0
50;2025-11-15;9;2
50;2025-11-15;10;4
50;2025-11-15;11;5
50;2025-11-15;12;10
50;2025-11-15;13;8
50;2025-11-15;14;6
50;2025-11-15;15;4
50;2025-11-15;16;6
50;2025-11-15;17;9
50;2025-11-15;18;8
50;2025-11-15;19;0
50;2025-11-15;20;2
50;2025-11-15;21;0
50;2025-11-15;22;1
50;2025-11-15;23;0
50;2025-11-16;0;18
50;2025-11-16;1;0
50;2025-11-16;2;0
50;2025-11-16;3;0
50;2025-11-16;4;0
50;2025-11-16;5;0
50;2025-11-16;6;0
50;2025-11-16;7;0
50;2025-11-16;8;0
50;2025-11-16;9;2
50;2025-11-16;10;4
50;2025-11-16;11;5
50;2025-11-16;12;10
50;2025-11-16;13;8
50;2025-11-16;14;6
50;2025-11-16;15;4
50;2025-11-16;16;6
50;2025-11-16;17;9
50;2025-11-16;18;8
50;2025-11-16;19;0
50;2025-11-16;20;2
50;2025-11-16;21;0
50;2025-11-16;22;1
50;2025-11-16;23;0
50;2025-11-17;0;24
50;2025-11-17;1;3
50;2025-11-17;2;0
50;2025-11-17;3;0
50;2025-11-17;4;3
50;2025-11-17;5;68
50;2025-11-17;6;523
50;2025-11-17;7;1736
50;2025-11-17;8;2737
50;2025-11-17;9;2154
50;2025-11-17;10;1617
50;2025-11-17;11;1519
50;2025-11-17;12;1356
50;2025-11-17;13;1431
50;2025-11-17;14;1353
50;2025-11-17;15;1602
50;2025-11-17;16;1614
50;2025-11-17;17;2242
50;2025-11-17;18;2495
50;2025-11-17;19;1460
50;2025-11-17;20;893
50;2025-11-17;21;605
50;2025-11-17;22;262
50;2025-11-17;23;120
50;2025-11-18;0;32
50;2025-11-18;1;2
50;2025-11-18;2;0
50;2025-11-18;3;0
50;2025-11-18;4;2
50;2025-11-18;5;65
50;2025-11-18;6;572
50;2025-11-18;7;1820
50;2025-11-18;8;2817
50;2025-11-18;9;2176
50;2025-11-18;10;1665
50;2025-11-18;11;1519
50;2025-11-18;12;1465
50;2025-11-18;13;1467
50;2025-11-18;14;1388
50;2025-11-18;15;1662
50;2025-11-18;16;1655
50;2025-11-18;17;2374
50;2025-11-18;18;2501
50;2025-11-18;19;1467
50;2025-11-18;20;921
50;2025-11-18;21;621
50;2025-11-18;22;269
50;2025-11-18;23;134
50;2025-11-19;0;33
50;2025-11-19;1;3
50;2025-11-19;2;0
50;2025-11-19;3;0
50;2025-11-19;4;3
50;2025-11-19;5;67
50;2025-11-19;6;527
50;2025-11-19;7;1736
50;2025-11-19;8;2763
50;2025-11-19;9;2101
50;2025-11-19;10;1614
50;2025-11-19;11;1554
50;2025-11-19;12;1430
50;2025-11-19;13;1460
50;2025-11-19;14;1425
50;2025-11-19;15;1661
50;2025-11-19;16;1697
50;2025-11-19;17;2329
50;2025-11-19;18;2428
50;2025-11-19;19;1543
50;2025-11-19;20;914
50;2025-11-19;21;637
50;2025-11-19;22;293
50;2025-11-19;23;137
50;2025-11-20;0;38
50;2025-11-20;1;2
50;2025-11-20;2;0
50;2025-11-20;3;0
50;2025-11-20;4;2
50;2025-11-20;5;70
50;2025-11-20;6;537
50;2025-11-20;7;1764
50;2025-11-20;8;2690
50;2025-11-20;9;2148
50;2025-11-20;10;1669
50;2025-11-20;11;1575
50;2025-11-20;12;1468
50;2025-11-20;13;1418
50;2025-11-20;14;1416
50;2025-11-20;15;1635
50;2025-11-20;16;1725
50;2025-11-20;17;2344
50;2025-11-20;18;2501
50;2025-11-20;19;1465
50;2025-11-20;20;950
50;2025-11-20;21;684
50;2025-11-20;22;292
50;2025-11-20;23;157
50;2025-11-21;0;38
50;2025-11-21;1;2
50;2025-11-21;2;0
50;2025-11-21;3;0
50;2025-11-21;4;2
50;2025-11-21;5;66
50;2025-11-21;6;556
50;2025-11-21;7;1751
50;2025-11-21;8;2701
50;2025-11-21;9;2074
50;2025-11-21;10;1578
50;2025-11-21;11;1626
50;2025-11-21;12;1537
50;2025-11-21;13;1510
50;2025-11-21;14;1475
50;2025-11-21;15;1760
50;2025-11-21;16;2137
50;2025-11-21;17;2167
50;2025-11-21;18;1794
50;2025-11-21;19;1268
50;2025-11-21;20;839
50;2025-11-21;21;578
50;2025-11-21;22;311
50;2025-11-21;23;179
50;2025-11-22;0;18
50;2025-11-22;1;0
50;2025-11-22;2;0
50;2025-11-22;3;0
50;2025-11-22;4;0
50;2025-11-22;5;0
50;2025-11-22;6;0
50;2025-11-22;7;0
50;2025-11-22;8;0
50;2025-11-22;9;2
50;2025-11-22;10;4
50;2025-11-22;11;5
50;2025-11-22;12;10
50;2025-11-22;13;8
50;2025-11-22;14;6
50;2025-11-22;15;4
50;2025-11-22;16;6
50;2025-11-22;17;9
50;2025-11-22;18;8
50;2025-11-22;19;0
50;2025-11-22;20;2
50;2025-11-22;21;0
50;2025-11-22;22;1
50;2025-11-22;23;0
50;2025-11-23;0;18
50;2025-11-23;1;0
50;2025-11-23;2;0
50;2025-11-23;3;0
50;2025-11-23;4;0
50;2025-11-23;5;0
50;2025-11-23;6;0
50;2025-11-23;7;0
50;2025-11-23;8;0
50;2025-11-23;9;2
50;2025-11-23;10;4
50;2025-11-23;11;5
50;2025-11-23;12;10
50;2025-11-23;13;8
50;2025-11-23;14;6
50;2025-11-23;15;4
50;2025-11-23;16;6
50;2025-11-23;17;9
50;2025-11-23;18;8
50;2025-11-23;19;0
50;2025-11-23;20;2
50;2025-11-23;21;0
50;2025-11-23;22;1
50;2025-11-23;23;0
50;2025-11-24;0;24
50;2025-11-24;1;3
50;2025-11-24;2;0
50;2025-11-24;3;0
50;2025-11-24;4;3
50;2025-11-24;5;68
50;2025-11-24;6;523
50;2025-11-24;7;1736
50;2025-11-24;8;2737
50;2025-11-24;9;2154
50;2025-11-24;10;1617
50;2025-11-24;11;1519
50;2025-11-24;12;1356
50;2025-11-24;13;1431
50;2025-11-24;14;1353
50;2025-11-24;15;1602
50;2025-11-24;16;1614
50;2025-11-24;17;2242
50;2025-11-24;18;2495
50;2025-11-24;19;1460
50;2025-11-24;20;893
50;2025-11-24;21;605
50;2025-11-24;22;262
50;2025-11-24;23;120
50;2025-11-25;0;32
50;2025-11-25;1;2
50;2025-11-25;2;0
50;2025-11-25;3;0
50;2025-11-25;4;2
50;2025-11-25;5;65
50;2025-11-25;6;572
50;2025-11-25;7;1820
50;2025-11-25;8;2817
50;2025-11-25;9;2176
50;2025-11-25;10;1665
50;2025-11-25;11;1519
50;2025-11-25;12;1465
50;2025-11-25;13;1467
50;2025-11-25;14;1388
50;2025-11-25;15;1662
50;2025-11-25;16;1655
50;2025-11-25;17;2374
50;2025-11-25;18;2501
50;2025-11-25;19;1467
50;2025-11-25;20;921
50;2025-11-25;21;621
50;2025-11-25;22;269
50;2025-11-25;23;134
50;2025-11-26;0;33
50;2025-11-26;1;3
50;2025-11-26;2;0
50;2025-11-26;3;0
50;2025-11-26;4;3
50;2025-11-26;5;67
50;2025-11-26;6;527
50;2025-11-26;7;1736
50;2025-11-26;8;2763
50;2025-11-26;9;2101
50;2025-11-26;10;1614
50;2025-11-26;11;1554
50;2025-11-26;12;1430
50;2025-11-26;13;1460
50;2025-11-26;14;1425
50;2025-11-26;15;1661
50;2025-11-26;16;1697
50;2025-11-26;17;2329
50;2025-11-26;18;2428
50;2025-11-26;19;1543
50;2025-11-26;20;914
50;2025-11-26;21;637
50;2025-11-26;22;293
50;2025-11-26;23;137
50;2025-11-27;0;38
50;2025-11-27;1;2
50;2025-11-27;2;0
50;2025-11-27;3;0
50;2025-11-27;4;2
50;2025-11-27;5;70
50;2025-11-27;6;537
50;2025-11-27;7;1764
50;2025-11-27;8;2690
50;2025-11-27;9;2148
50;2025-11-27;10;1669
50;2025-11-27;11;1575
50;2025-11-27;12;1468
50;2025-11-27;13;1418
50;2025-11-27;14;1416
50;2025-11-27;15;1635
50;2025-11-27;16;1725
50;2025-11-27;17;2344
50;2025-11-27;18;2501
50;2025-11-27;19;1465
50;2025-11-27;20;950
50;2025-11-27;21;684
50;2025-11-27;22;292
50;2025-11-27;23;157
50;2025-11-28;0;38
50;2025-11-28;1;2
50;2025-11-28;2;0
50;2025-11-28;3;0
50;2025-11-28;4;2
50;2025-11-28;5;66
50;2025-11-28;6;556
50;2025-11-28;7;1751
50;2025-11-28;8;2701
50;2025-11-28;9;2074
50;2025-11-28;10;1578
50;2025-11-28;11;1626
50;2025-11-28;12;1537
50;2025-11-28;13;1510
50;2025-11-28;14;1475
50;2025-11-28;15;1760
50;2025-11-28;16;2137
50;2025-11-28;17;2167
50;2025-11-28;18;1794
50;2025-11-28;19;1268
50;2025-11-28;20;839
50;2025-11-28;21;578
50;2025-11-28;22;311
50;2025-11-28;23;179
50;2025-11-29;0;18
50;2025-11-29;1;0
50;2025-11-29;2;0
50;2025-11-29;3;0
50;2025-11-29;4;0
50;2025-11-29;5;0
50;2025-11-29;6;0
50;2025-11-29;7;0
50;2025-11-29;8;0
50;2025-11-29;9;2
50;2025-11-29;10;4
50;2025-11-29;11;5
50;2025-11-29;12;10
50;2025-11-29;13;8
50;2025-11-29;14;6
50;2025-11-29;15;4
50;2025-11-29;16;6
50;2025-11-29;17;9
50;2025-11-29;18;8
50;2025-11-29;19;0
50;2025-11-29;20;2
50;2025-11-29;21;0
50;2025-11-29;22;1
50;2025-11-29;23;0
50;2025-11-30;0;18
50;2025-11-30;1;0
50;2025-11-30;2;0
50;2025-11-30;3;0
50;2025-11-30;4;0
50;2025-11-30;5;0
50;2025-11-30;6;0
50;2025-11-30;7;0
50;2025-11-30;8;0
50;2025-11-30;9;2
50;2025-11-30;10;4
50;2025-11-30;11;5
50;2025-11-30;12;10
50;2025-11-30;13;8
50;2025-11-30;14;6
50;2025-11-30;15;4
50;2025-11-30;16;6
50;2025-11-30;17;9
50;2025-11-30;18;8
50;2025-11-30;19;0
50;2025-11-30;20;2
50;2025-11-30;21;0
50;2025-11-30;22;1
50;2025-11-30;23;0
50;2025-12-01;0;24
50;2025-12-01;1;3
50;2025-12-01;2;0
50;2025-12-01;3;0
50;2025-12-01;4;3
50;2025-12-01;5;68
50;2025-12-01;6;523
50;2025-12-01;7;1736
50;2025-12-01;8;2737
50;2025-12-01;9;2154
50;2025-12-01;10;1617
50;2025-12-01;11;1519
50;2025-12-01;12;1356
50;2025-12-01;13;1431
50;2025-12-01;14;1353
50;2025-12-01;15;1602
50;2025-12-01;16;1614
50;2025-12-01;17;2242
50;2025-12-01;18;2495
50;2025-12-01;19;1460
50;2025-12-01;20;893
50;2025-12-01;21;605
50;2025-12-01;22;262
50;2025-12-01;23;120
50;2025-12-02;0;32
50;2025-12-02;1;2
50;2025-12-02;2;0
50;2025-12-02;3;0
50;2025-12-02;4;2
50;2025-12-02;5;65
50;2025-12-02;6;572
50;2025-12-02;7;1820
50;2025-12-02;8;2817
50;2025-12-02;9;2176
50;2025-12-02;10;1665
50;2025-12-02;11;1519
50;2025-12-02;12;1465
50;2025-12-02;13;1467
50;2025-12-02;14;1388
50;2025-12-02;15;1662
50;2025-12-02;16;1655
50;2025-12-02;17;2374
50;2025-12-02;18;2501
50;2025-12-02;19;1467
50;2025-12-02;20;921
50;2025-12-02;21;621
50;2025-12-02;22;269
50;2025-12-02;23;134
50;2025-12-03;0;33
50;2025-12-03;1;3
50;2025-12-03;2;0
50;2025-12-03;3;0
50;2025-12-03;4;3
50;2025-12-03;5;67
50;2025-12-03;6;527
50;2025-12-03;7;1736
50;2025-12-03;8;2763
50;2025-12-03;9;2101
50;2025-12-03;10;1614
50;2025-12-03;11;1554
50;2025-12-03;12;1430
50;2025-12-03;13;1460
50;2025-12-03;14;1425
50;2025-12-03;15;1661
50;2025-12-03;16;1697
50;2025-12-03;17;2329
50;2025-12-03;18;2428
50;2025-12-03;19;1543
50;2025-12-03;20;914
50;2025-12-03;21;637
50;2025-12-03;22;293
50;2025-12-03;23;137
50;2025-12-04;0;38
50;2025-12-04;1;2
50;2025-12-04;2;0
50;2025-12-04;3;0
50;2025-12-04;4;2
50;2025-12-04;5;70
50;2025-12-04;6;537
50;2025-12-04;7;1764
50;2025-12-04;8;2690
50;2025-12-04;9;2148
50;2025-12-04;10;1669
50;2025-12-04;11;1575
50;2025-12-04;12;1468
50;2025-12-04;13;1418
50;2025-12-04;14;1416
50;2025-12-04;15;1635
50;2025-12-04;16;1725
50;2025-12-04;17;2344
50;2025-12-04;18;2501
50;2025-12-04;19;1465
50;2025-12-04;20;950
50;2025-12-04;21;684
50;2025-12-04;22;292
50;2025-12-04;23;157
50;2025-12-05;0;38
50;2025-12-05;1;2
50;2025-12-05;2;0
50;2025-12-05;3;0
50;2025-12-05;4;2
50;2025-12-05;5;66
50;2025-12-05;6;556
50;2025-12-05;7;1751
50;2025-12-05;8;2701
50;2025-12-05;9;2074
50;2025-12-05;10;1578
50;2025-12-05;11;1626
50;2025-12-05;12;1537
50;2025-12-05;13;1510
50;2025-12-05;14;1475
50;2025-12-05;15;1760
50;2025-12-05;16;2137
50;2025-12-05;17;2167
50;2025-12-05;18;1794
50;2025-12-05;19;1268
50;2025-12-05;20;839
50;2025-12-05;21;578
50;2025-12-05;22;311
50;2025-12-05;23;179
50;2025-12-06;0;18
50;2025-12-06;1;0
50;2025-12-06;2;0
50;2025-12-06;3;0
50;2025-12-06;4;0
50;2025-12-06;5;0
50;2025-12-06;6;0
50;2025-12-06;7;0
50;2025-12-06;8;0
50;2025-12-06;9;2
50;2025-12-06;10;4
50;2025-12-06;11;5
50;2025-12-06;12;10
50;2025-12-06;13;8
50;2025-12-06;14;6
50;2025-12-06;15;4
50;2025-12-06;16;6
50;2025-12-06;17;9
50;2025-12-06;18;8
50;2025-12-06;19;0
50;2025-12-06;20;2
50;2025-12-06;21;0
50;2025-12-06;22;1
50;2025-12-06;23;0
50;2025-12-07;0;18
50;2025-12-07;1;0
50;2025-12-07;2;0
50;2025-12-07;3;0
50;2025-12-07;4;0
50;2025-12-07;5;0
50;2025-12-07;6;0
50;2025-12-07;7;0
50;2025-12-07;8;0
50;2025-12-07;9;2
50;2025-12-07;10;4
50;2025-12-07;11;5
50;2025-12-07;12;10
50;2025-12-07;13;8
50;2025-12-07;14;6
50;2025-12-07;15;4
50;2025-12-07;16;6
50;2025-12-07;17;9
50;2025-12-07;18;8
50;2025-12-07;19;0
50;2025-12-07;20;2
50;2025-12-07;21;0
50;2025-12-07;22;1
50;2025-12-07;23;0
50;2025-12-08;0;24
50;2025-12-08;1;3
50;2025-12-08;2;0
50;2025-12-08;3;0
50;2025-12-08;4;3
50;2025-12-08;5;68
50;2025-12-08;6;523
50;2025-12-08;7;1736
50;2025-12-08;8;2737
50;2025-12-08;9;2154
50;2025-12-08;10;1617
50;2025-12-08;11;1519
50;2025-12-08;12;1356
50;2025-12-08;13;1431
50;2025-12-08;14;1353
50;2025-12-08;15;1602
50;2025-12-08;16;1614
50;2025-12-08;17;2242
50;2025-12-08;18;2495
50;2025-12-08;19;1460
50;2025-12-08;20;893
50;2025-12-08;21;605
50;2025-12-08;22;262
50;2025-12-08;23;120
50;2025-12-09;0;32
50;2025-12-09;1;2
50;2025-12-09;2;0
50;2025-12-09;3;0
50;2025-12-09;4;2
50;2025-12-09;5;65
50;2025-12-09;6;572
50;2025-12-09;7;1820
50;2025-12-09;8;2817
50;2025-12-09;9;2176
50;2025-12-09;10;1665
50;2025-12-09;11;1519
50;2025-12-09;12;1465
50;2025-12-09;13;1467
50;2025-12-09;14;1388
50;2025-12-09;15;1662
50;2025-12-09;16;1655
50;2025-12-09;17;2374
50;2025-12-09;18;2501
50;2025-12-09;19;1467
50;2025-12-09;20;921
50;2025-12-09;21;621
50;2025-12-09;22;269
50;2025-12-09;23;134
50;2025-12-10;0;33
50;2025-12-10;1;3
50;2025-12-10;2;0
50;2025-12-10;3;0
50;2025-12-10;4;3
50;2025-12-10;5;67
50;2025-12-10;6;527
50;2025-12-10;7;1736
50;2025-12-10;8;2763
50;2025-12-10;9;2101
50;2025-12-10;10;1614
50;2025-12-10;11;1554
50;2025-12-10;12;1430
50;2025-12-10;13;1460
50;2025-12-10;14;1425
50;2025-12-10;15;1661
50;2025-12-10;16;1697
50;2025-12-10;17;2329
50;2025-12-10;18;2428
50;2025-12-10;19;1543
50;2025-12-10;20;914
50;2025-12-10;21;637
50;2025-12-10;22;293
50;2025-12-10;23;137
50;2025-12-11;0;38
50;2025-12-11;1;2
50;2025-12-11;2;0
50;2025-12-11;3;0
50;2025-12-11;4;2
50;2025-12-11;5;70
50;2025-12-11;6;537
50;2025-12-11;7;1764
50;2025-12-11;8;2690
50;2025-12-11;9;2148
50;2025-12-11;10;1669
50;2025-12-11;11;1575
50;2025-12-11;12;1468
50;2025-12-11;13;1418
50;2025-12-11;14;1416
50;2025-12-11;15;1635
50;2025-12-11;16;1725
50;2025-12-11;17;2344
50;2025-12-11;18;2501
50;2025-12-11;19;1465
50;2025-12-11;20;950
50;2025-12-11;21;684
50;2025-12-11;22;292
50;2025-12-11;23;157
50;2025-12-12;0;38
50;2025-12-12;1;2
50;2025-12-12;2;0
50;2025-12-12;3;0
50;2025-12-12;4;2
50;2025-12-12;5;66
50;2025-12-12;6;556
50;2025-12-12;7;1751
50;2025-12-12;8;2701
50;2025-12-12;9;2074
50;2025-12-12;10;1578
50;2025-12-12;11;1626
50;2025-12-12;12;1537
50;2025-12-12;13;1510
50;2025-12-12;14;1475
50;2025-12-12;15;1760
50;2025-12-12;16;2137
50;2025-12-12;17;2167
50;2025-12-12;18;1794
50;2025-12-12;19;1268
50;2025-12-12;20;839
50;2025-12-12;21;578
50;2025-12-12;22;311
50;2025-12-12;23;179
50;2025-12-13;0;18
50;2025-12-13;1;0
50;2025-12-13;2;0
50;2025-12-13;3;0
50;2025-12-13;4;0
50;2025-12-13;5;0
50;2025-12-13;6;0
50;2025-12-13;7;0
50;2025-12-13;8;0
50;2025-12-13;9;2
50;2025-12-13;10;4
50;2025-12-13;11;5
50;2025-12-13;12;10
50;2025-12-13;13;8
50;2025-12-13;14;6
50;2025-12-13;15;4
50;2025-12-13;16;6
50;2025-12-13;17;9
50;2025-12-13;18;8
50;2025-12-13;19;0
50;2025-12-13;20;2
50;2025-12-13;21;0
50;2025-12-13;22;1
50;2025-12-13;23;0
50;2025-12-14;0;18
50;2025-12-14;1;0
50;2025-12-14;2;0
50;2025-12-14;3;0
50;2025-12-14;4;0
50;2025-12-14;5;0
50;2025-12-14;6;0
50;2025-12-14;7;0
50;2025-12-14;8;0
50;2025-12-14;9;2
50;2025-12-14;10;4
50;2025-12-14;11;5
50;2025-12-14;12;10
50;2025-12-14;13;8
50;2025-12-14;14;6
50;2025-12-14;15;4
50;2025-12-14;16;6
50;2025-12-14;17;9
50;2025-12-14;18;8
50;2025-12-14;19;0
50;2025-12-14;20;2
50;2025-12-14;21;0
50;2025-12-14;22;1
50;2025-12-14;23;0
50;2025-12-15;0;24
50;2025-12-15;1;3
50;2025-12-15;2;0
50;2025-12-15;3;0
50;2025-12-15;4;3
50;2025-12-15;5;68
50;2025-12-15;6;523
50;2025-12-15;7;1736
50;2025-12-15;8;2737
50;2025-12-15;9;2154
50;2025-12-15;10;1617
50;2025-12-15;11;1519
50;2025-12-15;12;1356
50;2025-12-15;13;1431
50;2025-12-15;14;1353
50;2025-12-15;15;1602
50;2025-12-15;16;1614
50;2025-12-15;17;2242
50;2025-12-15;18;2495
50;2025-12-15;19;1460
50;2025-12-15;20;893
50;2025-12-15;21;605
50;2025-12-15;22;262
50;2025-12-15;23;120
50;2025-12-16;0;32
50;2025-12-16;1;2
50;2025-12-16;2;0
50;2025-12-16;3;0
50;2025-12-16;4;2
50;2025-12-16;5;65
50;2025-12-16;6;572
50;2025-12-16;7;1820
50;2025-12-16;8;2817
50;2025-12-16;9;2176
50;2025-12-16;10;1665
50;2025-12-16;11;1519
50;2025-12-16;12;1465
50;2025-12-16;13;1467
50;2025-12-16;14;1388
50;2025-12-16;15;1662
50;2025-12-16;16;1655
50;2025-12-16;17;2374
50;2025-12-16;18;2501
50;2025-12-16;19;1467
50;2025-12-16;20;921
50;2025-12-16;21;621
50;2025-12-16;22;269
50;2025-12-16;23;134
50;2025-12-17;0;33
50;2025-12-17;1;3
50;2025-12-17;2;0
50;2025-12-17;3;0
50;2025-12-17;4;3
50;2025-12-17;5;67
50;2025-12-17;6;527
50;2025-12-17;7;1736
50;2025-12-17;8;2763
50;2025-12-17;9;2101
50;2025-12-17;10;1614
50;2025-12-17;11;1554
50;2025-12-17;12;1430
50;2025-12-17;13;1460
50;2025-12-17;14;1425
50;2025-12-17;15;1661
50;2025-12-17;16;1697
50;2025-12-17;17;2329
50;2025-12-17;18;2428
50;2025-12-17;19;1543
50;2025-12-17;20;914
50;2025-12-17;21;637
50;2025-12-17;22;293
50;2025-12-17;23;137
50;2025-12-18;0;38
50;2025-12-18;1;2
50;2025-12-18;2;0
50;2025-12-18;3;0
50;2025-12-18;4;2
50;2025-12-18;5;70
50;2025-12-18;6;537
50;2025-12-18;7;1764
50;2025-12-18;8;2690
50;2025-12-18;9;2148
50;2025-12-18;10;1669
50;2025-12-18;11;1575
50;2025-12-18;12;1468
50;2025-12-18;13;1418
50;2025-12-18;14;1416
50;2025-12-18;15;1635
50;2025-12-18;16;1725
50;2025-12-18;17;2344
50;2025-12-18;18;2501
50;2025-12-18;19;1465
50;2025-12-18;20;950
50;2025-12-18;21;684
50;2025-12-18;22;292
50;2025-12-18;23;157
50;2025-12-19;0;38
50;2025-12-19;1;2
50;2025-12-19;2;0
50;2025-12-19;3;0
50;2025-12-19;4;2
50;2025-12-19;5;66
50;2025-12-19;6;556
50;2025-12-19;7;1751
50;2025-12-19;8;2701
50;2025-12-19;9;2074
50;2025-12-19;10;1578
50;2025-12-19;11;1626
50;2025-12-19;12;1537
50;2025-12-19;13;1510
50;2025-12-19;14;1475
50;2025-12-19;15;1760
50;2025-12-19;16;2137
50;2025-12-19;17;2167
50;2025-12-19;18;1794
50;2025-12-19;19;1268
50;2025-12-19;20;839
50;2025-12-19;21;578
50;2025-12-19;22;311
50;2025-12-19;23;179
50;2025-12-20;0;18
50;2025-12-20;1;0
50;2025-12-20;2;0
50;2025-12-20;3;0
50;2025-12-20;4;0
50;2025-12-20;5;0
50;2025-12-20;6;0
50;2025-12-20;7;0
50;2025-12-20;8;0
50;2025-12-20;9;2
50;2025-12-20;10;4
50;2025-12-20;11;5
50;2025-12-20;12;10
50;2025-12-20;13;8
50;2025-12-20;14;6
50;2025-12-20;15;4
50;2025-12-20;16;6
50;2025-12-20;17;9
50;2025-12-20;18;8
50;2025-12-20;19;0
50;2025-12-20;20;2
50;2025-12-20;21;0
50;2025-12-20;22;1
50;2025-12-20;23;0
50;2025-12-21;0;18
50;2025-12-21;1;0
50;2025-12-21;2;0
50;2025-12-21;3;0
50;2025-12-21;4;0
50;2025-12-21;5;0
50;2025-12-21;6;0
50;2025-12-21;7;0
50;2025-12-21;8;0
50;2025-12-21;9;2
50;2025-12-21;10;4
50;2025-12-21;11;5
50;2025-12-21;12;10
50;2025-12-21;13;8
50;2025-12-21;14;6
50;2025-12-21;15;4
50;2025-12-21;16;6
50;2025-12-21;17;9
50;2025-12-21;18;8
50;2025-12-21;19;0
50;2025-12-21;20;2
50;2025-12-21;21;0
50;2025-12-21;22;1
50;2025-12-21;23;0
50;2025-12-22;0;24
50;2025-12-22;1;3
50;2025-12-22;2;0
50;2025-12-22;3;0
50;2025-12-22;4;3
50;2025-12-22;5;68
50;2025-12-22;6;523
50;2025-12-22;7;1736
50;2025-12-22;8;2737
50;2025-12-22;9;2154
50;2025-12-22;10;1617
50;2025-12-22;11;1519
50;2025-12-22;12;1356
50;2025-12-22;13;1431
50;2025-12-22;14;1353
50;2025-12-22;15;1602
50;2025-12-22;16;1614
50;2025-12-22;17;2242
50;2025-12-22;18;2495
50;2025-12-22;19;1460
50;2025-12-22;20;893
50;2025-12-22;21;605
50;2025-12-22;22;262
50;2025-12-22;23;120
50;2025-12-23;0;32
50;2025-12-23;1;2
50;2025-12-23;2;0
50;2025-12-23;3;0
50;2025-12-23;4;2
50;2025-12-23;5;65
50;2025-12-23;6;572
50;2025-12-23;7;1820
50;2025-12-23;8;2817
50;2025-12-23;9;2176
50;2025-12-23;10;1665
50;2025-12-23;11;1519
50;2025-12-23;12;1465
50;2025-12-23;13;1467
50;2025-12-23;14;1388
50;2025-12-23;15;1662
50;2025-12-23;16;1655
50;2025-12-23;17;2374
50;2025-12-23;18;2501
50;2025-12-23;19;1467
50;2025-12-23;20;921
50;2025-12-23;21;621
50;2025-12-23;22;269
50;2025-12-23;23;134
50;2025-12-24;0;33
50;2025-12-24;1;3
50;2025-12-24;2;0
50;2025-12-24;3;0
50;2025-12-24;4;3
50;2025-12-24;5;67
50;2025-12-24;6;527
50;2025-12-24;7;1736
50;2025-12-24;8;2763
50;2025-12-24;9;2101
50;2025-12-24;10;1614
50;2025-12-24;11;1554
50;2025-12-24;12;1430
50;2025-12-24;13;1460
50;2025-12-24;14;1425
50;2025-12-24;15;1661
50;2025-12-24;16;1697
50;2025-12-24;17;2329
50;2025-12-24;18;2428
50;2025-12-24;19;1543
50;2025-12-24;20;914
50;2025-12-24;21;637
50;2025-12-24;22;293
50;2025-12-24;23;137
50;2025-12-25;0;38
50;2025-12-25;1;2
50;2025-12-25;2;0
50;2025-12-25;3;0
50;2025-12-25;4;2
50;2025-12-25;5;70
50;2025-12-25;6;537
50;2025-12-25;7;1764
50;2025-12-25;8;2690
50;2025-12-25;9;2148
50;2025-12-25;10;1669
50;2025-12-25;11;1575
50;2025-12-25;12;1468
50;2025-12-25;13;1418
50;2025-12-25;14;1416
50;2025-12-25;15;1635
50;2025-12-25;16;1725
50;2025-12-25;17;2344
50;2025-12-25;18;2501
50;2025-12-25;19;1465
50;2025-12-25;20;950
50;2025-12-25;21;684
50;2025-12-25;22;292
50;2025-12-25;23;157
50;2025-12-26;0;38
50;2025-12-26;1;2
50;2025-12-26;2;0
50;2025-12-26;3;0
50;2025-12-26;4;2
50;2025-12-26;5;66
50;2025-12-26;6;556
50;2025-12-26;7;1751
50;2025-12-26;8;2701
50;2025-12-26;9;2074
50;2025-12-26;10;1578
50;2025-12-26;11;1626
50;2025-12-26;12;1537
50;2025-12-26;13;1510
50;2025-12-26;14;1475
50;2025-12-26;15;1760
50;2025-12-26;16;2137
50;2025-12-26;17;2167
50;2025-12-26;18;1794
50;2025-12-26;19;1268
50;2025-12-26;20;839
50;2025-12-26;21;578
50;2025-12-26;22;311
50;2025-12-26;23;179
50;2025-12-27;0;18
50;2025-12-27;1;0
50;2025-12-27;2;0
50;2025-12-27;3;0
50;2025-12-27;4;0
50;2025-12-27;5;0
50;2025-12-27;6;0
50;2025-12-27;7;0
50;2025-12-27;8;0
50;2025-12-27;9;2
50;2025-12-27;10;4
50;2025-12-27;11;5
50;2025-12-27;12;10
50;2025-12-27;13;8
50;2025-12-27;14;6
50;2025-12-27;15;4
50;2025-12-27;16;6
50;2025-12-27;17;9
50;2025-12-27;18;8
50;2025-12-27;19;0
50;2025-12-27;20;2
50;2025-12-27;21;0
50;2025-12-27;22;1
50;2025-12-27;23;0
50;2025-12-28;0;18
50;2025-12-28;1;0
50;2025-12-28;2;0
50;2025-12-28;3;0
50;2025-12-28;4;0
50;2025-12-28;5;0
50;2025-12-28;6;0
50;2025-12-28;7;0
50;2025-12-28;8;0
50;2025-12-28;9;2
50;2025-12-28;10;4
50;2025-12-28;11;5
50;2025-12-28;12;10
50;2025-12-28;13;8
50;2025-12-28;14;6
50;2025-12-28;15;4
50;2025-12-28;16;6
50;2025-12-28;17;9
50;2025-12-28;18;8
50;2025-12-28;19;0
50;2025-12-28;20;2
50;2025-12-28;21;0
50;2025-12-28;22;1
50;2025-12-28;23;0
50;2025-12-29;0;24
50;2025-12-29;1;3
50;2025-12-29;2;0
50;2025-12-29;3;0
50;2025-12-29;4;3
50;2025-12-29;5;68
50;2025-12-29;6;523
50;2025-12-29;7;1736
50;2025-12-29;8;2737
50;2025-12-29;9;2154
50;2025-12-29;10;1617
50;2025-12-29;11;1519
50;2025-12-29;12;1356
50;2025-12-29;13;1431
50;2025-12-29;14;1353
50;2025-12-29;15;1602
50;2025-12-29;16;1614
50;2025-12-29;17;2242
50;2025-12-29;18;2495
50;2025-12-29;19;1460
50;2025-12-29;20;893
50;2025-12-29;21;605
50;2025-12-29;22;262
50;2025-12-29;23;120
50;2025-12-30;0;32
50;2025-12-30;1;2
50;2025-12-30;2;0
50;2025-12-30;3;0
50;2025-12-30;4;2
50;2025-12-30;5;65
50;2025-12-30;6;572
50;2025-12-30;7;1820
50;2025-12-30;8;2817
50;2025-12-30;9;2176
50;2025-12-30;10;1665
50;2025-12-30;11;1519
50;2025-12-30;12;1465
50;2025-12-30;13;1467
50;2025-12-30;14;1388
50;2025-12-30;15;1662
50;2025-12-30;16;1655
50;2025-12-30;17;2374
50;2025-12-30;18;2501
50;2025-12-30;19;1467
50;2025-12-30;20;921
50;2025-12-30;21;621
50;2025-12-30;22;269
50;2025-12-30;23;134
50;2025-12-31;0;55
50;2025-12-31;1;7
50;2025-12-31;2;0
50;2025-12-31;3;0
50;2025-12-31;4;1
50;2025-12-31;5;31
50;2025-12-31;6;145
50;2025-12-31;7;271
50;2025-12-31;8;391
50;2025-12-31;9;495
50;2025-12-31;10;534
50;2025-12-31;11;669
50;2025-12-31;12;777
50;2025-12-31;13;818
50;2025-12-31;14;841
50;2025-12-31;15;787
50;2025-12-31;16;790
50;2025-12-31;17;774
50;2025-12-31;18;715
50;2025-12-31;19;604
50;2025-12-31;20;498
50;2025-12-31;21;395
50;2025-12-31;22;242
50;2025-12-31;23;127
