route;date;hour;prediction
1;2025-11-01;0;5
1;2025-11-01;1;0
1;2025-11-01;2;0
1;2025-11-01;3;0
1;2025-11-01;4;8
1;2025-11-01;5;143
1;2025-11-01;6;530
1;2025-11-01;7;1544
1;2025-11-01;8;1916
1;2025-11-01;9;1442
1;2025-11-01;10;1346
1;2025-11-01;11;1423
1;2025-11-01;12;1395
1;2025-11-01;13;1456
1;2025-11-01;14;1387
1;2025-11-01;15;1551
1;2025-11-01;16;1631
1;2025-11-01;17;1808
1;2025-11-01;18;1609
1;2025-11-01;19;1226
1;2025-11-01;20;834
1;2025-11-01;21;513
1;2025-11-01;22;256
1;2025-11-01;23;54
1;2025-11-02;0;0
1;2025-11-02;1;0
1;2025-11-02;2;0
1;2025-11-02;3;0
1;2025-11-02;4;0
1;2025-11-02;5;29
1;2025-11-02;6;144
1;2025-11-02;7;285
1;2025-11-02;8;389
1;2025-11-02;9;657
1;2025-11-02;10;746
1;2025-11-02;11;732
1;2025-11-02;12;918
1;2025-11-02;13;957
1;2025-11-02;14;857
1;2025-11-02;15;795
1;2025-11-02;16;733
1;2025-11-02;17;678
1;2025-11-02;18;614
1;2025-11-02;19;527
1;2025-11-02;20;397
1;2025-11-02;21;305
1;2025-11-02;22;125
1;2025-11-02;23;35
1;2025-11-03;0;0
1;2025-11-03;1;0
1;2025-11-03;2;0
1;2025-11-03;3;0
1;2025-11-03;4;0
1;2025-11-03;5;28
1;2025-11-03;6;139
1;2025-11-03;7;274
1;2025-11-03;8;374
1;2025-11-03;9;631
1;2025-11-03;10;716
1;2025-11-03;11;704
1;2025-11-03;12;882
1;2025-11-03;13;919
1;2025-11-03;14;824
1;2025-11-03;15;764
1;2025-11-03;16;704
1;2025-11-03;17;652
1;2025-11-03;18;590
1;2025-11-03;19;507
1;2025-11-03;20;381
1;2025-11-03;21;293
1;2025-11-03;22;120
1;2025-11-03;23;34
1;2025-11-04;0;0
1;2025-11-04;1;0
1;2025-11-04;2;0
1;2025-11-04;3;0
1;2025-11-04;4;0
1;2025-11-04;5;28
1;2025-11-04;6;142
1;2025-11-04;7;281
1;2025-11-04;8;383
1;2025-11-04;9;647
1;2025-11-04;10;734
1;2025-11-04;11;721
1;2025-11-04;12;904
1;2025-11-04;13;942
1;2025-11-04;14;844
1;2025-11-04;15;783
1;2025-11-04;16;721
1;2025-11-04;17;668
1;2025-11-04;18;605
1;2025-11-04;19;519
1;2025-11-04;20;391
1;2025-11-04;21;301
1;2025-11-04;22;123
1;2025-11-04;23;35
1;2025-11-05;0;4
1;2025-11-05;1;0
1;2025-11-05;2;0
1;2025-11-05;3;0
1;2025-11-05;4;9
1;2025-11-05;5;139
1;2025-11-05;6;580
1;2025-11-05;7;1592
1;2025-11-05;8;2027
1;2025-11-05;9;1499
1;2025-11-05;10;1375
1;2025-11-05;11;1394
1;2025-11-05;12;1422
1;2025-11-05;13;1495
1;2025-11-05;14;1421
1;2025-11-05;15;1550
1;2025-11-05;16;1562
1;2025-11-05;17;1859
1;2025-11-05;18;1880
1;2025-11-05;19;1444
1;2025-11-05;20;956
1;2025-11-05;21;512
1;2025-11-05;22;261
1;2025-11-05;23;47
1;2025-11-06;0;5
1;2025-11-06;1;0
1;2025-11-06;2;0
1;2025-11-06;3;0
1;2025-11-06;4;8
1;2025-11-06;5;131
1;2025-11-06;6;522
1;2025-11-06;7;1508
1;2025-11-06;8;1984
1;2025-11-06;9;1463
1;2025-11-06;10;1338
1;2025-11-06;11;1342
1;2025-11-06;12;1404
1;2025-11-06;13;1431
1;2025-11-06;14;1398
1;2025-11-06;15;1531
1;2025-11-06;16;1543
1;2025-11-06;17;1795
1;2025-11-06;18;1813
1;2025-11-06;19;1363
1;2025-11-06;20;903
1;2025-11-06;21;492
1;2025-11-06;22;237
1;2025-11-06;23;52
1;2025-11-07;0;5
1;2025-11-07;1;0
1;2025-11-07;2;0
1;2025-11-07;3;0
1;2025-11-07;4;8
1;2025-11-07;5;142
1;2025-11-07;6;525
1;2025-11-07;7;1529
1;2025-11-07;8;1897
1;2025-11-07;9;1429
1;2025-11-07;10;1333
1;2025-11-07;11;1410
1;2025-11-07;12;1382
1;2025-11-07;13;1442
1;2025-11-07;14;1374
1;2025-11-07;15;1536
1;2025-11-07;16;1615
1;2025-11-07;17;1791
1;2025-11-07;18;1593
1;2025-11-07;19;1214
1;2025-11-07;20;826
1;2025-11-07;21;508
1;2025-11-07;22;253
1;2025-11-07;23;54
1;2025-11-08;0;5
1;2025-11-08;1;0
1;2025-11-08;2;0
1;2025-11-08;3;0
1;2025-11-08;4;0
1;2025-11-08;5;33
1;2025-11-08;6;179
1;2025-11-08;7;350
1;2025-11-08;8;493
1;2025-11-08;9;763
1;2025-11-08;10;899
1;2025-11-08;11;835
1;2025-11-08;12;1015
1;2025-11-08;13;1058
1;2025-11-08;14;983
1;2025-11-08;15;852
1;2025-11-08;16;786
1;2025-11-08;17;729
1;2025-11-08;18;664
1;2025-11-08;19;603
1;2025-11-08;20;443
1;2025-11-08;21;324
1;2025-11-08;22;149
1;2025-11-08;23;34
1;2025-11-09;0;0
1;2025-11-09;1;0
1;2025-11-09;2;0
1;2025-11-09;3;0
1;2025-11-09;4;0
1;2025-11-09;5;29
1;2025-11-09;6;145
1;2025-11-09;7;286
1;2025-11-09;8;390
1;2025-11-09;9;659
1;2025-11-09;10;748
1;2025-11-09;11;735
1;2025-11-09;12;922
1;2025-11-09;13;960
1;2025-11-09;14;860
1;2025-11-09;15;798
1;2025-11-09;16;735
1;2025-11-09;17;681
1;2025-11-09;18;617
1;2025-11-09;19;529
1;2025-11-09;20;398
1;2025-11-09;21;307
1;2025-11-09;22;125
1;2025-11-09;23;35
1;2025-11-10;0;0
1;2025-11-10;1;0
1;2025-11-10;2;0
1;2025-11-10;3;0
1;2025-11-10;4;9
1;2025-11-10;5;135
1;2025-11-10;6;558
1;2025-11-10;7;1547
1;2025-11-10;8;1974
1;2025-11-10;9;1459
1;2025-11-10;10;1286
1;2025-11-10;11;1329
1;2025-11-10;12;1380
1;2025-11-10;13;1402
1;2025-11-10;14;1376
1;2025-11-10;15;1525
1;2025-11-10;16;1610
1;2025-11-10;17;1864
1;2025-11-10;18;1970
1;2025-11-10;19;1479
1;2025-11-10;20;932
1;2025-11-10;21;500
1;2025-11-10;22;223
1;2025-11-10;23;41
1;2025-11-11;0;3
1;2025-11-11;1;0
1;2025-11-11;2;0
1;2025-11-11;3;0
1;2025-11-11;4;7
1;2025-11-11;5;137
1;2025-11-11;6;589
1;2025-11-11;7;1683
1;2025-11-11;8;2060
1;2025-11-11;9;1593
1;2025-11-11;10;1421
1;2025-11-11;11;1427
1;2025-11-11;12;1463
1;2025-11-11;13;1488
1;2025-11-11;14;1414
1;2025-11-11;15;1538
1;2025-11-11;16;1556
1;2025-11-11;17;1871
1;2025-11-11;18;1908
1;2025-11-11;19;1517
1;2025-11-11;20;962
1;2025-11-11;21;520
1;2025-11-11;22;252
1;2025-11-11;23;46
1;2025-11-12;0;4
1;2025-11-12;1;0
1;2025-11-12;2;0
1;2025-11-12;3;0
1;2025-11-12;4;9
1;2025-11-12;5;139
1;2025-11-12;6;565
1;2025-11-12;7;1552
1;2025-11-12;8;1975
1;2025-11-12;9;1461
1;2025-11-12;10;1340
1;2025-11-12;11;1359
1;2025-11-12;12;1385
1;2025-11-12;13;1457
1;2025-11-12;14;1385
1;2025-11-12;15;1511
1;2025-11-12;16;1522
1;2025-11-12;17;1812
1;2025-11-12;18;1832
1;2025-11-12;19;1407
1;2025-11-12;20;932
1;2025-11-12;21;499
1;2025-11-12;22;254
1;2025-11-12;23;45
1;2025-11-13;0;5
1;2025-11-13;1;0
1;2025-11-13;2;0
1;2025-11-13;3;0
1;2025-11-13;4;8
1;2025-11-13;5;131
1;2025-11-13;6;538
1;2025-11-13;7;1556
1;2025-11-13;8;2047
1;2025-11-13;9;1510
1;2025-11-13;10;1380
1;2025-11-13;11;1385
1;2025-11-13;12;1449
1;2025-11-13;13;1477
1;2025-11-13;14;1443
1;2025-11-13;15;1580
1;2025-11-13;16;1592
1;2025-11-13;17;1853
1;2025-11-13;18;1871
1;2025-11-13;19;1406
1;2025-11-13;20;932
1;2025-11-13;21;508
1;2025-11-13;22;244
1;2025-11-13;23;53
1;2025-11-14;0;5
1;2025-11-14;1;0
1;2025-11-14;2;0
1;2025-11-14;3;0
1;2025-11-14;4;8
1;2025-11-14;5;142
1;2025-11-14;6;536
1;2025-11-14;7;1560
1;2025-11-14;8;1935
1;2025-11-14;9;1457
1;2025-11-14;10;1360
1;2025-11-14;11;1438
1;2025-11-14;12;1410
1;2025-11-14;13;1471
1;2025-11-14;14;1401
1;2025-11-14;15;1567
1;2025-11-14;16;1648
1;2025-11-14;17;1827
1;2025-11-14;18;1625
1;2025-11-14;19;1239
1;2025-11-14;20;842
1;2025-11-14;21;518
1;2025-11-14;22;258
1;2025-11-14;23;55
1;2025-11-15;0;5
1;2025-11-15;1;0
1;2025-11-15;2;0
1;2025-11-15;3;0
1;2025-11-15;4;0
1;2025-11-15;5;33
1;2025-11-15;6;163
1;2025-11-15;7;320
1;2025-11-15;8;450
1;2025-11-15;9;697
1;2025-11-15;10;821
1;2025-11-15;11;762
1;2025-11-15;12;927
1;2025-11-15;13;966
1;2025-11-15;14;898
1;2025-11-15;15;778
1;2025-11-15;16;717
1;2025-11-15;17;666
1;2025-11-15;18;606
1;2025-11-15;19;551
1;2025-11-15;20;404
1;2025-11-15;21;296
1;2025-11-15;22;136
1;2025-11-15;23;31
1;2025-11-16;0;0
1;2025-11-16;1;0
1;2025-11-16;2;0
1;2025-11-16;3;0
1;2025-11-16;4;0
1;2025-11-16;5;29
1;2025-11-16;6;145
1;2025-11-16;7;286
1;2025-11-16;8;390
1;2025-11-16;9;658
1;2025-11-16;10;747
1;2025-11-16;11;734
1;2025-11-16;12;921
1;2025-11-16;13;959
1;2025-11-16;14;859
1;2025-11-16;15;797
1;2025-11-16;16;735
1;2025-11-16;17;680
1;2025-11-16;18;616
1;2025-11-16;19;529
1;2025-11-16;20;398
1;2025-11-16;21;306
1;2025-11-16;22;125
1;2025-11-16;23;35
1;2025-11-17;0;0
1;2025-11-17;1;0
1;2025-11-17;2;0
1;2025-11-17;3;0
1;2025-11-17;4;9
1;2025-11-17;5;135
1;2025-11-17;6;531
1;2025-11-17;7;1471
1;2025-11-17;8;1876
1;2025-11-17;9;1387
1;2025-11-17;10;1223
1;2025-11-17;11;1263
1;2025-11-17;12;1312
1;2025-11-17;13;1333
1;2025-11-17;14;1308
1;2025-11-17;15;1450
1;2025-11-17;16;1531
1;2025-11-17;17;1772
1;2025-11-17;18;1873
1;2025-11-17;19;1407
1;2025-11-17;20;886
1;2025-11-17;21;476
1;2025-11-17;22;212
1;2025-11-17;23;39
1;2025-11-18;0;3
1;2025-11-18;1;0
1;2025-11-18;2;0
1;2025-11-18;3;0
1;2025-11-18;4;7
1;2025-11-18;5;137
1;2025-11-18;6;540
1;2025-11-18;7;1540
1;2025-11-18;8;1886
1;2025-11-18;9;1459
1;2025-11-18;10;1301
1;2025-11-18;11;1307
1;2025-11-18;12;1339
1;2025-11-18;13;1362
1;2025-11-18;14;1294
1;2025-11-18;15;1408
1;2025-11-18;16;1424
1;2025-11-18;17;1713
1;2025-11-18;18;1747
1;2025-11-18;19;1389
1;2025-11-18;20;881
1;2025-11-18;21;476
1;2025-11-18;22;230
1;2025-11-18;23;42
1;2025-11-19;0;4
1;2025-11-19;1;0
1;2025-11-19;2;0
1;2025-11-19;3;0
1;2025-11-19;4;9
1;2025-11-19;5;139
1;2025-11-19;6;579
1;2025-11-19;7;1591
1;2025-11-19;8;2025
1;2025-11-19;9;1498
1;2025-11-19;10;1374
1;2025-11-19;11;1393
1;2025-11-19;12;1421
1;2025-11-19;13;1494
1;2025-11-19;14;1420
1;2025-11-19;15;1549
1;2025-11-19;16;1561
1;2025-11-19;17;1858
1;2025-11-19;18;1878
1;2025-11-19;19;1443
1;2025-11-19;20;956
1;2025-11-19;21;511
1;2025-11-19;22;261
1;2025-11-19;23;47
1;2025-11-20;0;5
1;2025-11-20;1;0
1;2025-11-20;2;0
1;2025-11-20;3;0
1;2025-11-20;4;8
1;2025-11-20;5;131
1;2025-11-20;6;540
1;2025-11-20;7;1561
1;2025-11-20;8;2053
1;2025-11-20;9;1514
1;2025-11-20;10;1384
1;2025-11-20;11;1389
1;2025-11-20;12;1453
1;2025-11-20;13;1481
1;2025-11-20;14;1447
1;2025-11-20;15;1584
1;2025-11-20;16;1597
1;2025-11-20;17;1858
1;2025-11-20;18;1876
1;2025-11-20;19;1410
1;2025-11-20;20;934
1;2025-11-20;21;509
1;2025-11-20;22;245
1;2025-11-20;23;54
1;2025-11-21;0;5
1;2025-11-21;1;0
1;2025-11-21;2;0
1;2025-11-21;3;0
1;2025-11-21;4;8
1;2025-11-21;5;142
1;2025-11-21;6;534
1;2025-11-21;7;1555
1;2025-11-21;8;1929
1;2025-11-21;9;1453
1;2025-11-21;10;1356
1;2025-11-21;11;1434
1;2025-11-21;12;1405
1;2025-11-21;13;1467
1;2025-11-21;14;1397
1;2025-11-21;15;1562
1;2025-11-21;16;1643
1;2025-11-21;17;1821
1;2025-11-21;18;1620
1;2025-11-21;19;1235
1;2025-11-21;20;840
1;2025-11-21;21;516
1;2025-11-21;22;258
1;2025-11-21;23;55
1;2025-11-22;0;5
1;2025-11-22;1;0
1;2025-11-22;2;0
1;2025-11-22;3;0
1;2025-11-22;4;0
1;2025-11-22;5;33
1;2025-11-22;6;169
1;2025-11-22;7;330
1;2025-11-22;8;465
1;2025-11-22;9;720
1;2025-11-22;10;849
1;2025-11-22;11;788
1;2025-11-22;12;958
1;2025-11-22;13;998
1;2025-11-22;14;928
1;2025-11-22;15;805
1;2025-11-22;16;742
1;2025-11-22;17;689
1;2025-11-22;18;626
1;2025-11-22;19;569
1;2025-11-22;20;418
1;2025-11-22;21;306
1;2025-11-22;22;140
1;2025-11-22;23;32
1;2025-11-23;0;0
1;2025-11-23;1;0
1;2025-11-23;2;0
1;2025-11-23;3;0
1;2025-11-23;4;0
1;2025-11-23;5;29
1;2025-11-23;6;144
1;2025-11-23;7;285
1;2025-11-23;8;389
1;2025-11-23;9;656
1;2025-11-23;10;745
1;2025-11-23;11;732
1;2025-11-23;12;918
1;2025-11-23;13;956
1;2025-11-23;14;857
1;2025-11-23;15;795
1;2025-11-23;16;732
1;2025-11-23;17;678
1;2025-11-23;18;614
1;2025-11-23;19;527
1;2025-11-23;20;397
1;2025-11-23;21;305
1;2025-11-23;22;125
1;2025-11-23;23;35
1;2025-11-24;0;0
1;2025-11-24;1;0
1;2025-11-24;2;0
1;2025-11-24;3;0
1;2025-11-24;4;9
1;2025-11-24;5;135
1;2025-11-24;6;510
1;2025-11-24;7;1414
1;2025-11-24;8;1804
1;2025-11-24;9;1333
1;2025-11-24;10;1175
1;2025-11-24;11;1214
1;2025-11-24;12;1261
1;2025-11-24;13;1282
1;2025-11-24;14;1257
1;2025-11-24;15;1394
1;2025-11-24;16;1471
1;2025-11-24;17;1704
1;2025-11-24;18;1800
1;2025-11-24;19;1352
1;2025-11-24;20;852
1;2025-11-24;21;457
1;2025-11-24;22;204
1;2025-11-24;23;37
1;2025-11-25;0;3
1;2025-11-25;1;0
1;2025-11-25;2;0
1;2025-11-25;3;0
1;2025-11-25;4;7
1;2025-11-25;5;137
1;2025-11-25;6;589
1;2025-11-25;7;1682
1;2025-11-25;8;2060
1;2025-11-25;9;1593
1;2025-11-25;10;1420
1;2025-11-25;11;1427
1;2025-11-25;12;1463
1;2025-11-25;13;1487
1;2025-11-25;14;1413
1;2025-11-25;15;1538
1;2025-11-25;16;1555
1;2025-11-25;17;1870
1;2025-11-25;18;1907
1;2025-11-25;19;1516
1;2025-11-25;20;962
1;2025-11-25;21;520
1;2025-11-25;22;251
1;2025-11-25;23;46
1;2025-11-26;0;4
1;2025-11-26;1;0
1;2025-11-26;2;0
1;2025-11-26;3;0
1;2025-11-26;4;9
1;2025-11-26;5;139
1;2025-11-26;6;536
1;2025-11-26;7;1473
1;2025-11-26;8;1875
1;2025-11-26;9;1386
1;2025-11-26;10;1272
1;2025-11-26;11;1290
1;2025-11-26;12;1315
1;2025-11-26;13;1383
1;2025-11-26;14;1314
1;2025-11-26;15;1434
1;2025-11-26;16;1445
1;2025-11-26;17;1720
1;2025-11-26;18;1738
1;2025-11-26;19;1335
1;2025-11-26;20;884
1;2025-11-26;21;473
1;2025-11-26;22;241
1;2025-11-26;23;43
1;2025-11-27;0;5
1;2025-11-27;1;0
1;2025-11-27;2;0
1;2025-11-27;3;0
1;2025-11-27;4;8
1;2025-11-27;5;131
1;2025-11-27;6;502
1;2025-11-27;7;1451
1;2025-11-27;8;1909
1;2025-11-27;9;1408
1;2025-11-27;10;1287
1;2025-11-27;11;1292
1;2025-11-27;12;1351
1;2025-11-27;13;1377
1;2025-11-27;14;1345
1;2025-11-27;15;1473
1;2025-11-27;16;1485
1;2025-11-27;17;1728
1;2025-11-27;18;1745
1;2025-11-27;19;1312
1;2025-11-27;20;869
1;2025-11-27;21;474
1;2025-11-27;22;228
1;2025-11-27;23;50
1;2025-11-28;0;5
1;2025-11-28;1;0
1;2025-11-28;2;0
1;2025-11-28;3;0
1;2025-11-28;4;8
1;2025-11-28;5;142
1;2025-11-28;6;514
1;2025-11-28;7;1495
1;2025-11-28;8;1855
1;2025-11-28;9;1397
1;2025-11-28;10;1304
1;2025-11-28;11;1379
1;2025-11-28;12;1351
1;2025-11-28;13;1410
1;2025-11-28;14;1343
1;2025-11-28;15;1502
1;2025-11-28;16;1579
1;2025-11-28;17;1751
1;2025-11-28;18;1558
1;2025-11-28;19;1187
1;2025-11-28;20;807
1;2025-11-28;21;497
1;2025-11-28;22;248
1;2025-11-28;23;52
1;2025-11-29;0;5
1;2025-11-29;1;0
1;2025-11-29;2;0
1;2025-11-29;3;0
1;2025-11-29;4;0
1;2025-11-29;5;33
1;2025-11-29;6;180
1;2025-11-29;7;352
1;2025-11-29;8;496
1;2025-11-29;9;767
1;2025-11-29;10;904
1;2025-11-29;11;840
1;2025-11-29;12;1021
1;2025-11-29;13;1064
1;2025-11-29;14;989
1;2025-11-29;15;857
1;2025-11-29;16;790
1;2025-11-29;17;734
1;2025-11-29;18;667
1;2025-11-29;19;606
1;2025-11-29;20;445
1;2025-11-29;21;326
1;2025-11-29;22;149
1;2025-11-29;23;34
1;2025-11-30;0;0
1;2025-11-30;1;0
1;2025-11-30;2;0
1;2025-11-30;3;0
1;2025-11-30;4;0
1;2025-11-30;5;29
1;2025-11-30;6;144
1;2025-11-30;7;284
1;2025-11-30;8;387
1;2025-11-30;9;654
1;2025-11-30;10;743
1;2025-11-30;11;730
1;2025-11-30;12;915
1;2025-11-30;13;953
1;2025-11-30;14;854
1;2025-11-30;15;792
1;2025-11-30;16;730
1;2025-11-30;17;676
1;2025-11-30;18;612
1;2025-11-30;19;525
1;2025-11-30;20;395
1;2025-11-30;21;304
1;2025-11-30;22;124
1;2025-11-30;23;35
1;2025-12-01;0;0
1;2025-12-01;1;0
1;2025-12-01;2;0
1;2025-12-01;3;0
1;2025-12-01;4;9
1;2025-12-01;5;135
1;2025-12-01;6;558
1;2025-12-01;7;1547
1;2025-12-01;8;1973
1;2025-12-01;9;1459
1;2025-12-01;10;1286
1;2025-12-01;11;1328
1;2025-12-01;12;1379
1;2025-12-01;13;1402
1;2025-12-01;14;1375
1;2025-12-01;15;1525
1;2025-12-01;16;1609
1;2025-12-01;17;1863
1;2025-12-01;18;1969
1;2025-12-01;19;1479
1;2025-12-01;20;932
1;2025-12-01;21;500
1;2025-12-01;22;223
1;2025-12-01;23;41
1;2025-12-02;0;3
1;2025-12-02;1;0
1;2025-12-02;2;0
1;2025-12-02;3;0
1;2025-12-02;4;7
1;2025-12-02;5;137
1;2025-12-02;6;589
1;2025-12-02;7;1682
1;2025-12-02;8;2060
1;2025-12-02;9;1593
1;2025-12-02;10;1420
1;2025-12-02;11;1427
1;2025-12-02;12;1463
1;2025-12-02;13;1487
1;2025-12-02;14;1413
1;2025-12-02;15;1538
1;2025-12-02;16;1555
1;2025-12-02;17;1870
1;2025-12-02;18;1907
1;2025-12-02;19;1516
1;2025-12-02;20;962
1;2025-12-02;21;520
1;2025-12-02;22;251
1;2025-12-02;23;46
1;2025-12-03;0;4
1;2025-12-03;1;0
1;2025-12-03;2;0
1;2025-12-03;3;0
1;2025-12-03;4;9
1;2025-12-03;5;139
1;2025-12-03;6;579
1;2025-12-03;7;1591
1;2025-12-03;8;2025
1;2025-12-03;9;1498
1;2025-12-03;10;1375
1;2025-12-03;11;1394
1;2025-12-03;12;1421
1;2025-12-03;13;1494
1;2025-12-03;14;1420
1;2025-12-03;15;1549
1;2025-12-03;16;1561
1;2025-12-03;17;1858
1;2025-12-03;18;1878
1;2025-12-03;19;1443
1;2025-12-03;20;956
1;2025-12-03;21;511
1;2025-12-03;22;261
1;2025-12-03;23;47
1;2025-12-04;0;5
1;2025-12-04;1;0
1;2025-12-04;2;0
1;2025-12-04;3;0
1;2025-12-04;4;8
1;2025-12-04;5;131
1;2025-12-04;6;540
1;2025-12-04;7;1561
1;2025-12-04;8;2053
1;2025-12-04;9;1515
1;2025-12-04;10;1385
1;2025-12-04;11;1389
1;2025-12-04;12;1453
1;2025-12-04;13;1482
1;2025-12-04;14;1447
1;2025-12-04;15;1585
1;2025-12-04;16;1597
1;2025-12-04;17;1858
1;2025-12-04;18;1877
1;2025-12-04;19;1411
1;2025-12-04;20;934
1;2025-12-04;21;509
1;2025-12-04;22;245
1;2025-12-04;23;54
1;2025-12-05;0;5
1;2025-12-05;1;0
1;2025-12-05;2;0
1;2025-12-05;3;0
1;2025-12-05;4;8
1;2025-12-05;5;142
1;2025-12-05;6;544
1;2025-12-05;7;1582
1;2025-12-05;8;1964
1;2025-12-05;9;1478
1;2025-12-05;10;1380
1;2025-12-05;11;1459
1;2025-12-05;12;1430
1;2025-12-05;13;1493
1;2025-12-05;14;1422
1;2025-12-05;15;1589
1;2025-12-05;16;1672
1;2025-12-05;17;1853
1;2025-12-05;18;1649
1;2025-12-05;19;1257
1;2025-12-05;20;854
1;2025-12-05;21;525
1;2025-12-05;22;262
1;2025-12-05;23;56
1;2025-12-06;0;5
1;2025-12-06;1;0
1;2025-12-06;2;0
1;2025-12-06;3;0
1;2025-12-06;4;0
1;2025-12-06;5;33
1;2025-12-06;6;180
1;2025-12-06;7;352
1;2025-12-06;8;496
1;2025-12-06;9;767
1;2025-12-06;10;905
1;2025-12-06;11;840
1;2025-12-06;12;1021
1;2025-12-06;13;1064
1;2025-12-06;14;989
1;2025-12-06;15;858
1;2025-12-06;16;790
1;2025-12-06;17;734
1;2025-12-06;18;667
1;2025-12-06;19;606
1;2025-12-06;20;445
1;2025-12-06;21;326
1;2025-12-06;22;150
1;2025-12-06;23;34
1;2025-12-07;0;0
1;2025-12-07;1;0
1;2025-12-07;2;0
1;2025-12-07;3;0
1;2025-12-07;4;0
1;2025-12-07;5;29
1;2025-12-07;6;145
1;2025-12-07;7;286
1;2025-12-07;8;390
1;2025-12-07;9;659
1;2025-12-07;10;748
1;2025-12-07;11;734
1;2025-12-07;12;921
1;2025-12-07;13;959
1;2025-12-07;14;860
1;2025-12-07;15;798
1;2025-12-07;16;735
1;2025-12-07;17;680
1;2025-12-07;18;616
1;2025-12-07;19;529
1;2025-12-07;20;398
1;2025-12-07;21;306
1;2025-12-07;22;125
1;2025-12-07;23;35
1;2025-12-08;0;0
1;2025-12-08;1;0
1;2025-12-08;2;0
1;2025-12-08;3;0
1;2025-12-08;4;9
1;2025-12-08;5;135
1;2025-12-08;6;558
1;2025-12-08;7;1547
1;2025-12-08;8;1973
1;2025-12-08;9;1459
1;2025-12-08;10;1286
1;2025-12-08;11;1328
1;2025-12-08;12;1379
1;2025-12-08;13;1402
1;2025-12-08;14;1375
1;2025-12-08;15;1525
1;2025-12-08;16;1609
1;2025-12-08;17;1863
1;2025-12-08;18;1969
1;2025-12-08;19;1479
1;2025-12-08;20;932
1;2025-12-08;21;500
1;2025-12-08;22;223
1;2025-12-08;23;41
1;2025-12-09;0;3
1;2025-12-09;1;0
1;2025-12-09;2;0
1;2025-12-09;3;0
1;2025-12-09;4;7
1;2025-12-09;5;137
1;2025-12-09;6;582
1;2025-12-09;7;1661
1;2025-12-09;8;2034
1;2025-12-09;9;1573
1;2025-12-09;10;1403
1;2025-12-09;11;1409
1;2025-12-09;12;1444
1;2025-12-09;13;1469
1;2025-12-09;14;1395
1;2025-12-09;15;1519
1;2025-12-09;16;1536
1;2025-12-09;17;1847
1;2025-12-09;18;1884
1;2025-12-09;19;1497
1;2025-12-09;20;950
1;2025-12-09;21;513
1;2025-12-09;22;248
1;2025-12-09;23;46
1;2025-12-10;0;4
1;2025-12-10;1;0
1;2025-12-10;2;0
1;2025-12-10;3;0
1;2025-12-10;4;9
1;2025-12-10;5;139
1;2025-12-10;6;555
1;2025-12-10;7;1524
1;2025-12-10;8;1940
1;2025-12-10;9;1435
1;2025-12-10;10;1317
1;2025-12-10;11;1335
1;2025-12-10;12;1361
1;2025-12-10;13;1431
1;2025-12-10;14;1361
1;2025-12-10;15;1484
1;2025-12-10;16;1496
1;2025-12-10;17;1780
1;2025-12-10;18;1799
1;2025-12-10;19;1382
1;2025-12-10;20;916
1;2025-12-10;21;490
1;2025-12-10;22;250
1;2025-12-10;23;45
1;2025-12-11;0;5
1;2025-12-11;1;0
1;2025-12-11;2;0
1;2025-12-11;3;0
1;2025-12-11;4;8
1;2025-12-11;5;131
1;2025-12-11;6;508
1;2025-12-11;7;1469
1;2025-12-11;8;1933
1;2025-12-11;9;1426
1;2025-12-11;10;1303
1;2025-12-11;11;1307
1;2025-12-11;12;1368
1;2025-12-11;13;1394
1;2025-12-11;14;1362
1;2025-12-11;15;1492
1;2025-12-11;16;1503
1;2025-12-11;17;1749
1;2025-12-11;18;1766
1;2025-12-11;19;1328
1;2025-12-11;20;880
1;2025-12-11;21;479
1;2025-12-11;22;230
1;2025-12-11;23;50
1;2025-12-12;0;5
1;2025-12-12;1;0
1;2025-12-12;2;0
1;2025-12-12;3;0
1;2025-12-12;4;8
1;2025-12-12;5;142
1;2025-12-12;6;514
1;2025-12-12;7;1496
1;2025-12-12;8;1856
1;2025-12-12;9;1398
1;2025-12-12;10;1305
1;2025-12-12;11;1379
1;2025-12-12;12;1352
1;2025-12-12;13;1411
1;2025-12-12;14;1344
1;2025-12-12;15;1503
1;2025-12-12;16;1580
1;2025-12-12;17;1752
1;2025-12-12;18;1559
1;2025-12-12;19;1188
1;2025-12-12;20;808
1;2025-12-12;21;497
1;2025-12-12;22;248
1;2025-12-12;23;52
1;2025-12-13;0;5
1;2025-12-13;1;0
1;2025-12-13;2;0
1;2025-12-13;3;0
1;2025-12-13;4;0
1;2025-12-13;5;33
1;2025-12-13;6;176
1;2025-12-13;7;344
1;2025-12-13;8;485
1;2025-12-13;9;750
1;2025-12-13;10;884
1;2025-12-13;11;821
1;2025-12-13;12;998
1;2025-12-13;13;1040
1;2025-12-13;14;967
1;2025-12-13;15;838
1;2025-12-13;16;773
1;2025-12-13;17;717
1;2025-12-13;18;653
1;2025-12-13;19;593
1;2025-12-13;20;436
1;2025-12-13;21;319
1;2025-12-13;22;146
1;2025-12-13;23;33
1;2025-12-14;0;0
1;2025-12-14;1;0
1;2025-12-14;2;0
1;2025-12-14;3;0
1;2025-12-14;4;0
1;2025-12-14;5;29
1;2025-12-14;6;142
1;2025-12-14;7;281
1;2025-12-14;8;383
1;2025-12-14;9;647
1;2025-12-14;10;734
1;2025-12-14;11;721
1;2025-12-14;12;905
1;2025-12-14;13;942
1;2025-12-14;14;844
1;2025-12-14;15;783
1;2025-12-14;16;722
1;2025-12-14;17;668
1;2025-12-14;18;605
1;2025-12-14;19;519
1;2025-12-14;20;391
1;2025-12-14;21;301
1;2025-12-14;22;123
1;2025-12-14;23;35
1;2025-12-15;0;0
1;2025-12-15;1;0
1;2025-12-15;2;0
1;2025-12-15;3;0
1;2025-12-15;4;9
1;2025-12-15;5;135
1;2025-12-15;6;556
1;2025-12-15;7;1540
1;2025-12-15;8;1964
1;2025-12-15;9;1452
1;2025-12-15;10;1280
1;2025-12-15;11;1322
1;2025-12-15;12;1373
1;2025-12-15;13;1396
1;2025-12-15;14;1369
1;2025-12-15;15;1518
1;2025-12-15;16;1602
1;2025-12-15;17;1855
1;2025-12-15;18;1960
1;2025-12-15;19;1472
1;2025-12-15;20;927
1;2025-12-15;21;498
1;2025-12-15;22;222
1;2025-12-15;23;41
1;2025-12-16;0;3
1;2025-12-16;1;0
1;2025-12-16;2;0
1;2025-12-16;3;0
1;2025-12-16;4;7
1;2025-12-16;5;137
1;2025-12-16;6;570
1;2025-12-16;7;1628
1;2025-12-16;8;1994
1;2025-12-16;9;1542
1;2025-12-16;10;1375
1;2025-12-16;11;1381
1;2025-12-16;12;1416
1;2025-12-16;13;1439
1;2025-12-16;14;1368
1;2025-12-16;15;1489
1;2025-12-16;16;1505
1;2025-12-16;17;1810
1;2025-12-16;18;1846
1;2025-12-16;19;1468
1;2025-12-16;20;931
1;2025-12-16;21;503
1;2025-12-16;22;243
1;2025-12-16;23;45
1;2025-12-17;0;4
1;2025-12-17;1;0
1;2025-12-17;2;0
1;2025-12-17;3;0
1;2025-12-17;4;9
1;2025-12-17;5;139
1;2025-12-17;6;577
1;2025-12-17;7;1586
1;2025-12-17;8;2018
1;2025-12-17;9;1493
1;2025-12-17;10;1370
1;2025-12-17;11;1389
1;2025-12-17;12;1416
1;2025-12-17;13;1489
1;2025-12-17;14;1415
1;2025-12-17;15;1544
1;2025-12-17;16;1556
1;2025-12-17;17;1852
1;2025-12-17;18;1872
1;2025-12-17;19;1438
1;2025-12-17;20;952
1;2025-12-17;21;510
1;2025-12-17;22;260
1;2025-12-17;23;46
1;2025-12-18;0;5
1;2025-12-18;1;0
1;2025-12-18;2;0
1;2025-12-18;3;0
1;2025-12-18;4;8
1;2025-12-18;5;131
1;2025-12-18;6;540
1;2025-12-18;7;1561
1;2025-12-18;8;2053
1;2025-12-18;9;1514
1;2025-12-18;10;1385
1;2025-12-18;11;1389
1;2025-12-18;12;1453
1;2025-12-18;13;1481
1;2025-12-18;14;1447
1;2025-12-18;15;1584
1;2025-12-18;16;1597
1;2025-12-18;17;1858
1;2025-12-18;18;1876
1;2025-12-18;19;1411
1;2025-12-18;20;934
1;2025-12-18;21;509
1;2025-12-18;22;245
1;2025-12-18;23;54
1;2025-12-19;0;5
1;2025-12-19;1;0
1;2025-12-19;2;0
1;2025-12-19;3;0
1;2025-12-19;4;8
1;2025-12-19;5;142
1;2025-12-19;6;540
1;2025-12-19;7;1571
1;2025-12-19;8;1950
1;2025-12-19;9;1468
1;2025-12-19;10;1371
1;2025-12-19;11;1449
1;2025-12-19;12;1420
1;2025-12-19;13;1482
1;2025-12-19;14;1412
1;2025-12-19;15;1578
1;2025-12-19;16;1660
1;2025-12-19;17;1841
1;2025-12-19;18;1638
1;2025-12-19;19;1248
1;2025-12-19;20;849
1;2025-12-19;21;522
1;2025-12-19;22;260
1;2025-12-19;23;55
1;2025-12-20;0;5
1;2025-12-20;1;0
1;2025-12-20;2;0
1;2025-12-20;3;0
1;2025-12-20;4;0
1;2025-12-20;5;33
1;2025-12-20;6;180
1;2025-12-20;7;352
1;2025-12-20;8;496
1;2025-12-20;9;767
1;2025-12-20;10;904
1;2025-12-20;11;839
1;2025-12-20;12;1021
1;2025-12-20;13;1064
1;2025-12-20;14;989
1;2025-12-20;15;857
1;2025-12-20;16;790
1;2025-12-20;17;734
1;2025-12-20;18;667
1;2025-12-20;19;606
1;2025-12-20;20;445
1;2025-12-20;21;326
1;2025-12-20;22;149
1;2025-12-20;23;34
1;2025-12-21;0;0
1;2025-12-21;1;0
1;2025-12-21;2;0
1;2025-12-21;3;0
1;2025-12-21;4;0
1;2025-12-21;5;29
1;2025-12-21;6;142
1;2025-12-21;7;282
1;2025-12-21;8;384
1;2025-12-21;9;649
1;2025-12-21;10;737
1;2025-12-21;11;724
1;2025-12-21;12;908
1;2025-12-21;13;945
1;2025-12-21;14;847
1;2025-12-21;15;786
1;2025-12-21;16;724
1;2025-12-21;17;670
1;2025-12-21;18;607
1;2025-12-21;19;521
1;2025-12-21;20;392
1;2025-12-21;21;302
1;2025-12-21;22;123
1;2025-12-21;23;35
1;2025-12-22;0;0
1;2025-12-22;1;0
1;2025-12-22;2;0
1;2025-12-22;3;0
1;2025-12-22;4;9
1;2025-12-22;5;135
1;2025-12-22;6;538
1;2025-12-22;7;1491
1;2025-12-22;8;1902
1;2025-12-22;9;1406
1;2025-12-22;10;1239
1;2025-12-22;11;1281
1;2025-12-22;12;1329
1;2025-12-22;13;1351
1;2025-12-22;14;1326
1;2025-12-22;15;1470
1;2025-12-22;16;1551
1;2025-12-22;17;1796
1;2025-12-22;18;1898
1;2025-12-22;19;1426
1;2025-12-22;20;898
1;2025-12-22;21;482
1;2025-12-22;22;215
1;2025-12-22;23;39
1;2025-12-23;0;3
1;2025-12-23;1;0
1;2025-12-23;2;0
1;2025-12-23;3;0
1;2025-12-23;4;7
1;2025-12-23;5;137
1;2025-12-23;6;588
1;2025-12-23;7;1680
1;2025-12-23;8;2057
1;2025-12-23;9;1590
1;2025-12-23;10;1418
1;2025-12-23;11;1425
1;2025-12-23;12;1460
1;2025-12-23;13;1485
1;2025-12-23;14;1411
1;2025-12-23;15;1536
1;2025-12-23;16;1553
1;2025-12-23;17;1867
1;2025-12-23;18;1905
1;2025-12-23;19;1514
1;2025-12-23;20;960
1;2025-12-23;21;519
1;2025-12-23;22;251
1;2025-12-23;23;46
1;2025-12-24;0;4
1;2025-12-24;1;0
1;2025-12-24;2;0
1;2025-12-24;3;0
1;2025-12-24;4;9
1;2025-12-24;5;139
1;2025-12-24;6;567
1;2025-12-24;7;1558
1;2025-12-24;8;1983
1;2025-12-24;9;1466
1;2025-12-24;10;1346
1;2025-12-24;11;1364
1;2025-12-24;12;1391
1;2025-12-24;13;1463
1;2025-12-24;14;1391
1;2025-12-24;15;1517
1;2025-12-24;16;1529
1;2025-12-24;17;1819
1;2025-12-24;18;1839
1;2025-12-24;19;1413
1;2025-12-24;20;936
1;2025-12-24;21;501
1;2025-12-24;22;255
1;2025-12-24;23;46
1;2025-12-25;0;5
1;2025-12-25;1;0
1;2025-12-25;2;0
1;2025-12-25;3;0
1;2025-12-25;4;8
1;2025-12-25;5;131
1;2025-12-25;6;510
1;2025-12-25;7;1475
1;2025-12-25;8;1940
1;2025-12-25;9;1431
1;2025-12-25;10;1309
1;2025-12-25;11;1313
1;2025-12-25;12;1373
1;2025-12-25;13;1400
1;2025-12-25;14;1367
1;2025-12-25;15;1497
1;2025-12-25;16;1509
1;2025-12-25;17;1756
1;2025-12-25;18;1773
1;2025-12-25;19;1333
1;2025-12-25;20;883
1;2025-12-25;21;481
1;2025-12-25;22;231
1;2025-12-25;23;51
1;2025-12-26;0;5
1;2025-12-26;1;0
1;2025-12-26;2;0
1;2025-12-26;3;0
1;2025-12-26;4;8
1;2025-12-26;5;142
1;2025-12-26;6;499
1;2025-12-26;7;1452
1;2025-12-26;8;1801
1;2025-12-26;9;1356
1;2025-12-26;10;1266
1;2025-12-26;11;1338
1;2025-12-26;12;1312
1;2025-12-26;13;1369
1;2025-12-26;14;1304
1;2025-12-26;15;1458
1;2025-12-26;16;1533
1;2025-12-26;17;1700
1;2025-12-26;18;1513
1;2025-12-26;19;1153
1;2025-12-26;20;784
1;2025-12-26;21;482
1;2025-12-26;22;240
1;2025-12-26;23;51
1;2025-12-27;0;5
1;2025-12-27;1;0
1;2025-12-27;2;0
1;2025-12-27;3;0
1;2025-12-27;4;0
1;2025-12-27;5;33
1;2025-12-27;6;176
1;2025-12-27;7;344
1;2025-12-27;8;485
1;2025-12-27;9;751
1;2025-12-27;10;885
1;2025-12-27;11;821
1;2025-12-27;12;999
1;2025-12-27;13;1041
1;2025-12-27;14;968
1;2025-12-27;15;839
1;2025-12-27;16;773
1;2025-12-27;17;718
1;2025-12-27;18;653
1;2025-12-27;19;593
1;2025-12-27;20;436
1;2025-12-27;21;319
1;2025-12-27;22;146
1;2025-12-27;23;33
1;2025-12-28;0;0
1;2025-12-28;1;0
1;2025-12-28;2;0
1;2025-12-28;3;0
1;2025-12-28;4;0
1;2025-12-28;5;29
1;2025-12-28;6;138
1;2025-12-28;7;272
1;2025-12-28;8;371
1;2025-12-28;9;627
1;2025-12-28;10;712
1;2025-12-28;11;700
1;2025-12-28;12;878
1;2025-12-28;13;914
1;2025-12-28;14;819
1;2025-12-28;15;760
1;2025-12-28;16;700
1;2025-12-28;17;648
1;2025-12-28;18;587
1;2025-12-28;19;504
1;2025-12-28;20;379
1;2025-12-28;21;292
1;2025-12-28;22;119
1;2025-12-28;23;34
1;2025-12-29;0;0
1;2025-12-29;1;0
1;2025-12-29;2;0
1;2025-12-29;3;0
1;2025-12-29;4;9
1;2025-12-29;5;135
1;2025-12-29;6;535
1;2025-12-29;7;1483
1;2025-12-29;8;1891
1;2025-12-29;9;1398
1;2025-12-29;10;1233
1;2025-12-29;11;1273
1;2025-12-29;12;1322
1;2025-12-29;13;1344
1;2025-12-29;14;1318
1;2025-12-29;15;1462
1;2025-12-29;16;1543
1;2025-12-29;17;1786
1;2025-12-29;18;1888
1;2025-12-29;19;1418
1;2025-12-29;20;893
1;2025-12-29;21;479
1;2025-12-29;22;214
1;2025-12-29;23;39
1;2025-12-30;0;3
1;2025-12-30;1;0
1;2025-12-30;2;0
1;2025-12-30;3;0
1;2025-12-30;4;7
1;2025-12-30;5;137
1;2025-12-30;6;553
1;2025-12-30;7;1578
1;2025-12-30;8;1932
1;2025-12-30;9;1494
1;2025-12-30;10;1332
1;2025-12-30;11;1338
1;2025-12-30;12;1372
1;2025-12-30;13;1395
1;2025-12-30;14;1325
1;2025-12-30;15;1443
1;2025-12-30;16;1459
1;2025-12-30;17;1754
1;2025-12-30;18;1789
1;2025-12-30;19;1422
1;2025-12-30;20;902
1;2025-12-30;21;487
1;2025-12-30;22;236
1;2025-12-30;23;43
1;2025-12-31;0;0
1;2025-12-31;1;0
1;2025-12-31;2;0
1;2025-12-31;3;0
1;2025-12-31;4;0
1;2025-12-31;5;28
1;2025-12-31;6;139
1;2025-12-31;7;276
1;2025-12-31;8;376
1;2025-12-31;9;634
1;2025-12-31;10;720
1;2025-12-31;11;707
1;2025-12-31;12;887
1;2025-12-31;13;924
1;2025-12-31;14;828
1;2025-12-31;15;768
1;2025-12-31;16;708
1;2025-12-31;17;655
1;2025-12-31;18;594
1;2025-12-31;19;509
1;2025-12-31;20;383
1;2025-12-31;21;295
1;2025-12-31;22;121
1;2025-12-31;23;34
5;2025-11-01;0;0
5;2025-11-01;1;0
5;2025-11-01;2;0
5;2025-11-01;3;0
5;2025-11-01;4;0
5;2025-11-01;5;0
5;2025-11-01;6;0
5;2025-11-01;7;0
5;2025-11-01;8;0
5;2025-11-01;9;0
5;2025-11-01;10;0
5;2025-11-01;11;0
5;2025-11-01;12;0
5;2025-11-01;13;0
5;2025-11-01;14;0
5;2025-11-01;15;0
5;2025-11-01;16;0
5;2025-11-01;17;0
5;2025-11-01;18;0
5;2025-11-01;19;0
5;2025-11-01;20;0
5;2025-11-01;21;0
5;2025-11-01;22;0
5;2025-11-01;23;0
5;2025-11-02;0;0
5;2025-11-02;1;0
5;2025-11-02;2;0
5;2025-11-02;3;0
5;2025-11-02;4;0
5;2025-11-02;5;0
5;2025-11-02;6;0
5;2025-11-02;7;0
5;2025-11-02;8;0
5;2025-11-02;9;0
5;2025-11-02;10;0
5;2025-11-02;11;0
5;2025-11-02;12;0
5;2025-11-02;13;0
5;2025-11-02;14;0
5;2025-11-02;15;0
5;2025-11-02;16;0
5;2025-11-02;17;0
5;2025-11-02;18;0
5;2025-11-02;19;0
5;2025-11-02;20;0
5;2025-11-02;21;0
5;2025-11-02;22;0
5;2025-11-02;23;0
5;2025-11-03;0;0
5;2025-11-03;1;0
5;2025-11-03;2;0
5;2025-11-03;3;0
5;2025-11-03;4;0
5;2025-11-03;5;0
5;2025-11-03;6;0
5;2025-11-03;7;0
5;2025-11-03;8;0
5;2025-11-03;9;0
5;2025-11-03;10;0
5;2025-11-03;11;0
5;2025-11-03;12;0
5;2025-11-03;13;0
5;2025-11-03;14;0
5;2025-11-03;15;0
5;2025-11-03;16;0
5;2025-11-03;17;0
5;2025-11-03;18;0
5;2025-11-03;19;0
5;2025-11-03;20;0
5;2025-11-03;21;0
5;2025-11-03;22;0
5;2025-11-03;23;0
5;2025-11-04;0;0
5;2025-11-04;1;0
5;2025-11-04;2;0
5;2025-11-04;3;0
5;2025-11-04;4;0
5;2025-11-04;5;0
5;2025-11-04;6;0
5;2025-11-04;7;0
5;2025-11-04;8;0
5;2025-11-04;9;0
5;2025-11-04;10;0
5;2025-11-04;11;0
5;2025-11-04;12;0
5;2025-11-04;13;0
5;2025-11-04;14;0
5;2025-11-04;15;0
5;2025-11-04;16;0
5;2025-11-04;17;0
5;2025-11-04;18;0
5;2025-11-04;19;0
5;2025-11-04;20;0
5;2025-11-04;21;0
5;2025-11-04;22;0
5;2025-11-04;23;0
5;2025-11-05;0;0
5;2025-11-05;1;0
5;2025-11-05;2;0
5;2025-11-05;3;0
5;2025-11-05;4;0
5;2025-11-05;5;0
5;2025-11-05;6;0
5;2025-11-05;7;0
5;2025-11-05;8;0
5;2025-11-05;9;0
5;2025-11-05;10;0
5;2025-11-05;11;0
5;2025-11-05;12;0
5;2025-11-05;13;0
5;2025-11-05;14;0
5;2025-11-05;15;0
5;2025-11-05;16;0
5;2025-11-05;17;0
5;2025-11-05;18;0
5;2025-11-05;19;0
5;2025-11-05;20;0
5;2025-11-05;21;0
5;2025-11-05;22;0
5;2025-11-05;23;0
5;2025-11-06;0;0
5;2025-11-06;1;0
5;2025-11-06;2;0
5;2025-11-06;3;0
5;2025-11-06;4;0
5;2025-11-06;5;0
5;2025-11-06;6;0
5;2025-11-06;7;0
5;2025-11-06;8;0
5;2025-11-06;9;0
5;2025-11-06;10;0
5;2025-11-06;11;0
5;2025-11-06;12;0
5;2025-11-06;13;0
5;2025-11-06;14;0
5;2025-11-06;15;0
5;2025-11-06;16;0
5;2025-11-06;17;0
5;2025-11-06;18;0
5;2025-11-06;19;0
5;2025-11-06;20;0
5;2025-11-06;21;0
5;2025-11-06;22;0
5;2025-11-06;23;0
5;2025-11-07;0;0
5;2025-11-07;1;0
5;2025-11-07;2;0
5;2025-11-07;3;0
5;2025-11-07;4;0
5;2025-11-07;5;0
5;2025-11-07;6;0
5;2025-11-07;7;0
5;2025-11-07;8;0
5;2025-11-07;9;0
5;2025-11-07;10;0
5;2025-11-07;11;0
5;2025-11-07;12;0
5;2025-11-07;13;0
5;2025-11-07;14;0
5;2025-11-07;15;0
5;2025-11-07;16;0
5;2025-11-07;17;0
5;2025-11-07;18;0
5;2025-11-07;19;0
5;2025-11-07;20;0
5;2025-11-07;21;0
5;2025-11-07;22;0
5;2025-11-07;23;0
5;2025-11-08;0;0
5;2025-11-08;1;0
5;2025-11-08;2;0
5;2025-11-08;3;0
5;2025-11-08;4;0
5;2025-11-08;5;0
5;2025-11-08;6;0
5;2025-11-08;7;0
5;2025-11-08;8;0
5;2025-11-08;9;0
5;2025-11-08;10;0
5;2025-11-08;11;0
5;2025-11-08;12;0
5;2025-11-08;13;0
5;2025-11-08;14;0
5;2025-11-08;15;0
5;2025-11-08;16;0
5;2025-11-08;17;0
5;2025-11-08;18;0
5;2025-11-08;19;0
5;2025-11-08;20;0
5;2025-11-08;21;0
5;2025-11-08;22;0
5;2025-11-08;23;0
5;2025-11-09;0;0
5;2025-11-09;1;0
5;2025-11-09;2;0
5;2025-11-09;3;0
5;2025-11-09;4;0
5;2025-11-09;5;0
5;2025-11-09;6;0
5;2025-11-09;7;0
5;2025-11-09;8;0
5;2025-11-09;9;0
5;2025-11-09;10;0
5;2025-11-09;11;0
5;2025-11-09;12;0
5;2025-11-09;13;0
5;2025-11-09;14;0
5;2025-11-09;15;0
5;2025-11-09;16;0
5;2025-11-09;17;0
5;2025-11-09;18;0
5;2025-11-09;19;0
5;2025-11-09;20;0
5;2025-11-09;21;0
5;2025-11-09;22;0
5;2025-11-09;23;0
5;2025-11-10;0;0
5;2025-11-10;1;0
5;2025-11-10;2;0
5;2025-11-10;3;0
5;2025-11-10;4;0
5;2025-11-10;5;0
5;2025-11-10;6;0
5;2025-11-10;7;0
5;2025-11-10;8;0
5;2025-11-10;9;0
5;2025-11-10;10;0
5;2025-11-10;11;0
5;2025-11-10;12;0
5;2025-11-10;13;0
5;2025-11-10;14;0
5;2025-11-10;15;0
5;2025-11-10;16;0
5;2025-11-10;17;0
5;2025-11-10;18;0
5;2025-11-10;19;0
5;2025-11-10;20;0
5;2025-11-10;21;0
5;2025-11-10;22;0
5;2025-11-10;23;0
5;2025-11-11;0;0
5;2025-11-11;1;0
5;2025-11-11;2;0
5;2025-11-11;3;0
5;2025-11-11;4;0
5;2025-11-11;5;0
5;2025-11-11;6;0
5;2025-11-11;7;0
5;2025-11-11;8;0
5;2025-11-11;9;0
5;2025-11-11;10;0
5;2025-11-11;11;0
5;2025-11-11;12;0
5;2025-11-11;13;0
5;2025-11-11;14;0
5;2025-11-11;15;0
5;2025-11-11;16;0
5;2025-11-11;17;0
5;2025-11-11;18;0
5;2025-11-11;19;0
5;2025-11-11;20;0
5;2025-11-11;21;0
5;2025-11-11;22;0
5;2025-11-11;23;0
5;2025-11-12;0;0
5;2025-11-12;1;0
5;2025-11-12;2;0
5;2025-11-12;3;0
5;2025-11-12;4;0
5;2025-11-12;5;0
5;2025-11-12;6;0
5;2025-11-12;7;0
5;2025-11-12;8;0
5;2025-11-12;9;0
5;2025-11-12;10;0
5;2025-11-12;11;0
5;2025-11-12;12;0
5;2025-11-12;13;0
5;2025-11-12;14;0
5;2025-11-12;15;0
5;2025-11-12;16;0
5;2025-11-12;17;0
5;2025-11-12;18;0
5;2025-11-12;19;0
5;2025-11-12;20;0
5;2025-11-12;21;0
5;2025-11-12;22;0
5;2025-11-12;23;0
5;2025-11-13;0;0
5;2025-11-13;1;0
5;2025-11-13;2;0
5;2025-11-13;3;0
5;2025-11-13;4;0
5;2025-11-13;5;0
5;2025-11-13;6;0
5;2025-11-13;7;0
5;2025-11-13;8;0
5;2025-11-13;9;0
5;2025-11-13;10;0
5;2025-11-13;11;0
5;2025-11-13;12;0
5;2025-11-13;13;0
5;2025-11-13;14;0
5;2025-11-13;15;0
5;2025-11-13;16;0
5;2025-11-13;17;0
5;2025-11-13;18;0
5;2025-11-13;19;0
5;2025-11-13;20;0
5;2025-11-13;21;0
5;2025-11-13;22;0
5;2025-11-13;23;0
5;2025-11-14;0;0
5;2025-11-14;1;0
5;2025-11-14;2;0
5;2025-11-14;3;0
5;2025-11-14;4;0
5;2025-11-14;5;0
5;2025-11-14;6;0
5;2025-11-14;7;0
5;2025-11-14;8;0
5;2025-11-14;9;0
5;2025-11-14;10;0
5;2025-11-14;11;0
5;2025-11-14;12;0
5;2025-11-14;13;0
5;2025-11-14;14;0
5;2025-11-14;15;0
5;2025-11-14;16;0
5;2025-11-14;17;0
5;2025-11-14;18;0
5;2025-11-14;19;0
5;2025-11-14;20;0
5;2025-11-14;21;0
5;2025-11-14;22;0
5;2025-11-14;23;0
5;2025-11-15;0;0
5;2025-11-15;1;0
5;2025-11-15;2;0
5;2025-11-15;3;0
5;2025-11-15;4;0
5;2025-11-15;5;0
5;2025-11-15;6;0
5;2025-11-15;7;0
5;2025-11-15;8;0
5;2025-11-15;9;0
5;2025-11-15;10;0
5;2025-11-15;11;0
5;2025-11-15;12;0
5;2025-11-15;13;0
5;2025-11-15;14;0
5;2025-11-15;15;0
5;2025-11-15;16;0
5;2025-11-15;17;0
5;2025-11-15;18;0
5;2025-11-15;19;0
5;2025-11-15;20;0
5;2025-11-15;21;0
5;2025-11-15;22;0
5;2025-11-15;23;0
5;2025-11-16;0;0
5;2025-11-16;1;0
5;2025-11-16;2;0
5;2025-11-16;3;0
5;2025-11-16;4;0
5;2025-11-16;5;0
5;2025-11-16;6;0
5;2025-11-16;7;0
5;2025-11-16;8;0
5;2025-11-16;9;0
5;2025-11-16;10;0
5;2025-11-16;11;0
5;2025-11-16;12;0
5;2025-11-16;13;0
5;2025-11-16;14;0
5;2025-11-16;15;0
5;2025-11-16;16;0
5;2025-11-16;17;0
5;2025-11-16;18;0
5;2025-11-16;19;0
5;2025-11-16;20;0
5;2025-11-16;21;0
5;2025-11-16;22;0
5;2025-11-16;23;0
5;2025-11-17;0;0
5;2025-11-17;1;0
5;2025-11-17;2;0
5;2025-11-17;3;0
5;2025-11-17;4;0
5;2025-11-17;5;0
5;2025-11-17;6;0
5;2025-11-17;7;0
5;2025-11-17;8;0
5;2025-11-17;9;0
5;2025-11-17;10;0
5;2025-11-17;11;0
5;2025-11-17;12;0
5;2025-11-17;13;0
5;2025-11-17;14;0
5;2025-11-17;15;0
5;2025-11-17;16;0
5;2025-11-17;17;0
5;2025-11-17;18;0
5;2025-11-17;19;0
5;2025-11-17;20;0
5;2025-11-17;21;0
5;2025-11-17;22;0
5;2025-11-17;23;0
5;2025-11-18;0;0
5;2025-11-18;1;0
5;2025-11-18;2;0
5;2025-11-18;3;0
5;2025-11-18;4;0
5;2025-11-18;5;0
5;2025-11-18;6;0
5;2025-11-18;7;0
5;2025-11-18;8;0
5;2025-11-18;9;0
5;2025-11-18;10;0
5;2025-11-18;11;0
5;2025-11-18;12;0
5;2025-11-18;13;0
5;2025-11-18;14;0
5;2025-11-18;15;0
5;2025-11-18;16;0
5;2025-11-18;17;0
5;2025-11-18;18;0
5;2025-11-18;19;0
5;2025-11-18;20;0
5;2025-11-18;21;0
5;2025-11-18;22;0
5;2025-11-18;23;0
5;2025-11-19;0;0
5;2025-11-19;1;0
5;2025-11-19;2;0
5;2025-11-19;3;0
5;2025-11-19;4;0
5;2025-11-19;5;0
5;2025-11-19;6;0
5;2025-11-19;7;0
5;2025-11-19;8;0
5;2025-11-19;9;0
5;2025-11-19;10;0
5;2025-11-19;11;0
5;2025-11-19;12;0
5;2025-11-19;13;0
5;2025-11-19;14;0
5;2025-11-19;15;0
5;2025-11-19;16;0
5;2025-11-19;17;0
5;2025-11-19;18;0
5;2025-11-19;19;0
5;2025-11-19;20;0
5;2025-11-19;21;0
5;2025-11-19;22;0
5;2025-11-19;23;0
5;2025-11-20;0;0
5;2025-11-20;1;0
5;2025-11-20;2;0
5;2025-11-20;3;0
5;2025-11-20;4;0
5;2025-11-20;5;0
5;2025-11-20;6;0
5;2025-11-20;7;0
5;2025-11-20;8;0
5;2025-11-20;9;0
5;2025-11-20;10;0
5;2025-11-20;11;0
5;2025-11-20;12;0
5;2025-11-20;13;0
5;2025-11-20;14;0
5;2025-11-20;15;0
5;2025-11-20;16;0
5;2025-11-20;17;0
5;2025-11-20;18;0
5;2025-11-20;19;0
5;2025-11-20;20;0
5;2025-11-20;21;0
5;2025-11-20;22;0
5;2025-11-20;23;0
5;2025-11-21;0;0
5;2025-11-21;1;0
5;2025-11-21;2;0
5;2025-11-21;3;0
5;2025-11-21;4;0
5;2025-11-21;5;0
5;2025-11-21;6;0
5;2025-11-21;7;0
5;2025-11-21;8;0
5;2025-11-21;9;0
5;2025-11-21;10;0
5;2025-11-21;11;0
5;2025-11-21;12;0
5;2025-11-21;13;0
5;2025-11-21;14;0
5;2025-11-21;15;0
5;2025-11-21;16;0
5;2025-11-21;17;0
5;2025-11-21;18;0
5;2025-11-21;19;0
5;2025-11-21;20;0
5;2025-11-21;21;0
5;2025-11-21;22;0
5;2025-11-21;23;0
5;2025-11-22;0;0
5;2025-11-22;1;0
5;2025-11-22;2;0
5;2025-11-22;3;0
5;2025-11-22;4;0
5;2025-11-22;5;0
5;2025-11-22;6;0
5;2025-11-22;7;0
5;2025-11-22;8;0
5;2025-11-22;9;0
5;2025-11-22;10;0
5;2025-11-22;11;0
5;2025-11-22;12;0
5;2025-11-22;13;0
5;2025-11-22;14;0
5;2025-11-22;15;0
5;2025-11-22;16;0
5;2025-11-22;17;0
5;2025-11-22;18;0
5;2025-11-22;19;0
5;2025-11-22;20;0
5;2025-11-22;21;0
5;2025-11-22;22;0
5;2025-11-22;23;0
5;2025-11-23;0;0
5;2025-11-23;1;0
5;2025-11-23;2;0
5;2025-11-23;3;0
5;2025-11-23;4;0
5;2025-11-23;5;0
5;2025-11-23;6;0
5;2025-11-23;7;0
5;2025-11-23;8;0
5;2025-11-23;9;0
5;2025-11-23;10;0
5;2025-11-23;11;0
5;2025-11-23;12;0
5;2025-11-23;13;0
5;2025-11-23;14;0
5;2025-11-23;15;0
5;2025-11-23;16;0
5;2025-11-23;17;0
5;2025-11-23;18;0
5;2025-11-23;19;0
5;2025-11-23;20;0
5;2025-11-23;21;0
5;2025-11-23;22;0
5;2025-11-23;23;0
5;2025-11-24;0;0
5;2025-11-24;1;0
5;2025-11-24;2;0
5;2025-11-24;3;0
5;2025-11-24;4;0
5;2025-11-24;5;0
5;2025-11-24;6;0
5;2025-11-24;7;0
5;2025-11-24;8;0
5;2025-11-24;9;0
5;2025-11-24;10;0
5;2025-11-24;11;0
5;2025-11-24;12;0
5;2025-11-24;13;0
5;2025-11-24;14;0
5;2025-11-24;15;0
5;2025-11-24;16;0
5;2025-11-24;17;0
5;2025-11-24;18;0
5;2025-11-24;19;0
5;2025-11-24;20;0
5;2025-11-24;21;0
5;2025-11-24;22;0
5;2025-11-24;23;0
5;2025-11-25;0;0
5;2025-11-25;1;0
5;2025-11-25;2;0
5;2025-11-25;3;0
5;2025-11-25;4;0
5;2025-11-25;5;0
5;2025-11-25;6;0
5;2025-11-25;7;0
5;2025-11-25;8;0
5;2025-11-25;9;0
5;2025-11-25;10;0
5;2025-11-25;11;0
5;2025-11-25;12;0
5;2025-11-25;13;0
5;2025-11-25;14;0
5;2025-11-25;15;0
5;2025-11-25;16;0
5;2025-11-25;17;0
5;2025-11-25;18;0
5;2025-11-25;19;0
5;2025-11-25;20;0
5;2025-11-25;21;0
5;2025-11-25;22;0
5;2025-11-25;23;0
5;2025-11-26;0;0
5;2025-11-26;1;0
5;2025-11-26;2;0
5;2025-11-26;3;0
5;2025-11-26;4;0
5;2025-11-26;5;0
5;2025-11-26;6;0
5;2025-11-26;7;0
5;2025-11-26;8;0
5;2025-11-26;9;0
5;2025-11-26;10;0
5;2025-11-26;11;0
5;2025-11-26;12;0
5;2025-11-26;13;0
5;2025-11-26;14;0
5;2025-11-26;15;0
5;2025-11-26;16;0
5;2025-11-26;17;0
5;2025-11-26;18;0
5;2025-11-26;19;0
5;2025-11-26;20;0
5;2025-11-26;21;0
5;2025-11-26;22;0
5;2025-11-26;23;0
5;2025-11-27;0;0
5;2025-11-27;1;0
5;2025-11-27;2;0
5;2025-11-27;3;0
5;2025-11-27;4;0
5;2025-11-27;5;0
5;2025-11-27;6;0
5;2025-11-27;7;0
5;2025-11-27;8;0
5;2025-11-27;9;0
5;2025-11-27;10;0
5;2025-11-27;11;0
5;2025-11-27;12;0
5;2025-11-27;13;0
5;2025-11-27;14;0
5;2025-11-27;15;0
5;2025-11-27;16;0
5;2025-11-27;17;0
5;2025-11-27;18;0
5;2025-11-27;19;0
5;2025-11-27;20;0
5;2025-11-27;21;0
5;2025-11-27;22;0
5;2025-11-27;23;0
5;2025-11-28;0;0
5;2025-11-28;1;0
5;2025-11-28;2;0
5;2025-11-28;3;0
5;2025-11-28;4;0
5;2025-11-28;5;0
5;2025-11-28;6;0
5;2025-11-28;7;0
5;2025-11-28;8;0
5;2025-11-28;9;0
5;2025-11-28;10;0
5;2025-11-28;11;0
5;2025-11-28;12;0
5;2025-11-28;13;0
5;2025-11-28;14;0
5;2025-11-28;15;0
5;2025-11-28;16;0
5;2025-11-28;17;0
5;2025-11-28;18;0
5;2025-11-28;19;0
5;2025-11-28;20;0
5;2025-11-28;21;0
5;2025-11-28;22;0
5;2025-11-28;23;0
5;2025-11-29;0;0
5;2025-11-29;1;0
5;2025-11-29;2;0
5;2025-11-29;3;0
5;2025-11-29;4;0
5;2025-11-29;5;0
5;2025-11-29;6;0
5;2025-11-29;7;0
5;2025-11-29;8;0
5;2025-11-29;9;0
5;2025-11-29;10;0
5;2025-11-29;11;0
5;2025-11-29;12;0
5;2025-11-29;13;0
5;2025-11-29;14;0
5;2025-11-29;15;0
5;2025-11-29;16;0
5;2025-11-29;17;0
5;2025-11-29;18;0
5;2025-11-29;19;0
5;2025-11-29;20;0
5;2025-11-29;21;0
5;2025-11-29;22;0
5;2025-11-29;23;0
5;2025-11-30;0;0
5;2025-11-30;1;0
5;2025-11-30;2;0
5;2025-11-30;3;0
5;2025-11-30;4;0
5;2025-11-30;5;0
5;2025-11-30;6;0
5;2025-11-30;7;0
5;2025-11-30;8;0
5;2025-11-30;9;0
5;2025-11-30;10;0
5;2025-11-30;11;0
5;2025-11-30;12;0
5;2025-11-30;13;0
5;2025-11-30;14;0
5;2025-11-30;15;0
5;2025-11-30;16;0
5;2025-11-30;17;0
5;2025-11-30;18;0
5;2025-11-30;19;0
5;2025-11-30;20;0
5;2025-11-30;21;0
5;2025-11-30;22;0
5;2025-11-30;23;0
5;2025-12-01;0;0
5;2025-12-01;1;0
5;2025-12-01;2;0
5;2025-12-01;3;0
5;2025-12-01;4;0
5;2025-12-01;5;0
5;2025-12-01;6;0
5;2025-12-01;7;0
5;2025-12-01;8;0
5;2025-12-01;9;0
5;2025-12-01;10;0
5;2025-12-01;11;0
5;2025-12-01;12;0
5;2025-12-01;13;0
5;2025-12-01;14;0
5;2025-12-01;15;0
5;2025-12-01;16;0
5;2025-12-01;17;0
5;2025-12-01;18;0
5;2025-12-01;19;0
5;2025-12-01;20;0
5;2025-12-01;21;0
5;2025-12-01;22;0
5;2025-12-01;23;0
5;2025-12-02;0;0
5;2025-12-02;1;0
5;2025-12-02;2;0
5;2025-12-02;3;0
5;2025-12-02;4;0
5;2025-12-02;5;0
5;2025-12-02;6;0
5;2025-12-02;7;0
5;2025-12-02;8;0
5;2025-12-02;9;0
5;2025-12-02;10;0
5;2025-12-02;11;0
5;2025-12-02;12;0
5;2025-12-02;13;0
5;2025-12-02;14;0
5;2025-12-02;15;0
5;2025-12-02;16;0
5;2025-12-02;17;0
5;2025-12-02;18;0
5;2025-12-02;19;0
5;2025-12-02;20;0
5;2025-12-02;21;0
5;2025-12-02;22;0
5;2025-12-02;23;0
5;2025-12-03;0;0
5;2025-12-03;1;0
5;2025-12-03;2;0
5;2025-12-03;3;0
5;2025-12-03;4;0
5;2025-12-03;5;0
5;2025-12-03;6;0
5;2025-12-03;7;0
5;2025-12-03;8;0
5;2025-12-03;9;0
5;2025-12-03;10;0
5;2025-12-03;11;0
5;2025-12-03;12;0
5;2025-12-03;13;0
5;2025-12-03;14;0
5;2025-12-03;15;0
5;2025-12-03;16;0
5;2025-12-03;17;0
5;2025-12-03;18;0
5;2025-12-03;19;0
5;2025-12-03;20;0
5;2025-12-03;21;0
5;2025-12-03;22;0
5;2025-12-03;23;0
5;2025-12-04;0;0
5;2025-12-04;1;0
5;2025-12-04;2;0
5;2025-12-04;3;0
5;2025-12-04;4;0
5;2025-12-04;5;0
5;2025-12-04;6;0
5;2025-12-04;7;0
5;2025-12-04;8;0
5;2025-12-04;9;0
5;2025-12-04;10;0
5;2025-12-04;11;0
5;2025-12-04;12;0
5;2025-12-04;13;0
5;2025-12-04;14;0
5;2025-12-04;15;0
5;2025-12-04;16;0
5;2025-12-04;17;0
5;2025-12-04;18;0
5;2025-12-04;19;0
5;2025-12-04;20;0
5;2025-12-04;21;0
5;2025-12-04;22;0
5;2025-12-04;23;0
5;2025-12-05;0;0
5;2025-12-05;1;0
5;2025-12-05;2;0
5;2025-12-05;3;0
5;2025-12-05;4;0
5;2025-12-05;5;0
5;2025-12-05;6;0
5;2025-12-05;7;0
5;2025-12-05;8;0
5;2025-12-05;9;0
5;2025-12-05;10;0
5;2025-12-05;11;0
5;2025-12-05;12;0
5;2025-12-05;13;0
5;2025-12-05;14;0
5;2025-12-05;15;0
5;2025-12-05;16;0
5;2025-12-05;17;0
5;2025-12-05;18;0
5;2025-12-05;19;0
5;2025-12-05;20;0
5;2025-12-05;21;0
5;2025-12-05;22;0
5;2025-12-05;23;0
5;2025-12-06;0;0
5;2025-12-06;1;0
5;2025-12-06;2;0
5;2025-12-06;3;0
5;2025-12-06;4;0
5;2025-12-06;5;0
5;2025-12-06;6;0
5;2025-12-06;7;0
5;2025-12-06;8;0
5;2025-12-06;9;0
5;2025-12-06;10;0
5;2025-12-06;11;0
5;2025-12-06;12;0
5;2025-12-06;13;0
5;2025-12-06;14;0
5;2025-12-06;15;0
5;2025-12-06;16;0
5;2025-12-06;17;0
5;2025-12-06;18;0
5;2025-12-06;19;0
5;2025-12-06;20;0
5;2025-12-06;21;0
5;2025-12-06;22;0
5;2025-12-06;23;0
5;2025-12-07;0;0
5;2025-12-07;1;0
5;2025-12-07;2;0
5;2025-12-07;3;0
5;2025-12-07;4;0
5;2025-12-07;5;0
5;2025-12-07;6;0
5;2025-12-07;7;0
5;2025-12-07;8;0
5;2025-12-07;9;0
5;2025-12-07;10;0
5;2025-12-07;11;0
5;2025-12-07;12;0
5;2025-12-07;13;0
5;2025-12-07;14;0
5;2025-12-07;15;0
5;2025-12-07;16;0
5;2025-12-07;17;0
5;2025-12-07;18;0
5;2025-12-07;19;0
5;2025-12-07;20;0
5;2025-12-07;21;0
5;2025-12-07;22;0
5;2025-12-07;23;0
5;2025-12-08;0;0
5;2025-12-08;1;0
5;2025-12-08;2;0
5;2025-12-08;3;0
5;2025-12-08;4;0
5;2025-12-08;5;0
5;2025-12-08;6;0
5;2025-12-08;7;0
5;2025-12-08;8;0
5;2025-12-08;9;0
5;2025-12-08;10;0
5;2025-12-08;11;0
5;2025-12-08;12;0
5;2025-12-08;13;0
5;2025-12-08;14;0
5;2025-12-08;15;0
5;2025-12-08;16;0
5;2025-12-08;17;0
5;2025-12-08;18;0
5;2025-12-08;19;0
5;2025-12-08;20;0
5;2025-12-08;21;0
5;2025-12-08;22;0
5;2025-12-08;23;0
5;2025-12-09;0;0
5;2025-12-09;1;0
5;2025-12-09;2;0
5;2025-12-09;3;0
5;2025-12-09;4;0
5;2025-12-09;5;0
5;2025-12-09;6;0
5;2025-12-09;7;0
5;2025-12-09;8;0
5;2025-12-09;9;0
5;2025-12-09;10;0
5;2025-12-09;11;0
5;2025-12-09;12;0
5;2025-12-09;13;0
5;2025-12-09;14;0
5;2025-12-09;15;0
5;2025-12-09;16;0
5;2025-12-09;17;0
5;2025-12-09;18;0
5;2025-12-09;19;0
5;2025-12-09;20;0
5;2025-12-09;21;0
5;2025-12-09;22;0
5;2025-12-09;23;0
5;2025-12-10;0;0
5;2025-12-10;1;0
5;2025-12-10;2;0
5;2025-12-10;3;0
5;2025-12-10;4;0
5;2025-12-10;5;0
5;2025-12-10;6;0
5;2025-12-10;7;0
5;2025-12-10;8;0
5;2025-12-10;9;0
5;2025-12-10;10;0
5;2025-12-10;11;0
5;2025-12-10;12;0
5;2025-12-10;13;0
5;2025-12-10;14;0
5;2025-12-10;15;0
5;2025-12-10;16;0
5;2025-12-10;17;0
5;2025-12-10;18;0
5;2025-12-10;19;0
5;2025-12-10;20;0
5;2025-12-10;21;0
5;2025-12-10;22;0
5;2025-12-10;23;0
5;2025-12-11;0;0
5;2025-12-11;1;0
5;2025-12-11;2;0
5;2025-12-11;3;0
5;2025-12-11;4;0
5;2025-12-11;5;0
5;2025-12-11;6;0
5;2025-12-11;7;0
5;2025-12-11;8;0
5;2025-12-11;9;0
5;2025-12-11;10;0
5;2025-12-11;11;0
5;2025-12-11;12;0
5;2025-12-11;13;0
5;2025-12-11;14;0
5;2025-12-11;15;0
5;2025-12-11;16;0
5;2025-12-11;17;0
5;2025-12-11;18;0
5;2025-12-11;19;0
5;2025-12-11;20;0
5;2025-12-11;21;0
5;2025-12-11;22;0
5;2025-12-11;23;0
5;2025-12-12;0;0
5;2025-12-12;1;0
5;2025-12-12;2;0
5;2025-12-12;3;0
5;2025-12-12;4;0
5;2025-12-12;5;0
5;2025-12-12;6;0
5;2025-12-12;7;0
5;2025-12-12;8;0
5;2025-12-12;9;0
5;2025-12-12;10;0
5;2025-12-12;11;0
5;2025-12-12;12;0
5;2025-12-12;13;0
5;2025-12-12;14;0
5;2025-12-12;15;0
5;2025-12-12;16;0
5;2025-12-12;17;0
5;2025-12-12;18;0
5;2025-12-12;19;0
5;2025-12-12;20;0
5;2025-12-12;21;0
5;2025-12-12;22;0
5;2025-12-12;23;0
5;2025-12-13;0;0
5;2025-12-13;1;0
5;2025-12-13;2;0
5;2025-12-13;3;0
5;2025-12-13;4;0
5;2025-12-13;5;0
5;2025-12-13;6;0
5;2025-12-13;7;0
5;2025-12-13;8;0
5;2025-12-13;9;0
5;2025-12-13;10;0
5;2025-12-13;11;0
5;2025-12-13;12;0
5;2025-12-13;13;0
5;2025-12-13;14;0
5;2025-12-13;15;0
5;2025-12-13;16;0
5;2025-12-13;17;0
5;2025-12-13;18;0
5;2025-12-13;19;0
5;2025-12-13;20;0
5;2025-12-13;21;0
5;2025-12-13;22;0
5;2025-12-13;23;0
5;2025-12-14;0;0
5;2025-12-14;1;0
5;2025-12-14;2;0
5;2025-12-14;3;0
5;2025-12-14;4;0
5;2025-12-14;5;0
5;2025-12-14;6;0
5;2025-12-14;7;0
5;2025-12-14;8;0
5;2025-12-14;9;0
5;2025-12-14;10;0
5;2025-12-14;11;0
5;2025-12-14;12;0
5;2025-12-14;13;0
5;2025-12-14;14;0
5;2025-12-14;15;0
5;2025-12-14;16;0
5;2025-12-14;17;0
5;2025-12-14;18;0
5;2025-12-14;19;0
5;2025-12-14;20;0
5;2025-12-14;21;0
5;2025-12-14;22;0
5;2025-12-14;23;0
5;2025-12-15;0;0
5;2025-12-15;1;0
5;2025-12-15;2;0
5;2025-12-15;3;0
5;2025-12-15;4;0
5;2025-12-15;5;0
5;2025-12-15;6;0
5;2025-12-15;7;0
5;2025-12-15;8;0
5;2025-12-15;9;0
5;2025-12-15;10;0
5;2025-12-15;11;0
5;2025-12-15;12;0
5;2025-12-15;13;0
5;2025-12-15;14;0
5;2025-12-15;15;0
5;2025-12-15;16;0
5;2025-12-15;17;0
5;2025-12-15;18;0
5;2025-12-15;19;0
5;2025-12-15;20;0
5;2025-12-15;21;0
5;2025-12-15;22;0
5;2025-12-15;23;0
5;2025-12-16;0;0
5;2025-12-16;1;0
5;2025-12-16;2;0
5;2025-12-16;3;0
5;2025-12-16;4;0
5;2025-12-16;5;0
5;2025-12-16;6;0
5;2025-12-16;7;0
5;2025-12-16;8;0
5;2025-12-16;9;0
5;2025-12-16;10;0
5;2025-12-16;11;0
5;2025-12-16;12;0
5;2025-12-16;13;0
5;2025-12-16;14;0
5;2025-12-16;15;0
5;2025-12-16;16;0
5;2025-12-16;17;0
5;2025-12-16;18;0
5;2025-12-16;19;0
5;2025-12-16;20;0
5;2025-12-16;21;0
5;2025-12-16;22;0
5;2025-12-16;23;0
5;2025-12-17;0;0
5;2025-12-17;1;0
5;2025-12-17;2;0
5;2025-12-17;3;0
5;2025-12-17;4;0
5;2025-12-17;5;0
5;2025-12-17;6;0
5;2025-12-17;7;0
5;2025-12-17;8;0
5;2025-12-17;9;0
5;2025-12-17;10;0
5;2025-12-17;11;0
5;2025-12-17;12;0
5;2025-12-17;13;0
5;2025-12-17;14;0
5;2025-12-17;15;0
5;2025-12-17;16;0
5;2025-12-17;17;0
5;2025-12-17;18;0
5;2025-12-17;19;0
5;2025-12-17;20;0
5;2025-12-17;21;0
5;2025-12-17;22;0
5;2025-12-17;23;0
5;2025-12-18;0;0
5;2025-12-18;1;0
5;2025-12-18;2;0
5;2025-12-18;3;0
5;2025-12-18;4;0
5;2025-12-18;5;0
5;2025-12-18;6;0
5;2025-12-18;7;0
5;2025-12-18;8;0
5;2025-12-18;9;0
5;2025-12-18;10;0
5;2025-12-18;11;0
5;2025-12-18;12;0
5;2025-12-18;13;0
5;2025-12-18;14;0
5;2025-12-18;15;0
5;2025-12-18;16;0
5;2025-12-18;17;0
5;2025-12-18;18;0
5;2025-12-18;19;0
5;2025-12-18;20;0
5;2025-12-18;21;0
5;2025-12-18;22;0
5;2025-12-18;23;0
5;2025-12-19;0;0
5;2025-12-19;1;0
5;2025-12-19;2;0
5;2025-12-19;3;0
5;2025-12-19;4;0
5;2025-12-19;5;0
5;2025-12-19;6;0
5;2025-12-19;7;0
5;2025-12-19;8;0
5;2025-12-19;9;0
5;2025-12-19;10;0
5;2025-12-19;11;0
5;2025-12-19;12;0
5;2025-12-19;13;0
5;2025-12-19;14;0
5;2025-12-19;15;0
5;2025-12-19;16;0
5;2025-12-19;17;0
5;2025-12-19;18;0
5;2025-12-19;19;0
5;2025-12-19;20;0
5;2025-12-19;21;0
5;2025-12-19;22;0
5;2025-12-19;23;0
5;2025-12-20;0;0
5;2025-12-20;1;0
5;2025-12-20;2;0
5;2025-12-20;3;0
5;2025-12-20;4;0
5;2025-12-20;5;0
5;2025-12-20;6;0
5;2025-12-20;7;0
5;2025-12-20;8;0
5;2025-12-20;9;0
5;2025-12-20;10;0
5;2025-12-20;11;0
5;2025-12-20;12;0
5;2025-12-20;13;0
5;2025-12-20;14;0
5;2025-12-20;15;0
5;2025-12-20;16;0
5;2025-12-20;17;0
5;2025-12-20;18;0
5;2025-12-20;19;0
5;2025-12-20;20;0
5;2025-12-20;21;0
5;2025-12-20;22;0
5;2025-12-20;23;0
5;2025-12-21;0;0
5;2025-12-21;1;0
5;2025-12-21;2;0
5;2025-12-21;3;0
5;2025-12-21;4;0
5;2025-12-21;5;0
5;2025-12-21;6;0
5;2025-12-21;7;0
5;2025-12-21;8;0
5;2025-12-21;9;0
5;2025-12-21;10;0
5;2025-12-21;11;0
5;2025-12-21;12;0
5;2025-12-21;13;0
5;2025-12-21;14;0
5;2025-12-21;15;0
5;2025-12-21;16;0
5;2025-12-21;17;0
5;2025-12-21;18;0
5;2025-12-21;19;0
5;2025-12-21;20;0
5;2025-12-21;21;0
5;2025-12-21;22;0
5;2025-12-21;23;0
5;2025-12-22;0;0
5;2025-12-22;1;0
5;2025-12-22;2;0
5;2025-12-22;3;0
5;2025-12-22;4;0
5;2025-12-22;5;0
5;2025-12-22;6;0
5;2025-12-22;7;0
5;2025-12-22;8;0
5;2025-12-22;9;0
5;2025-12-22;10;0
5;2025-12-22;11;0
5;2025-12-22;12;0
5;2025-12-22;13;0
5;2025-12-22;14;0
5;2025-12-22;15;0
5;2025-12-22;16;0
5;2025-12-22;17;0
5;2025-12-22;18;0
5;2025-12-22;19;0
5;2025-12-22;20;0
5;2025-12-22;21;0
5;2025-12-22;22;0
5;2025-12-22;23;0
5;2025-12-23;0;0
5;2025-12-23;1;0
5;2025-12-23;2;0
5;2025-12-23;3;0
5;2025-12-23;4;0
5;2025-12-23;5;0
5;2025-12-23;6;0
5;2025-12-23;7;0
5;2025-12-23;8;0
5;2025-12-23;9;0
5;2025-12-23;10;0
5;2025-12-23;11;0
5;2025-12-23;12;0
5;2025-12-23;13;0
5;2025-12-23;14;0
5;2025-12-23;15;0
5;2025-12-23;16;0
5;2025-12-23;17;0
5;2025-12-23;18;0
5;2025-12-23;19;0
5;2025-12-23;20;0
5;2025-12-23;21;0
5;2025-12-23;22;0
5;2025-12-23;23;0
5;2025-12-24;0;0
5;2025-12-24;1;0
5;2025-12-24;2;0
5;2025-12-24;3;0
5;2025-12-24;4;0
5;2025-12-24;5;0
5;2025-12-24;6;0
5;2025-12-24;7;0
5;2025-12-24;8;0
5;2025-12-24;9;0
5;2025-12-24;10;0
5;2025-12-24;11;0
5;2025-12-24;12;0
5;2025-12-24;13;0
5;2025-12-24;14;0
5;2025-12-24;15;0
5;2025-12-24;16;0
5;2025-12-24;17;0
5;2025-12-24;18;0
5;2025-12-24;19;0
5;2025-12-24;20;0
5;2025-12-24;21;0
5;2025-12-24;22;0
5;2025-12-24;23;0
5;2025-12-25;0;0
5;2025-12-25;1;0
5;2025-12-25;2;0
5;2025-12-25;3;0
5;2025-12-25;4;0
5;2025-12-25;5;0
5;2025-12-25;6;0
5;2025-12-25;7;0
5;2025-12-25;8;0
5;2025-12-25;9;0
5;2025-12-25;10;0
5;2025-12-25;11;0
5;2025-12-25;12;0
5;2025-12-25;13;0
5;2025-12-25;14;0
5;2025-12-25;15;0
5;2025-12-25;16;0
5;2025-12-25;17;0
5;2025-12-25;18;0
5;2025-12-25;19;0
5;2025-12-25;20;0
5;2025-12-25;21;0
5;2025-12-25;22;0
5;2025-12-25;23;0
5;2025-12-26;0;0
5;2025-12-26;1;0
5;2025-12-26;2;0
5;2025-12-26;3;0
5;2025-12-26;4;0
5;2025-12-26;5;0
5;2025-12-26;6;0
5;2025-12-26;7;0
5;2025-12-26;8;0
5;2025-12-26;9;0
5;2025-12-26;10;0
5;2025-12-26;11;0
5;2025-12-26;12;0
5;2025-12-26;13;0
5;2025-12-26;14;0
5;2025-12-26;15;0
5;2025-12-26;16;0
5;2025-12-26;17;0
5;2025-12-26;18;0
5;2025-12-26;19;0
5;2025-12-26;20;0
5;2025-12-26;21;0
5;2025-12-26;22;0
5;2025-12-26;23;0
5;2025-12-27;0;0
5;2025-12-27;1;0
5;2025-12-27;2;0
5;2025-12-27;3;0
5;2025-12-27;4;0
5;2025-12-27;5;0
5;2025-12-27;6;0
5;2025-12-27;7;0
5;2025-12-27;8;0
5;2025-12-27;9;0
5;2025-12-27;10;0
5;2025-12-27;11;0
5;2025-12-27;12;0
5;2025-12-27;13;0
5;2025-12-27;14;0
5;2025-12-27;15;0
5;2025-12-27;16;0
5;2025-12-27;17;0
5;2025-12-27;18;0
5;2025-12-27;19;0
5;2025-12-27;20;0
5;2025-12-27;21;0
5;2025-12-27;22;0
5;2025-12-27;23;0
5;2025-12-28;0;0
5;2025-12-28;1;0
5;2025-12-28;2;0
5;2025-12-28;3;0
5;2025-12-28;4;0
5;2025-12-28;5;0
5;2025-12-28;6;0
5;2025-12-28;7;0
5;2025-12-28;8;0
5;2025-12-28;9;0
5;2025-12-28;10;0
5;2025-12-28;11;0
5;2025-12-28;12;0
5;2025-12-28;13;0
5;2025-12-28;14;0
5;2025-12-28;15;0
5;2025-12-28;16;0
5;2025-12-28;17;0
5;2025-12-28;18;0
5;2025-12-28;19;0
5;2025-12-28;20;0
5;2025-12-28;21;0
5;2025-12-28;22;0
5;2025-12-28;23;0
5;2025-12-29;0;0
5;2025-12-29;1;0
5;2025-12-29;2;0
5;2025-12-29;3;0
5;2025-12-29;4;0
5;2025-12-29;5;0
5;2025-12-29;6;0
5;2025-12-29;7;0
5;2025-12-29;8;0
5;2025-12-29;9;0
5;2025-12-29;10;0
5;2025-12-29;11;0
5;2025-12-29;12;0
5;2025-12-29;13;0
5;2025-12-29;14;0
5;2025-12-29;15;0
5;2025-12-29;16;0
5;2025-12-29;17;0
5;2025-12-29;18;0
5;2025-12-29;19;0
5;2025-12-29;20;0
5;2025-12-29;21;0
5;2025-12-29;22;0
5;2025-12-29;23;0
5;2025-12-30;0;0
5;2025-12-30;1;0
5;2025-12-30;2;0
5;2025-12-30;3;0
5;2025-12-30;4;0
5;2025-12-30;5;0
5;2025-12-30;6;0
5;2025-12-30;7;0
5;2025-12-30;8;0
5;2025-12-30;9;0
5;2025-12-30;10;0
5;2025-12-30;11;0
5;2025-12-30;12;0
5;2025-12-30;13;0
5;2025-12-30;14;0
5;2025-12-30;15;0
5;2025-12-30;16;0
5;2025-12-30;17;0
5;2025-12-30;18;0
5;2025-12-30;19;0
5;2025-12-30;20;0
5;2025-12-30;21;0
5;2025-12-30;22;0
5;2025-12-30;23;0
5;2025-12-31;0;0
5;2025-12-31;1;0
5;2025-12-31;2;0
5;2025-12-31;3;0
5;2025-12-31;4;0
5;2025-12-31;5;0
5;2025-12-31;6;0
5;2025-12-31;7;0
5;2025-12-31;8;0
5;2025-12-31;9;0
5;2025-12-31;10;0
5;2025-12-31;11;0
5;2025-12-31;12;0
5;2025-12-31;13;0
5;2025-12-31;14;0
5;2025-12-31;15;0
5;2025-12-31;16;0
5;2025-12-31;17;0
5;2025-12-31;18;0
5;2025-12-31;19;0
5;2025-12-31;20;0
5;2025-12-31;21;0
5;2025-12-31;22;0
5;2025-12-31;23;0
7;2025-11-01;0;66
7;2025-11-01;1;12
7;2025-11-01;2;0
7;2025-11-01;3;0
7;2025-11-01;4;1
7;2025-11-01;5;188
7;2025-11-01;6;671
7;2025-11-01;7;1569
7;2025-11-01;8;2344
7;2025-11-01;9;1786
7;2025-11-01;10;1566
7;2025-11-01;11;1495
7;2025-11-01;12;1587
7;2025-11-01;13;1671
7;2025-11-01;14;1732
7;2025-11-01;15;1856
7;2025-11-01;16;2057
7;2025-11-01;17;2250
7;2025-11-01;18;2126
7;2025-11-01;19;1511
7;2025-11-01;20;1047
7;2025-11-01;21;621
7;2025-11-01;22;361
7;2025-11-01;23;232
7;2025-11-02;0;106
7;2025-11-02;1;20
7;2025-11-02;2;0
7;2025-11-02;3;0
7;2025-11-02;4;0
7;2025-11-02;5;42
7;2025-11-02;6;237
7;2025-11-02;7;364
7;2025-11-02;8;573
7;2025-11-02;9;712
7;2025-11-02;10;819
7;2025-11-02;11;1005
7;2025-11-02;12;1169
7;2025-11-02;13;1226
7;2025-11-02;14;1293
7;2025-11-02;15;1218
7;2025-11-02;16;1167
7;2025-11-02;17;1120
7;2025-11-02;18;1023
7;2025-11-02;19;938
7;2025-11-02;20;706
7;2025-11-02;21;578
7;2025-11-02;22;349
7;2025-11-02;23;181
7;2025-11-03;0;101
7;2025-11-03;1;19
7;2025-11-03;2;0
7;2025-11-03;3;0
7;2025-11-03;4;0
7;2025-11-03;5;40
7;2025-11-03;6;228
7;2025-11-03;7;350
7;2025-11-03;8;550
7;2025-11-03;9;684
7;2025-11-03;10;787
7;2025-11-03;11;966
7;2025-11-03;12;1123
7;2025-11-03;13;1178
7;2025-11-03;14;1242
7;2025-11-03;15;1170
7;2025-11-03;16;1122
7;2025-11-03;17;1076
7;2025-11-03;18;983
7;2025-11-03;19;901
7;2025-11-03;20;679
7;2025-11-03;21;556
7;2025-11-03;22;335
7;2025-11-03;23;174
7;2025-11-04;0;104
7;2025-11-04;1;20
7;2025-11-04;2;0
7;2025-11-04;3;0
7;2025-11-04;4;0
7;2025-11-04;5;41
7;2025-11-04;6;233
7;2025-11-04;7;359
7;2025-11-04;8;564
7;2025-11-04;9;701
7;2025-11-04;10;806
7;2025-11-04;11;990
7;2025-11-04;12;1150
7;2025-11-04;13;1207
7;2025-11-04;14;1273
7;2025-11-04;15;1199
7;2025-11-04;16;1149
7;2025-11-04;17;1103
7;2025-11-04;18;1007
7;2025-11-04;19;923
7;2025-11-04;20;695
7;2025-11-04;21;569
7;2025-11-04;22;343
7;2025-11-04;23;178
7;2025-11-05;0;59
7;2025-11-05;1;9
7;2025-11-05;2;0
7;2025-11-05;3;0
7;2025-11-05;4;2
7;2025-11-05;5;201
7;2025-11-05;6;688
7;2025-11-05;7;1615
7;2025-11-05;8;2588
7;2025-11-05;9;1916
7;2025-11-05;10;1696
7;2025-11-05;11;1459
7;2025-11-05;12;1577
7;2025-11-05;13;1545
7;2025-11-05;14;1662
7;2025-11-05;15;1827
7;2025-11-05;16;1890
7;2025-11-05;17;2411
7;2025-11-05;18;2636
7;2025-11-05;19;1779
7;2025-11-05;20;1129
7;2025-11-05;21;664
7;2025-11-05;22;341
7;2025-11-05;23;197
7;2025-11-06;0;63
7;2025-11-06;1;12
7;2025-11-06;2;0
7;2025-11-06;3;0
7;2025-11-06;4;1
7;2025-11-06;5;195
7;2025-11-06;6;719
7;2025-11-06;7;1640
7;2025-11-06;8;2507
7;2025-11-06;9;1832
7;2025-11-06;10;1554
7;2025-11-06;11;1457
7;2025-11-06;12;1498
7;2025-11-06;13;1499
7;2025-11-06;14;1632
7;2025-11-06;15;1700
7;2025-11-06;16;1815
7;2025-11-06;17;2276
7;2025-11-06;18;2668
7;2025-11-06;19;1672
7;2025-11-06;20;1080
7;2025-11-06;21;649
7;2025-11-06;22;311
7;2025-11-06;23;193
7;2025-11-07;0;66
7;2025-11-07;1;12
7;2025-11-07;2;0
7;2025-11-07;3;0
7;2025-11-07;4;1
7;2025-11-07;5;186
7;2025-11-07;6;664
7;2025-11-07;7;1554
7;2025-11-07;8;2321
7;2025-11-07;9;1769
7;2025-11-07;10;1551
7;2025-11-07;11;1481
7;2025-11-07;12;1572
7;2025-11-07;13;1655
7;2025-11-07;14;1715
7;2025-11-07;15;1838
7;2025-11-07;16;2038
7;2025-11-07;17;2228
7;2025-11-07;18;2105
7;2025-11-07;19;1497
7;2025-11-07;20;1037
7;2025-11-07;21;615
7;2025-11-07;22;358
7;2025-11-07;23;229
7;2025-11-08;0;103
7;2025-11-08;1;22
7;2025-11-08;2;0
7;2025-11-08;3;0
7;2025-11-08;4;0
7;2025-11-08;5;59
7;2025-11-08;6;303
7;2025-11-08;7;476
7;2025-11-08;8;784
7;2025-11-08;9;910
7;2025-11-08;10;1024
7;2025-11-08;11;1190
7;2025-11-08;12;1320
7;2025-11-08;13;1327
7;2025-11-08;14;1463
7;2025-11-08;15;1298
7;2025-11-08;16;1243
7;2025-11-08;17;1173
7;2025-11-08;18;1115
7;2025-11-08;19;1117
7;2025-11-08;20;840
7;2025-11-08;21;658
7;2025-11-08;22;367
7;2025-11-08;23;231
7;2025-11-09;0;106
7;2025-11-09;1;20
7;2025-11-09;2;0
7;2025-11-09;3;0
7;2025-11-09;4;0
7;2025-11-09;5;42
7;2025-11-09;6;238
7;2025-11-09;7;366
7;2025-11-09;8;575
7;2025-11-09;9;714
7;2025-11-09;10;822
7;2025-11-09;11;1009
7;2025-11-09;12;1173
7;2025-11-09;13;1231
7;2025-11-09;14;1298
7;2025-11-09;15;1222
7;2025-11-09;16;1172
7;2025-11-09;17;1124
7;2025-11-09;18;1026
7;2025-11-09;19;941
7;2025-11-09;20;709
7;2025-11-09;21;580
7;2025-11-09;22;350
7;2025-11-09;23;182
7;2025-11-10;0;65
7;2025-11-10;1;13
7;2025-11-10;2;0
7;2025-11-10;3;0
7;2025-11-10;4;1
7;2025-11-10;5;196
7;2025-11-10;6;730
7;2025-11-10;7;1700
7;2025-11-10;8;2548
7;2025-11-10;9;1879
7;2025-11-10;10;1590
7;2025-11-10;11;1395
7;2025-11-10;12;1532
7;2025-11-10;13;1527
7;2025-11-10;14;1550
7;2025-11-10;15;1761
7;2025-11-10;16;1846
7;2025-11-10;17;2365
7;2025-11-10;18;2661
7;2025-11-10;19;1804
7;2025-11-10;20;1138
7;2025-11-10;21;594
7;2025-11-10;22;316
7;2025-11-10;23;162
7;2025-11-11;0;50
7;2025-11-11;1;10
7;2025-11-11;2;0
7;2025-11-11;3;0
7;2025-11-11;4;2
7;2025-11-11;5;202
7;2025-11-11;6;728
7;2025-11-11;7;1731
7;2025-11-11;8;2588
7;2025-11-11;9;1907
7;2025-11-11;10;1660
7;2025-11-11;11;1539
7;2025-11-11;12;1613
7;2025-11-11;13;1615
7;2025-11-11;14;1657
7;2025-11-11;15;1872
7;2025-11-11;16;1880
7;2025-11-11;17;2439
7;2025-11-11;18;2690
7;2025-11-11;19;1877
7;2025-11-11;20;1149
7;2025-11-11;21;680
7;2025-11-11;22;324
7;2025-11-11;23;187
7;2025-11-12;0;59
7;2025-11-12;1;9
7;2025-11-12;2;0
7;2025-11-12;3;0
7;2025-11-12;4;2
7;2025-11-12;5;201
7;2025-11-12;6;670
7;2025-11-12;7;1574
7;2025-11-12;8;2522
7;2025-11-12;9;1867
7;2025-11-12;10;1652
7;2025-11-12;11;1422
7;2025-11-12;12;1537
7;2025-11-12;13;1506
7;2025-11-12;14;1620
7;2025-11-12;15;1780
7;2025-11-12;16;1842
7;2025-11-12;17;2349
7;2025-11-12;18;2569
7;2025-11-12;19;1733
7;2025-11-12;20;1100
7;2025-11-12;21;647
7;2025-11-12;22;332
7;2025-11-12;23;192
7;2025-11-13;0;63
7;2025-11-13;1;12
7;2025-11-13;2;0
7;2025-11-13;3;0
7;2025-11-13;4;1
7;2025-11-13;5;195
7;2025-11-13;6;742
7;2025-11-13;7;1692
7;2025-11-13;8;2586
7;2025-11-13;9;1890
7;2025-11-13;10;1604
7;2025-11-13;11;1504
7;2025-11-13;12;1546
7;2025-11-13;13;1547
7;2025-11-13;14;1684
7;2025-11-13;15;1754
7;2025-11-13;16;1873
7;2025-11-13;17;2348
7;2025-11-13;18;2753
7;2025-11-13;19;1726
7;2025-11-13;20;1114
7;2025-11-13;21;669
7;2025-11-13;22;321
7;2025-11-13;23;200
7;2025-11-14;0;66
7;2025-11-14;1;12
7;2025-11-14;2;0
7;2025-11-14;3;0
7;2025-11-14;4;1
7;2025-11-14;5;186
7;2025-11-14;6;678
7;2025-11-14;7;1585
7;2025-11-14;8;2368
7;2025-11-14;9;1805
7;2025-11-14;10;1582
7;2025-11-14;11;1511
7;2025-11-14;12;1603
7;2025-11-14;13;1689
7;2025-11-14;14;1750
7;2025-11-14;15;1875
7;2025-11-14;16;2079
7;2025-11-14;17;2273
7;2025-11-14;18;2148
7;2025-11-14;19;1527
7;2025-11-14;20;1057
7;2025-11-14;21;627
7;2025-11-14;22;365
7;2025-11-14;23;234
7;2025-11-15;0;103
7;2025-11-15;1;22
7;2025-11-15;2;0
7;2025-11-15;3;0
7;2025-11-15;4;0
7;2025-11-15;5;59
7;2025-11-15;6;277
7;2025-11-15;7;434
7;2025-11-15;8;716
7;2025-11-15;9;831
7;2025-11-15;10;935
7;2025-11-15;11;1086
7;2025-11-15;12;1206
7;2025-11-15;13;1212
7;2025-11-15;14;1336
7;2025-11-15;15;1185
7;2025-11-15;16;1135
7;2025-11-15;17;1071
7;2025-11-15;18;1018
7;2025-11-15;19;1020
7;2025-11-15;20;767
7;2025-11-15;21;601
7;2025-11-15;22;335
7;2025-11-15;23;211
7;2025-11-16;0;106
7;2025-11-16;1;20
7;2025-11-16;2;0
7;2025-11-16;3;0
7;2025-11-16;4;0
7;2025-11-16;5;42
7;2025-11-16;6;238
7;2025-11-16;7;365
7;2025-11-16;8;574
7;2025-11-16;9;713
7;2025-11-16;10;821
7;2025-11-16;11;1008
7;2025-11-16;12;1171
7;2025-11-16;13;1229
7;2025-11-16;14;1296
7;2025-11-16;15;1221
7;2025-11-16;16;1170
7;2025-11-16;17;1123
7;2025-11-16;18;1025
7;2025-11-16;19;940
7;2025-11-16;20;708
7;2025-11-16;21;580
7;2025-11-16;22;350
7;2025-11-16;23;182
7;2025-11-17;0;65
7;2025-11-17;1;13
7;2025-11-17;2;0
7;2025-11-17;3;0
7;2025-11-17;4;1
7;2025-11-17;5;196
7;2025-11-17;6;694
7;2025-11-17;7;1617
7;2025-11-17;8;2423
7;2025-11-17;9;1786
7;2025-11-17;10;1511
7;2025-11-17;11;1327
7;2025-11-17;12;1457
7;2025-11-17;13;1452
7;2025-11-17;14;1474
7;2025-11-17;15;1674
7;2025-11-17;16;1755
7;2025-11-17;17;2248
7;2025-11-17;18;2530
7;2025-11-17;19;1716
7;2025-11-17;20;1082
7;2025-11-17;21;564
7;2025-11-17;22;301
7;2025-11-17;23;154
7;2025-11-18;0;50
7;2025-11-18;1;10
7;2025-11-18;2;0
7;2025-11-18;3;0
7;2025-11-18;4;2
7;2025-11-18;5;202
7;2025-11-18;6;666
7;2025-11-18;7;1585
7;2025-11-18;8;2369
7;2025-11-18;9;1746
7;2025-11-18;10;1519
7;2025-11-18;11;1409
7;2025-11-18;12;1477
7;2025-11-18;13;1478
7;2025-11-18;14;1517
7;2025-11-18;15;1714
7;2025-11-18;16;1721
7;2025-11-18;17;2232
7;2025-11-18;18;2462
7;2025-11-18;19;1718
7;2025-11-18;20;1052
7;2025-11-18;21;622
7;2025-11-18;22;296
7;2025-11-18;23;171
7;2025-11-19;0;59
7;2025-11-19;1;9
7;2025-11-19;2;0
7;2025-11-19;3;0
7;2025-11-19;4;2
7;2025-11-19;5;201
7;2025-11-19;6;687
7;2025-11-19;7;1614
7;2025-11-19;8;2586
7;2025-11-19;9;1915
7;2025-11-19;10;1694
7;2025-11-19;11;1458
7;2025-11-19;12;1576
7;2025-11-19;13;1544
7;2025-11-19;14;1661
7;2025-11-19;15;1826
7;2025-11-19;16;1888
7;2025-11-19;17;2409
7;2025-11-19;18;2634
7;2025-11-19;19;1777
7;2025-11-19;20;1128
7;2025-11-19;21;663
7;2025-11-19;22;341
7;2025-11-19;23;197
7;2025-11-20;0;63
7;2025-11-20;1;12
7;2025-11-20;2;0
7;2025-11-20;3;0
7;2025-11-20;4;1
7;2025-11-20;5;195
7;2025-11-20;6;744
7;2025-11-20;7;1697
7;2025-11-20;8;2594
7;2025-11-20;9;1896
7;2025-11-20;10;1608
7;2025-11-20;11;1508
7;2025-11-20;12;1551
7;2025-11-20;13;1552
7;2025-11-20;14;1689
7;2025-11-20;15;1759
7;2025-11-20;16;1878
7;2025-11-20;17;2355
7;2025-11-20;18;2761
7;2025-11-20;19;1730
7;2025-11-20;20;1117
7;2025-11-20;21;671
7;2025-11-20;22;322
7;2025-11-20;23;200
7;2025-11-21;0;66
7;2025-11-21;1;12
7;2025-11-21;2;0
7;2025-11-21;3;0
7;2025-11-21;4;1
7;2025-11-21;5;186
7;2025-11-21;6;676
7;2025-11-21;7;1580
7;2025-11-21;8;2360
7;2025-11-21;9;1799
7;2025-11-21;10;1577
7;2025-11-21;11;1506
7;2025-11-21;12;1598
7;2025-11-21;13;1683
7;2025-11-21;14;1744
7;2025-11-21;15;1869
7;2025-11-21;16;2072
7;2025-11-21;17;2266
7;2025-11-21;18;2141
7;2025-11-21;19;1522
7;2025-11-21;20;1054
7;2025-11-21;21;625
7;2025-11-21;22;364
7;2025-11-21;23;233
7;2025-11-22;0;103
7;2025-11-22;1;22
7;2025-11-22;2;0
7;2025-11-22;3;0
7;2025-11-22;4;0
7;2025-11-22;5;59
7;2025-11-22;6;286
7;2025-11-22;7;449
7;2025-11-22;8;740
7;2025-11-22;9;859
7;2025-11-22;10;967
7;2025-11-22;11;1123
7;2025-11-22;12;1246
7;2025-11-22;13;1253
7;2025-11-22;14;1381
7;2025-11-22;15;1225
7;2025-11-22;16;1173
7;2025-11-22;17;1108
7;2025-11-22;18;1052
7;2025-11-22;19;1055
7;2025-11-22;20;793
7;2025-11-22;21;621
7;2025-11-22;22;346
7;2025-11-22;23;218
7;2025-11-23;0;106
7;2025-11-23;1;20
7;2025-11-23;2;0
7;2025-11-23;3;0
7;2025-11-23;4;0
7;2025-11-23;5;42
7;2025-11-23;6;237
7;2025-11-23;7;364
7;2025-11-23;8;573
7;2025-11-23;9;711
7;2025-11-23;10;819
7;2025-11-23;11;1005
7;2025-11-23;12;1168
7;2025-11-23;13;1226
7;2025-11-23;14;1292
7;2025-11-23;15;1217
7;2025-11-23;16;1167
7;2025-11-23;17;1120
7;2025-11-23;18;1022
7;2025-11-23;19;937
7;2025-11-23;20;706
7;2025-11-23;21;578
7;2025-11-23;22;348
7;2025-11-23;23;181
7;2025-11-24;0;65
7;2025-11-24;1;13
7;2025-11-24;2;0
7;2025-11-24;3;0
7;2025-11-24;4;1
7;2025-11-24;5;196
7;2025-11-24;6;667
7;2025-11-24;7;1554
7;2025-11-24;8;2329
7;2025-11-24;9;1717
7;2025-11-24;10;1453
7;2025-11-24;11;1275
7;2025-11-24;12;1401
7;2025-11-24;13;1396
7;2025-11-24;14;1417
7;2025-11-24;15;1609
7;2025-11-24;16;1687
7;2025-11-24;17;2161
7;2025-11-24;18;2432
7;2025-11-24;19;1649
7;2025-11-24;20;1040
7;2025-11-24;21;542
7;2025-11-24;22;289
7;2025-11-24;23;148
7;2025-11-25;0;50
7;2025-11-25;1;10
7;2025-11-25;2;0
7;2025-11-25;3;0
7;2025-11-25;4;2
7;2025-11-25;5;202
7;2025-11-25;6;727
7;2025-11-25;7;1731
7;2025-11-25;8;2587
7;2025-11-25;9;1906
7;2025-11-25;10;1659
7;2025-11-25;11;1538
7;2025-11-25;12;1613
7;2025-11-25;13;1614
7;2025-11-25;14;1656
7;2025-11-25;15;1871
7;2025-11-25;16;1880
7;2025-11-25;17;2438
7;2025-11-25;18;2688
7;2025-11-25;19;1876
7;2025-11-25;20;1149
7;2025-11-25;21;679
7;2025-11-25;22;324
7;2025-11-25;23;187
7;2025-11-26;0;59
7;2025-11-26;1;9
7;2025-11-26;2;0
7;2025-11-26;3;0
7;2025-11-26;4;2
7;2025-11-26;5;201
7;2025-11-26;6;636
7;2025-11-26;7;1493
7;2025-11-26;8;2394
7;2025-11-26;9;1772
7;2025-11-26;10;1568
7;2025-11-26;11;1350
7;2025-11-26;12;1459
7;2025-11-26;13;1429
7;2025-11-26;14;1538
7;2025-11-26;15;1690
7;2025-11-26;16;1748
7;2025-11-26;17;2230
7;2025-11-26;18;2438
7;2025-11-26;19;1645
7;2025-11-26;20;1044
7;2025-11-26;21;614
7;2025-11-26;22;316
7;2025-11-26;23;183
7;2025-11-27;0;63
7;2025-11-27;1;12
7;2025-11-27;2;0
7;2025-11-27;3;0
7;2025-11-27;4;1
7;2025-11-27;5;195
7;2025-11-27;6;692
7;2025-11-27;7;1578
7;2025-11-27;8;2412
7;2025-11-27;9;1763
7;2025-11-27;10;1496
7;2025-11-27;11;1403
7;2025-11-27;12;1442
7;2025-11-27;13;1443
7;2025-11-27;14;1570
7;2025-11-27;15;1636
7;2025-11-27;16;1747
7;2025-11-27;17;2190
7;2025-11-27;18;2567
7;2025-11-27;19;1609
7;2025-11-27;20;1039
7;2025-11-27;21;624
7;2025-11-27;22;299
7;2025-11-27;23;186
7;2025-11-28;0;66
7;2025-11-28;1;12
7;2025-11-28;2;0
7;2025-11-28;3;0
7;2025-11-28;4;1
7;2025-11-28;5;186
7;2025-11-28;6;650
7;2025-11-28;7;1520
7;2025-11-28;8;2270
7;2025-11-28;9;1730
7;2025-11-28;10;1516
7;2025-11-28;11;1448
7;2025-11-28;12;1537
7;2025-11-28;13;1619
7;2025-11-28;14;1677
7;2025-11-28;15;1797
7;2025-11-28;16;1993
7;2025-11-28;17;2179
7;2025-11-28;18;2059
7;2025-11-28;19;1464
7;2025-11-28;20;1014
7;2025-11-28;21;601
7;2025-11-28;22;350
7;2025-11-28;23;224
7;2025-11-29;0;103
7;2025-11-29;1;22
7;2025-11-29;2;0
7;2025-11-29;3;0
7;2025-11-29;4;0
7;2025-11-29;5;59
7;2025-11-29;6;305
7;2025-11-29;7;478
7;2025-11-29;8;788
7;2025-11-29;9;915
7;2025-11-29;10;1030
7;2025-11-29;11;1196
7;2025-11-29;12;1328
7;2025-11-29;13;1335
7;2025-11-29;14;1472
7;2025-11-29;15;1305
7;2025-11-29;16;1250
7;2025-11-29;17;1180
7;2025-11-29;18;1121
7;2025-11-29;19;1124
7;2025-11-29;20;845
7;2025-11-29;21;662
7;2025-11-29;22;369
7;2025-11-29;23;233
7;2025-11-30;0;106
7;2025-11-30;1;20
7;2025-11-30;2;0
7;2025-11-30;3;0
7;2025-11-30;4;0
7;2025-11-30;5;42
7;2025-11-30;6;236
7;2025-11-30;7;363
7;2025-11-30;8;571
7;2025-11-30;9;709
7;2025-11-30;10;816
7;2025-11-30;11;1002
7;2025-11-30;12;1164
7;2025-11-30;13;1222
7;2025-11-30;14;1288
7;2025-11-30;15;1214
7;2025-11-30;16;1163
7;2025-11-30;17;1116
7;2025-11-30;18;1019
7;2025-11-30;19;934
7;2025-11-30;20;704
7;2025-11-30;21;576
7;2025-11-30;22;347
7;2025-11-30;23;181
7;2025-12-01;0;65
7;2025-12-01;1;13
7;2025-12-01;2;0
7;2025-12-01;3;0
7;2025-12-01;4;1
7;2025-12-01;5;196
7;2025-12-01;6;730
7;2025-12-01;7;1700
7;2025-12-01;8;2547
7;2025-12-01;9;1878
7;2025-12-01;10;1589
7;2025-12-01;11;1395
7;2025-12-01;12;1532
7;2025-12-01;13;1527
7;2025-12-01;14;1549
7;2025-12-01;15;1760
7;2025-12-01;16;1846
7;2025-12-01;17;2364
7;2025-12-01;18;2660
7;2025-12-01;19;1804
7;2025-12-01;20;1137
7;2025-12-01;21;593
7;2025-12-01;22;316
7;2025-12-01;23;162
7;2025-12-02;0;50
7;2025-12-02;1;10
7;2025-12-02;2;0
7;2025-12-02;3;0
7;2025-12-02;4;2
7;2025-12-02;5;202
7;2025-12-02;6;727
7;2025-12-02;7;1731
7;2025-12-02;8;2587
7;2025-12-02;9;1906
7;2025-12-02;10;1659
7;2025-12-02;11;1538
7;2025-12-02;12;1613
7;2025-12-02;13;1614
7;2025-12-02;14;1656
7;2025-12-02;15;1871
7;2025-12-02;16;1880
7;2025-12-02;17;2438
7;2025-12-02;18;2689
7;2025-12-02;19;1876
7;2025-12-02;20;1149
7;2025-12-02;21;679
7;2025-12-02;22;324
7;2025-12-02;23;187
7;2025-12-03;0;59
7;2025-12-03;1;9
7;2025-12-03;2;0
7;2025-12-03;3;0
7;2025-12-03;4;2
7;2025-12-03;5;201
7;2025-12-03;6;687
7;2025-12-03;7;1614
7;2025-12-03;8;2586
7;2025-12-03;9;1915
7;2025-12-03;10;1694
7;2025-12-03;11;1458
7;2025-12-03;12;1576
7;2025-12-03;13;1544
7;2025-12-03;14;1661
7;2025-12-03;15;1826
7;2025-12-03;16;1889
7;2025-12-03;17;2409
7;2025-12-03;18;2634
7;2025-12-03;19;1778
7;2025-12-03;20;1128
7;2025-12-03;21;663
7;2025-12-03;22;341
7;2025-12-03;23;197
7;2025-12-04;0;63
7;2025-12-04;1;12
7;2025-12-04;2;0
7;2025-12-04;3;0
7;2025-12-04;4;1
7;2025-12-04;5;195
7;2025-12-04;6;745
7;2025-12-04;7;1697
7;2025-12-04;8;2595
7;2025-12-04;9;1896
7;2025-12-04;10;1609
7;2025-12-04;11;1509
7;2025-12-04;12;1551
7;2025-12-04;13;1552
7;2025-12-04;14;1689
7;2025-12-04;15;1759
7;2025-12-04;16;1879
7;2025-12-04;17;2356
7;2025-12-04;18;2761
7;2025-12-04;19;1731
7;2025-12-04;20;1118
7;2025-12-04;21;672
7;2025-12-04;22;322
7;2025-12-04;23;200
7;2025-12-05;0;66
7;2025-12-05;1;12
7;2025-12-05;2;0
7;2025-12-05;3;0
7;2025-12-05;4;1
7;2025-12-05;5;186
7;2025-12-05;6;688
7;2025-12-05;7;1608
7;2025-12-05;8;2402
7;2025-12-05;9;1831
7;2025-12-05;10;1605
7;2025-12-05;11;1533
7;2025-12-05;12;1627
7;2025-12-05;13;1713
7;2025-12-05;14;1775
7;2025-12-05;15;1902
7;2025-12-05;16;2109
7;2025-12-05;17;2306
7;2025-12-05;18;2179
7;2025-12-05;19;1549
7;2025-12-05;20;1073
7;2025-12-05;21;636
7;2025-12-05;22;370
7;2025-12-05;23;237
7;2025-12-06;0;103
7;2025-12-06;1;22
7;2025-12-06;2;0
7;2025-12-06;3;0
7;2025-12-06;4;0
7;2025-12-06;5;59
7;2025-12-06;6;305
7;2025-12-06;7;479
7;2025-12-06;8;788
7;2025-12-06;9;916
7;2025-12-06;10;1030
7;2025-12-06;11;1197
7;2025-12-06;12;1328
7;2025-12-06;13;1335
7;2025-12-06;14;1472
7;2025-12-06;15;1306
7;2025-12-06;16;1250
7;2025-12-06;17;1180
7;2025-12-06;18;1121
7;2025-12-06;19;1124
7;2025-12-06;20;845
7;2025-12-06;21;662
7;2025-12-06;22;369
7;2025-12-06;23;233
7;2025-12-07;0;106
7;2025-12-07;1;20
7;2025-12-07;2;0
7;2025-12-07;3;0
7;2025-12-07;4;0
7;2025-12-07;5;42
7;2025-12-07;6;238
7;2025-12-07;7;365
7;2025-12-07;8;575
7;2025-12-07;9;714
7;2025-12-07;10;822
7;2025-12-07;11;1008
7;2025-12-07;12;1172
7;2025-12-07;13;1230
7;2025-12-07;14;1297
7;2025-12-07;15;1222
7;2025-12-07;16;1171
7;2025-12-07;17;1124
7;2025-12-07;18;1026
7;2025-12-07;19;940
7;2025-12-07;20;708
7;2025-12-07;21;580
7;2025-12-07;22;350
7;2025-12-07;23;182
7;2025-12-08;0;65
7;2025-12-08;1;13
7;2025-12-08;2;0
7;2025-12-08;3;0
7;2025-12-08;4;1
7;2025-12-08;5;196
7;2025-12-08;6;730
7;2025-12-08;7;1700
7;2025-12-08;8;2547
7;2025-12-08;9;1878
7;2025-12-08;10;1589
7;2025-12-08;11;1395
7;2025-12-08;12;1532
7;2025-12-08;13;1526
7;2025-12-08;14;1549
7;2025-12-08;15;1760
7;2025-12-08;16;1845
7;2025-12-08;17;2364
7;2025-12-08;18;2660
7;2025-12-08;19;1804
7;2025-12-08;20;1137
7;2025-12-08;21;593
7;2025-12-08;22;316
7;2025-12-08;23;162
7;2025-12-09;0;50
7;2025-12-09;1;10
7;2025-12-09;2;0
7;2025-12-09;3;0
7;2025-12-09;4;2
7;2025-12-09;5;202
7;2025-12-09;6;718
7;2025-12-09;7;1709
7;2025-12-09;8;2555
7;2025-12-09;9;1882
7;2025-12-09;10;1638
7;2025-12-09;11;1519
7;2025-12-09;12;1593
7;2025-12-09;13;1594
7;2025-12-09;14;1636
7;2025-12-09;15;1848
7;2025-12-09;16;1856
7;2025-12-09;17;2408
7;2025-12-09;18;2655
7;2025-12-09;19;1853
7;2025-12-09;20;1134
7;2025-12-09;21;671
7;2025-12-09;22;320
7;2025-12-09;23;185
7;2025-12-10;0;59
7;2025-12-10;1;9
7;2025-12-10;2;0
7;2025-12-10;3;0
7;2025-12-10;4;2
7;2025-12-10;5;201
7;2025-12-10;6;658
7;2025-12-10;7;1546
7;2025-12-10;8;2478
7;2025-12-10;9;1834
7;2025-12-10;10;1623
7;2025-12-10;11;1397
7;2025-12-10;12;1510
7;2025-12-10;13;1479
7;2025-12-10;14;1591
7;2025-12-10;15;1749
7;2025-12-10;16;1809
7;2025-12-10;17;2308
7;2025-12-10;18;2523
7;2025-12-10;19;1703
7;2025-12-10;20;1081
7;2025-12-10;21;636
7;2025-12-10;22;327
7;2025-12-10;23;189
7;2025-12-11;0;63
7;2025-12-11;1;12
7;2025-12-11;2;0
7;2025-12-11;3;0
7;2025-12-11;4;1
7;2025-12-11;5;195
7;2025-12-11;6;701
7;2025-12-11;7;1598
7;2025-12-11;8;2442
7;2025-12-11;9;1785
7;2025-12-11;10;1514
7;2025-12-11;11;1420
7;2025-12-11;12;1460
7;2025-12-11;13;1461
7;2025-12-11;14;1590
7;2025-12-11;15;1656
7;2025-12-11;16;1768
7;2025-12-11;17;2217
7;2025-12-11;18;2599
7;2025-12-11;19;1629
7;2025-12-11;20;1052
7;2025-12-11;21;632
7;2025-12-11;22;303
7;2025-12-11;23;188
7;2025-12-12;0;66
7;2025-12-12;1;12
7;2025-12-12;2;0
7;2025-12-12;3;0
7;2025-12-12;4;1
7;2025-12-12;5;186
7;2025-12-12;6;650
7;2025-12-12;7;1520
7;2025-12-12;8;2271
7;2025-12-12;9;1731
7;2025-12-12;10;1517
7;2025-12-12;11;1449
7;2025-12-12;12;1538
7;2025-12-12;13;1620
7;2025-12-12;14;1678
7;2025-12-12;15;1798
7;2025-12-12;16;1994
7;2025-12-12;17;2180
7;2025-12-12;18;2060
7;2025-12-12;19;1464
7;2025-12-12;20;1014
7;2025-12-12;21;602
7;2025-12-12;22;350
7;2025-12-12;23;224
7;2025-12-13;0;103
7;2025-12-13;1;22
7;2025-12-13;2;0
7;2025-12-13;3;0
7;2025-12-13;4;0
7;2025-12-13;5;59
7;2025-12-13;6;298
7;2025-12-13;7;468
7;2025-12-13;8;771
7;2025-12-13;9;895
7;2025-12-13;10;1007
7;2025-12-13;11;1170
7;2025-12-13;12;1298
7;2025-12-13;13;1305
7;2025-12-13;14;1439
7;2025-12-13;15;1276
7;2025-12-13;16;1222
7;2025-12-13;17;1154
7;2025-12-13;18;1096
7;2025-12-13;19;1099
7;2025-12-13;20;826
7;2025-12-13;21;647
7;2025-12-13;22;361
7;2025-12-13;23;228
7;2025-12-14;0;106
7;2025-12-14;1;20
7;2025-12-14;2;0
7;2025-12-14;3;0
7;2025-12-14;4;0
7;2025-12-14;5;42
7;2025-12-14;6;233
7;2025-12-14;7;359
7;2025-12-14;8;564
7;2025-12-14;9;701
7;2025-12-14;10;807
7;2025-12-14;11;990
7;2025-12-14;12;1151
7;2025-12-14;13;1208
7;2025-12-14;14;1273
7;2025-12-14;15;1200
7;2025-12-14;16;1150
7;2025-12-14;17;1104
7;2025-12-14;18;1007
7;2025-12-14;19;924
7;2025-12-14;20;696
7;2025-12-14;21;570
7;2025-12-14;22;343
7;2025-12-14;23;179
7;2025-12-15;0;65
7;2025-12-15;1;13
7;2025-12-15;2;0
7;2025-12-15;3;0
7;2025-12-15;4;1
7;2025-12-15;5;196
7;2025-12-15;6;727
7;2025-12-15;7;1692
7;2025-12-15;8;2536
7;2025-12-15;9;1870
7;2025-12-15;10;1582
7;2025-12-15;11;1388
7;2025-12-15;12;1525
7;2025-12-15;13;1520
7;2025-12-15;14;1542
7;2025-12-15;15;1752
7;2025-12-15;16;1837
7;2025-12-15;17;2353
7;2025-12-15;18;2648
7;2025-12-15;19;1796
7;2025-12-15;20;1132
7;2025-12-15;21;591
7;2025-12-15;22;315
7;2025-12-15;23;161
7;2025-12-16;0;50
7;2025-12-16;1;10
7;2025-12-16;2;0
7;2025-12-16;3;0
7;2025-12-16;4;2
7;2025-12-16;5;202
7;2025-12-16;6;704
7;2025-12-16;7;1675
7;2025-12-16;8;2504
7;2025-12-16;9;1845
7;2025-12-16;10;1606
7;2025-12-16;11;1489
7;2025-12-16;12;1561
7;2025-12-16;13;1562
7;2025-12-16;14;1604
7;2025-12-16;15;1811
7;2025-12-16;16;1820
7;2025-12-16;17;2360
7;2025-12-16;18;2603
7;2025-12-16;19;1816
7;2025-12-16;20;1112
7;2025-12-16;21;658
7;2025-12-16;22;313
7;2025-12-16;23;181
7;2025-12-17;0;59
7;2025-12-17;1;9
7;2025-12-17;2;0
7;2025-12-17;3;0
7;2025-12-17;4;2
7;2025-12-17;5;201
7;2025-12-17;6;685
7;2025-12-17;7;1608
7;2025-12-17;8;2577
7;2025-12-17;9;1908
7;2025-12-17;10;1689
7;2025-12-17;11;1453
7;2025-12-17;12;1571
7;2025-12-17;13;1539
7;2025-12-17;14;1656
7;2025-12-17;15;1819
7;2025-12-17;16;1882
7;2025-12-17;17;2401
7;2025-12-17;18;2625
7;2025-12-17;19;1771
7;2025-12-17;20;1124
7;2025-12-17;21;661
7;2025-12-17;22;340
7;2025-12-17;23;197
7;2025-12-18;0;63
7;2025-12-18;1;12
7;2025-12-18;2;0
7;2025-12-18;3;0
7;2025-12-18;4;1
7;2025-12-18;5;195
7;2025-12-18;6;745
7;2025-12-18;7;1697
7;2025-12-18;8;2594
7;2025-12-18;9;1896
7;2025-12-18;10;1608
7;2025-12-18;11;1508
7;2025-12-18;12;1551
7;2025-12-18;13;1552
7;2025-12-18;14;1689
7;2025-12-18;15;1759
7;2025-12-18;16;1879
7;2025-12-18;17;2355
7;2025-12-18;18;2761
7;2025-12-18;19;1731
7;2025-12-18;20;1117
7;2025-12-18;21;671
7;2025-12-18;22;322
7;2025-12-18;23;200
7;2025-12-19;0;66
7;2025-12-19;1;12
7;2025-12-19;2;0
7;2025-12-19;3;0
7;2025-12-19;4;1
7;2025-12-19;5;186
7;2025-12-19;6;683
7;2025-12-19;7;1597
7;2025-12-19;8;2386
7;2025-12-19;9;1818
7;2025-12-19;10;1594
7;2025-12-19;11;1522
7;2025-12-19;12;1615
7;2025-12-19;13;1701
7;2025-12-19;14;1763
7;2025-12-19;15;1889
7;2025-12-19;16;2094
7;2025-12-19;17;2290
7;2025-12-19;18;2164
7;2025-12-19;19;1538
7;2025-12-19;20;1065
7;2025-12-19;21;632
7;2025-12-19;22;368
7;2025-12-19;23;236
7;2025-12-20;0;103
7;2025-12-20;1;22
7;2025-12-20;2;0
7;2025-12-20;3;0
7;2025-12-20;4;0
7;2025-12-20;5;59
7;2025-12-20;6;305
7;2025-12-20;7;478
7;2025-12-20;8;788
7;2025-12-20;9;915
7;2025-12-20;10;1030
7;2025-12-20;11;1196
7;2025-12-20;12;1328
7;2025-12-20;13;1335
7;2025-12-20;14;1472
7;2025-12-20;15;1305
7;2025-12-20;16;1250
7;2025-12-20;17;1180
7;2025-12-20;18;1121
7;2025-12-20;19;1124
7;2025-12-20;20;845
7;2025-12-20;21;662
7;2025-12-20;22;369
7;2025-12-20;23;233
7;2025-12-21;0;106
7;2025-12-21;1;20
7;2025-12-21;2;0
7;2025-12-21;3;0
7;2025-12-21;4;0
7;2025-12-21;5;42
7;2025-12-21;6;234
7;2025-12-21;7;360
7;2025-12-21;8;566
7;2025-12-21;9;703
7;2025-12-21;10;809
7;2025-12-21;11;993
7;2025-12-21;12;1155
7;2025-12-21;13;1212
7;2025-12-21;14;1277
7;2025-12-21;15;1203
7;2025-12-21;16;1154
7;2025-12-21;17;1107
7;2025-12-21;18;1011
7;2025-12-21;19;926
7;2025-12-21;20;698
7;2025-12-21;21;571
7;2025-12-21;22;345
7;2025-12-21;23;179
7;2025-12-22;0;65
7;2025-12-22;1;13
7;2025-12-22;2;0
7;2025-12-22;3;0
7;2025-12-22;4;1
7;2025-12-22;5;196
7;2025-12-22;6;704
7;2025-12-22;7;1639
7;2025-12-22;8;2456
7;2025-12-22;9;1811
7;2025-12-22;10;1532
7;2025-12-22;11;1345
7;2025-12-22;12;1477
7;2025-12-22;13;1472
7;2025-12-22;14;1494
7;2025-12-22;15;1697
7;2025-12-22;16;1779
7;2025-12-22;17;2279
7;2025-12-22;18;2564
7;2025-12-22;19;1739
7;2025-12-22;20;1096
7;2025-12-22;21;572
7;2025-12-22;22;305
7;2025-12-22;23;156
7;2025-12-23;0;50
7;2025-12-23;1;10
7;2025-12-23;2;0
7;2025-12-23;3;0
7;2025-12-23;4;2
7;2025-12-23;5;202
7;2025-12-23;6;726
7;2025-12-23;7;1728
7;2025-12-23;8;2583
7;2025-12-23;9;1903
7;2025-12-23;10;1656
7;2025-12-23;11;1536
7;2025-12-23;12;1610
7;2025-12-23;13;1612
7;2025-12-23;14;1654
7;2025-12-23;15;1868
7;2025-12-23;16;1877
7;2025-12-23;17;2434
7;2025-12-23;18;2685
7;2025-12-23;19;1873
7;2025-12-23;20;1147
7;2025-12-23;21;678
7;2025-12-23;22;323
7;2025-12-23;23;187
7;2025-12-24;0;59
7;2025-12-24;1;9
7;2025-12-24;2;0
7;2025-12-24;3;0
7;2025-12-24;4;2
7;2025-12-24;5;201
7;2025-12-24;6;673
7;2025-12-24;7;1580
7;2025-12-24;8;2532
7;2025-12-24;9;1875
7;2025-12-24;10;1659
7;2025-12-24;11;1428
7;2025-12-24;12;1543
7;2025-12-24;13;1512
7;2025-12-24;14;1627
7;2025-12-24;15;1788
7;2025-12-24;16;1849
7;2025-12-24;17;2359
7;2025-12-24;18;2579
7;2025-12-24;19;1740
7;2025-12-24;20;1105
7;2025-12-24;21;650
7;2025-12-24;22;334
7;2025-12-24;23;193
7;2025-12-25;0;63
7;2025-12-25;1;12
7;2025-12-25;2;0
7;2025-12-25;3;0
7;2025-12-25;4;1
7;2025-12-25;5;195
7;2025-12-25;6;704
7;2025-12-25;7;1604
7;2025-12-25;8;2452
7;2025-12-25;9;1792
7;2025-12-25;10;1520
7;2025-12-25;11;1426
7;2025-12-25;12;1466
7;2025-12-25;13;1467
7;2025-12-25;14;1596
7;2025-12-25;15;1662
7;2025-12-25;16;1775
7;2025-12-25;17;2226
7;2025-12-25;18;2609
7;2025-12-25;19;1636
7;2025-12-25;20;1056
7;2025-12-25;21;635
7;2025-12-25;22;304
7;2025-12-25;23;189
7;2025-12-26;0;66
7;2025-12-26;1;12
7;2025-12-26;2;0
7;2025-12-26;3;0
7;2025-12-26;4;1
7;2025-12-26;5;186
7;2025-12-26;6;631
7;2025-12-26;7;1475
7;2025-12-26;8;2204
7;2025-12-26;9;1680
7;2025-12-26;10;1472
7;2025-12-26;11;1406
7;2025-12-26;12;1492
7;2025-12-26;13;1572
7;2025-12-26;14;1628
7;2025-12-26;15;1745
7;2025-12-26;16;1934
7;2025-12-26;17;2115
7;2025-12-26;18;1999
7;2025-12-26;19;1421
7;2025-12-26;20;984
7;2025-12-26;21;584
7;2025-12-26;22;340
7;2025-12-26;23;218
7;2025-12-27;0;103
7;2025-12-27;1;22
7;2025-12-27;2;0
7;2025-12-27;3;0
7;2025-12-27;4;0
7;2025-12-27;5;59
7;2025-12-27;6;298
7;2025-12-27;7;468
7;2025-12-27;8;771
7;2025-12-27;9;896
7;2025-12-27;10;1008
7;2025-12-27;11;1171
7;2025-12-27;12;1299
7;2025-12-27;13;1306
7;2025-12-27;14;1440
7;2025-12-27;15;1277
7;2025-12-27;16;1223
7;2025-12-27;17;1155
7;2025-12-27;18;1097
7;2025-12-27;19;1100
7;2025-12-27;20;827
7;2025-12-27;21;648
7;2025-12-27;22;361
7;2025-12-27;23;228
7;2025-12-28;0;106
7;2025-12-28;1;20
7;2025-12-28;2;0
7;2025-12-28;3;0
7;2025-12-28;4;0
7;2025-12-28;5;42
7;2025-12-28;6;226
7;2025-12-28;7;348
7;2025-12-28;8;547
7;2025-12-28;9;680
7;2025-12-28;10;783
7;2025-12-28;11;960
7;2025-12-28;12;1116
7;2025-12-28;13;1172
7;2025-12-28;14;1235
7;2025-12-28;15;1164
7;2025-12-28;16;1115
7;2025-12-28;17;1070
7;2025-12-28;18;977
7;2025-12-28;19;896
7;2025-12-28;20;675
7;2025-12-28;21;553
7;2025-12-28;22;333
7;2025-12-28;23;173
7;2025-12-29;0;65
7;2025-12-29;1;13
7;2025-12-29;2;0
7;2025-12-29;3;0
7;2025-12-29;4;1
7;2025-12-29;5;196
7;2025-12-29;6;700
7;2025-12-29;7;1630
7;2025-12-29;8;2442
7;2025-12-29;9;1801
7;2025-12-29;10;1523
7;2025-12-29;11;1337
7;2025-12-29;12;1469
7;2025-12-29;13;1463
7;2025-12-29;14;1485
7;2025-12-29;15;1688
7;2025-12-29;16;1769
7;2025-12-29;17;2266
7;2025-12-29;18;2550
7;2025-12-29;19;1729
7;2025-12-29;20;1090
7;2025-12-29;21;569
7;2025-12-29;22;303
7;2025-12-29;23;155
7;2025-12-30;0;50
7;2025-12-30;1;10
7;2025-12-30;2;0
7;2025-12-30;3;0
7;2025-12-30;4;2
7;2025-12-30;5;202
7;2025-12-30;6;682
7;2025-12-30;7;1623
7;2025-12-30;8;2427
7;2025-12-30;9;1788
7;2025-12-30;10;1556
7;2025-12-30;11;1443
7;2025-12-30;12;1513
7;2025-12-30;13;1514
7;2025-12-30;14;1554
7;2025-12-30;15;1755
7;2025-12-30;16;1763
7;2025-12-30;17;2287
7;2025-12-30;18;2522
7;2025-12-30;19;1759
7;2025-12-30;20;1077
7;2025-12-30;21;637
7;2025-12-30;22;303
7;2025-12-30;23;176
7;2025-12-31;0;103
7;2025-12-31;1;19
7;2025-12-31;2;0
7;2025-12-31;3;0
7;2025-12-31;4;0
7;2025-12-31;5;41
7;2025-12-31;6;229
7;2025-12-31;7;352
7;2025-12-31;8;553
7;2025-12-31;9;688
7;2025-12-31;10;791
7;2025-12-31;11;971
7;2025-12-31;12;1129
7;2025-12-31;13;1185
7;2025-12-31;14;1249
7;2025-12-31;15;1177
7;2025-12-31;16;1128
7;2025-12-31;17;1082
7;2025-12-31;18;988
7;2025-12-31;19;906
7;2025-12-31;20;682
7;2025-12-31;21;559
7;2025-12-31;22;337
7;2025-12-31;23;175
11;2025-11-01;0;70
11;2025-11-01;1;1
11;2025-11-01;2;0
11;2025-11-01;3;0
11;2025-11-01;4;0
11;2025-11-01;5;285
11;2025-11-01;6;1319
11;2025-11-01;7;2304
11;2025-11-01;8;3072
11;2025-11-01;9;2337
11;2025-11-01;10;1896
11;2025-11-01;11;1819
11;2025-11-01;12;1915
11;2025-11-01;13;1931
11;2025-11-01;14;2017
11;2025-11-01;15;2245
11;2025-11-01;16;2446
11;2025-11-01;17;2886
11;2025-11-01;18;2524
11;2025-11-01;19;2008
11;2025-11-01;20;1405
11;2025-11-01;21;873
11;2025-11-01;22;473
11;2025-11-01;23;297
11;2025-11-02;0;106
11;2025-11-02;1;12
11;2025-11-02;2;0
11;2025-11-02;3;0
11;2025-11-02;4;2
11;2025-11-02;5;128
11;2025-11-02;6;550
11;2025-11-02;7;533
11;2025-11-02;8;701
11;2025-11-02;9;975
11;2025-11-02;10;1049
11;2025-11-02;11;1487
11;2025-11-02;12;1675
11;2025-11-02;13;1615
11;2025-11-02;14;1717
11;2025-11-02;15;1739
11;2025-11-02;16;1680
11;2025-11-02;17;1760
11;2025-11-02;18;1441
11;2025-11-02;19;1224
11;2025-11-02;20;997
11;2025-11-02;21;699
11;2025-11-02;22;404
11;2025-11-02;23;271
11;2025-11-03;0;102
11;2025-11-03;1;11
11;2025-11-03;2;0
11;2025-11-03;3;0
11;2025-11-03;4;2
11;2025-11-03;5;122
11;2025-11-03;6;528
11;2025-11-03;7;512
11;2025-11-03;8;674
11;2025-11-03;9;937
11;2025-11-03;10;1008
11;2025-11-03;11;1429
11;2025-11-03;12;1609
11;2025-11-03;13;1552
11;2025-11-03;14;1649
11;2025-11-03;15;1671
11;2025-11-03;16;1614
11;2025-11-03;17;1691
11;2025-11-03;18;1384
11;2025-11-03;19;1176
11;2025-11-03;20;958
11;2025-11-03;21;671
11;2025-11-03;22;388
11;2025-11-03;23;261
11;2025-11-04;0;105
11;2025-11-04;1;11
11;2025-11-04;2;0
11;2025-11-04;3;0
11;2025-11-04;4;2
11;2025-11-04;5;126
11;2025-11-04;6;541
11;2025-11-04;7;525
11;2025-11-04;8;690
11;2025-11-04;9;960
11;2025-11-04;10;1033
11;2025-11-04;11;1464
11;2025-11-04;12;1649
11;2025-11-04;13;1590
11;2025-11-04;14;1690
11;2025-11-04;15;1712
11;2025-11-04;16;1654
11;2025-11-04;17;1733
11;2025-11-04;18;1418
11;2025-11-04;19;1205
11;2025-11-04;20;982
11;2025-11-04;21;688
11;2025-11-04;22;398
11;2025-11-04;23;267
11;2025-11-05;0;61
11;2025-11-05;1;0
11;2025-11-05;2;0
11;2025-11-05;3;0
11;2025-11-05;4;0
11;2025-11-05;5;282
11;2025-11-05;6;1308
11;2025-11-05;7;2503
11;2025-11-05;8;3239
11;2025-11-05;9;2393
11;2025-11-05;10;1915
11;2025-11-05;11;1955
11;2025-11-05;12;1942
11;2025-11-05;13;2072
11;2025-11-05;14;2038
11;2025-11-05;15;2083
11;2025-11-05;16;2206
11;2025-11-05;17;2933
11;2025-11-05;18;3151
11;2025-11-05;19;2357
11;2025-11-05;20;1553
11;2025-11-05;21;903
11;2025-11-05;22;440
11;2025-11-05;23;238
11;2025-11-06;0;64
11;2025-11-06;1;1
11;2025-11-06;2;0
11;2025-11-06;3;0
11;2025-11-06;4;0
11;2025-11-06;5;292
11;2025-11-06;6;1298
11;2025-11-06;7;2354
11;2025-11-06;8;3003
11;2025-11-06;9;2434
11;2025-11-06;10;1933
11;2025-11-06;11;1816
11;2025-11-06;12;1896
11;2025-11-06;13;2024
11;2025-11-06;14;1954
11;2025-11-06;15;2025
11;2025-11-06;16;2250
11;2025-11-06;17;2758
11;2025-11-06;18;3073
11;2025-11-06;19;2239
11;2025-11-06;20;1457
11;2025-11-06;21;875
11;2025-11-06;22;447
11;2025-11-06;23;234
11;2025-11-07;0;69
11;2025-11-07;1;1
11;2025-11-07;2;0
11;2025-11-07;3;0
11;2025-11-07;4;0
11;2025-11-07;5;283
11;2025-11-07;6;1306
11;2025-11-07;7;2282
11;2025-11-07;8;3043
11;2025-11-07;9;2315
11;2025-11-07;10;1878
11;2025-11-07;11;1801
11;2025-11-07;12;1897
11;2025-11-07;13;1912
11;2025-11-07;14;1998
11;2025-11-07;15;2223
11;2025-11-07;16;2423
11;2025-11-07;17;2858
11;2025-11-07;18;2499
11;2025-11-07;19;1989
11;2025-11-07;20;1392
11;2025-11-07;21;865
11;2025-11-07;22;468
11;2025-11-07;23;294
11;2025-11-08;0;102
11;2025-11-08;1;2
11;2025-11-08;2;0
11;2025-11-08;3;0
11;2025-11-08;4;4
11;2025-11-08;5;198
11;2025-11-08;6;807
11;2025-11-08;7;735
11;2025-11-08;8;1019
11;2025-11-08;9;1160
11;2025-11-08;10;1296
11;2025-11-08;11;1688
11;2025-11-08;12;1869
11;2025-11-08;13;1790
11;2025-11-08;14;1817
11;2025-11-08;15;1790
11;2025-11-08;16;1825
11;2025-11-08;17;1822
11;2025-11-08;18;1562
11;2025-11-08;19;1490
11;2025-11-08;20;1113
11;2025-11-08;21;770
11;2025-11-08;22;476
11;2025-11-08;23;313
11;2025-11-09;0;106
11;2025-11-09;1;12
11;2025-11-09;2;0
11;2025-11-09;3;0
11;2025-11-09;4;2
11;2025-11-09;5;128
11;2025-11-09;6;552
11;2025-11-09;7;535
11;2025-11-09;8;704
11;2025-11-09;9;979
11;2025-11-09;10;1053
11;2025-11-09;11;1492
11;2025-11-09;12;1681
11;2025-11-09;13;1621
11;2025-11-09;14;1723
11;2025-11-09;15;1745
11;2025-11-09;16;1686
11;2025-11-09;17;1766
11;2025-11-09;18;1446
11;2025-11-09;19;1228
11;2025-11-09;20;1001
11;2025-11-09;21;701
11;2025-11-09;22;406
11;2025-11-09;23;272
11;2025-11-10;0;72
11;2025-11-10;1;6
11;2025-11-10;2;0
11;2025-11-10;3;0
11;2025-11-10;4;0
11;2025-11-10;5;278
11;2025-11-10;6;1399
11;2025-11-10;7;2404
11;2025-11-10;8;3164
11;2025-11-10;9;2440
11;2025-11-10;10;1814
11;2025-11-10;11;1858
11;2025-11-10;12;1782
11;2025-11-10;13;1922
11;2025-11-10;14;1926
11;2025-11-10;15;2111
11;2025-11-10;16;2310
11;2025-11-10;17;2869
11;2025-11-10;18;3168
11;2025-11-10;19;2401
11;2025-11-10;20;1498
11;2025-11-10;21;868
11;2025-11-10;22;426
11;2025-11-10;23;219
11;2025-11-11;0;61
11;2025-11-11;1;1
11;2025-11-11;2;0
11;2025-11-11;3;0
11;2025-11-11;4;0
11;2025-11-11;5;267
11;2025-11-11;6;1418
11;2025-11-11;7;2504
11;2025-11-11;8;3399
11;2025-11-11;9;2553
11;2025-11-11;10;1930
11;2025-11-11;11;1855
11;2025-11-11;12;1888
11;2025-11-11;13;2059
11;2025-11-11;14;2080
11;2025-11-11;15;2136
11;2025-11-11;16;2363
11;2025-11-11;17;2952
11;2025-11-11;18;3211
11;2025-11-11;19;2419
11;2025-11-11;20;1571
11;2025-11-11;21;895
11;2025-11-11;22;454
11;2025-11-11;23;223
11;2025-11-12;0;61
11;2025-11-12;1;0
11;2025-11-12;2;0
11;2025-11-12;3;0
11;2025-11-12;4;0
11;2025-11-12;5;282
11;2025-11-12;6;1275
11;2025-11-12;7;2439
11;2025-11-12;8;3156
11;2025-11-12;9;2332
11;2025-11-12;10;1866
11;2025-11-12;11;1905
11;2025-11-12;12;1893
11;2025-11-12;13;2019
11;2025-11-12;14;1986
11;2025-11-12;15;2030
11;2025-11-12;16;2150
11;2025-11-12;17;2858
11;2025-11-12;18;3070
11;2025-11-12;19;2297
11;2025-11-12;20;1513
11;2025-11-12;21;880
11;2025-11-12;22;428
11;2025-11-12;23;232
11;2025-11-13;0;64
11;2025-11-13;1;1
11;2025-11-13;2;0
11;2025-11-13;3;0
11;2025-11-13;4;0
11;2025-11-13;5;292
11;2025-11-13;6;1339
11;2025-11-13;7;2429
11;2025-11-13;8;3099
11;2025-11-13;9;2511
11;2025-11-13;10;1995
11;2025-11-13;11;1873
11;2025-11-13;12;1957
11;2025-11-13;13;2089
11;2025-11-13;14;2016
11;2025-11-13;15;2090
11;2025-11-13;16;2321
11;2025-11-13;17;2846
11;2025-11-13;18;3171
11;2025-11-13;19;2310
11;2025-11-13;20;1503
11;2025-11-13;21;903
11;2025-11-13;22;461
11;2025-11-13;23;241
11;2025-11-14;0;69
11;2025-11-14;1;1
11;2025-11-14;2;0
11;2025-11-14;3;0
11;2025-11-14;4;0
11;2025-11-14;5;283
11;2025-11-14;6;1332
11;2025-11-14;7;2328
11;2025-11-14;8;3104
11;2025-11-14;9;2361
11;2025-11-14;10;1916
11;2025-11-14;11;1838
11;2025-11-14;12;1935
11;2025-11-14;13;1951
11;2025-11-14;14;2038
11;2025-11-14;15;2268
11;2025-11-14;16;2471
11;2025-11-14;17;2916
11;2025-11-14;18;2549
11;2025-11-14;19;2029
11;2025-11-14;20;1420
11;2025-11-14;21;882
11;2025-11-14;22;478
11;2025-11-14;23;300
11;2025-11-15;0;102
11;2025-11-15;1;2
11;2025-11-15;2;0
11;2025-11-15;3;0
11;2025-11-15;4;4
11;2025-11-15;5;198
11;2025-11-15;6;737
11;2025-11-15;7;671
11;2025-11-15;8;930
11;2025-11-15;9;1059
11;2025-11-15;10;1183
11;2025-11-15;11;1541
11;2025-11-15;12;1706
11;2025-11-15;13;1634
11;2025-11-15;14;1659
11;2025-11-15;15;1634
11;2025-11-15;16;1666
11;2025-11-15;17;1664
11;2025-11-15;18;1426
11;2025-11-15;19;1361
11;2025-11-15;20;1016
11;2025-11-15;21;703
11;2025-11-15;22;434
11;2025-11-15;23;285
11;2025-11-16;0;106
11;2025-11-16;1;12
11;2025-11-16;2;0
11;2025-11-16;3;0
11;2025-11-16;4;2
11;2025-11-16;5;128
11;2025-11-16;6;551
11;2025-11-16;7;534
11;2025-11-16;8;703
11;2025-11-16;9;978
11;2025-11-16;10;1052
11;2025-11-16;11;1490
11;2025-11-16;12;1679
11;2025-11-16;13;1619
11;2025-11-16;14;1721
11;2025-11-16;15;1743
11;2025-11-16;16;1684
11;2025-11-16;17;1764
11;2025-11-16;18;1444
11;2025-11-16;19;1227
11;2025-11-16;20;1000
11;2025-11-16;21;700
11;2025-11-16;22;405
11;2025-11-16;23;272
11;2025-11-17;0;72
11;2025-11-17;1;6
11;2025-11-17;2;0
11;2025-11-17;3;0
11;2025-11-17;4;0
11;2025-11-17;5;278
11;2025-11-17;6;1330
11;2025-11-17;7;2285
11;2025-11-17;8;3008
11;2025-11-17;9;2320
11;2025-11-17;10;1725
11;2025-11-17;11;1766
11;2025-11-17;12;1695
11;2025-11-17;13;1827
11;2025-11-17;14;1831
11;2025-11-17;15;2007
11;2025-11-17;16;2197
11;2025-11-17;17;2728
11;2025-11-17;18;3012
11;2025-11-17;19;2283
11;2025-11-17;20;1424
11;2025-11-17;21;825
11;2025-11-17;22;405
11;2025-11-17;23;208
11;2025-11-18;0;61
11;2025-11-18;1;1
11;2025-11-18;2;0
11;2025-11-18;3;0
11;2025-11-18;4;0
11;2025-11-18;5;267
11;2025-11-18;6;1298
11;2025-11-18;7;2292
11;2025-11-18;8;3112
11;2025-11-18;9;2337
11;2025-11-18;10;1767
11;2025-11-18;11;1698
11;2025-11-18;12;1729
11;2025-11-18;13;1885
11;2025-11-18;14;1904
11;2025-11-18;15;1955
11;2025-11-18;16;2163
11;2025-11-18;17;2702
11;2025-11-18;18;2939
11;2025-11-18;19;2215
11;2025-11-18;20;1438
11;2025-11-18;21;819
11;2025-11-18;22;415
11;2025-11-18;23;204
11;2025-11-19;0;61
11;2025-11-19;1;0
11;2025-11-19;2;0
11;2025-11-19;3;0
11;2025-11-19;4;0
11;2025-11-19;5;282
11;2025-11-19;6;1307
11;2025-11-19;7;2501
11;2025-11-19;8;3237
11;2025-11-19;9;2391
11;2025-11-19;10;1913
11;2025-11-19;11;1954
11;2025-11-19;12;1941
11;2025-11-19;13;2071
11;2025-11-19;14;2037
11;2025-11-19;15;2081
11;2025-11-19;16;2205
11;2025-11-19;17;2931
11;2025-11-19;18;3149
11;2025-11-19;19;2355
11;2025-11-19;20;1552
11;2025-11-19;21;902
11;2025-11-19;22;439
11;2025-11-19;23;238
11;2025-11-20;0;64
11;2025-11-20;1;1
11;2025-11-20;2;0
11;2025-11-20;3;0
11;2025-11-20;4;0
11;2025-11-20;5;292
11;2025-11-20;6;1343
11;2025-11-20;7;2436
11;2025-11-20;8;3108
11;2025-11-20;9;2519
11;2025-11-20;10;2001
11;2025-11-20;11;1879
11;2025-11-20;12;1962
11;2025-11-20;13;2095
11;2025-11-20;14;2022
11;2025-11-20;15;2096
11;2025-11-20;16;2328
11;2025-11-20;17;2854
11;2025-11-20;18;3180
11;2025-11-20;19;2317
11;2025-11-20;20;1507
11;2025-11-20;21;906
11;2025-11-20;22;462
11;2025-11-20;23;242
11;2025-11-21;0;69
11;2025-11-21;1;1
11;2025-11-21;2;0
11;2025-11-21;3;0
11;2025-11-21;4;0
11;2025-11-21;5;283
11;2025-11-21;6;1328
11;2025-11-21;7;2321
11;2025-11-21;8;3095
11;2025-11-21;9;2354
11;2025-11-21;10;1910
11;2025-11-21;11;1832
11;2025-11-21;12;1929
11;2025-11-21;13;1945
11;2025-11-21;14;2032
11;2025-11-21;15;2261
11;2025-11-21;16;2464
11;2025-11-21;17;2907
11;2025-11-21;18;2542
11;2025-11-21;19;2022
11;2025-11-21;20;1415
11;2025-11-21;21;880
11;2025-11-21;22;476
11;2025-11-21;23;299
11;2025-11-22;0;102
11;2025-11-22;1;2
11;2025-11-22;2;0
11;2025-11-22;3;0
11;2025-11-22;4;4
11;2025-11-22;5;198
11;2025-11-22;6;762
11;2025-11-22;7;694
11;2025-11-22;8;962
11;2025-11-22;9;1095
11;2025-11-22;10;1223
11;2025-11-22;11;1593
11;2025-11-22;12;1764
11;2025-11-22;13;1690
11;2025-11-22;14;1715
11;2025-11-22;15;1689
11;2025-11-22;16;1722
11;2025-11-22;17;1720
11;2025-11-22;18;1475
11;2025-11-22;19;1407
11;2025-11-22;20;1050
11;2025-11-22;21;727
11;2025-11-22;22;449
11;2025-11-22;23;295
11;2025-11-23;0;106
11;2025-11-23;1;12
11;2025-11-23;2;0
11;2025-11-23;3;0
11;2025-11-23;4;2
11;2025-11-23;5;128
11;2025-11-23;6;550
11;2025-11-23;7;532
11;2025-11-23;8;701
11;2025-11-23;9;975
11;2025-11-23;10;1049
11;2025-11-23;11;1486
11;2025-11-23;12;1673
11;2025-11-23;13;1614
11;2025-11-23;14;1716
11;2025-11-23;15;1738
11;2025-11-23;16;1679
11;2025-11-23;17;1759
11;2025-11-23;18;1440
11;2025-11-23;19;1223
11;2025-11-23;20;997
11;2025-11-23;21;698
11;2025-11-23;22;404
11;2025-11-23;23;271
11;2025-11-24;0;72
11;2025-11-24;1;6
11;2025-11-24;2;0
11;2025-11-24;3;0
11;2025-11-24;4;0
11;2025-11-24;5;278
11;2025-11-24;6;1278
11;2025-11-24;7;2197
11;2025-11-24;8;2891
11;2025-11-24;9;2230
11;2025-11-24;10;1658
11;2025-11-24;11;1698
11;2025-11-24;12;1629
11;2025-11-24;13;1757
11;2025-11-24;14;1760
11;2025-11-24;15;1929
11;2025-11-24;16;2112
11;2025-11-24;17;2622
11;2025-11-24;18;2895
11;2025-11-24;19;2194
11;2025-11-24;20;1369
11;2025-11-24;21;793
11;2025-11-24;22;389
11;2025-11-24;23;200
11;2025-11-25;0;61
11;2025-11-25;1;1
11;2025-11-25;2;0
11;2025-11-25;3;0
11;2025-11-25;4;0
11;2025-11-25;5;267
11;2025-11-25;6;1417
11;2025-11-25;7;2502
11;2025-11-25;8;3398
11;2025-11-25;9;2552
11;2025-11-25;10;1929
11;2025-11-25;11;1854
11;2025-11-25;12;1887
11;2025-11-25;13;2058
11;2025-11-25;14;2079
11;2025-11-25;15;2135
11;2025-11-25;16;2362
11;2025-11-25;17;2951
11;2025-11-25;18;3209
11;2025-11-25;19;2418
11;2025-11-25;20;1570
11;2025-11-25;21;894
11;2025-11-25;22;453
11;2025-11-25;23;223
11;2025-11-26;0;61
11;2025-11-26;1;0
11;2025-11-26;2;0
11;2025-11-26;3;0
11;2025-11-26;4;0
11;2025-11-26;5;282
11;2025-11-26;6;1210
11;2025-11-26;7;2315
11;2025-11-26;8;2996
11;2025-11-26;9;2213
11;2025-11-26;10;1771
11;2025-11-26;11;1808
11;2025-11-26;12;1796
11;2025-11-26;13;1916
11;2025-11-26;14;1885
11;2025-11-26;15;1926
11;2025-11-26;16;2041
11;2025-11-26;17;2713
11;2025-11-26;18;2914
11;2025-11-26;19;2180
11;2025-11-26;20;1436
11;2025-11-26;21;835
11;2025-11-26;22;406
11;2025-11-26;23;220
11;2025-11-27;0;64
11;2025-11-27;1;1
11;2025-11-27;2;0
11;2025-11-27;3;0
11;2025-11-27;4;0
11;2025-11-27;5;292
11;2025-11-27;6;1249
11;2025-11-27;7;2266
11;2025-11-27;8;2890
11;2025-11-27;9;2342
11;2025-11-27;10;1861
11;2025-11-27;11;1747
11;2025-11-27;12;1825
11;2025-11-27;13;1948
11;2025-11-27;14;1880
11;2025-11-27;15;1949
11;2025-11-27;16;2165
11;2025-11-27;17;2654
11;2025-11-27;18;2958
11;2025-11-27;19;2155
11;2025-11-27;20;1402
11;2025-11-27;21;842
11;2025-11-27;22;430
11;2025-11-27;23;225
11;2025-11-28;0;69
11;2025-11-28;1;1
11;2025-11-28;2;0
11;2025-11-28;3;0
11;2025-11-28;4;0
11;2025-11-28;5;283
11;2025-11-28;6;1277
11;2025-11-28;7;2232
11;2025-11-28;8;2976
11;2025-11-28;9;2264
11;2025-11-28;10;1836
11;2025-11-28;11;1762
11;2025-11-28;12;1855
11;2025-11-28;13;1870
11;2025-11-28;14;1953
11;2025-11-28;15;2174
11;2025-11-28;16;2369
11;2025-11-28;17;2795
11;2025-11-28;18;2444
11;2025-11-28;19;1945
11;2025-11-28;20;1361
11;2025-11-28;21;846
11;2025-11-28;22;458
11;2025-11-28;23;288
11;2025-11-29;0;102
11;2025-11-29;1;2
11;2025-11-29;2;0
11;2025-11-29;3;0
11;2025-11-29;4;4
11;2025-11-29;5;198
11;2025-11-29;6;812
11;2025-11-29;7;739
11;2025-11-29;8;1025
11;2025-11-29;9;1166
11;2025-11-29;10;1303
11;2025-11-29;11;1697
11;2025-11-29;12;1879
11;2025-11-29;13;1800
11;2025-11-29;14;1827
11;2025-11-29;15;1800
11;2025-11-29;16;1835
11;2025-11-29;17;1832
11;2025-11-29;18;1571
11;2025-11-29;19;1499
11;2025-11-29;20;1119
11;2025-11-29;21;774
11;2025-11-29;22;478
11;2025-11-29;23;314
11;2025-11-30;0;106
11;2025-11-30;1;12
11;2025-11-30;2;0
11;2025-11-30;3;0
11;2025-11-30;4;2
11;2025-11-30;5;128
11;2025-11-30;6;548
11;2025-11-30;7;531
11;2025-11-30;8;699
11;2025-11-30;9;972
11;2025-11-30;10;1046
11;2025-11-30;11;1482
11;2025-11-30;12;1669
11;2025-11-30;13;1609
11;2025-11-30;14;1711
11;2025-11-30;15;1733
11;2025-11-30;16;1674
11;2025-11-30;17;1754
11;2025-11-30;18;1435
11;2025-11-30;19;1220
11;2025-11-30;20;994
11;2025-11-30;21;696
11;2025-11-30;22;403
11;2025-11-30;23;270
11;2025-12-01;0;72
11;2025-12-01;1;6
11;2025-12-01;2;0
11;2025-12-01;3;0
11;2025-12-01;4;0
11;2025-12-01;5;278
11;2025-12-01;6;1398
11;2025-12-01;7;2403
11;2025-12-01;8;3163
11;2025-12-01;9;2439
11;2025-12-01;10;1814
11;2025-12-01;11;1857
11;2025-12-01;12;1782
11;2025-12-01;13;1921
11;2025-12-01;14;1925
11;2025-12-01;15;2110
11;2025-12-01;16;2310
11;2025-12-01;17;2868
11;2025-12-01;18;3167
11;2025-12-01;19;2400
11;2025-12-01;20;1497
11;2025-12-01;21;868
11;2025-12-01;22;426
11;2025-12-01;23;218
11;2025-12-02;0;61
11;2025-12-02;1;1
11;2025-12-02;2;0
11;2025-12-02;3;0
11;2025-12-02;4;0
11;2025-12-02;5;267
11;2025-12-02;6;1417
11;2025-12-02;7;2503
11;2025-12-02;8;3398
11;2025-12-02;9;2552
11;2025-12-02;10;1929
11;2025-12-02;11;1855
11;2025-12-02;12;1887
11;2025-12-02;13;2058
11;2025-12-02;14;2079
11;2025-12-02;15;2135
11;2025-12-02;16;2362
11;2025-12-02;17;2951
11;2025-12-02;18;3210
11;2025-12-02;19;2418
11;2025-12-02;20;1570
11;2025-12-02;21;894
11;2025-12-02;22;454
11;2025-12-02;23;223
11;2025-12-03;0;61
11;2025-12-03;1;0
11;2025-12-03;2;0
11;2025-12-03;3;0
11;2025-12-03;4;0
11;2025-12-03;5;282
11;2025-12-03;6;1307
11;2025-12-03;7;2501
11;2025-12-03;8;3237
11;2025-12-03;9;2391
11;2025-12-03;10;1913
11;2025-12-03;11;1954
11;2025-12-03;12;1941
11;2025-12-03;13;2071
11;2025-12-03;14;2037
11;2025-12-03;15;2081
11;2025-12-03;16;2205
11;2025-12-03;17;2931
11;2025-12-03;18;3149
11;2025-12-03;19;2355
11;2025-12-03;20;1552
11;2025-12-03;21;902
11;2025-12-03;22;439
11;2025-12-03;23;238
11;2025-12-04;0;64
11;2025-12-04;1;1
11;2025-12-04;2;0
11;2025-12-04;3;0
11;2025-12-04;4;0
11;2025-12-04;5;292
11;2025-12-04;6;1344
11;2025-12-04;7;2437
11;2025-12-04;8;3109
11;2025-12-04;9;2519
11;2025-12-04;10;2001
11;2025-12-04;11;1879
11;2025-12-04;12;1963
11;2025-12-04;13;2095
11;2025-12-04;14;2022
11;2025-12-04;15;2097
11;2025-12-04;16;2329
11;2025-12-04;17;2855
11;2025-12-04;18;3181
11;2025-12-04;19;2318
11;2025-12-04;20;1508
11;2025-12-04;21;906
11;2025-12-04;22;462
11;2025-12-04;23;242
11;2025-12-05;0;69
11;2025-12-05;1;1
11;2025-12-05;2;0
11;2025-12-05;3;0
11;2025-12-05;4;0
11;2025-12-05;5;283
11;2025-12-05;6;1352
11;2025-12-05;7;2362
11;2025-12-05;8;3149
11;2025-12-05;9;2396
11;2025-12-05;10;1944
11;2025-12-05;11;1864
11;2025-12-05;12;1963
11;2025-12-05;13;1979
11;2025-12-05;14;2067
11;2025-12-05;15;2301
11;2025-12-05;16;2508
11;2025-12-05;17;2958
11;2025-12-05;18;2587
11;2025-12-05;19;2058
11;2025-12-05;20;1440
11;2025-12-05;21;895
11;2025-12-05;22;485
11;2025-12-05;23;305
11;2025-12-06;0;102
11;2025-12-06;1;2
11;2025-12-06;2;0
11;2025-12-06;3;0
11;2025-12-06;4;4
11;2025-12-06;5;198
11;2025-12-06;6;812
11;2025-12-06;7;739
11;2025-12-06;8;1025
11;2025-12-06;9;1167
11;2025-12-06;10;1303
11;2025-12-06;11;1698
11;2025-12-06;12;1880
11;2025-12-06;13;1800
11;2025-12-06;14;1828
11;2025-12-06;15;1800
11;2025-12-06;16;1835
11;2025-12-06;17;1833
11;2025-12-06;18;1571
11;2025-12-06;19;1499
11;2025-12-06;20;1119
11;2025-12-06;21;774
11;2025-12-06;22;478
11;2025-12-06;23;314
11;2025-12-07;0;106
11;2025-12-07;1;12
11;2025-12-07;2;0
11;2025-12-07;3;0
11;2025-12-07;4;2
11;2025-12-07;5;128
11;2025-12-07;6;552
11;2025-12-07;7;534
11;2025-12-07;8;703
11;2025-12-07;9;978
11;2025-12-07;10;1052
11;2025-12-07;11;1491
11;2025-12-07;12;1680
11;2025-12-07;13;1620
11;2025-12-07;14;1722
11;2025-12-07;15;1744
11;2025-12-07;16;1685
11;2025-12-07;17;1765
11;2025-12-07;18;1445
11;2025-12-07;19;1228
11;2025-12-07;20;1000
11;2025-12-07;21;701
11;2025-12-07;22;405
11;2025-12-07;23;272
11;2025-12-08;0;72
11;2025-12-08;1;6
11;2025-12-08;2;0
11;2025-12-08;3;0
11;2025-12-08;4;0
11;2025-12-08;5;278
11;2025-12-08;6;1398
11;2025-12-08;7;2403
11;2025-12-08;8;3162
11;2025-12-08;9;2439
11;2025-12-08;10;1814
11;2025-12-08;11;1857
11;2025-12-08;12;1782
11;2025-12-08;13;1921
11;2025-12-08;14;1925
11;2025-12-08;15;2110
11;2025-12-08;16;2310
11;2025-12-08;17;2868
11;2025-12-08;18;3167
11;2025-12-08;19;2400
11;2025-12-08;20;1497
11;2025-12-08;21;868
11;2025-12-08;22;426
11;2025-12-08;23;218
11;2025-12-09;0;61
11;2025-12-09;1;1
11;2025-12-09;2;0
11;2025-12-09;3;0
11;2025-12-09;4;0
11;2025-12-09;5;267
11;2025-12-09;6;1400
11;2025-12-09;7;2472
11;2025-12-09;8;3356
11;2025-12-09;9;2520
11;2025-12-09;10;1905
11;2025-12-09;11;1832
11;2025-12-09;12;1864
11;2025-12-09;13;2033
11;2025-12-09;14;2053
11;2025-12-09;15;2109
11;2025-12-09;16;2333
11;2025-12-09;17;2914
11;2025-12-09;18;3170
11;2025-12-09;19;2388
11;2025-12-09;20;1551
11;2025-12-09;21;883
11;2025-12-09;22;448
11;2025-12-09;23;220
11;2025-12-10;0;61
11;2025-12-10;1;0
11;2025-12-10;2;0
11;2025-12-10;3;0
11;2025-12-10;4;0
11;2025-12-10;5;282
11;2025-12-10;6;1252
11;2025-12-10;7;2396
11;2025-12-10;8;3101
11;2025-12-10;9;2291
11;2025-12-10;10;1833
11;2025-12-10;11;1872
11;2025-12-10;12;1859
11;2025-12-10;13;1984
11;2025-12-10;14;1951
11;2025-12-10;15;1994
11;2025-12-10;16;2112
11;2025-12-10;17;2808
11;2025-12-10;18;3016
11;2025-12-10;19;2256
11;2025-12-10;20;1487
11;2025-12-10;21;864
11;2025-12-10;22;421
11;2025-12-10;23;228
11;2025-12-11;0;64
11;2025-12-11;1;1
11;2025-12-11;2;0
11;2025-12-11;3;0
11;2025-12-11;4;0
11;2025-12-11;5;292
11;2025-12-11;6;1265
11;2025-12-11;7;2294
11;2025-12-11;8;2926
11;2025-12-11;9;2371
11;2025-12-11;10;1884
11;2025-12-11;11;1769
11;2025-12-11;12;1847
11;2025-12-11;13;1972
11;2025-12-11;14;1904
11;2025-12-11;15;1973
11;2025-12-11;16;2192
11;2025-12-11;17;2687
11;2025-12-11;18;2994
11;2025-12-11;19;2181
11;2025-12-11;20;1419
11;2025-12-11;21;853
11;2025-12-11;22;435
11;2025-12-11;23;228
11;2025-12-12;0;69
11;2025-12-12;1;1
11;2025-12-12;2;0
11;2025-12-12;3;0
11;2025-12-12;4;0
11;2025-12-12;5;283
11;2025-12-12;6;1278
11;2025-12-12;7;2233
11;2025-12-12;8;2977
11;2025-12-12;9;2265
11;2025-12-12;10;1837
11;2025-12-12;11;1762
11;2025-12-12;12;1856
11;2025-12-12;13;1871
11;2025-12-12;14;1955
11;2025-12-12;15;2175
11;2025-12-12;16;2371
11;2025-12-12;17;2797
11;2025-12-12;18;2445
11;2025-12-12;19;1946
11;2025-12-12;20;1362
11;2025-12-12;21;846
11;2025-12-12;22;458
11;2025-12-12;23;288
11;2025-12-13;0;102
11;2025-12-13;1;2
11;2025-12-13;2;0
11;2025-12-13;3;0
11;2025-12-13;4;4
11;2025-12-13;5;198
11;2025-12-13;6;794
11;2025-12-13;7;723
11;2025-12-13;8;1002
11;2025-12-13;9;1141
11;2025-12-13;10;1274
11;2025-12-13;11;1660
11;2025-12-13;12;1838
11;2025-12-13;13;1760
11;2025-12-13;14;1787
11;2025-12-13;15;1760
11;2025-12-13;16;1795
11;2025-12-13;17;1792
11;2025-12-13;18;1536
11;2025-12-13;19;1466
11;2025-12-13;20;1094
11;2025-12-13;21;757
11;2025-12-13;22;468
11;2025-12-13;23;307
11;2025-12-14;0;106
11;2025-12-14;1;12
11;2025-12-14;2;0
11;2025-12-14;3;0
11;2025-12-14;4;2
11;2025-12-14;5;128
11;2025-12-14;6;542
11;2025-12-14;7;525
11;2025-12-14;8;691
11;2025-12-14;9;961
11;2025-12-14;10;1034
11;2025-12-14;11;1464
11;2025-12-14;12;1649
11;2025-12-14;13;1591
11;2025-12-14;14;1691
11;2025-12-14;15;1713
11;2025-12-14;16;1655
11;2025-12-14;17;1734
11;2025-12-14;18;1419
11;2025-12-14;19;1206
11;2025-12-14;20;982
11;2025-12-14;21;688
11;2025-12-14;22;398
11;2025-12-14;23;267
11;2025-12-15;0;72
11;2025-12-15;1;6
11;2025-12-15;2;0
11;2025-12-15;3;0
11;2025-12-15;4;0
11;2025-12-15;5;278
11;2025-12-15;6;1392
11;2025-12-15;7;2392
11;2025-12-15;8;3148
11;2025-12-15;9;2428
11;2025-12-15;10;1806
11;2025-12-15;11;1849
11;2025-12-15;12;1774
11;2025-12-15;13;1913
11;2025-12-15;14;1916
11;2025-12-15;15;2100
11;2025-12-15;16;2299
11;2025-12-15;17;2855
11;2025-12-15;18;3153
11;2025-12-15;19;2389
11;2025-12-15;20;1490
11;2025-12-15;21;864
11;2025-12-15;22;424
11;2025-12-15;23;217
11;2025-12-16;0;61
11;2025-12-16;1;1
11;2025-12-16;2;0
11;2025-12-16;3;0
11;2025-12-16;4;0
11;2025-12-16;5;267
11;2025-12-16;6;1372
11;2025-12-16;7;2423
11;2025-12-16;8;3289
11;2025-12-16;9;2470
11;2025-12-16;10;1867
11;2025-12-16;11;1795
11;2025-12-16;12;1827
11;2025-12-16;13;1992
11;2025-12-16;14;2013
11;2025-12-16;15;2067
11;2025-12-16;16;2287
11;2025-12-16;17;2856
11;2025-12-16;18;3107
11;2025-12-16;19;2341
11;2025-12-16;20;1520
11;2025-12-16;21;866
11;2025-12-16;22;439
11;2025-12-16;23;216
11;2025-12-17;0;61
11;2025-12-17;1;0
11;2025-12-17;2;0
11;2025-12-17;3;0
11;2025-12-17;4;0
11;2025-12-17;5;282
11;2025-12-17;6;1303
11;2025-12-17;7;2493
11;2025-12-17;8;3226
11;2025-12-17;9;2383
11;2025-12-17;10;1907
11;2025-12-17;11;1947
11;2025-12-17;12;1934
11;2025-12-17;13;2064
11;2025-12-17;14;2030
11;2025-12-17;15;2074
11;2025-12-17;16;2197
11;2025-12-17;17;2921
11;2025-12-17;18;3138
11;2025-12-17;19;2347
11;2025-12-17;20;1547
11;2025-12-17;21;899
11;2025-12-17;22;438
11;2025-12-17;23;237
11;2025-12-18;0;64
11;2025-12-18;1;1
11;2025-12-18;2;0
11;2025-12-18;3;0
11;2025-12-18;4;0
11;2025-12-18;5;292
11;2025-12-18;6;1343
11;2025-12-18;7;2436
11;2025-12-18;8;3108
11;2025-12-18;9;2519
11;2025-12-18;10;2001
11;2025-12-18;11;1879
11;2025-12-18;12;1963
11;2025-12-18;13;2095
11;2025-12-18;14;2022
11;2025-12-18;15;2096
11;2025-12-18;16;2328
11;2025-12-18;17;2854
11;2025-12-18;18;3181
11;2025-12-18;19;2317
11;2025-12-18;20;1507
11;2025-12-18;21;906
11;2025-12-18;22;462
11;2025-12-18;23;242
11;2025-12-19;0;69
11;2025-12-19;1;1
11;2025-12-19;2;0
11;2025-12-19;3;0
11;2025-12-19;4;0
11;2025-12-19;5;283
11;2025-12-19;6;1342
11;2025-12-19;7;2345
11;2025-12-19;8;3127
11;2025-12-19;9;2379
11;2025-12-19;10;1930
11;2025-12-19;11;1851
11;2025-12-19;12;1950
11;2025-12-19;13;1966
11;2025-12-19;14;2053
11;2025-12-19;15;2285
11;2025-12-19;16;2490
11;2025-12-19;17;2938
11;2025-12-19;18;2569
11;2025-12-19;19;2044
11;2025-12-19;20;1430
11;2025-12-19;21;889
11;2025-12-19;22;481
11;2025-12-19;23;302
11;2025-12-20;0;102
11;2025-12-20;1;2
11;2025-12-20;2;0
11;2025-12-20;3;0
11;2025-12-20;4;4
11;2025-12-20;5;198
11;2025-12-20;6;812
11;2025-12-20;7;739
11;2025-12-20;8;1024
11;2025-12-20;9;1166
11;2025-12-20;10;1303
11;2025-12-20;11;1697
11;2025-12-20;12;1879
11;2025-12-20;13;1800
11;2025-12-20;14;1827
11;2025-12-20;15;1800
11;2025-12-20;16;1835
11;2025-12-20;17;1832
11;2025-12-20;18;1571
11;2025-12-20;19;1499
11;2025-12-20;20;1119
11;2025-12-20;21;774
11;2025-12-20;22;478
11;2025-12-20;23;314
11;2025-12-21;0;106
11;2025-12-21;1;12
11;2025-12-21;2;0
11;2025-12-21;3;0
11;2025-12-21;4;2
11;2025-12-21;5;128
11;2025-12-21;6;543
11;2025-12-21;7;526
11;2025-12-21;8;693
11;2025-12-21;9;964
11;2025-12-21;10;1037
11;2025-12-21;11;1469
11;2025-12-21;12;1655
11;2025-12-21;13;1596
11;2025-12-21;14;1696
11;2025-12-21;15;1718
11;2025-12-21;16;1660
11;2025-12-21;17;1739
11;2025-12-21;18;1423
11;2025-12-21;19;1209
11;2025-12-21;20;985
11;2025-12-21;21;690
11;2025-12-21;22;399
11;2025-12-21;23;268
11;2025-12-22;0;72
11;2025-12-22;1;6
11;2025-12-22;2;0
11;2025-12-22;3;0
11;2025-12-22;4;0
11;2025-12-22;5;278
11;2025-12-22;6;1348
11;2025-12-22;7;2316
11;2025-12-22;8;3049
11;2025-12-22;9;2351
11;2025-12-22;10;1749
11;2025-12-22;11;1790
11;2025-12-22;12;1718
11;2025-12-22;13;1852
11;2025-12-22;14;1856
11;2025-12-22;15;2034
11;2025-12-22;16;2227
11;2025-12-22;17;2765
11;2025-12-22;18;3053
11;2025-12-22;19;2314
11;2025-12-22;20;1443
11;2025-12-22;21;837
11;2025-12-22;22;411
11;2025-12-22;23;211
11;2025-12-23;0;61
11;2025-12-23;1;1
11;2025-12-23;2;0
11;2025-12-23;3;0
11;2025-12-23;4;0
11;2025-12-23;5;267
11;2025-12-23;6;1415
11;2025-12-23;7;2499
11;2025-12-23;8;3393
11;2025-12-23;9;2548
11;2025-12-23;10;1926
11;2025-12-23;11;1852
11;2025-12-23;12;1885
11;2025-12-23;13;2055
11;2025-12-23;14;2076
11;2025-12-23;15;2132
11;2025-12-23;16;2359
11;2025-12-23;17;2946
11;2025-12-23;18;3205
11;2025-12-23;19;2415
11;2025-12-23;20;1568
11;2025-12-23;21;893
11;2025-12-23;22;453
11;2025-12-23;23;222
11;2025-12-24;0;61
11;2025-12-24;1;0
11;2025-12-24;2;0
11;2025-12-24;3;0
11;2025-12-24;4;0
11;2025-12-24;5;282
11;2025-12-24;6;1280
11;2025-12-24;7;2449
11;2025-12-24;8;3169
11;2025-12-24;9;2342
11;2025-12-24;10;1873
11;2025-12-24;11;1913
11;2025-12-24;12;1900
11;2025-12-24;13;2027
11;2025-12-24;14;1994
11;2025-12-24;15;2038
11;2025-12-24;16;2159
11;2025-12-24;17;2870
11;2025-12-24;18;3083
11;2025-12-24;19;2306
11;2025-12-24;20;1519
11;2025-12-24;21;883
11;2025-12-24;22;430
11;2025-12-24;23;233
11;2025-12-25;0;64
11;2025-12-25;1;1
11;2025-12-25;2;0
11;2025-12-25;3;0
11;2025-12-25;4;0
11;2025-12-25;5;292
11;2025-12-25;6;1270
11;2025-12-25;7;2303
11;2025-12-25;8;2938
11;2025-12-25;9;2381
11;2025-12-25;10;1891
11;2025-12-25;11;1776
11;2025-12-25;12;1855
11;2025-12-25;13;1980
11;2025-12-25;14;1911
11;2025-12-25;15;1981
11;2025-12-25;16;2200
11;2025-12-25;17;2698
11;2025-12-25;18;3006
11;2025-12-25;19;2190
11;2025-12-25;20;1425
11;2025-12-25;21;856
11;2025-12-25;22;437
11;2025-12-25;23;229
11;2025-12-26;0;69
11;2025-12-26;1;1
11;2025-12-26;2;0
11;2025-12-26;3;0
11;2025-12-26;4;0
11;2025-12-26;5;283
11;2025-12-26;6;1240
11;2025-12-26;7;2167
11;2025-12-26;8;2889
11;2025-12-26;9;2198
11;2025-12-26;10;1783
11;2025-12-26;11;1710
11;2025-12-26;12;1801
11;2025-12-26;13;1816
11;2025-12-26;14;1897
11;2025-12-26;15;2111
11;2025-12-26;16;2300
11;2025-12-26;17;2714
11;2025-12-26;18;2373
11;2025-12-26;19;1888
11;2025-12-26;20;1321
11;2025-12-26;21;821
11;2025-12-26;22;445
11;2025-12-26;23;279
11;2025-12-27;0;102
11;2025-12-27;1;2
11;2025-12-27;2;0
11;2025-12-27;3;0
11;2025-12-27;4;4
11;2025-12-27;5;198
11;2025-12-27;6;794
11;2025-12-27;7;723
11;2025-12-27;8;1003
11;2025-12-27;9;1141
11;2025-12-27;10;1275
11;2025-12-27;11;1661
11;2025-12-27;12;1839
11;2025-12-27;13;1761
11;2025-12-27;14;1788
11;2025-12-27;15;1761
11;2025-12-27;16;1795
11;2025-12-27;17;1793
11;2025-12-27;18;1537
11;2025-12-27;19;1466
11;2025-12-27;20;1095
11;2025-12-27;21;757
11;2025-12-27;22;468
11;2025-12-27;23;308
11;2025-12-28;0;106
11;2025-12-28;1;12
11;2025-12-28;2;0
11;2025-12-28;3;0
11;2025-12-28;4;2
11;2025-12-28;5;128
11;2025-12-28;6;525
11;2025-12-28;7;509
11;2025-12-28;8;670
11;2025-12-28;9;932
11;2025-12-28;10;1003
11;2025-12-28;11;1421
11;2025-12-28;12;1600
11;2025-12-28;13;1543
11;2025-12-28;14;1640
11;2025-12-28;15;1662
11;2025-12-28;16;1605
11;2025-12-28;17;1682
11;2025-12-28;18;1376
11;2025-12-28;19;1170
11;2025-12-28;20;953
11;2025-12-28;21;667
11;2025-12-28;22;386
11;2025-12-28;23;259
11;2025-12-29;0;72
11;2025-12-29;1;6
11;2025-12-29;2;0
11;2025-12-29;3;0
11;2025-12-29;4;0
11;2025-12-29;5;278
11;2025-12-29;6;1340
11;2025-12-29;7;2304
11;2025-12-29;8;3032
11;2025-12-29;9;2338
11;2025-12-29;10;1739
11;2025-12-29;11;1781
11;2025-12-29;12;1708
11;2025-12-29;13;1842
11;2025-12-29;14;1846
11;2025-12-29;15;2023
11;2025-12-29;16;2214
11;2025-12-29;17;2749
11;2025-12-29;18;3036
11;2025-12-29;19;2301
11;2025-12-29;20;1435
11;2025-12-29;21;832
11;2025-12-29;22;408
11;2025-12-29;23;209
11;2025-12-30;0;61
11;2025-12-30;1;1
11;2025-12-30;2;0
11;2025-12-30;3;0
11;2025-12-30;4;0
11;2025-12-30;5;267
11;2025-12-30;6;1330
11;2025-12-30;7;2347
11;2025-12-30;8;3187
11;2025-12-30;9;2394
11;2025-12-30;10;1809
11;2025-12-30;11;1740
11;2025-12-30;12;1770
11;2025-12-30;13;1930
11;2025-12-30;14;1950
11;2025-12-30;15;2003
11;2025-12-30;16;2216
11;2025-12-30;17;2768
11;2025-12-30;18;3011
11;2025-12-30;19;2268
11;2025-12-30;20;1473
11;2025-12-30;21;839
11;2025-12-30;22;425
11;2025-12-30;23;209
11;2025-12-31;0;104
11;2025-12-31;1;11
11;2025-12-31;2;0
11;2025-12-31;3;0
11;2025-12-31;4;2
11;2025-12-31;5;125
11;2025-12-31;6;531
11;2025-12-31;7;515
11;2025-12-31;8;677
11;2025-12-31;9;942
11;2025-12-31;10;1014
11;2025-12-31;11;1436
11;2025-12-31;12;1618
11;2025-12-31;13;1560
11;2025-12-31;14;1659
11;2025-12-31;15;1680
11;2025-12-31;16;1623
11;2025-12-31;17;1701
11;2025-12-31;18;1392
11;2025-12-31;19;1183
11;2025-12-31;20;964
11;2025-12-31;21;675
11;2025-12-31;22;390
11;2025-12-31;23;262
12;2025-11-01;0;54
12;2025-11-01;1;2
12;2025-11-01;2;0
12;2025-11-01;3;0
12;2025-11-01;4;5
12;2025-11-01;5;330
12;2025-11-01;6;1397
12;2025-11-01;7;2684
12;2025-11-01;8;3419
12;2025-11-01;9;2396
12;2025-11-01;10;1932
12;2025-11-01;11;1965
12;2025-11-01;12;2019
12;2025-11-01;13;2055
12;2025-11-01;14;2069
12;2025-11-01;15;2379
12;2025-11-01;16;2988
12;2025-11-01;17;3010
12;2025-11-01;18;2619
12;2025-11-01;19;2241
12;2025-11-01;20;1448
12;2025-11-01;21;982
12;2025-11-01;22;513
12;2025-11-01;23;299
12;2025-11-02;0;84
12;2025-11-02;1;7
12;2025-11-02;2;0
12;2025-11-02;3;0
12;2025-11-02;4;2
12;2025-11-02;5;165
12;2025-11-02;6;566
12;2025-11-02;7;672
12;2025-11-02;8;767
12;2025-11-02;9;957
12;2025-11-02;10;1175
12;2025-11-02;11;1313
12;2025-11-02;12;1382
12;2025-11-02;13;1618
12;2025-11-02;14;1553
12;2025-11-02;15;1420
12;2025-11-02;16;1544
12;2025-11-02;17;1548
12;2025-11-02;18;1371
12;2025-11-02;19;1105
12;2025-11-02;20;836
12;2025-11-02;21;630
12;2025-11-02;22;431
12;2025-11-02;23;229
12;2025-11-03;0;80
12;2025-11-03;1;7
12;2025-11-03;2;0
12;2025-11-03;3;0
12;2025-11-03;4;2
12;2025-11-03;5;158
12;2025-11-03;6;544
12;2025-11-03;7;646
12;2025-11-03;8;737
12;2025-11-03;9;919
12;2025-11-03;10;1129
12;2025-11-03;11;1262
12;2025-11-03;12;1328
12;2025-11-03;13;1555
12;2025-11-03;14;1492
12;2025-11-03;15;1365
12;2025-11-03;16;1484
12;2025-11-03;17;1487
12;2025-11-03;18;1317
12;2025-11-03;19;1062
12;2025-11-03;20;803
12;2025-11-03;21;605
12;2025-11-03;22;414
12;2025-11-03;23;220
12;2025-11-04;0;83
12;2025-11-04;1;7
12;2025-11-04;2;0
12;2025-11-04;3;0
12;2025-11-04;4;2
12;2025-11-04;5;163
12;2025-11-04;6;557
12;2025-11-04;7;662
12;2025-11-04;8;755
12;2025-11-04;9;942
12;2025-11-04;10;1157
12;2025-11-04;11;1293
12;2025-11-04;12;1361
12;2025-11-04;13;1593
12;2025-11-04;14;1529
12;2025-11-04;15;1398
12;2025-11-04;16;1520
12;2025-11-04;17;1524
12;2025-11-04;18;1350
12;2025-11-04;19;1088
12;2025-11-04;20;823
12;2025-11-04;21;620
12;2025-11-04;22;424
12;2025-11-04;23;225
12;2025-11-05;0;58
12;2025-11-05;1;2
12;2025-11-05;2;0
12;2025-11-05;3;0
12;2025-11-05;4;6
12;2025-11-05;5;331
12;2025-11-05;6;1455
12;2025-11-05;7;2732
12;2025-11-05;8;3635
12;2025-11-05;9;2563
12;2025-11-05;10;2146
12;2025-11-05;11;2028
12;2025-11-05;12;2086
12;2025-11-05;13;2060
12;2025-11-05;14;2063
12;2025-11-05;15;2264
12;2025-11-05;16;2733
12;2025-11-05;17;3068
12;2025-11-05;18;3244
12;2025-11-05;19;2578
12;2025-11-05;20;1531
12;2025-11-05;21;1017
12;2025-11-05;22;526
12;2025-11-05;23;268
12;2025-11-06;0;52
12;2025-11-06;1;3
12;2025-11-06;2;0
12;2025-11-06;3;0
12;2025-11-06;4;6
12;2025-11-06;5;318
12;2025-11-06;6;1371
12;2025-11-06;7;2694
12;2025-11-06;8;3512
12;2025-11-06;9;2367
12;2025-11-06;10;1981
12;2025-11-06;11;1979
12;2025-11-06;12;2037
12;2025-11-06;13;2003
12;2025-11-06;14;1989
12;2025-11-06;15;2230
12;2025-11-06;16;2701
12;2025-11-06;17;3049
12;2025-11-06;18;3117
12;2025-11-06;19;2483
12;2025-11-06;20;1547
12;2025-11-06;21;928
12;2025-11-06;22;483
12;2025-11-06;23;259
12;2025-11-07;0;54
12;2025-11-07;1;2
12;2025-11-07;2;0
12;2025-11-07;3;0
12;2025-11-07;4;5
12;2025-11-07;5;328
12;2025-11-07;6;1384
12;2025-11-07;7;2658
12;2025-11-07;8;3386
12;2025-11-07;9;2373
12;2025-11-07;10;1913
12;2025-11-07;11;1946
12;2025-11-07;12;2000
12;2025-11-07;13;2036
12;2025-11-07;14;2049
12;2025-11-07;15;2356
12;2025-11-07;16;2960
12;2025-11-07;17;2981
12;2025-11-07;18;2594
12;2025-11-07;19;2220
12;2025-11-07;20;1434
12;2025-11-07;21;972
12;2025-11-07;22;508
12;2025-11-07;23;296
12;2025-11-08;0;80
12;2025-11-08;1;4
12;2025-11-08;2;0
12;2025-11-08;3;0
12;2025-11-08;4;2
12;2025-11-08;5;235
12;2025-11-08;6;845
12;2025-11-08;7;912
12;2025-11-08;8;1020
12;2025-11-08;9;1214
12;2025-11-08;10;1417
12;2025-11-08;11;1494
12;2025-11-08;12;1484
12;2025-11-08;13;1714
12;2025-11-08;14;1612
12;2025-11-08;15;1523
12;2025-11-08;16;1594
12;2025-11-08;17;1536
12;2025-11-08;18;1468
12;2025-11-08;19;1410
12;2025-11-08;20;977
12;2025-11-08;21;745
12;2025-11-08;22;417
12;2025-11-08;23;289
12;2025-11-09;0;84
12;2025-11-09;1;7
12;2025-11-09;2;0
12;2025-11-09;3;0
12;2025-11-09;4;2
12;2025-11-09;5;165
12;2025-11-09;6;568
12;2025-11-09;7;674
12;2025-11-09;8;770
12;2025-11-09;9;960
12;2025-11-09;10;1180
12;2025-11-09;11;1318
12;2025-11-09;12;1387
12;2025-11-09;13;1624
12;2025-11-09;14;1559
12;2025-11-09;15;1426
12;2025-11-09;16;1550
12;2025-11-09;17;1554
12;2025-11-09;18;1376
12;2025-11-09;19;1109
12;2025-11-09;20;839
12;2025-11-09;21;632
12;2025-11-09;22;432
12;2025-11-09;23;229
12;2025-11-10;0;63
12;2025-11-10;1;3
12;2025-11-10;2;0
12;2025-11-10;3;0
12;2025-11-10;4;5
12;2025-11-10;5;325
12;2025-11-10;6;1435
12;2025-11-10;7;2735
12;2025-11-10;8;3655
12;2025-11-10;9;2491
12;2025-11-10;10;1963
12;2025-11-10;11;1906
12;2025-11-10;12;2044
12;2025-11-10;13;1955
12;2025-11-10;14;1944
12;2025-11-10;15;2271
12;2025-11-10;16;2723
12;2025-11-10;17;3068
12;2025-11-10;18;3266
12;2025-11-10;19;2558
12;2025-11-10;20;1619
12;2025-11-10;21;944
12;2025-11-10;22;468
12;2025-11-10;23;238
12;2025-11-11;0;48
12;2025-11-11;1;1
12;2025-11-11;2;0
12;2025-11-11;3;0
12;2025-11-11;4;5
12;2025-11-11;5;343
12;2025-11-11;6;1464
12;2025-11-11;7;2894
12;2025-11-11;8;3821
12;2025-11-11;9;2589
12;2025-11-11;10;2097
12;2025-11-11;11;2093
12;2025-11-11;12;2106
12;2025-11-11;13;2112
12;2025-11-11;14;2041
12;2025-11-11;15;2295
12;2025-11-11;16;2746
12;2025-11-11;17;3170
12;2025-11-11;18;3373
12;2025-11-11;19;2617
12;2025-11-11;20;1580
12;2025-11-11;21;953
12;2025-11-11;22;495
12;2025-11-11;23;247
12;2025-11-12;0;58
12;2025-11-12;1;2
12;2025-11-12;2;0
12;2025-11-12;3;0
12;2025-11-12;4;6
12;2025-11-12;5;331
12;2025-11-12;6;1417
12;2025-11-12;7;2662
12;2025-11-12;8;3542
12;2025-11-12;9;2498
12;2025-11-12;10;2091
12;2025-11-12;11;1976
12;2025-11-12;12;2032
12;2025-11-12;13;2008
12;2025-11-12;14;2010
12;2025-11-12;15;2207
12;2025-11-12;16;2664
12;2025-11-12;17;2989
12;2025-11-12;18;3161
12;2025-11-12;19;2512
12;2025-11-12;20;1492
12;2025-11-12;21;991
12;2025-11-12;22;513
12;2025-11-12;23;261
12;2025-11-13;0;52
12;2025-11-13;1;3
12;2025-11-13;2;0
12;2025-11-13;3;0
12;2025-11-13;4;6
12;2025-11-13;5;318
12;2025-11-13;6;1414
12;2025-11-13;7;2780
12;2025-11-13;8;3623
12;2025-11-13;9;2442
12;2025-11-13;10;2044
12;2025-11-13;11;2042
12;2025-11-13;12;2102
12;2025-11-13;13;2067
12;2025-11-13;14;2053
12;2025-11-13;15;2302
12;2025-11-13;16;2787
12;2025-11-13;17;3146
12;2025-11-13;18;3216
12;2025-11-13;19;2562
12;2025-11-13;20;1596
12;2025-11-13;21;957
12;2025-11-13;22;499
12;2025-11-13;23;268
12;2025-11-14;0;54
12;2025-11-14;1;2
12;2025-11-14;2;0
12;2025-11-14;3;0
12;2025-11-14;4;5
12;2025-11-14;5;328
12;2025-11-14;6;1411
12;2025-11-14;7;2711
12;2025-11-14;8;3454
12;2025-11-14;9;2420
12;2025-11-14;10;1952
12;2025-11-14;11;1985
12;2025-11-14;12;2040
12;2025-11-14;13;2076
12;2025-11-14;14;2090
12;2025-11-14;15;2403
12;2025-11-14;16;3019
12;2025-11-14;17;3041
12;2025-11-14;18;2646
12;2025-11-14;19;2264
12;2025-11-14;20;1463
12;2025-11-14;21;992
12;2025-11-14;22;518
12;2025-11-14;23;302
12;2025-11-15;0;80
12;2025-11-15;1;4
12;2025-11-15;2;0
12;2025-11-15;3;0
12;2025-11-15;4;2
12;2025-11-15;5;235
12;2025-11-15;6;772
12;2025-11-15;7;833
12;2025-11-15;8;932
12;2025-11-15;9;1109
12;2025-11-15;10;1294
12;2025-11-15;11;1364
12;2025-11-15;12;1355
12;2025-11-15;13;1565
12;2025-11-15;14;1472
12;2025-11-15;15;1391
12;2025-11-15;16;1455
12;2025-11-15;17;1403
12;2025-11-15;18;1341
12;2025-11-15;19;1287
12;2025-11-15;20;892
12;2025-11-15;21;680
12;2025-11-15;22;381
12;2025-11-15;23;264
12;2025-11-16;0;84
12;2025-11-16;1;7
12;2025-11-16;2;0
12;2025-11-16;3;0
12;2025-11-16;4;2
12;2025-11-16;5;165
12;2025-11-16;6;567
12;2025-11-16;7;674
12;2025-11-16;8;769
12;2025-11-16;9;959
12;2025-11-16;10;1178
12;2025-11-16;11;1317
12;2025-11-16;12;1385
12;2025-11-16;13;1622
12;2025-11-16;14;1557
12;2025-11-16;15;1424
12;2025-11-16;16;1548
12;2025-11-16;17;1552
12;2025-11-16;18;1374
12;2025-11-16;19;1108
12;2025-11-16;20;838
12;2025-11-16;21;632
12;2025-11-16;22;432
12;2025-11-16;23;229
12;2025-11-17;0;63
12;2025-11-17;1;3
12;2025-11-17;2;0
12;2025-11-17;3;0
12;2025-11-17;4;5
12;2025-11-17;5;325
12;2025-11-17;6;1364
12;2025-11-17;7;2600
12;2025-11-17;8;3475
12;2025-11-17;9;2369
12;2025-11-17;10;1867
12;2025-11-17;11;1812
12;2025-11-17;12;1944
12;2025-11-17;13;1859
12;2025-11-17;14;1848
12;2025-11-17;15;2160
12;2025-11-17;16;2589
12;2025-11-17;17;2917
12;2025-11-17;18;3105
12;2025-11-17;19;2432
12;2025-11-17;20;1539
12;2025-11-17;21;897
12;2025-11-17;22;445
12;2025-11-17;23;227
12;2025-11-18;0;48
12;2025-11-18;1;1
12;2025-11-18;2;0
12;2025-11-18;3;0
12;2025-11-18;4;5
12;2025-11-18;5;343
12;2025-11-18;6;1340
12;2025-11-18;7;2649
12;2025-11-18;8;3498
12;2025-11-18;9;2370
12;2025-11-18;10;1920
12;2025-11-18;11;1916
12;2025-11-18;12;1928
12;2025-11-18;13;1933
12;2025-11-18;14;1868
12;2025-11-18;15;2101
12;2025-11-18;16;2514
12;2025-11-18;17;2902
12;2025-11-18;18;3088
12;2025-11-18;19;2396
12;2025-11-18;20;1447
12;2025-11-18;21;872
12;2025-11-18;22;453
12;2025-11-18;23;226
12;2025-11-19;0;58
12;2025-11-19;1;2
12;2025-11-19;2;0
12;2025-11-19;3;0
12;2025-11-19;4;6
12;2025-11-19;5;331
12;2025-11-19;6;1453
12;2025-11-19;7;2730
12;2025-11-19;8;3632
12;2025-11-19;9;2561
12;2025-11-19;10;2145
12;2025-11-19;11;2027
12;2025-11-19;12;2084
12;2025-11-19;13;2059
12;2025-11-19;14;2062
12;2025-11-19;15;2263
12;2025-11-19;16;2731
12;2025-11-19;17;3065
12;2025-11-19;18;3242
12;2025-11-19;19;2576
12;2025-11-19;20;1530
12;2025-11-19;21;1016
12;2025-11-19;22;526
12;2025-11-19;23;268
12;2025-11-20;0;52
12;2025-11-20;1;3
12;2025-11-20;2;0
12;2025-11-20;3;0
12;2025-11-20;4;6
12;2025-11-20;5;318
12;2025-11-20;6;1418
12;2025-11-20;7;2788
12;2025-11-20;8;3634
12;2025-11-20;9;2449
12;2025-11-20;10;2050
12;2025-11-20;11;2048
12;2025-11-20;12;2108
12;2025-11-20;13;2073
12;2025-11-20;14;2059
12;2025-11-20;15;2308
12;2025-11-20;16;2795
12;2025-11-20;17;3155
12;2025-11-20;18;3225
12;2025-11-20;19;2569
12;2025-11-20;20;1600
12;2025-11-20;21;960
12;2025-11-20;22;500
12;2025-11-20;23;268
12;2025-11-21;0;54
12;2025-11-21;1;2
12;2025-11-21;2;0
12;2025-11-21;3;0
12;2025-11-21;4;5
12;2025-11-21;5;328
12;2025-11-21;6;1407
12;2025-11-21;7;2703
12;2025-11-21;8;3443
12;2025-11-21;9;2413
12;2025-11-21;10;1946
12;2025-11-21;11;1979
12;2025-11-21;12;2033
12;2025-11-21;13;2070
12;2025-11-21;14;2084
12;2025-11-21;15;2396
12;2025-11-21;16;3010
12;2025-11-21;17;3032
12;2025-11-21;18;2638
12;2025-11-21;19;2257
12;2025-11-21;20;1458
12;2025-11-21;21;989
12;2025-11-21;22;516
12;2025-11-21;23;301
12;2025-11-22;0;80
12;2025-11-22;1;4
12;2025-11-22;2;0
12;2025-11-22;3;0
12;2025-11-22;4;2
12;2025-11-22;5;235
12;2025-11-22;6;798
12;2025-11-22;7;861
12;2025-11-22;8;963
12;2025-11-22;9;1146
12;2025-11-22;10;1338
12;2025-11-22;11;1410
12;2025-11-22;12;1401
12;2025-11-22;13;1618
12;2025-11-22;14;1522
12;2025-11-22;15;1438
12;2025-11-22;16;1504
12;2025-11-22;17;1450
12;2025-11-22;18;1386
12;2025-11-22;19;1331
12;2025-11-22;20;922
12;2025-11-22;21;703
12;2025-11-22;22;394
12;2025-11-22;23;273
12;2025-11-23;0;84
12;2025-11-23;1;7
12;2025-11-23;2;0
12;2025-11-23;3;0
12;2025-11-23;4;2
12;2025-11-23;5;165
12;2025-11-23;6;566
12;2025-11-23;7;672
12;2025-11-23;8;767
12;2025-11-23;9;956
12;2025-11-23;10;1175
12;2025-11-23;11;1313
12;2025-11-23;12;1381
12;2025-11-23;13;1617
12;2025-11-23;14;1552
12;2025-11-23;15;1419
12;2025-11-23;16;1543
12;2025-11-23;17;1547
12;2025-11-23;18;1370
12;2025-11-23;19;1105
12;2025-11-23;20;836
12;2025-11-23;21;630
12;2025-11-23;22;431
12;2025-11-23;23;228
12;2025-11-24;0;63
12;2025-11-24;1;3
12;2025-11-24;2;0
12;2025-11-24;3;0
12;2025-11-24;4;5
12;2025-11-24;5;325
12;2025-11-24;6;1311
12;2025-11-24;7;2500
12;2025-11-24;8;3341
12;2025-11-24;9;2277
12;2025-11-24;10;1794
12;2025-11-24;11;1742
12;2025-11-24;12;1868
12;2025-11-24;13;1787
12;2025-11-24;14;1777
12;2025-11-24;15;2076
12;2025-11-24;16;2488
12;2025-11-24;17;2804
12;2025-11-24;18;2985
12;2025-11-24;19;2338
12;2025-11-24;20;1480
12;2025-11-24;21;862
12;2025-11-24;22;427
12;2025-11-24;23;218
12;2025-11-25;0;48
12;2025-11-25;1;1
12;2025-11-25;2;0
12;2025-11-25;3;0
12;2025-11-25;4;5
12;2025-11-25;5;343
12;2025-11-25;6;1463
12;2025-11-25;7;2893
12;2025-11-25;8;3819
12;2025-11-25;9;2588
12;2025-11-25;10;2096
12;2025-11-25;11;2092
12;2025-11-25;12;2105
12;2025-11-25;13;2111
12;2025-11-25;14;2040
12;2025-11-25;15;2294
12;2025-11-25;16;2745
12;2025-11-25;17;3168
12;2025-11-25;18;3371
12;2025-11-25;19;2616
12;2025-11-25;20;1579
12;2025-11-25;21;953
12;2025-11-25;22;495
12;2025-11-25;23;247
12;2025-11-26;0;58
12;2025-11-26;1;2
12;2025-11-26;2;0
12;2025-11-26;3;0
12;2025-11-26;4;6
12;2025-11-26;5;331
12;2025-11-26;6;1345
12;2025-11-26;7;2527
12;2025-11-26;8;3362
12;2025-11-26;9;2370
12;2025-11-26;10;1985
12;2025-11-26;11;1876
12;2025-11-26;12;1929
12;2025-11-26;13;1906
12;2025-11-26;14;1908
12;2025-11-26;15;2094
12;2025-11-26;16;2528
12;2025-11-26;17;2837
12;2025-11-26;18;3001
12;2025-11-26;19;2384
12;2025-11-26;20;1416
12;2025-11-26;21;941
12;2025-11-26;22;487
12;2025-11-26;23;248
12;2025-11-27;0;52
12;2025-11-27;1;3
12;2025-11-27;2;0
12;2025-11-27;3;0
12;2025-11-27;4;6
12;2025-11-27;5;318
12;2025-11-27;6;1319
12;2025-11-27;7;2593
12;2025-11-27;8;3379
12;2025-11-27;9;2278
12;2025-11-27;10;1907
12;2025-11-27;11;1904
12;2025-11-27;12;1960
12;2025-11-27;13;1928
12;2025-11-27;14;1914
12;2025-11-27;15;2147
12;2025-11-27;16;2599
12;2025-11-27;17;2934
12;2025-11-27;18;2999
12;2025-11-27;19;2389
12;2025-11-27;20;1488
12;2025-11-27;21;893
12;2025-11-27;22;465
12;2025-11-27;23;250
12;2025-11-28;0;54
12;2025-11-28;1;2
12;2025-11-28;2;0
12;2025-11-28;3;0
12;2025-11-28;4;5
12;2025-11-28;5;328
12;2025-11-28;6;1353
12;2025-11-28;7;2599
12;2025-11-28;8;3311
12;2025-11-28;9;2320
12;2025-11-28;10;1871
12;2025-11-28;11;1903
12;2025-11-28;12;1955
12;2025-11-28;13;1990
12;2025-11-28;14;2004
12;2025-11-28;15;2304
12;2025-11-28;16;2894
12;2025-11-28;17;2915
12;2025-11-28;18;2536
12;2025-11-28;19;2170
12;2025-11-28;20;1402
12;2025-11-28;21;951
12;2025-11-28;22;497
12;2025-11-28;23;289
12;2025-11-29;0;80
12;2025-11-29;1;4
12;2025-11-29;2;0
12;2025-11-29;3;0
12;2025-11-29;4;2
12;2025-11-29;5;235
12;2025-11-29;6;850
12;2025-11-29;7;917
12;2025-11-29;8;1026
12;2025-11-29;9;1221
12;2025-11-29;10;1425
12;2025-11-29;11;1502
12;2025-11-29;12;1492
12;2025-11-29;13;1724
12;2025-11-29;14;1621
12;2025-11-29;15;1532
12;2025-11-29;16;1603
12;2025-11-29;17;1545
12;2025-11-29;18;1477
12;2025-11-29;19;1418
12;2025-11-29;20;982
12;2025-11-29;21;749
12;2025-11-29;22;419
12;2025-11-29;23;291
12;2025-11-30;0;84
12;2025-11-30;1;7
12;2025-11-30;2;0
12;2025-11-30;3;0
12;2025-11-30;4;2
12;2025-11-30;5;165
12;2025-11-30;6;564
12;2025-11-30;7;670
12;2025-11-30;8;764
12;2025-11-30;9;954
12;2025-11-30;10;1171
12;2025-11-30;11;1309
12;2025-11-30;12;1377
12;2025-11-30;13;1613
12;2025-11-30;14;1548
12;2025-11-30;15;1415
12;2025-11-30;16;1539
12;2025-11-30;17;1543
12;2025-11-30;18;1366
12;2025-11-30;19;1101
12;2025-11-30;20;833
12;2025-11-30;21;628
12;2025-11-30;22;429
12;2025-11-30;23;228
12;2025-12-01;0;63
12;2025-12-01;1;3
12;2025-12-01;2;0
12;2025-12-01;3;0
12;2025-12-01;4;5
12;2025-12-01;5;325
12;2025-12-01;6;1434
12;2025-12-01;7;2734
12;2025-12-01;8;3654
12;2025-12-01;9;2491
12;2025-12-01;10;1963
12;2025-12-01;11;1905
12;2025-12-01;12;2044
12;2025-12-01;13;1955
12;2025-12-01;14;1943
12;2025-12-01;15;2271
12;2025-12-01;16;2722
12;2025-12-01;17;3067
12;2025-12-01;18;3265
12;2025-12-01;19;2558
12;2025-12-01;20;1619
12;2025-12-01;21;943
12;2025-12-01;22;467
12;2025-12-01;23;238
12;2025-12-02;0;48
12;2025-12-02;1;1
12;2025-12-02;2;0
12;2025-12-02;3;0
12;2025-12-02;4;5
12;2025-12-02;5;343
12;2025-12-02;6;1463
12;2025-12-02;7;2893
12;2025-12-02;8;3820
12;2025-12-02;9;2588
12;2025-12-02;10;2096
12;2025-12-02;11;2093
12;2025-12-02;12;2105
12;2025-12-02;13;2111
12;2025-12-02;14;2040
12;2025-12-02;15;2294
12;2025-12-02;16;2745
12;2025-12-02;17;3168
12;2025-12-02;18;3372
12;2025-12-02;19;2616
12;2025-12-02;20;1579
12;2025-12-02;21;953
12;2025-12-02;22;495
12;2025-12-02;23;247
12;2025-12-03;0;58
12;2025-12-03;1;2
12;2025-12-03;2;0
12;2025-12-03;3;0
12;2025-12-03;4;6
12;2025-12-03;5;331
12;2025-12-03;6;1454
12;2025-12-03;7;2730
12;2025-12-03;8;3633
12;2025-12-03;9;2561
12;2025-12-03;10;2145
12;2025-12-03;11;2027
12;2025-12-03;12;2084
12;2025-12-03;13;2059
12;2025-12-03;14;2062
12;2025-12-03;15;2263
12;2025-12-03;16;2732
12;2025-12-03;17;3066
12;2025-12-03;18;3242
12;2025-12-03;19;2576
12;2025-12-03;20;1530
12;2025-12-03;21;1017
12;2025-12-03;22;526
12;2025-12-03;23;268
12;2025-12-04;0;52
12;2025-12-04;1;3
12;2025-12-04;2;0
12;2025-12-04;3;0
12;2025-12-04;4;6
12;2025-12-04;5;318
12;2025-12-04;6;1419
12;2025-12-04;7;2789
12;2025-12-04;8;3635
12;2025-12-04;9;2450
12;2025-12-04;10;2051
12;2025-12-04;11;2048
12;2025-12-04;12;2108
12;2025-12-04;13;2074
12;2025-12-04;14;2059
12;2025-12-04;15;2309
12;2025-12-04;16;2796
12;2025-12-04;17;3156
12;2025-12-04;18;3226
12;2025-12-04;19;2570
12;2025-12-04;20;1601
12;2025-12-04;21;960
12;2025-12-04;22;500
12;2025-12-04;23;268
12;2025-12-05;0;54
12;2025-12-05;1;2
12;2025-12-05;2;0
12;2025-12-05;3;0
12;2025-12-05;4;5
12;2025-12-05;5;328
12;2025-12-05;6;1432
12;2025-12-05;7;2751
12;2025-12-05;8;3504
12;2025-12-05;9;2456
12;2025-12-05;10;1980
12;2025-12-05;11;2014
12;2025-12-05;12;2069
12;2025-12-05;13;2107
12;2025-12-05;14;2121
12;2025-12-05;15;2438
12;2025-12-05;16;3063
12;2025-12-05;17;3086
12;2025-12-05;18;2684
12;2025-12-05;19;2297
12;2025-12-05;20;1484
12;2025-12-05;21;1006
12;2025-12-05;22;526
12;2025-12-05;23;306
12;2025-12-06;0;80
12;2025-12-06;1;4
12;2025-12-06;2;0
12;2025-12-06;3;0
12;2025-12-06;4;2
12;2025-12-06;5;235
12;2025-12-06;6;850
12;2025-12-06;7;918
12;2025-12-06;8;1026
12;2025-12-06;9;1221
12;2025-12-06;10;1425
12;2025-12-06;11;1503
12;2025-12-06;12;1493
12;2025-12-06;13;1724
12;2025-12-06;14;1621
12;2025-12-06;15;1532
12;2025-12-06;16;1603
12;2025-12-06;17;1545
12;2025-12-06;18;1477
12;2025-12-06;19;1418
12;2025-12-06;20;982
12;2025-12-06;21;749
12;2025-12-06;22;419
12;2025-12-06;23;291
12;2025-12-07;0;84
12;2025-12-07;1;7
12;2025-12-07;2;0
12;2025-12-07;3;0
12;2025-12-07;4;2
12;2025-12-07;5;165
12;2025-12-07;6;568
12;2025-12-07;7;674
12;2025-12-07;8;769
12;2025-12-07;9;960
12;2025-12-07;10;1179
12;2025-12-07;11;1317
12;2025-12-07;12;1386
12;2025-12-07;13;1623
12;2025-12-07;14;1558
12;2025-12-07;15;1425
12;2025-12-07;16;1549
12;2025-12-07;17;1553
12;2025-12-07;18;1375
12;2025-12-07;19;1109
12;2025-12-07;20;839
12;2025-12-07;21;632
12;2025-12-07;22;432
12;2025-12-07;23;229
12;2025-12-08;0;63
12;2025-12-08;1;3
12;2025-12-08;2;0
12;2025-12-08;3;0
12;2025-12-08;4;5
12;2025-12-08;5;325
12;2025-12-08;6;1434
12;2025-12-08;7;2734
12;2025-12-08;8;3654
12;2025-12-08;9;2491
12;2025-12-08;10;1963
12;2025-12-08;11;1905
12;2025-12-08;12;2043
12;2025-12-08;13;1955
12;2025-12-08;14;1943
12;2025-12-08;15;2271
12;2025-12-08;16;2722
12;2025-12-08;17;3067
12;2025-12-08;18;3265
12;2025-12-08;19;2557
12;2025-12-08;20;1618
12;2025-12-08;21;943
12;2025-12-08;22;467
12;2025-12-08;23;238
12;2025-12-09;0;48
12;2025-12-09;1;1
12;2025-12-09;2;0
12;2025-12-09;3;0
12;2025-12-09;4;5
12;2025-12-09;5;343
12;2025-12-09;6;1445
12;2025-12-09;7;2857
12;2025-12-09;8;3772
12;2025-12-09;9;2556
12;2025-12-09;10;2070
12;2025-12-09;11;2067
12;2025-12-09;12;2079
12;2025-12-09;13;2085
12;2025-12-09;14;2015
12;2025-12-09;15;2265
12;2025-12-09;16;2711
12;2025-12-09;17;3129
12;2025-12-09;18;3330
12;2025-12-09;19;2584
12;2025-12-09;20;1560
12;2025-12-09;21;941
12;2025-12-09;22;489
12;2025-12-09;23;244
12;2025-12-10;0;58
12;2025-12-10;1;2
12;2025-12-10;2;0
12;2025-12-10;3;0
12;2025-12-10;4;6
12;2025-12-10;5;331
12;2025-12-10;6;1392
12;2025-12-10;7;2615
12;2025-12-10;8;3480
12;2025-12-10;9;2454
12;2025-12-10;10;2055
12;2025-12-10;11;1942
12;2025-12-10;12;1997
12;2025-12-10;13;1973
12;2025-12-10;14;1975
12;2025-12-10;15;2168
12;2025-12-10;16;2617
12;2025-12-10;17;2937
12;2025-12-10;18;3106
12;2025-12-10;19;2468
12;2025-12-10;20;1466
12;2025-12-10;21;974
12;2025-12-10;22;504
12;2025-12-10;23;257
12;2025-12-11;0;52
12;2025-12-11;1;3
12;2025-12-11;2;0
12;2025-12-11;3;0
12;2025-12-11;4;6
12;2025-12-11;5;318
12;2025-12-11;6;1335
12;2025-12-11;7;2625
12;2025-12-11;8;3421
12;2025-12-11;9;2306
12;2025-12-11;10;1930
12;2025-12-11;11;1928
12;2025-12-11;12;1984
12;2025-12-11;13;1952
12;2025-12-11;14;1938
12;2025-12-11;15;2173
12;2025-12-11;16;2631
12;2025-12-11;17;2970
12;2025-12-11;18;3036
12;2025-12-11;19;2419
12;2025-12-11;20;1507
12;2025-12-11;21;904
12;2025-12-11;22;471
12;2025-12-11;23;253
12;2025-12-12;0;54
12;2025-12-12;1;2
12;2025-12-12;2;0
12;2025-12-12;3;0
12;2025-12-12;4;5
12;2025-12-12;5;328
12;2025-12-12;6;1354
12;2025-12-12;7;2600
12;2025-12-12;8;3313
12;2025-12-12;9;2322
12;2025-12-12;10;1872
12;2025-12-12;11;1904
12;2025-12-12;12;1956
12;2025-12-12;13;1992
12;2025-12-12;14;2005
12;2025-12-12;15;2305
12;2025-12-12;16;2896
12;2025-12-12;17;2917
12;2025-12-12;18;2538
12;2025-12-12;19;2172
12;2025-12-12;20;1403
12;2025-12-12;21;951
12;2025-12-12;22;497
12;2025-12-12;23;289
12;2025-12-13;0;80
12;2025-12-13;1;4
12;2025-12-13;2;0
12;2025-12-13;3;0
12;2025-12-13;4;2
12;2025-12-13;5;235
12;2025-12-13;6;831
12;2025-12-13;7;897
12;2025-12-13;8;1003
12;2025-12-13;9;1194
12;2025-12-13;10;1394
12;2025-12-13;11;1469
12;2025-12-13;12;1459
12;2025-12-13;13;1686
12;2025-12-13;14;1585
12;2025-12-13;15;1498
12;2025-12-13;16;1567
12;2025-12-13;17;1511
12;2025-12-13;18;1444
12;2025-12-13;19;1387
12;2025-12-13;20;961
12;2025-12-13;21;733
12;2025-12-13;22;410
12;2025-12-13;23;285
12;2025-12-14;0;84
12;2025-12-14;1;7
12;2025-12-14;2;0
12;2025-12-14;3;0
12;2025-12-14;4;2
12;2025-12-14;5;165
12;2025-12-14;6;558
12;2025-12-14;7;662
12;2025-12-14;8;756
12;2025-12-14;9;943
12;2025-12-14;10;1158
12;2025-12-14;11;1294
12;2025-12-14;12;1361
12;2025-12-14;13;1594
12;2025-12-14;14;1530
12;2025-12-14;15;1399
12;2025-12-14;16;1521
12;2025-12-14;17;1525
12;2025-12-14;18;1351
12;2025-12-14;19;1089
12;2025-12-14;20;824
12;2025-12-14;21;621
12;2025-12-14;22;424
12;2025-12-14;23;225
12;2025-12-15;0;63
12;2025-12-15;1;3
12;2025-12-15;2;0
12;2025-12-15;3;0
12;2025-12-15;4;5
12;2025-12-15;5;325
12;2025-12-15;6;1428
12;2025-12-15;7;2722
12;2025-12-15;8;3638
12;2025-12-15;9;2479
12;2025-12-15;10;1954
12;2025-12-15;11;1897
12;2025-12-15;12;2034
12;2025-12-15;13;1946
12;2025-12-15;14;1934
12;2025-12-15;15;2260
12;2025-12-15;16;2710
12;2025-12-15;17;3053
12;2025-12-15;18;3250
12;2025-12-15;19;2546
12;2025-12-15;20;1611
12;2025-12-15;21;939
12;2025-12-15;22;465
12;2025-12-15;23;237
12;2025-12-16;0;48
12;2025-12-16;1;1
12;2025-12-16;2;0
12;2025-12-16;3;0
12;2025-12-16;4;5
12;2025-12-16;5;343
12;2025-12-16;6;1416
12;2025-12-16;7;2800
12;2025-12-16;8;3697
12;2025-12-16;9;2505
12;2025-12-16;10;2029
12;2025-12-16;11;2026
12;2025-12-16;12;2038
12;2025-12-16;13;2043
12;2025-12-16;14;1975
12;2025-12-16;15;2221
12;2025-12-16;16;2657
12;2025-12-16;17;3067
12;2025-12-16;18;3264
12;2025-12-16;19;2533
12;2025-12-16;20;1529
12;2025-12-16;21;922
12;2025-12-16;22;479
12;2025-12-16;23;239
12;2025-12-17;0;58
12;2025-12-17;1;2
12;2025-12-17;2;0
12;2025-12-17;3;0
12;2025-12-17;4;6
12;2025-12-17;5;331
12;2025-12-17;6;1449
12;2025-12-17;7;2721
12;2025-12-17;8;3620
12;2025-12-17;9;2552
12;2025-12-17;10;2137
12;2025-12-17;11;2020
12;2025-12-17;12;2077
12;2025-12-17;13;2052
12;2025-12-17;14;2055
12;2025-12-17;15;2255
12;2025-12-17;16;2722
12;2025-12-17;17;3055
12;2025-12-17;18;3231
12;2025-12-17;19;2567
12;2025-12-17;20;1525
12;2025-12-17;21;1013
12;2025-12-17;22;524
12;2025-12-17;23;267
12;2025-12-18;0;52
12;2025-12-18;1;3
12;2025-12-18;2;0
12;2025-12-18;3;0
12;2025-12-18;4;6
12;2025-12-18;5;318
12;2025-12-18;6;1419
12;2025-12-18;7;2788
12;2025-12-18;8;3634
12;2025-12-18;9;2450
12;2025-12-18;10;2050
12;2025-12-18;11;2048
12;2025-12-18;12;2108
12;2025-12-18;13;2073
12;2025-12-18;14;2059
12;2025-12-18;15;2308
12;2025-12-18;16;2795
12;2025-12-18;17;3155
12;2025-12-18;18;3226
12;2025-12-18;19;2569
12;2025-12-18;20;1601
12;2025-12-18;21;960
12;2025-12-18;22;500
12;2025-12-18;23;268
12;2025-12-19;0;54
12;2025-12-19;1;2
12;2025-12-19;2;0
12;2025-12-19;3;0
12;2025-12-19;4;5
12;2025-12-19;5;328
12;2025-12-19;6;1422
12;2025-12-19;7;2732
12;2025-12-19;8;3480
12;2025-12-19;9;2439
12;2025-12-19;10;1966
12;2025-12-19;11;2000
12;2025-12-19;12;2055
12;2025-12-19;13;2092
12;2025-12-19;14;2106
12;2025-12-19;15;2422
12;2025-12-19;16;3042
12;2025-12-19;17;3064
12;2025-12-19;18;2666
12;2025-12-19;19;2281
12;2025-12-19;20;1474
12;2025-12-19;21;999
12;2025-12-19;22;522
12;2025-12-19;23;304
12;2025-12-20;0;80
12;2025-12-20;1;4
12;2025-12-20;2;0
12;2025-12-20;3;0
12;2025-12-20;4;2
12;2025-12-20;5;235
12;2025-12-20;6;850
12;2025-12-20;7;917
12;2025-12-20;8;1026
12;2025-12-20;9;1221
12;2025-12-20;10;1425
12;2025-12-20;11;1502
12;2025-12-20;12;1492
12;2025-12-20;13;1724
12;2025-12-20;14;1621
12;2025-12-20;15;1532
12;2025-12-20;16;1602
12;2025-12-20;17;1545
12;2025-12-20;18;1476
12;2025-12-20;19;1418
12;2025-12-20;20;982
12;2025-12-20;21;749
12;2025-12-20;22;419
12;2025-12-20;23;291
12;2025-12-21;0;84
12;2025-12-21;1;7
12;2025-12-21;2;0
12;2025-12-21;3;0
12;2025-12-21;4;2
12;2025-12-21;5;165
12;2025-12-21;6;559
12;2025-12-21;7;664
12;2025-12-21;8;758
12;2025-12-21;9;946
12;2025-12-21;10;1161
12;2025-12-21;11;1298
12;2025-12-21;12;1366
12;2025-12-21;13;1599
12;2025-12-21;14;1535
12;2025-12-21;15;1403
12;2025-12-21;16;1526
12;2025-12-21;17;1530
12;2025-12-21;18;1355
12;2025-12-21;19;1092
12;2025-12-21;20;826
12;2025-12-21;21;623
12;2025-12-21;22;426
12;2025-12-21;23;226
12;2025-12-22;0;63
12;2025-12-22;1;3
12;2025-12-22;2;0
12;2025-12-22;3;0
12;2025-12-22;4;5
12;2025-12-22;5;325
12;2025-12-22;6;1383
12;2025-12-22;7;2636
12;2025-12-22;8;3523
12;2025-12-22;9;2401
12;2025-12-22;10;1892
12;2025-12-22;11;1837
12;2025-12-22;12;1970
12;2025-12-22;13;1884
12;2025-12-22;14;1873
12;2025-12-22;15;2189
12;2025-12-22;16;2624
12;2025-12-22;17;2957
12;2025-12-22;18;3148
12;2025-12-22;19;2466
12;2025-12-22;20;1560
12;2025-12-22;21;909
12;2025-12-22;22;451
12;2025-12-22;23;230
12;2025-12-23;0;48
12;2025-12-23;1;1
12;2025-12-23;2;0
12;2025-12-23;3;0
12;2025-12-23;4;5
12;2025-12-23;5;343
12;2025-12-23;6;1461
12;2025-12-23;7;2888
12;2025-12-23;8;3814
12;2025-12-23;9;2584
12;2025-12-23;10;2093
12;2025-12-23;11;2089
12;2025-12-23;12;2102
12;2025-12-23;13;2108
12;2025-12-23;14;2037
12;2025-12-23;15;2291
12;2025-12-23;16;2741
12;2025-12-23;17;3164
12;2025-12-23;18;3367
12;2025-12-23;19;2613
12;2025-12-23;20;1577
12;2025-12-23;21;951
12;2025-12-23;22;494
12;2025-12-23;23;247
12;2025-12-24;0;58
12;2025-12-24;1;2
12;2025-12-24;2;0
12;2025-12-24;3;0
12;2025-12-24;4;6
12;2025-12-24;5;331
12;2025-12-24;6;1423
12;2025-12-24;7;2673
12;2025-12-24;8;3557
12;2025-12-24;9;2508
12;2025-12-24;10;2100
12;2025-12-24;11;1985
12;2025-12-24;12;2041
12;2025-12-24;13;2016
12;2025-12-24;14;2019
12;2025-12-24;15;2216
12;2025-12-24;16;2674
12;2025-12-24;17;3002
12;2025-12-24;18;3174
12;2025-12-24;19;2522
12;2025-12-24;20;1498
12;2025-12-24;21;995
12;2025-12-24;22;515
12;2025-12-24;23;262
12;2025-12-25;0;52
12;2025-12-25;1;3
12;2025-12-25;2;0
12;2025-12-25;3;0
12;2025-12-25;4;6
12;2025-12-25;5;318
12;2025-12-25;6;1341
12;2025-12-25;7;2635
12;2025-12-25;8;3435
12;2025-12-25;9;2315
12;2025-12-25;10;1938
12;2025-12-25;11;1935
12;2025-12-25;12;1992
12;2025-12-25;13;1959
12;2025-12-25;14;1946
12;2025-12-25;15;2182
12;2025-12-25;16;2642
12;2025-12-25;17;2982
12;2025-12-25;18;3048
12;2025-12-25;19;2428
12;2025-12-25;20;1513
12;2025-12-25;21;907
12;2025-12-25;22;473
12;2025-12-25;23;254
12;2025-12-26;0;54
12;2025-12-26;1;2
12;2025-12-26;2;0
12;2025-12-26;3;0
12;2025-12-26;4;5
12;2025-12-26;5;328
12;2025-12-26;6;1313
12;2025-12-26;7;2523
12;2025-12-26;8;3214
12;2025-12-26;9;2253
12;2025-12-26;10;1816
12;2025-12-26;11;1847
12;2025-12-26;12;1898
12;2025-12-26;13;1932
12;2025-12-26;14;1946
12;2025-12-26;15;2237
12;2025-12-26;16;2810
12;2025-12-26;17;2830
12;2025-12-26;18;2462
12;2025-12-26;19;2107
12;2025-12-26;20;1361
12;2025-12-26;21;923
12;2025-12-26;22;482
12;2025-12-26;23;281
12;2025-12-27;0;80
12;2025-12-27;1;4
12;2025-12-27;2;0
12;2025-12-27;3;0
12;2025-12-27;4;2
12;2025-12-27;5;235
12;2025-12-27;6;831
12;2025-12-27;7;898
12;2025-12-27;8;1004
12;2025-12-27;9;1195
12;2025-12-27;10;1394
12;2025-12-27;11;1470
12;2025-12-27;12;1460
12;2025-12-27;13;1687
12;2025-12-27;14;1586
12;2025-12-27;15;1499
12;2025-12-27;16;1568
12;2025-12-27;17;1511
12;2025-12-27;18;1445
12;2025-12-27;19;1387
12;2025-12-27;20;961
12;2025-12-27;21;733
12;2025-12-27;22;410
12;2025-12-27;23;285
12;2025-12-28;0;84
12;2025-12-28;1;7
12;2025-12-28;2;0
12;2025-12-28;3;0
12;2025-12-28;4;2
12;2025-12-28;5;165
12;2025-12-28;6;541
12;2025-12-28;7;642
12;2025-12-28;8;733
12;2025-12-28;9;914
12;2025-12-28;10;1123
12;2025-12-28;11;1255
12;2025-12-28;12;1321
12;2025-12-28;13;1546
12;2025-12-28;14;1484
12;2025-12-28;15;1357
12;2025-12-28;16;1475
12;2025-12-28;17;1479
12;2025-12-28;18;1310
12;2025-12-28;19;1056
12;2025-12-28;20;799
12;2025-12-28;21;602
12;2025-12-28;22;412
12;2025-12-28;23;218
12;2025-12-29;0;63
12;2025-12-29;1;3
12;2025-12-29;2;0
12;2025-12-29;3;0
12;2025-12-29;4;5
12;2025-12-29;5;325
12;2025-12-29;6;1375
12;2025-12-29;7;2621
12;2025-12-29;8;3503
12;2025-12-29;9;2388
12;2025-12-29;10;1882
12;2025-12-29;11;1827
12;2025-12-29;12;1959
12;2025-12-29;13;1874
12;2025-12-29;14;1863
12;2025-12-29;15;2177
12;2025-12-29;16;2609
12;2025-12-29;17;2940
12;2025-12-29;18;3130
12;2025-12-29;19;2452
12;2025-12-29;20;1552
12;2025-12-29;21;904
12;2025-12-29;22;448
12;2025-12-29;23;228
12;2025-12-30;0;48
12;2025-12-30;1;1
12;2025-12-30;2;0
12;2025-12-30;3;0
12;2025-12-30;4;5
12;2025-12-30;5;343
12;2025-12-30;6;1372
12;2025-12-30;7;2713
12;2025-12-30;8;3583
12;2025-12-30;9;2428
12;2025-12-30;10;1966
12;2025-12-30;11;1963
12;2025-12-30;12;1975
12;2025-12-30;13;1980
12;2025-12-30;14;1914
12;2025-12-30;15;2152
12;2025-12-30;16;2575
12;2025-12-30;17;2972
12;2025-12-30;18;3162
12;2025-12-30;19;2454
12;2025-12-30;20;1482
12;2025-12-30;21;894
12;2025-12-30;22;464
12;2025-12-30;23;232
12;2025-12-31;0;82
12;2025-12-31;1;7
12;2025-12-31;2;0
12;2025-12-31;3;0
12;2025-12-31;4;2
12;2025-12-31;5;161
12;2025-12-31;6;547
12;2025-12-31;7;649
12;2025-12-31;8;741
12;2025-12-31;9;925
12;2025-12-31;10;1136
12;2025-12-31;11;1269
12;2025-12-31;12;1335
12;2025-12-31;13;1564
12;2025-12-31;14;1500
12;2025-12-31;15;1372
12;2025-12-31;16;1492
12;2025-12-31;17;1496
12;2025-12-31;18;1325
12;2025-12-31;19;1068
12;2025-12-31;20;808
12;2025-12-31;21;609
12;2025-12-31;22;416
12;2025-12-31;23;221
17;2025-11-01;0;143
17;2025-11-01;1;15
17;2025-11-01;2;0
17;2025-11-01;3;0
17;2025-11-01;4;26
17;2025-11-01;5;314
17;2025-11-01;6;1520
17;2025-11-01;7;4035
17;2025-11-01;8;5196
17;2025-11-01;9;3665
17;2025-11-01;10;2937
17;2025-11-01;11;2973
17;2025-11-01;12;3010
17;2025-11-01;13;3096
17;2025-11-01;14;3172
17;2025-11-01;15;3520
17;2025-11-01;16;4142
17;2025-11-01;17;4586
17;2025-11-01;18;4370
17;2025-11-01;19;3242
17;2025-11-01;20;2339
17;2025-11-01;21;1558
17;2025-11-01;22;897
17;2025-11-01;23;456
17;2025-11-02;0;180
17;2025-11-02;1;24
17;2025-11-02;2;0
17;2025-11-02;3;0
17;2025-11-02;4;4
17;2025-11-02;5;111
17;2025-11-02;6;452
17;2025-11-02;7;841
17;2025-11-02;8;1290
17;2025-11-02;9;1758
17;2025-11-02;10;2034
17;2025-11-02;11;2562
17;2025-11-02;12;2990
17;2025-11-02;13;3248
17;2025-11-02;14;3339
17;2025-11-02;15;3392
17;2025-11-02;16;3338
17;2025-11-02;17;3195
17;2025-11-02;18;2814
17;2025-11-02;19;2281
17;2025-11-02;20;1753
17;2025-11-02;21;1264
17;2025-11-02;22;816
17;2025-11-02;23;349
17;2025-11-03;0;172
17;2025-11-03;1;23
17;2025-11-03;2;0
17;2025-11-03;3;0
17;2025-11-03;4;4
17;2025-11-03;5;106
17;2025-11-03;6;434
17;2025-11-03;7;808
17;2025-11-03;8;1239
17;2025-11-03;9;1689
17;2025-11-03;10;1954
17;2025-11-03;11;2461
17;2025-11-03;12;2873
17;2025-11-03;13;3121
17;2025-11-03;14;3208
17;2025-11-03;15;3259
17;2025-11-03;16;3207
17;2025-11-03;17;3069
17;2025-11-03;18;2704
17;2025-11-03;19;2192
17;2025-11-03;20;1684
17;2025-11-03;21;1214
17;2025-11-03;22;784
17;2025-11-03;23;335
17;2025-11-04;0;178
17;2025-11-04;1;23
17;2025-11-04;2;0
17;2025-11-04;3;0
17;2025-11-04;4;4
17;2025-11-04;5;109
17;2025-11-04;6;445
17;2025-11-04;7;828
17;2025-11-04;8;1270
17;2025-11-04;9;1731
17;2025-11-04;10;2002
17;2025-11-04;11;2522
17;2025-11-04;12;2944
17;2025-11-04;13;3198
17;2025-11-04;14;3287
17;2025-11-04;15;3339
17;2025-11-04;16;3286
17;2025-11-04;17;3145
17;2025-11-04;18;2770
17;2025-11-04;19;2246
17;2025-11-04;20;1726
17;2025-11-04;21;1244
17;2025-11-04;22;803
17;2025-11-04;23;343
17;2025-11-05;0;125
17;2025-11-05;1;9
17;2025-11-05;2;0
17;2025-11-05;3;0
17;2025-11-05;4;27
17;2025-11-05;5;329
17;2025-11-05;6;1606
17;2025-11-05;7;4242
17;2025-11-05;8;5546
17;2025-11-05;9;3934
17;2025-11-05;10;3118
17;2025-11-05;11;3075
17;2025-11-05;12;3123
17;2025-11-05;13;3174
17;2025-11-05;14;3246
17;2025-11-05;15;3426
17;2025-11-05;16;3801
17;2025-11-05;17;4670
17;2025-11-05;18;5135
17;2025-11-05;19;3646
17;2025-11-05;20;2499
17;2025-11-05;21;1565
17;2025-11-05;22;858
17;2025-11-05;23;405
17;2025-11-06;0;141
17;2025-11-06;1;10
17;2025-11-06;2;0
17;2025-11-06;3;0
17;2025-11-06;4;26
17;2025-11-06;5;325
17;2025-11-06;6;1556
17;2025-11-06;7;4075
17;2025-11-06;8;5363
17;2025-11-06;9;3795
17;2025-11-06;10;3008
17;2025-11-06;11;2941
17;2025-11-06;12;3052
17;2025-11-06;13;3096
17;2025-11-06;14;3131
17;2025-11-06;15;3274
17;2025-11-06;16;3709
17;2025-11-06;17;4515
17;2025-11-06;18;4973
17;2025-11-06;19;3499
17;2025-11-06;20;2427
17;2025-11-06;21;1522
17;2025-11-06;22;836
17;2025-11-06;23;398
17;2025-11-07;0;142
17;2025-11-07;1;15
17;2025-11-07;2;0
17;2025-11-07;3;0
17;2025-11-07;4;26
17;2025-11-07;5;312
17;2025-11-07;6;1506
17;2025-11-07;7;3997
17;2025-11-07;8;5146
17;2025-11-07;9;3630
17;2025-11-07;10;2908
17;2025-11-07;11;2944
17;2025-11-07;12;2981
17;2025-11-07;13;3067
17;2025-11-07;14;3141
17;2025-11-07;15;3486
17;2025-11-07;16;4102
17;2025-11-07;17;4542
17;2025-11-07;18;4328
17;2025-11-07;19;3211
17;2025-11-07;20;2317
17;2025-11-07;21;1543
17;2025-11-07;22;888
17;2025-11-07;23;451
17;2025-11-08;0;193
17;2025-11-08;1;25
17;2025-11-08;2;0
17;2025-11-08;3;0
17;2025-11-08;4;5
17;2025-11-08;5;130
17;2025-11-08;6;551
17;2025-11-08;7;1167
17;2025-11-08;8;1691
17;2025-11-08;9;2150
17;2025-11-08;10;2376
17;2025-11-08;11;2833
17;2025-11-08;12;3163
17;2025-11-08;13;3320
17;2025-11-08;14;3354
17;2025-11-08;15;3393
17;2025-11-08;16;3365
17;2025-11-08;17;3192
17;2025-11-08;18;2946
17;2025-11-08;19;2401
17;2025-11-08;20;1859
17;2025-11-08;21;1358
17;2025-11-08;22;877
17;2025-11-08;23;441
17;2025-11-09;0;180
17;2025-11-09;1;24
17;2025-11-09;2;0
17;2025-11-09;3;0
17;2025-11-09;4;4
17;2025-11-09;5;111
17;2025-11-09;6;454
17;2025-11-09;7;844
17;2025-11-09;8;1295
17;2025-11-09;9;1764
17;2025-11-09;10;2041
17;2025-11-09;11;2571
17;2025-11-09;12;3001
17;2025-11-09;13;3260
17;2025-11-09;14;3351
17;2025-11-09;15;3404
17;2025-11-09;16;3350
17;2025-11-09;17;3206
17;2025-11-09;18;2824
17;2025-11-09;19;2290
17;2025-11-09;20;1759
17;2025-11-09;21;1269
17;2025-11-09;22;819
17;2025-11-09;23;350
17;2025-11-10;0;108
17;2025-11-10;1;13
17;2025-11-10;2;0
17;2025-11-10;3;0
17;2025-11-10;4;27
17;2025-11-10;5;319
17;2025-11-10;6;1593
17;2025-11-10;7;4268
17;2025-11-10;8;5619
17;2025-11-10;9;3913
17;2025-11-10;10;3009
17;2025-11-10;11;2955
17;2025-11-10;12;3013
17;2025-11-10;13;3057
17;2025-11-10;14;3081
17;2025-11-10;15;3324
17;2025-11-10;16;3747
17;2025-11-10;17;4600
17;2025-11-10;18;5165
17;2025-11-10;19;3643
17;2025-11-10;20;2433
17;2025-11-10;21;1456
17;2025-11-10;22;800
17;2025-11-10;23;343
17;2025-11-11;0;109
17;2025-11-11;1;10
17;2025-11-11;2;0
17;2025-11-11;3;0
17;2025-11-11;4;27
17;2025-11-11;5;317
17;2025-11-11;6;1655
17;2025-11-11;7;4422
17;2025-11-11;8;5807
17;2025-11-11;9;4090
17;2025-11-11;10;3161
17;2025-11-11;11;3056
17;2025-11-11;12;3149
17;2025-11-11;13;3168
17;2025-11-11;14;3320
17;2025-11-11;15;3409
17;2025-11-11;16;3795
17;2025-11-11;17;4789
17;2025-11-11;18;5270
17;2025-11-11;19;3749
17;2025-11-11;20;2556
17;2025-11-11;21;1548
17;2025-11-11;22;827
17;2025-11-11;23;378
17;2025-11-12;0;125
17;2025-11-12;1;9
17;2025-11-12;2;0
17;2025-11-12;3;0
17;2025-11-12;4;27
17;2025-11-12;5;329
17;2025-11-12;6;1565
17;2025-11-12;7;4134
17;2025-11-12;8;5404
17;2025-11-12;9;3834
17;2025-11-12;10;3038
17;2025-11-12;11;2996
17;2025-11-12;12;3044
17;2025-11-12;13;3093
17;2025-11-12;14;3163
17;2025-11-12;15;3339
17;2025-11-12;16;3704
17;2025-11-12;17;4551
17;2025-11-12;18;5004
17;2025-11-12;19;3553
17;2025-11-12;20;2435
17;2025-11-12;21;1525
17;2025-11-12;22;836
17;2025-11-12;23;395
17;2025-11-13;0;141
17;2025-11-13;1;10
17;2025-11-13;2;0
17;2025-11-13;3;0
17;2025-11-13;4;26
17;2025-11-13;5;325
17;2025-11-13;6;1606
17;2025-11-13;7;4205
17;2025-11-13;8;5534
17;2025-11-13;9;3916
17;2025-11-13;10;3104
17;2025-11-13;11;3034
17;2025-11-13;12;3150
17;2025-11-13;13;3194
17;2025-11-13;14;3230
17;2025-11-13;15;3378
17;2025-11-13;16;3827
17;2025-11-13;17;4659
17;2025-11-13;18;5131
17;2025-11-13;19;3610
17;2025-11-13;20;2504
17;2025-11-13;21;1570
17;2025-11-13;22;862
17;2025-11-13;23;411
17;2025-11-14;0;142
17;2025-11-14;1;15
17;2025-11-14;2;0
17;2025-11-14;3;0
17;2025-11-14;4;26
17;2025-11-14;5;312
17;2025-11-14;6;1536
17;2025-11-14;7;4077
17;2025-11-14;8;5249
17;2025-11-14;9;3702
17;2025-11-14;10;2967
17;2025-11-14;11;3003
17;2025-11-14;12;3041
17;2025-11-14;13;3128
17;2025-11-14;14;3204
17;2025-11-14;15;3556
17;2025-11-14;16;4184
17;2025-11-14;17;4633
17;2025-11-14;18;4415
17;2025-11-14;19;3275
17;2025-11-14;20;2363
17;2025-11-14;21;1574
17;2025-11-14;22;906
17;2025-11-14;23;460
17;2025-11-15;0;193
17;2025-11-15;1;25
17;2025-11-15;2;0
17;2025-11-15;3;0
17;2025-11-15;4;5
17;2025-11-15;5;130
17;2025-11-15;6;503
17;2025-11-15;7;1066
17;2025-11-15;8;1544
17;2025-11-15;9;1963
17;2025-11-15;10;2170
17;2025-11-15;11;2587
17;2025-11-15;12;2888
17;2025-11-15;13;3031
17;2025-11-15;14;3063
17;2025-11-15;15;3099
17;2025-11-15;16;3073
17;2025-11-15;17;2915
17;2025-11-15;18;2690
17;2025-11-15;19;2193
17;2025-11-15;20;1698
17;2025-11-15;21;1240
17;2025-11-15;22;801
17;2025-11-15;23;403
17;2025-11-16;0;180
17;2025-11-16;1;24
17;2025-11-16;2;0
17;2025-11-16;3;0
17;2025-11-16;4;4
17;2025-11-16;5;111
17;2025-11-16;6;453
17;2025-11-16;7;843
17;2025-11-16;8;1293
17;2025-11-16;9;1762
17;2025-11-16;10;2039
17;2025-11-16;11;2568
17;2025-11-16;12;2997
17;2025-11-16;13;3256
17;2025-11-16;14;3347
17;2025-11-16;15;3400
17;2025-11-16;16;3346
17;2025-11-16;17;3202
17;2025-11-16;18;2821
17;2025-11-16;19;2287
17;2025-11-16;20;1757
17;2025-11-16;21;1267
17;2025-11-16;22;818
17;2025-11-16;23;349
17;2025-11-17;0;108
17;2025-11-17;1;13
17;2025-11-17;2;0
17;2025-11-17;3;0
17;2025-11-17;4;27
17;2025-11-17;5;319
17;2025-11-17;6;1514
17;2025-11-17;7;4058
17;2025-11-17;8;5342
17;2025-11-17;9;3721
17;2025-11-17;10;2860
17;2025-11-17;11;2809
17;2025-11-17;12;2864
17;2025-11-17;13;2907
17;2025-11-17;14;2930
17;2025-11-17;15;3161
17;2025-11-17;16;3563
17;2025-11-17;17;4374
17;2025-11-17;18;4911
17;2025-11-17;19;3464
17;2025-11-17;20;2313
17;2025-11-17;21;1384
17;2025-11-17;22;760
17;2025-11-17;23;326
17;2025-11-18;0;109
17;2025-11-18;1;10
17;2025-11-18;2;0
17;2025-11-18;3;0
17;2025-11-18;4;27
17;2025-11-18;5;317
17;2025-11-18;6;1515
17;2025-11-18;7;4048
17;2025-11-18;8;5316
17;2025-11-18;9;3744
17;2025-11-18;10;2894
17;2025-11-18;11;2797
17;2025-11-18;12;2882
17;2025-11-18;13;2900
17;2025-11-18;14;3039
17;2025-11-18;15;3121
17;2025-11-18;16;3475
17;2025-11-18;17;4384
17;2025-11-18;18;4825
17;2025-11-18;19;3432
17;2025-11-18;20;2340
17;2025-11-18;21;1417
17;2025-11-18;22;757
17;2025-11-18;23;346
17;2025-11-19;0;125
17;2025-11-19;1;9
17;2025-11-19;2;0
17;2025-11-19;3;0
17;2025-11-19;4;27
17;2025-11-19;5;329
17;2025-11-19;6;1605
17;2025-11-19;7;4239
17;2025-11-19;8;5542
17;2025-11-19;9;3931
17;2025-11-19;10;3116
17;2025-11-19;11;3073
17;2025-11-19;12;3121
17;2025-11-19;13;3171
17;2025-11-19;14;3244
17;2025-11-19;15;3424
17;2025-11-19;16;3798
17;2025-11-19;17;4667
17;2025-11-19;18;5131
17;2025-11-19;19;3643
17;2025-11-19;20;2497
17;2025-11-19;21;1564
17;2025-11-19;22;857
17;2025-11-19;23;405
17;2025-11-20;0;141
17;2025-11-20;1;10
17;2025-11-20;2;0
17;2025-11-20;3;0
17;2025-11-20;4;26
17;2025-11-20;5;325
17;2025-11-20;6;1610
17;2025-11-20;7;4217
17;2025-11-20;8;5550
17;2025-11-20;9;3927
17;2025-11-20;10;3113
17;2025-11-20;11;3043
17;2025-11-20;12;3159
17;2025-11-20;13;3203
17;2025-11-20;14;3240
17;2025-11-20;15;3388
17;2025-11-20;16;3839
17;2025-11-20;17;4672
17;2025-11-20;18;5146
17;2025-11-20;19;3621
17;2025-11-20;20;2511
17;2025-11-20;21;1575
17;2025-11-20;22;865
17;2025-11-20;23;412
17;2025-11-21;0;142
17;2025-11-21;1;15
17;2025-11-21;2;0
17;2025-11-21;3;0
17;2025-11-21;4;26
17;2025-11-21;5;312
17;2025-11-21;6;1531
17;2025-11-21;7;4064
17;2025-11-21;8;5233
17;2025-11-21;9;3691
17;2025-11-21;10;2958
17;2025-11-21;11;2994
17;2025-11-21;12;3032
17;2025-11-21;13;3119
17;2025-11-21;14;3195
17;2025-11-21;15;3545
17;2025-11-21;16;4172
17;2025-11-21;17;4619
17;2025-11-21;18;4402
17;2025-11-21;19;3266
17;2025-11-21;20;2356
17;2025-11-21;21;1570
17;2025-11-21;22;903
17;2025-11-21;23;459
17;2025-11-22;0;193
17;2025-11-22;1;25
17;2025-11-22;2;0
17;2025-11-22;3;0
17;2025-11-22;4;5
17;2025-11-22;5;130
17;2025-11-22;6;520
17;2025-11-22;7;1102
17;2025-11-22;8;1597
17;2025-11-22;9;2030
17;2025-11-22;10;2243
17;2025-11-22;11;2675
17;2025-11-22;12;2985
17;2025-11-22;13;3134
17;2025-11-22;14;3166
17;2025-11-22;15;3203
17;2025-11-22;16;3177
17;2025-11-22;17;3014
17;2025-11-22;18;2781
17;2025-11-22;19;2267
17;2025-11-22;20;1755
17;2025-11-22;21;1281
17;2025-11-22;22;828
17;2025-11-22;23;416
17;2025-11-23;0;180
17;2025-11-23;1;24
17;2025-11-23;2;0
17;2025-11-23;3;0
17;2025-11-23;4;4
17;2025-11-23;5;111
17;2025-11-23;6;452
17;2025-11-23;7;840
17;2025-11-23;8;1289
17;2025-11-23;9;1757
17;2025-11-23;10;2033
17;2025-11-23;11;2560
17;2025-11-23;12;2988
17;2025-11-23;13;3246
17;2025-11-23;14;3337
17;2025-11-23;15;3390
17;2025-11-23;16;3336
17;2025-11-23;17;3193
17;2025-11-23;18;2812
17;2025-11-23;19;2280
17;2025-11-23;20;1752
17;2025-11-23;21;1263
17;2025-11-23;22;815
17;2025-11-23;23;348
17;2025-11-24;0;108
17;2025-11-24;1;13
17;2025-11-24;2;0
17;2025-11-24;3;0
17;2025-11-24;4;27
17;2025-11-24;5;319
17;2025-11-24;6;1456
17;2025-11-24;7;3901
17;2025-11-24;8;5135
17;2025-11-24;9;3577
17;2025-11-24;10;2750
17;2025-11-24;11;2700
17;2025-11-24;12;2753
17;2025-11-24;13;2794
17;2025-11-24;14;2816
17;2025-11-24;15;3038
17;2025-11-24;16;3425
17;2025-11-24;17;4204
17;2025-11-24;18;4721
17;2025-11-24;19;3329
17;2025-11-24;20;2223
17;2025-11-24;21;1330
17;2025-11-24;22;731
17;2025-11-24;23;314
17;2025-11-25;0;109
17;2025-11-25;1;10
17;2025-11-25;2;0
17;2025-11-25;3;0
17;2025-11-25;4;27
17;2025-11-25;5;317
17;2025-11-25;6;1655
17;2025-11-25;7;4420
17;2025-11-25;8;5804
17;2025-11-25;9;4088
17;2025-11-25;10;3160
17;2025-11-25;11;3054
17;2025-11-25;12;3147
17;2025-11-25;13;3167
17;2025-11-25;14;3318
17;2025-11-25;15;3408
17;2025-11-25;16;3794
17;2025-11-25;17;4787
17;2025-11-25;18;5268
17;2025-11-25;19;3748
17;2025-11-25;20;2555
17;2025-11-25;21;1547
17;2025-11-25;22;827
17;2025-11-25;23;378
17;2025-11-26;0;125
17;2025-11-26;1;9
17;2025-11-26;2;0
17;2025-11-26;3;0
17;2025-11-26;4;27
17;2025-11-26;5;329
17;2025-11-26;6;1486
17;2025-11-26;7;3923
17;2025-11-26;8;5129
17;2025-11-26;9;3639
17;2025-11-26;10;2884
17;2025-11-26;11;2844
17;2025-11-26;12;2889
17;2025-11-26;13;2935
17;2025-11-26;14;3002
17;2025-11-26;15;3169
17;2025-11-26;16;3515
17;2025-11-26;17;4319
17;2025-11-26;18;4749
17;2025-11-26;19;3372
17;2025-11-26;20;2311
17;2025-11-26;21;1447
17;2025-11-26;22;793
17;2025-11-26;23;375
17;2025-11-27;0;141
17;2025-11-27;1;10
17;2025-11-27;2;0
17;2025-11-27;3;0
17;2025-11-27;4;26
17;2025-11-27;5;325
17;2025-11-27;6;1497
17;2025-11-27;7;3922
17;2025-11-27;8;5161
17;2025-11-27;9;3652
17;2025-11-27;10;2895
17;2025-11-27;11;2830
17;2025-11-27;12;2938
17;2025-11-27;13;2979
17;2025-11-27;14;3013
17;2025-11-27;15;3151
17;2025-11-27;16;3570
17;2025-11-27;17;4345
17;2025-11-27;18;4785
17;2025-11-27;19;3367
17;2025-11-27;20;2336
17;2025-11-27;21;1465
17;2025-11-27;22;804
17;2025-11-27;23;383
17;2025-11-28;0;142
17;2025-11-28;1;15
17;2025-11-28;2;0
17;2025-11-28;3;0
17;2025-11-28;4;26
17;2025-11-28;5;312
17;2025-11-28;6;1472
17;2025-11-28;7;3908
17;2025-11-28;8;5032
17;2025-11-28;9;3549
17;2025-11-28;10;2844
17;2025-11-28;11;2879
17;2025-11-28;12;2915
17;2025-11-28;13;2999
17;2025-11-28;14;3072
17;2025-11-28;15;3408
17;2025-11-28;16;4011
17;2025-11-28;17;4441
17;2025-11-28;18;4232
17;2025-11-28;19;3140
17;2025-11-28;20;2265
17;2025-11-28;21;1509
17;2025-11-28;22;869
17;2025-11-28;23;441
17;2025-11-29;0;193
17;2025-11-29;1;25
17;2025-11-29;2;0
17;2025-11-29;3;0
17;2025-11-29;4;5
17;2025-11-29;5;130
17;2025-11-29;6;554
17;2025-11-29;7;1174
17;2025-11-29;8;1701
17;2025-11-29;9;2162
17;2025-11-29;10;2389
17;2025-11-29;11;2849
17;2025-11-29;12;3180
17;2025-11-29;13;3338
17;2025-11-29;14;3373
17;2025-11-29;15;3413
17;2025-11-29;16;3384
17;2025-11-29;17;3210
17;2025-11-29;18;2963
17;2025-11-29;19;2415
17;2025-11-29;20;1870
17;2025-11-29;21;1365
17;2025-11-29;22;882
17;2025-11-29;23;444
17;2025-11-30;0;180
17;2025-11-30;1;24
17;2025-11-30;2;0
17;2025-11-30;3;0
17;2025-11-30;4;4
17;2025-11-30;5;111
17;2025-11-30;6;450
17;2025-11-30;7;838
17;2025-11-30;8;1285
17;2025-11-30;9;1752
17;2025-11-30;10;2027
17;2025-11-30;11;2552
17;2025-11-30;12;2979
17;2025-11-30;13;3237
17;2025-11-30;14;3327
17;2025-11-30;15;3380
17;2025-11-30;16;3326
17;2025-11-30;17;3183
17;2025-11-30;18;2804
17;2025-11-30;19;2273
17;2025-11-30;20;1747
17;2025-11-30;21;1259
17;2025-11-30;22;813
17;2025-11-30;23;347
17;2025-12-01;0;108
17;2025-12-01;1;13
17;2025-12-01;2;0
17;2025-12-01;3;0
17;2025-12-01;4;27
17;2025-12-01;5;319
17;2025-12-01;6;1592
17;2025-12-01;7;4267
17;2025-12-01;8;5617
17;2025-12-01;9;3912
17;2025-12-01;10;3008
17;2025-12-01;11;2954
17;2025-12-01;12;3012
17;2025-12-01;13;3056
17;2025-12-01;14;3080
17;2025-12-01;15;3323
17;2025-12-01;16;3746
17;2025-12-01;17;4599
17;2025-12-01;18;5164
17;2025-12-01;19;3642
17;2025-12-01;20;2432
17;2025-12-01;21;1455
17;2025-12-01;22;800
17;2025-12-01;23;343
17;2025-12-02;0;109
17;2025-12-02;1;10
17;2025-12-02;2;0
17;2025-12-02;3;0
17;2025-12-02;4;27
17;2025-12-02;5;317
17;2025-12-02;6;1655
17;2025-12-02;7;4420
17;2025-12-02;8;5804
17;2025-12-02;9;4088
17;2025-12-02;10;3160
17;2025-12-02;11;3054
17;2025-12-02;12;3147
17;2025-12-02;13;3167
17;2025-12-02;14;3318
17;2025-12-02;15;3408
17;2025-12-02;16;3794
17;2025-12-02;17;4787
17;2025-12-02;18;5268
17;2025-12-02;19;3748
17;2025-12-02;20;2555
17;2025-12-02;21;1547
17;2025-12-02;22;827
17;2025-12-02;23;378
17;2025-12-03;0;125
17;2025-12-03;1;9
17;2025-12-03;2;0
17;2025-12-03;3;0
17;2025-12-03;4;27
17;2025-12-03;5;329
17;2025-12-03;6;1605
17;2025-12-03;7;4239
17;2025-12-03;8;5542
17;2025-12-03;9;3932
17;2025-12-03;10;3116
17;2025-12-03;11;3073
17;2025-12-03;12;3121
17;2025-12-03;13;3172
17;2025-12-03;14;3244
17;2025-12-03;15;3424
17;2025-12-03;16;3798
17;2025-12-03;17;4667
17;2025-12-03;18;5132
17;2025-12-03;19;3644
17;2025-12-03;20;2497
17;2025-12-03;21;1564
17;2025-12-03;22;857
17;2025-12-03;23;405
17;2025-12-04;0;141
17;2025-12-04;1;10
17;2025-12-04;2;0
17;2025-12-04;3;0
17;2025-12-04;4;26
17;2025-12-04;5;325
17;2025-12-04;6;1611
17;2025-12-04;7;4218
17;2025-12-04;8;5551
17;2025-12-04;9;3928
17;2025-12-04;10;3114
17;2025-12-04;11;3044
17;2025-12-04;12;3160
17;2025-12-04;13;3204
17;2025-12-04;14;3241
17;2025-12-04;15;3389
17;2025-12-04;16;3840
17;2025-12-04;17;4673
17;2025-12-04;18;5147
17;2025-12-04;19;3622
17;2025-12-04;20;2512
17;2025-12-04;21;1575
17;2025-12-04;22;865
17;2025-12-04;23;412
17;2025-12-05;0;142
17;2025-12-05;1;15
17;2025-12-05;2;0
17;2025-12-05;3;0
17;2025-12-05;4;26
17;2025-12-05;5;312
17;2025-12-05;6;1558
17;2025-12-05;7;4136
17;2025-12-05;8;5326
17;2025-12-05;9;3756
17;2025-12-05;10;3010
17;2025-12-05;11;3047
17;2025-12-05;12;3085
17;2025-12-05;13;3174
17;2025-12-05;14;3251
17;2025-12-05;15;3607
17;2025-12-05;16;4245
17;2025-12-05;17;4701
17;2025-12-05;18;4479
17;2025-12-05;19;3323
17;2025-12-05;20;2397
17;2025-12-05;21;1597
17;2025-12-05;22;919
17;2025-12-05;23;467
17;2025-12-06;0;193
17;2025-12-06;1;25
17;2025-12-06;2;0
17;2025-12-06;3;0
17;2025-12-06;4;5
17;2025-12-06;5;130
17;2025-12-06;6;554
17;2025-12-06;7;1174
17;2025-12-06;8;1701
17;2025-12-06;9;2163
17;2025-12-06;10;2390
17;2025-12-06;11;2850
17;2025-12-06;12;3181
17;2025-12-06;13;3339
17;2025-12-06;14;3374
17;2025-12-06;15;3414
17;2025-12-06;16;3385
17;2025-12-06;17;3211
17;2025-12-06;18;2964
17;2025-12-06;19;2416
17;2025-12-06;20;1870
17;2025-12-06;21;1366
17;2025-12-06;22;882
17;2025-12-06;23;444
17;2025-12-07;0;180
17;2025-12-07;1;24
17;2025-12-07;2;0
17;2025-12-07;3;0
17;2025-12-07;4;4
17;2025-12-07;5;111
17;2025-12-07;6;453
17;2025-12-07;7;843
17;2025-12-07;8;1294
17;2025-12-07;9;1763
17;2025-12-07;10;2040
17;2025-12-07;11;2569
17;2025-12-07;12;2999
17;2025-12-07;13;3258
17;2025-12-07;14;3349
17;2025-12-07;15;3402
17;2025-12-07;16;3348
17;2025-12-07;17;3204
17;2025-12-07;18;2823
17;2025-12-07;19;2288
17;2025-12-07;20;1758
17;2025-12-07;21;1268
17;2025-12-07;22;818
17;2025-12-07;23;350
17;2025-12-08;0;108
17;2025-12-08;1;13
17;2025-12-08;2;0
17;2025-12-08;3;0
17;2025-12-08;4;27
17;2025-12-08;5;319
17;2025-12-08;6;1592
17;2025-12-08;7;4266
17;2025-12-08;8;5617
17;2025-12-08;9;3912
17;2025-12-08;10;3007
17;2025-12-08;11;2954
17;2025-12-08;12;3012
17;2025-12-08;13;3056
17;2025-12-08;14;3080
17;2025-12-08;15;3323
17;2025-12-08;16;3746
17;2025-12-08;17;4599
17;2025-12-08;18;5163
17;2025-12-08;19;3642
17;2025-12-08;20;2432
17;2025-12-08;21;1455
17;2025-12-08;22;800
17;2025-12-08;23;343
17;2025-12-09;0;109
17;2025-12-09;1;10
17;2025-12-09;2;0
17;2025-12-09;3;0
17;2025-12-09;4;27
17;2025-12-09;5;317
17;2025-12-09;6;1634
17;2025-12-09;7;4365
17;2025-12-09;8;5732
17;2025-12-09;9;4038
17;2025-12-09;10;3121
17;2025-12-09;11;3016
17;2025-12-09;12;3108
17;2025-12-09;13;3127
17;2025-12-09;14;3277
17;2025-12-09;15;3365
17;2025-12-09;16;3747
17;2025-12-09;17;4728
17;2025-12-09;18;5203
17;2025-12-09;19;3701
17;2025-12-09;20;2523
17;2025-12-09;21;1528
17;2025-12-09;22;817
17;2025-12-09;23;373
17;2025-12-10;0;125
17;2025-12-10;1;9
17;2025-12-10;2;0
17;2025-12-10;3;0
17;2025-12-10;4;27
17;2025-12-10;5;329
17;2025-12-10;6;1538
17;2025-12-10;7;4061
17;2025-12-10;8;5309
17;2025-12-10;9;3766
17;2025-12-10;10;2985
17;2025-12-10;11;2944
17;2025-12-10;12;2990
17;2025-12-10;13;3038
17;2025-12-10;14;3108
17;2025-12-10;15;3280
17;2025-12-10;16;3639
17;2025-12-10;17;4471
17;2025-12-10;18;4916
17;2025-12-10;19;3490
17;2025-12-10;20;2392
17;2025-12-10;21;1498
17;2025-12-10;22;821
17;2025-12-10;23;388
17;2025-12-11;0;141
17;2025-12-11;1;10
17;2025-12-11;2;0
17;2025-12-11;3;0
17;2025-12-11;4;26
17;2025-12-11;5;325
17;2025-12-11;6;1516
17;2025-12-11;7;3970
17;2025-12-11;8;5225
17;2025-12-11;9;3697
17;2025-12-11;10;2931
17;2025-12-11;11;2865
17;2025-12-11;12;2974
17;2025-12-11;13;3016
17;2025-12-11;14;3050
17;2025-12-11;15;3190
17;2025-12-11;16;3614
17;2025-12-11;17;4398
17;2025-12-11;18;4844
17;2025-12-11;19;3409
17;2025-12-11;20;2364
17;2025-12-11;21;1483
17;2025-12-11;22;814
17;2025-12-11;23;388
17;2025-12-12;0;142
17;2025-12-12;1;15
17;2025-12-12;2;0
17;2025-12-12;3;0
17;2025-12-12;4;26
17;2025-12-12;5;312
17;2025-12-12;6;1473
17;2025-12-12;7;3910
17;2025-12-12;8;5035
17;2025-12-12;9;3551
17;2025-12-12;10;2846
17;2025-12-12;11;2880
17;2025-12-12;12;2917
17;2025-12-12;13;3000
17;2025-12-12;14;3074
17;2025-12-12;15;3410
17;2025-12-12;16;4013
17;2025-12-12;17;4444
17;2025-12-12;18;4235
17;2025-12-12;19;3142
17;2025-12-12;20;2266
17;2025-12-12;21;1510
17;2025-12-12;22;869
17;2025-12-12;23;442
17;2025-12-13;0;193
17;2025-12-13;1;25
17;2025-12-13;2;0
17;2025-12-13;3;0
17;2025-12-13;4;5
17;2025-12-13;5;130
17;2025-12-13;6;542
17;2025-12-13;7;1148
17;2025-12-13;8;1663
17;2025-12-13;9;2115
17;2025-12-13;10;2337
17;2025-12-13;11;2787
17;2025-12-13;12;3110
17;2025-12-13;13;3265
17;2025-12-13;14;3299
17;2025-12-13;15;3338
17;2025-12-13;16;3310
17;2025-12-13;17;3140
17;2025-12-13;18;2898
17;2025-12-13;19;2362
17;2025-12-13;20;1829
17;2025-12-13;21;1335
17;2025-12-13;22;862
17;2025-12-13;23;434
17;2025-12-14;0;180
17;2025-12-14;1;24
17;2025-12-14;2;0
17;2025-12-14;3;0
17;2025-12-14;4;4
17;2025-12-14;5;111
17;2025-12-14;6;445
17;2025-12-14;7;828
17;2025-12-14;8;1270
17;2025-12-14;9;1732
17;2025-12-14;10;2003
17;2025-12-14;11;2523
17;2025-12-14;12;2945
17;2025-12-14;13;3199
17;2025-12-14;14;3289
17;2025-12-14;15;3341
17;2025-12-14;16;3288
17;2025-12-14;17;3147
17;2025-12-14;18;2772
17;2025-12-14;19;2247
17;2025-12-14;20;1727
17;2025-12-14;21;1245
17;2025-12-14;22;803
17;2025-12-14;23;343
17;2025-12-15;0;108
17;2025-12-15;1;13
17;2025-12-15;2;0
17;2025-12-15;3;0
17;2025-12-15;4;27
17;2025-12-15;5;319
17;2025-12-15;6;1585
17;2025-12-15;7;4247
17;2025-12-15;8;5591
17;2025-12-15;9;3894
17;2025-12-15;10;2994
17;2025-12-15;11;2940
17;2025-12-15;12;2998
17;2025-12-15;13;3042
17;2025-12-15;14;3066
17;2025-12-15;15;3308
17;2025-12-15;16;3729
17;2025-12-15;17;4578
17;2025-12-15;18;5140
17;2025-12-15;19;3625
17;2025-12-15;20;2421
17;2025-12-15;21;1449
17;2025-12-15;22;796
17;2025-12-15;23;342
17;2025-12-16;0;109
17;2025-12-16;1;10
17;2025-12-16;2;0
17;2025-12-16;3;0
17;2025-12-16;4;27
17;2025-12-16;5;317
17;2025-12-16;6;1602
17;2025-12-16;7;4278
17;2025-12-16;8;5619
17;2025-12-16;9;3958
17;2025-12-16;10;3059
17;2025-12-16;11;2957
17;2025-12-16;12;3047
17;2025-12-16;13;3065
17;2025-12-16;14;3212
17;2025-12-16;15;3299
17;2025-12-16;16;3673
17;2025-12-16;17;4634
17;2025-12-16;18;5100
17;2025-12-16;19;3628
17;2025-12-16;20;2473
17;2025-12-16;21;1498
17;2025-12-16;22;801
17;2025-12-16;23;366
17;2025-12-17;0;125
17;2025-12-17;1;9
17;2025-12-17;2;0
17;2025-12-17;3;0
17;2025-12-17;4;27
17;2025-12-17;5;329
17;2025-12-17;6;1600
17;2025-12-17;7;4224
17;2025-12-17;8;5523
17;2025-12-17;9;3918
17;2025-12-17;10;3105
17;2025-12-17;11;3062
17;2025-12-17;12;3110
17;2025-12-17;13;3161
17;2025-12-17;14;3233
17;2025-12-17;15;3412
17;2025-12-17;16;3785
17;2025-12-17;17;4651
17;2025-12-17;18;5114
17;2025-12-17;19;3631
17;2025-12-17;20;2489
17;2025-12-17;21;1558
17;2025-12-17;22;854
17;2025-12-17;23;403
17;2025-12-18;0;141
17;2025-12-18;1;10
17;2025-12-18;2;0
17;2025-12-18;3;0
17;2025-12-18;4;26
17;2025-12-18;5;325
17;2025-12-18;6;1610
17;2025-12-18;7;4217
17;2025-12-18;8;5550
17;2025-12-18;9;3927
17;2025-12-18;10;3113
17;2025-12-18;11;3043
17;2025-12-18;12;3159
17;2025-12-18;13;3204
17;2025-12-18;14;3240
17;2025-12-18;15;3388
17;2025-12-18;16;3839
17;2025-12-18;17;4672
17;2025-12-18;18;5146
17;2025-12-18;19;3621
17;2025-12-18;20;2512
17;2025-12-18;21;1575
17;2025-12-18;22;865
17;2025-12-18;23;412
17;2025-12-19;0;142
17;2025-12-19;1;15
17;2025-12-19;2;0
17;2025-12-19;3;0
17;2025-12-19;4;26
17;2025-12-19;5;312
17;2025-12-19;6;1547
17;2025-12-19;7;4108
17;2025-12-19;8;5289
17;2025-12-19;9;3730
17;2025-12-19;10;2989
17;2025-12-19;11;3026
17;2025-12-19;12;3064
17;2025-12-19;13;3152
17;2025-12-19;14;3229
17;2025-12-19;15;3582
17;2025-12-19;16;4216
17;2025-12-19;17;4668
17;2025-12-19;18;4448
17;2025-12-19;19;3300
17;2025-12-19;20;2381
17;2025-12-19;21;1586
17;2025-12-19;22;913
17;2025-12-19;23;464
17;2025-12-20;0;193
17;2025-12-20;1;25
17;2025-12-20;2;0
17;2025-12-20;3;0
17;2025-12-20;4;5
17;2025-12-20;5;130
17;2025-12-20;6;554
17;2025-12-20;7;1173
17;2025-12-20;8;1701
17;2025-12-20;9;2162
17;2025-12-20;10;2389
17;2025-12-20;11;2849
17;2025-12-20;12;3180
17;2025-12-20;13;3338
17;2025-12-20;14;3373
17;2025-12-20;15;3412
17;2025-12-20;16;3384
17;2025-12-20;17;3210
17;2025-12-20;18;2962
17;2025-12-20;19;2415
17;2025-12-20;20;1870
17;2025-12-20;21;1365
17;2025-12-20;22;882
17;2025-12-20;23;444
17;2025-12-21;0;180
17;2025-12-21;1;24
17;2025-12-21;2;0
17;2025-12-21;3;0
17;2025-12-21;4;4
17;2025-12-21;5;111
17;2025-12-21;6;447
17;2025-12-21;7;831
17;2025-12-21;8;1274
17;2025-12-21;9;1737
17;2025-12-21;10;2010
17;2025-12-21;11;2531
17;2025-12-21;12;2954
17;2025-12-21;13;3209
17;2025-12-21;14;3299
17;2025-12-21;15;3351
17;2025-12-21;16;3298
17;2025-12-21;17;3157
17;2025-12-21;18;2781
17;2025-12-21;19;2254
17;2025-12-21;20;1732
17;2025-12-21;21;1249
17;2025-12-21;22;806
17;2025-12-21;23;344
17;2025-12-22;0;108
17;2025-12-22;1;13
17;2025-12-22;2;0
17;2025-12-22;3;0
17;2025-12-22;4;27
17;2025-12-22;5;319
17;2025-12-22;6;1535
17;2025-12-22;7;4113
17;2025-12-22;8;5415
17;2025-12-22;9;3771
17;2025-12-22;10;2899
17;2025-12-22;11;2847
17;2025-12-22;12;2903
17;2025-12-22;13;2946
17;2025-12-22;14;2970
17;2025-12-22;15;3204
17;2025-12-22;16;3611
17;2025-12-22;17;4433
17;2025-12-22;18;4978
17;2025-12-22;19;3511
17;2025-12-22;20;2345
17;2025-12-22;21;1403
17;2025-12-22;22;771
17;2025-12-22;23;331
17;2025-12-23;0;109
17;2025-12-23;1;10
17;2025-12-23;2;0
17;2025-12-23;3;0
17;2025-12-23;4;27
17;2025-12-23;5;317
17;2025-12-23;6;1652
17;2025-12-23;7;4413
17;2025-12-23;8;5796
17;2025-12-23;9;4082
17;2025-12-23;10;3155
17;2025-12-23;11;3050
17;2025-12-23;12;3143
17;2025-12-23;13;3162
17;2025-12-23;14;3314
17;2025-12-23;15;3403
17;2025-12-23;16;3788
17;2025-12-23;17;4780
17;2025-12-23;18;5260
17;2025-12-23;19;3742
17;2025-12-23;20;2551
17;2025-12-23;21;1545
17;2025-12-23;22;826
17;2025-12-23;23;377
17;2025-12-24;0;125
17;2025-12-24;1;9
17;2025-12-24;2;0
17;2025-12-24;3;0
17;2025-12-24;4;27
17;2025-12-24;5;329
17;2025-12-24;6;1572
17;2025-12-24;7;4150
17;2025-12-24;8;5426
17;2025-12-24;9;3849
17;2025-12-24;10;3051
17;2025-12-24;11;3009
17;2025-12-24;12;3056
17;2025-12-24;13;3105
17;2025-12-24;14;3176
17;2025-12-24;15;3353
17;2025-12-24;16;3719
17;2025-12-24;17;4570
17;2025-12-24;18;5025
17;2025-12-24;19;3567
17;2025-12-24;20;2445
17;2025-12-24;21;1531
17;2025-12-24;22;839
17;2025-12-24;23;396
17;2025-12-25;0;141
17;2025-12-25;1;10
17;2025-12-25;2;0
17;2025-12-25;3;0
17;2025-12-25;4;26
17;2025-12-25;5;325
17;2025-12-25;6;1522
17;2025-12-25;7;3986
17;2025-12-25;8;5246
17;2025-12-25;9;3712
17;2025-12-25;10;2943
17;2025-12-25;11;2876
17;2025-12-25;12;2986
17;2025-12-25;13;3028
17;2025-12-25;14;3062
17;2025-12-25;15;3202
17;2025-12-25;16;3628
17;2025-12-25;17;4416
17;2025-12-25;18;4864
17;2025-12-25;19;3422
17;2025-12-25;20;2374
17;2025-12-25;21;1489
17;2025-12-25;22;817
17;2025-12-25;23;389
17;2025-12-26;0;142
17;2025-12-26;1;15
17;2025-12-26;2;0
17;2025-12-26;3;0
17;2025-12-26;4;26
17;2025-12-26;5;312
17;2025-12-26;6;1429
17;2025-12-26;7;3794
17;2025-12-26;8;4885
17;2025-12-26;9;3446
17;2025-12-26;10;2761
17;2025-12-26;11;2795
17;2025-12-26;12;2830
17;2025-12-26;13;2911
17;2025-12-26;14;2982
17;2025-12-26;15;3309
17;2025-12-26;16;3894
17;2025-12-26;17;4312
17;2025-12-26;18;4109
17;2025-12-26;19;3048
17;2025-12-26;20;2199
17;2025-12-26;21;1465
17;2025-12-26;22;843
17;2025-12-26;23;429
17;2025-12-27;0;193
17;2025-12-27;1;25
17;2025-12-27;2;0
17;2025-12-27;3;0
17;2025-12-27;4;5
17;2025-12-27;5;130
17;2025-12-27;6;542
17;2025-12-27;7;1148
17;2025-12-27;8;1664
17;2025-12-27;9;2116
17;2025-12-27;10;2338
17;2025-12-27;11;2788
17;2025-12-27;12;3112
17;2025-12-27;13;3266
17;2025-12-27;14;3300
17;2025-12-27;15;3339
17;2025-12-27;16;3311
17;2025-12-27;17;3141
17;2025-12-27;18;2899
17;2025-12-27;19;2363
17;2025-12-27;20;1830
17;2025-12-27;21;1336
17;2025-12-27;22;863
17;2025-12-27;23;434
17;2025-12-28;0;180
17;2025-12-28;1;24
17;2025-12-28;2;0
17;2025-12-28;3;0
17;2025-12-28;4;4
17;2025-12-28;5;111
17;2025-12-28;6;432
17;2025-12-28;7;803
17;2025-12-28;8;1232
17;2025-12-28;9;1680
17;2025-12-28;10;1943
17;2025-12-28;11;2448
17;2025-12-28;12;2857
17;2025-12-28;13;3104
17;2025-12-28;14;3190
17;2025-12-28;15;3241
17;2025-12-28;16;3190
17;2025-12-28;17;3052
17;2025-12-28;18;2689
17;2025-12-28;19;2180
17;2025-12-28;20;1675
17;2025-12-28;21;1208
17;2025-12-28;22;779
17;2025-12-28;23;333
17;2025-12-29;0;108
17;2025-12-29;1;13
17;2025-12-29;2;0
17;2025-12-29;3;0
17;2025-12-29;4;27
17;2025-12-29;5;319
17;2025-12-29;6;1527
17;2025-12-29;7;4090
17;2025-12-29;8;5385
17;2025-12-29;9;3751
17;2025-12-29;10;2883
17;2025-12-29;11;2832
17;2025-12-29;12;2887
17;2025-12-29;13;2930
17;2025-12-29;14;2953
17;2025-12-29;15;3186
17;2025-12-29;16;3592
17;2025-12-29;17;4409
17;2025-12-29;18;4950
17;2025-12-29;19;3491
17;2025-12-29;20;2332
17;2025-12-29;21;1395
17;2025-12-29;22;767
17;2025-12-29;23;329
17;2025-12-30;0;109
17;2025-12-30;1;10
17;2025-12-30;2;0
17;2025-12-30;3;0
17;2025-12-30;4;27
17;2025-12-30;5;317
17;2025-12-30;6;1552
17;2025-12-30;7;4146
17;2025-12-30;8;5444
17;2025-12-30;9;3835
17;2025-12-30;10;2964
17;2025-12-30;11;2865
17;2025-12-30;12;2952
17;2025-12-30;13;2970
17;2025-12-30;14;3113
17;2025-12-30;15;3196
17;2025-12-30;16;3559
17;2025-12-30;17;4490
17;2025-12-30;18;4941
17;2025-12-30;19;3515
17;2025-12-30;20;2396
17;2025-12-30;21;1451
17;2025-12-30;22;776
17;2025-12-30;23;354
17;2025-12-31;0;176
17;2025-12-31;1;23
17;2025-12-31;2;0
17;2025-12-31;3;0
17;2025-12-31;4;4
17;2025-12-31;5;108
17;2025-12-31;6;437
17;2025-12-31;7;812
17;2025-12-31;8;1246
17;2025-12-31;9;1699
17;2025-12-31;10;1965
17;2025-12-31;11;2475
17;2025-12-31;12;2889
17;2025-12-31;13;3138
17;2025-12-31;14;3226
17;2025-12-31;15;3277
17;2025-12-31;16;3225
17;2025-12-31;17;3086
17;2025-12-31;18;2719
17;2025-12-31;19;2204
17;2025-12-31;20;1694
17;2025-12-31;21;1221
17;2025-12-31;22;788
17;2025-12-31;23;337
25;2025-11-01;0;0
25;2025-11-01;1;0
25;2025-11-01;2;0
25;2025-11-01;3;0
25;2025-11-01;4;0
25;2025-11-01;5;5
25;2025-11-01;6;184
25;2025-11-01;7;560
25;2025-11-01;8;887
25;2025-11-01;9;458
25;2025-11-01;10;372
25;2025-11-01;11;443
25;2025-11-01;12;438
25;2025-11-01;13;542
25;2025-11-01;14;513
25;2025-11-01;15;618
25;2025-11-01;16;779
25;2025-11-01;17;792
25;2025-11-01;18;693
25;2025-11-01;19;497
25;2025-11-01;20;322
25;2025-11-01;21;220
25;2025-11-01;22;137
25;2025-11-01;23;9
25;2025-11-02;0;14
25;2025-11-02;1;0
25;2025-11-02;2;0
25;2025-11-02;3;0
25;2025-11-02;4;0
25;2025-11-02;5;2
25;2025-11-02;6;54
25;2025-11-02;7;107
25;2025-11-02;8;200
25;2025-11-02;9;231
25;2025-11-02;10;236
25;2025-11-02;11;300
25;2025-11-02;12;365
25;2025-11-02;13;477
25;2025-11-02;14;517
25;2025-11-02;15;614
25;2025-11-02;16;540
25;2025-11-02;17;499
25;2025-11-02;18;460
25;2025-11-02;19;377
25;2025-11-02;20;261
25;2025-11-02;21;215
25;2025-11-02;22;128
25;2025-11-02;23;44
25;2025-11-03;0;14
25;2025-11-03;1;0
25;2025-11-03;2;0
25;2025-11-03;3;0
25;2025-11-03;4;0
25;2025-11-03;5;2
25;2025-11-03;6;51
25;2025-11-03;7;103
25;2025-11-03;8;192
25;2025-11-03;9;222
25;2025-11-03;10;227
25;2025-11-03;11;289
25;2025-11-03;12;351
25;2025-11-03;13;458
25;2025-11-03;14;497
25;2025-11-03;15;590
25;2025-11-03;16;518
25;2025-11-03;17;480
25;2025-11-03;18;442
25;2025-11-03;19;362
25;2025-11-03;20;251
25;2025-11-03;21;206
25;2025-11-03;22;123
25;2025-11-03;23;42
25;2025-11-04;0;14
25;2025-11-04;1;0
25;2025-11-04;2;0
25;2025-11-04;3;0
25;2025-11-04;4;0
25;2025-11-04;5;2
25;2025-11-04;6;53
25;2025-11-04;7;106
25;2025-11-04;8;197
25;2025-11-04;9;227
25;2025-11-04;10;232
25;2025-11-04;11;296
25;2025-11-04;12;359
25;2025-11-04;13;470
25;2025-11-04;14;509
25;2025-11-04;15;605
25;2025-11-04;16;531
25;2025-11-04;17;492
25;2025-11-04;18;452
25;2025-11-04;19;371
25;2025-11-04;20;257
25;2025-11-04;21;211
25;2025-11-04;22;126
25;2025-11-04;23;43
25;2025-11-05;0;0
25;2025-11-05;1;0
25;2025-11-05;2;0
25;2025-11-05;3;0
25;2025-11-05;4;0
25;2025-11-05;5;6
25;2025-11-05;6;178
25;2025-11-05;7;579
25;2025-11-05;8;971
25;2025-11-05;9;504
25;2025-11-05;10;387
25;2025-11-05;11;452
25;2025-11-05;12;449
25;2025-11-05;13;578
25;2025-11-05;14;484
25;2025-11-05;15;569
25;2025-11-05;16;702
25;2025-11-05;17;815
25;2025-11-05;18;877
25;2025-11-05;19;561
25;2025-11-05;20;366
25;2025-11-05;21;229
25;2025-11-05;22;123
25;2025-11-05;23;7
25;2025-11-06;0;0
25;2025-11-06;1;0
25;2025-11-06;2;0
25;2025-11-06;3;0
25;2025-11-06;4;0
25;2025-11-06;5;6
25;2025-11-06;6;176
25;2025-11-06;7;561
25;2025-11-06;8;973
25;2025-11-06;9;488
25;2025-11-06;10;385
25;2025-11-06;11;420
25;2025-11-06;12;420
25;2025-11-06;13;544
25;2025-11-06;14;507
25;2025-11-06;15;566
25;2025-11-06;16;698
25;2025-11-06;17;775
25;2025-11-06;18;808
25;2025-11-06;19;543
25;2025-11-06;20;319
25;2025-11-06;21;217
25;2025-11-06;22;127
25;2025-11-06;23;6
25;2025-11-07;0;0
25;2025-11-07;1;0
25;2025-11-07;2;0
25;2025-11-07;3;0
25;2025-11-07;4;0
25;2025-11-07;5;5
25;2025-11-07;6;182
25;2025-11-07;7;555
25;2025-11-07;8;879
25;2025-11-07;9;453
25;2025-11-07;10;368
25;2025-11-07;11;439
25;2025-11-07;12;434
25;2025-11-07;13;537
25;2025-11-07;14;508
25;2025-11-07;15;612
25;2025-11-07;16;771
25;2025-11-07;17;784
25;2025-11-07;18;686
25;2025-11-07;19;493
25;2025-11-07;20;319
25;2025-11-07;21;218
25;2025-11-07;22;135
25;2025-11-07;23;9
25;2025-11-08;0;0
25;2025-11-08;1;0
25;2025-11-08;2;0
25;2025-11-08;3;0
25;2025-11-08;4;0
25;2025-11-08;5;3
25;2025-11-08;6;64
25;2025-11-08;7;147
25;2025-11-08;8;333
25;2025-11-08;9;317
25;2025-11-08;10;313
25;2025-11-08;11;398
25;2025-11-08;12;413
25;2025-11-08;13;593
25;2025-11-08;14;599
25;2025-11-08;15;695
25;2025-11-08;16;605
25;2025-11-08;17;533
25;2025-11-08;18;509
25;2025-11-08;19;444
25;2025-11-08;20;284
25;2025-11-08;21;230
25;2025-11-08;22;145
25;2025-11-08;23;55
25;2025-11-09;0;14
25;2025-11-09;1;0
25;2025-11-09;2;0
25;2025-11-09;3;0
25;2025-11-09;4;0
25;2025-11-09;5;2
25;2025-11-09;6;54
25;2025-11-09;7;108
25;2025-11-09;8;201
25;2025-11-09;9;232
25;2025-11-09;10;237
25;2025-11-09;11;301
25;2025-11-09;12;366
25;2025-11-09;13;479
25;2025-11-09;14;519
25;2025-11-09;15;616
25;2025-11-09;16;542
25;2025-11-09;17;501
25;2025-11-09;18;461
25;2025-11-09;19;378
25;2025-11-09;20;262
25;2025-11-09;21;215
25;2025-11-09;22;128
25;2025-11-09;23;44
25;2025-11-10;0;9
25;2025-11-10;1;0
25;2025-11-10;2;0
25;2025-11-10;3;0
25;2025-11-10;4;0
25;2025-11-10;5;4
25;2025-11-10;6;186
25;2025-11-10;7;576
25;2025-11-10;8;1024
25;2025-11-10;9;525
25;2025-11-10;10;360
25;2025-11-10;11;413
25;2025-11-10;12;409
25;2025-11-10;13;560
25;2025-11-10;14;454
25;2025-11-10;15;543
25;2025-11-10;16;727
25;2025-11-10;17;771
25;2025-11-10;18;894
25;2025-11-10;19;557
25;2025-11-10;20;328
25;2025-11-10;21;222
25;2025-11-10;22;111
25;2025-11-10;23;8
25;2025-11-11;0;0
25;2025-11-11;1;0
25;2025-11-11;2;0
25;2025-11-11;3;0
25;2025-11-11;4;0
25;2025-11-11;5;5
25;2025-11-11;6;188
25;2025-11-11;7;617
25;2025-11-11;8;1019
25;2025-11-11;9;543
25;2025-11-11;10;410
25;2025-11-11;11;484
25;2025-11-11;12;435
25;2025-11-11;13;529
25;2025-11-11;14;489
25;2025-11-11;15;590
25;2025-11-11;16;746
25;2025-11-11;17;793
25;2025-11-11;18;843
25;2025-11-11;19;585
25;2025-11-11;20;362
25;2025-11-11;21;229
25;2025-11-11;22;125
25;2025-11-11;23;7
25;2025-11-12;0;0
25;2025-11-12;1;0
25;2025-11-12;2;0
25;2025-11-12;3;0
25;2025-11-12;4;0
25;2025-11-12;5;6
25;2025-11-12;6;174
25;2025-11-12;7;564
25;2025-11-12;8;946
25;2025-11-12;9;491
25;2025-11-12;10;377
25;2025-11-12;11;441
25;2025-11-12;12;438
25;2025-11-12;13;563
25;2025-11-12;14;472
25;2025-11-12;15;554
25;2025-11-12;16;684
25;2025-11-12;17;794
25;2025-11-12;18;855
25;2025-11-12;19;546
25;2025-11-12;20;356
25;2025-11-12;21;223
25;2025-11-12;22;120
25;2025-11-12;23;6
25;2025-11-13;0;0
25;2025-11-13;1;0
25;2025-11-13;2;0
25;2025-11-13;3;0
25;2025-11-13;4;0
25;2025-11-13;5;6
25;2025-11-13;6;182
25;2025-11-13;7;579
25;2025-11-13;8;1004
25;2025-11-13;9;504
25;2025-11-13;10;397
25;2025-11-13;11;433
25;2025-11-13;12;434
25;2025-11-13;13;562
25;2025-11-13;14;523
25;2025-11-13;15;584
25;2025-11-13;16;720
25;2025-11-13;17;799
25;2025-11-13;18;834
25;2025-11-13;19;560
25;2025-11-13;20;329
25;2025-11-13;21;224
25;2025-11-13;22;131
25;2025-11-13;23;6
25;2025-11-14;0;0
25;2025-11-14;1;0
25;2025-11-14;2;0
25;2025-11-14;3;0
25;2025-11-14;4;0
25;2025-11-14;5;5
25;2025-11-14;6;186
25;2025-11-14;7;566
25;2025-11-14;8;896
25;2025-11-14;9;462
25;2025-11-14;10;376
25;2025-11-14;11;448
25;2025-11-14;12;442
25;2025-11-14;13;548
25;2025-11-14;14;518
25;2025-11-14;15;625
25;2025-11-14;16;787
25;2025-11-14;17;800
25;2025-11-14;18;700
25;2025-11-14;19;502
25;2025-11-14;20;325
25;2025-11-14;21;223
25;2025-11-14;22;138
25;2025-11-14;23;9
25;2025-11-15;0;0
25;2025-11-15;1;0
25;2025-11-15;2;0
25;2025-11-15;3;0
25;2025-11-15;4;0
25;2025-11-15;5;3
25;2025-11-15;6;58
25;2025-11-15;7;134
25;2025-11-15;8;304
25;2025-11-15;9;290
25;2025-11-15;10;285
25;2025-11-15;11;363
25;2025-11-15;12;377
25;2025-11-15;13;541
25;2025-11-15;14;547
25;2025-11-15;15;635
25;2025-11-15;16;552
25;2025-11-15;17;487
25;2025-11-15;18;465
25;2025-11-15;19;406
25;2025-11-15;20;259
25;2025-11-15;21;210
25;2025-11-15;22;132
25;2025-11-15;23;50
25;2025-11-16;0;14
25;2025-11-16;1;0
25;2025-11-16;2;0
25;2025-11-16;3;0
25;2025-11-16;4;0
25;2025-11-16;5;2
25;2025-11-16;6;54
25;2025-11-16;7;107
25;2025-11-16;8;200
25;2025-11-16;9;231
25;2025-11-16;10;237
25;2025-11-16;11;301
25;2025-11-16;12;366
25;2025-11-16;13;478
25;2025-11-16;14;518
25;2025-11-16;15;616
25;2025-11-16;16;541
25;2025-11-16;17;501
25;2025-11-16;18;461
25;2025-11-16;19;377
25;2025-11-16;20;262
25;2025-11-16;21;215
25;2025-11-16;22;128
25;2025-11-16;23;44
25;2025-11-17;0;9
25;2025-11-17;1;0
25;2025-11-17;2;0
25;2025-11-17;3;0
25;2025-11-17;4;0
25;2025-11-17;5;4
25;2025-11-17;6;177
25;2025-11-17;7;548
25;2025-11-17;8;974
25;2025-11-17;9;499
25;2025-11-17;10;342
25;2025-11-17;11;392
25;2025-11-17;12;389
25;2025-11-17;13;533
25;2025-11-17;14;431
25;2025-11-17;15;516
25;2025-11-17;16;691
25;2025-11-17;17;733
25;2025-11-17;18;850
25;2025-11-17;19;530
25;2025-11-17;20;312
25;2025-11-17;21;212
25;2025-11-17;22;105
25;2025-11-17;23;7
25;2025-11-18;0;0
25;2025-11-18;1;0
25;2025-11-18;2;0
25;2025-11-18;3;0
25;2025-11-18;4;0
25;2025-11-18;5;5
25;2025-11-18;6;172
25;2025-11-18;7;565
25;2025-11-18;8;933
25;2025-11-18;9;497
25;2025-11-18;10;376
25;2025-11-18;11;443
25;2025-11-18;12;398
25;2025-11-18;13;485
25;2025-11-18;14;448
25;2025-11-18;15;540
25;2025-11-18;16;683
25;2025-11-18;17;726
25;2025-11-18;18;771
25;2025-11-18;19;535
25;2025-11-18;20;331
25;2025-11-18;21;210
25;2025-11-18;22;114
25;2025-11-18;23;7
25;2025-11-19;0;0
25;2025-11-19;1;0
25;2025-11-19;2;0
25;2025-11-19;3;0
25;2025-11-19;4;0
25;2025-11-19;5;6
25;2025-11-19;6;178
25;2025-11-19;7;579
25;2025-11-19;8;970
25;2025-11-19;9;503
25;2025-11-19;10;386
25;2025-11-19;11;452
25;2025-11-19;12;449
25;2025-11-19;13;577
25;2025-11-19;14;484
25;2025-11-19;15;568
25;2025-11-19;16;701
25;2025-11-19;17;814
25;2025-11-19;18;877
25;2025-11-19;19;560
25;2025-11-19;20;365
25;2025-11-19;21;229
25;2025-11-19;22;123
25;2025-11-19;23;7
25;2025-11-20;0;0
25;2025-11-20;1;0
25;2025-11-20;2;0
25;2025-11-20;3;0
25;2025-11-20;4;0
25;2025-11-20;5;6
25;2025-11-20;6;182
25;2025-11-20;7;580
25;2025-11-20;8;1007
25;2025-11-20;9;505
25;2025-11-20;10;398
25;2025-11-20;11;434
25;2025-11-20;12;435
25;2025-11-20;13;563
25;2025-11-20;14;525
25;2025-11-20;15;586
25;2025-11-20;16;722
25;2025-11-20;17;802
25;2025-11-20;18;836
25;2025-11-20;19;562
25;2025-11-20;20;330
25;2025-11-20;21;224
25;2025-11-20;22;131
25;2025-11-20;23;7
25;2025-11-21;0;0
25;2025-11-21;1;0
25;2025-11-21;2;0
25;2025-11-21;3;0
25;2025-11-21;4;0
25;2025-11-21;5;5
25;2025-11-21;6;185
25;2025-11-21;7;564
25;2025-11-21;8;893
25;2025-11-21;9;461
25;2025-11-21;10;375
25;2025-11-21;11;446
25;2025-11-21;12;441
25;2025-11-21;13;546
25;2025-11-21;14;517
25;2025-11-21;15;623
25;2025-11-21;16;784
25;2025-11-21;17;798
25;2025-11-21;18;698
25;2025-11-21;19;501
25;2025-11-21;20;324
25;2025-11-21;21;222
25;2025-11-21;22;138
25;2025-11-21;23;9
25;2025-11-22;0;0
25;2025-11-22;1;0
25;2025-11-22;2;0
25;2025-11-22;3;0
25;2025-11-22;4;0
25;2025-11-22;5;3
25;2025-11-22;6;60
25;2025-11-22;7;139
25;2025-11-22;8;315
25;2025-11-22;9;299
25;2025-11-22;10;295
25;2025-11-22;11;376
25;2025-11-22;12;390
25;2025-11-22;13;559
25;2025-11-22;14;566
25;2025-11-22;15;656
25;2025-11-22;16;571
25;2025-11-22;17;503
25;2025-11-22;18;481
25;2025-11-22;19;419
25;2025-11-22;20;268
25;2025-11-22;21;217
25;2025-11-22;22;137
25;2025-11-22;23;52
25;2025-11-23;0;14
25;2025-11-23;1;0
25;2025-11-23;2;0
25;2025-11-23;3;0
25;2025-11-23;4;0
25;2025-11-23;5;2
25;2025-11-23;6;53
25;2025-11-23;7;107
25;2025-11-23;8;200
25;2025-11-23;9;231
25;2025-11-23;10;236
25;2025-11-23;11;300
25;2025-11-23;12;365
25;2025-11-23;13;477
25;2025-11-23;14;516
25;2025-11-23;15;614
25;2025-11-23;16;539
25;2025-11-23;17;499
25;2025-11-23;18;459
25;2025-11-23;19;376
25;2025-11-23;20;261
25;2025-11-23;21;215
25;2025-11-23;22;128
25;2025-11-23;23;44
25;2025-11-24;0;9
25;2025-11-24;1;0
25;2025-11-24;2;0
25;2025-11-24;3;0
25;2025-11-24;4;0
25;2025-11-24;5;4
25;2025-11-24;6;170
25;2025-11-24;7;526
25;2025-11-24;8;936
25;2025-11-24;9;479
25;2025-11-24;10;329
25;2025-11-24;11;377
25;2025-11-24;12;374
25;2025-11-24;13;512
25;2025-11-24;14;415
25;2025-11-24;15;496
25;2025-11-24;16;664
25;2025-11-24;17;705
25;2025-11-24;18;817
25;2025-11-24;19;509
25;2025-11-24;20;300
25;2025-11-24;21;203
25;2025-11-24;22;101
25;2025-11-24;23;7
25;2025-11-25;0;0
25;2025-11-25;1;0
25;2025-11-25;2;0
25;2025-11-25;3;0
25;2025-11-25;4;0
25;2025-11-25;5;5
25;2025-11-25;6;188
25;2025-11-25;7;617
25;2025-11-25;8;1018
25;2025-11-25;9;543
25;2025-11-25;10;410
25;2025-11-25;11;484
25;2025-11-25;12;435
25;2025-11-25;13;529
25;2025-11-25;14;489
25;2025-11-25;15;589
25;2025-11-25;16;746
25;2025-11-25;17;793
25;2025-11-25;18;842
25;2025-11-25;19;584
25;2025-11-25;20;362
25;2025-11-25;21;229
25;2025-11-25;22;125
25;2025-11-25;23;7
25;2025-11-26;0;0
25;2025-11-26;1;0
25;2025-11-26;2;0
25;2025-11-26;3;0
25;2025-11-26;4;0
25;2025-11-26;5;6
25;2025-11-26;6;165
25;2025-11-26;7;536
25;2025-11-26;8;898
25;2025-11-26;9;466
25;2025-11-26;10;358
25;2025-11-26;11;418
25;2025-11-26;12;416
25;2025-11-26;13;534
25;2025-11-26;14;448
25;2025-11-26;15;526
25;2025-11-26;16;649
25;2025-11-26;17;753
25;2025-11-26;18;811
25;2025-11-26;19;519
25;2025-11-26;20;338
25;2025-11-26;21;212
25;2025-11-26;22;114
25;2025-11-26;23;6
25;2025-11-27;0;0
25;2025-11-27;1;0
25;2025-11-27;2;0
25;2025-11-27;3;0
25;2025-11-27;4;0
25;2025-11-27;5;6
25;2025-11-27;6;169
25;2025-11-27;7;540
25;2025-11-27;8;936
25;2025-11-27;9;470
25;2025-11-27;10;370
25;2025-11-27;11;404
25;2025-11-27;12;405
25;2025-11-27;13;524
25;2025-11-27;14;488
25;2025-11-27;15;545
25;2025-11-27;16;672
25;2025-11-27;17;746
25;2025-11-27;18;778
25;2025-11-27;19;523
25;2025-11-27;20;307
25;2025-11-27;21;209
25;2025-11-27;22;122
25;2025-11-27;23;6
25;2025-11-28;0;0
25;2025-11-28;1;0
25;2025-11-28;2;0
25;2025-11-28;3;0
25;2025-11-28;4;0
25;2025-11-28;5;5
25;2025-11-28;6;178
25;2025-11-28;7;542
25;2025-11-28;8;859
25;2025-11-28;9;443
25;2025-11-28;10;360
25;2025-11-28;11;429
25;2025-11-28;12;424
25;2025-11-28;13;525
25;2025-11-28;14;497
25;2025-11-28;15;599
25;2025-11-28;16;754
25;2025-11-28;17;767
25;2025-11-28;18;671
25;2025-11-28;19;482
25;2025-11-28;20;312
25;2025-11-28;21;213
25;2025-11-28;22;132
25;2025-11-28;23;9
25;2025-11-29;0;0
25;2025-11-29;1;0
25;2025-11-29;2;0
25;2025-11-29;3;0
25;2025-11-29;4;0
25;2025-11-29;5;3
25;2025-11-29;6;64
25;2025-11-29;7;148
25;2025-11-29;8;335
25;2025-11-29;9;319
25;2025-11-29;10;314
25;2025-11-29;11;400
25;2025-11-29;12;415
25;2025-11-29;13;596
25;2025-11-29;14;603
25;2025-11-29;15;699
25;2025-11-29;16;608
25;2025-11-29;17;536
25;2025-11-29;18;512
25;2025-11-29;19;447
25;2025-11-29;20;285
25;2025-11-29;21;231
25;2025-11-29;22;146
25;2025-11-29;23;55
25;2025-11-30;0;14
25;2025-11-30;1;0
25;2025-11-30;2;0
25;2025-11-30;3;0
25;2025-11-30;4;0
25;2025-11-30;5;2
25;2025-11-30;6;53
25;2025-11-30;7;107
25;2025-11-30;8;199
25;2025-11-30;9;230
25;2025-11-30;10;235
25;2025-11-30;11;299
25;2025-11-30;12;364
25;2025-11-30;13;475
25;2025-11-30;14;515
25;2025-11-30;15;612
25;2025-11-30;16;538
25;2025-11-30;17;498
25;2025-11-30;18;458
25;2025-11-30;19;375
25;2025-11-30;20;260
25;2025-11-30;21;214
25;2025-11-30;22;127
25;2025-11-30;23;43
25;2025-12-01;0;9
25;2025-12-01;1;0
25;2025-12-01;2;0
25;2025-12-01;3;0
25;2025-12-01;4;0
25;2025-12-01;5;4
25;2025-12-01;6;186
25;2025-12-01;7;576
25;2025-12-01;8;1024
25;2025-12-01;9;524
25;2025-12-01;10;360
25;2025-12-01;11;412
25;2025-12-01;12;409
25;2025-12-01;13;560
25;2025-12-01;14;453
25;2025-12-01;15;542
25;2025-12-01;16;726
25;2025-12-01;17;771
25;2025-12-01;18;893
25;2025-12-01;19;557
25;2025-12-01;20;328
25;2025-12-01;21;222
25;2025-12-01;22;111
25;2025-12-01;23;8
25;2025-12-02;0;0
25;2025-12-02;1;0
25;2025-12-02;2;0
25;2025-12-02;3;0
25;2025-12-02;4;0
25;2025-12-02;5;5
25;2025-12-02;6;188
25;2025-12-02;7;617
25;2025-12-02;8;1018
25;2025-12-02;9;543
25;2025-12-02;10;410
25;2025-12-02;11;484
25;2025-12-02;12;435
25;2025-12-02;13;529
25;2025-12-02;14;489
25;2025-12-02;15;589
25;2025-12-02;16;746
25;2025-12-02;17;793
25;2025-12-02;18;842
25;2025-12-02;19;584
25;2025-12-02;20;362
25;2025-12-02;21;229
25;2025-12-02;22;125
25;2025-12-02;23;7
25;2025-12-03;0;0
25;2025-12-03;1;0
25;2025-12-03;2;0
25;2025-12-03;3;0
25;2025-12-03;4;0
25;2025-12-03;5;6
25;2025-12-03;6;178
25;2025-12-03;7;579
25;2025-12-03;8;970
25;2025-12-03;9;503
25;2025-12-03;10;386
25;2025-12-03;11;452
25;2025-12-03;12;449
25;2025-12-03;13;577
25;2025-12-03;14;484
25;2025-12-03;15;568
25;2025-12-03;16;701
25;2025-12-03;17;814
25;2025-12-03;18;877
25;2025-12-03;19;560
25;2025-12-03;20;365
25;2025-12-03;21;229
25;2025-12-03;22;123
25;2025-12-03;23;7
25;2025-12-04;0;0
25;2025-12-04;1;0
25;2025-12-04;2;0
25;2025-12-04;3;0
25;2025-12-04;4;0
25;2025-12-04;5;6
25;2025-12-04;6;182
25;2025-12-04;7;581
25;2025-12-04;8;1007
25;2025-12-04;9;505
25;2025-12-04;10;398
25;2025-12-04;11;435
25;2025-12-04;12;435
25;2025-12-04;13;564
25;2025-12-04;14;525
25;2025-12-04;15;586
25;2025-12-04;16;722
25;2025-12-04;17;802
25;2025-12-04;18;837
25;2025-12-04;19;562
25;2025-12-04;20;330
25;2025-12-04;21;225
25;2025-12-04;22;131
25;2025-12-04;23;7
25;2025-12-05;0;0
25;2025-12-05;1;0
25;2025-12-05;2;0
25;2025-12-05;3;0
25;2025-12-05;4;0
25;2025-12-05;5;5
25;2025-12-05;6;188
25;2025-12-05;7;574
25;2025-12-05;8;909
25;2025-12-05;9;469
25;2025-12-05;10;381
25;2025-12-05;11;454
25;2025-12-05;12;449
25;2025-12-05;13;556
25;2025-12-05;14;526
25;2025-12-05;15;634
25;2025-12-05;16;798
25;2025-12-05;17;812
25;2025-12-05;18;710
25;2025-12-05;19;510
25;2025-12-05;20;330
25;2025-12-05;21;226
25;2025-12-05;22;140
25;2025-12-05;23;9
25;2025-12-06;0;0
25;2025-12-06;1;0
25;2025-12-06;2;0
25;2025-12-06;3;0
25;2025-12-06;4;0
25;2025-12-06;5;3
25;2025-12-06;6;64
25;2025-12-06;7;148
25;2025-12-06;8;335
25;2025-12-06;9;319
25;2025-12-06;10;315
25;2025-12-06;11;400
25;2025-12-06;12;415
25;2025-12-06;13;596
25;2025-12-06;14;603
25;2025-12-06;15;699
25;2025-12-06;16;608
25;2025-12-06;17;536
25;2025-12-06;18;512
25;2025-12-06;19;447
25;2025-12-06;20;286
25;2025-12-06;21;231
25;2025-12-06;22;146
25;2025-12-06;23;55
25;2025-12-07;0;14
25;2025-12-07;1;0
25;2025-12-07;2;0
25;2025-12-07;3;0
25;2025-12-07;4;0
25;2025-12-07;5;2
25;2025-12-07;6;54
25;2025-12-07;7;107
25;2025-12-07;8;200
25;2025-12-07;9;232
25;2025-12-07;10;237
25;2025-12-07;11;301
25;2025-12-07;12;366
25;2025-12-07;13;479
25;2025-12-07;14;518
25;2025-12-07;15;616
25;2025-12-07;16;541
25;2025-12-07;17;501
25;2025-12-07;18;461
25;2025-12-07;19;378
25;2025-12-07;20;262
25;2025-12-07;21;215
25;2025-12-07;22;128
25;2025-12-07;23;44
25;2025-12-08;0;9
25;2025-12-08;1;0
25;2025-12-08;2;0
25;2025-12-08;3;0
25;2025-12-08;4;0
25;2025-12-08;5;4
25;2025-12-08;6;186
25;2025-12-08;7;576
25;2025-12-08;8;1024
25;2025-12-08;9;524
25;2025-12-08;10;360
25;2025-12-08;11;412
25;2025-12-08;12;409
25;2025-12-08;13;560
25;2025-12-08;14;453
25;2025-12-08;15;542
25;2025-12-08;16;726
25;2025-12-08;17;771
25;2025-12-08;18;893
25;2025-12-08;19;557
25;2025-12-08;20;328
25;2025-12-08;21;222
25;2025-12-08;22;110
25;2025-12-08;23;8
25;2025-12-09;0;0
25;2025-12-09;1;0
25;2025-12-09;2;0
25;2025-12-09;3;0
25;2025-12-09;4;0
25;2025-12-09;5;5
25;2025-12-09;6;186
25;2025-12-09;7;609
25;2025-12-09;8;1006
25;2025-12-09;9;536
25;2025-12-09;10;405
25;2025-12-09;11;478
25;2025-12-09;12;429
25;2025-12-09;13;523
25;2025-12-09;14;483
25;2025-12-09;15;582
25;2025-12-09;16;737
25;2025-12-09;17;783
25;2025-12-09;18;832
25;2025-12-09;19;577
25;2025-12-09;20;357
25;2025-12-09;21;226
25;2025-12-09;22;123
25;2025-12-09;23;7
25;2025-12-10;0;0
25;2025-12-10;1;0
25;2025-12-10;2;0
25;2025-12-10;3;0
25;2025-12-10;4;0
25;2025-12-10;5;6
25;2025-12-10;6;171
25;2025-12-10;7;554
25;2025-12-10;8;929
25;2025-12-10;9;482
25;2025-12-10;10;370
25;2025-12-10;11;433
25;2025-12-10;12;430
25;2025-12-10;13;553
25;2025-12-10;14;463
25;2025-12-10;15;545
25;2025-12-10;16;672
25;2025-12-10;17;780
25;2025-12-10;18;840
25;2025-12-10;19;537
25;2025-12-10;20;350
25;2025-12-10;21;219
25;2025-12-10;22;118
25;2025-12-10;23;6
25;2025-12-11;0;0
25;2025-12-11;1;0
25;2025-12-11;2;0
25;2025-12-11;3;0
25;2025-12-11;4;0
25;2025-12-11;5;6
25;2025-12-11;6;172
25;2025-12-11;7;546
25;2025-12-11;8;948
25;2025-12-11;9;476
25;2025-12-11;10;375
25;2025-12-11;11;409
25;2025-12-11;12;410
25;2025-12-11;13;530
25;2025-12-11;14;494
25;2025-12-11;15;551
25;2025-12-11;16;680
25;2025-12-11;17;755
25;2025-12-11;18;787
25;2025-12-11;19;529
25;2025-12-11;20;311
25;2025-12-11;21;211
25;2025-12-11;22;124
25;2025-12-11;23;6
25;2025-12-12;0;0
25;2025-12-12;1;0
25;2025-12-12;2;0
25;2025-12-12;3;0
25;2025-12-12;4;0
25;2025-12-12;5;5
25;2025-12-12;6;178
25;2025-12-12;7;543
25;2025-12-12;8;860
25;2025-12-12;9;444
25;2025-12-12;10;360
25;2025-12-12;11;429
25;2025-12-12;12;424
25;2025-12-12;13;525
25;2025-12-12;14;497
25;2025-12-12;15;599
25;2025-12-12;16;755
25;2025-12-12;17;767
25;2025-12-12;18;672
25;2025-12-12;19;482
25;2025-12-12;20;312
25;2025-12-12;21;214
25;2025-12-12;22;132
25;2025-12-12;23;9
25;2025-12-13;0;0
25;2025-12-13;1;0
25;2025-12-13;2;0
25;2025-12-13;3;0
25;2025-12-13;4;0
25;2025-12-13;5;3
25;2025-12-13;6;63
25;2025-12-13;7;145
25;2025-12-13;8;328
25;2025-12-13;9;312
25;2025-12-13;10;308
25;2025-12-13;11;391
25;2025-12-13;12;406
25;2025-12-13;13;583
25;2025-12-13;14;590
25;2025-12-13;15;684
25;2025-12-13;16;595
25;2025-12-13;17;524
25;2025-12-13;18;501
25;2025-12-13;19;437
25;2025-12-13;20;279
25;2025-12-13;21;226
25;2025-12-13;22;142
25;2025-12-13;23;54
25;2025-12-14;0;14
25;2025-12-14;1;0
25;2025-12-14;2;0
25;2025-12-14;3;0
25;2025-12-14;4;0
25;2025-12-14;5;2
25;2025-12-14;6;53
25;2025-12-14;7;106
25;2025-12-14;8;197
25;2025-12-14;9;227
25;2025-12-14;10;233
25;2025-12-14;11;296
25;2025-12-14;12;360
25;2025-12-14;13;470
25;2025-12-14;14;509
25;2025-12-14;15;605
25;2025-12-14;16;531
25;2025-12-14;17;492
25;2025-12-14;18;453
25;2025-12-14;19;371
25;2025-12-14;20;257
25;2025-12-14;21;211
25;2025-12-14;22;126
25;2025-12-14;23;43
25;2025-12-15;0;9
25;2025-12-15;1;0
25;2025-12-15;2;0
25;2025-12-15;3;0
25;2025-12-15;4;0
25;2025-12-15;5;4
25;2025-12-15;6;185
25;2025-12-15;7;573
25;2025-12-15;8;1019
25;2025-12-15;9;522
25;2025-12-15;10;358
25;2025-12-15;11;411
25;2025-12-15;12;407
25;2025-12-15;13;558
25;2025-12-15;14;451
25;2025-12-15;15;540
25;2025-12-15;16;723
25;2025-12-15;17;768
25;2025-12-15;18;889
25;2025-12-15;19;555
25;2025-12-15;20;326
25;2025-12-15;21;221
25;2025-12-15;22;110
25;2025-12-15;23;8
25;2025-12-16;0;0
25;2025-12-16;1;0
25;2025-12-16;2;0
25;2025-12-16;3;0
25;2025-12-16;4;0
25;2025-12-16;5;5
25;2025-12-16;6;182
25;2025-12-16;7;597
25;2025-12-16;8;986
25;2025-12-16;9;526
25;2025-12-16;10;397
25;2025-12-16;11;469
25;2025-12-16;12;421
25;2025-12-16;13;512
25;2025-12-16;14;474
25;2025-12-16;15;571
25;2025-12-16;16;722
25;2025-12-16;17;767
25;2025-12-16;18;815
25;2025-12-16;19;566
25;2025-12-16;20;350
25;2025-12-16;21;222
25;2025-12-16;22;121
25;2025-12-16;23;7
25;2025-12-17;0;0
25;2025-12-17;1;0
25;2025-12-17;2;0
25;2025-12-17;3;0
25;2025-12-17;4;0
25;2025-12-17;5;6
25;2025-12-17;6;178
25;2025-12-17;7;577
25;2025-12-17;8;967
25;2025-12-17;9;502
25;2025-12-17;10;385
25;2025-12-17;11;450
25;2025-12-17;12;448
25;2025-12-17;13;575
25;2025-12-17;14;482
25;2025-12-17;15;567
25;2025-12-17;16;699
25;2025-12-17;17;811
25;2025-12-17;18;874
25;2025-12-17;19;558
25;2025-12-17;20;364
25;2025-12-17;21;228
25;2025-12-17;22;122
25;2025-12-17;23;6
25;2025-12-18;0;0
25;2025-12-18;1;0
25;2025-12-18;2;0
25;2025-12-18;3;0
25;2025-12-18;4;0
25;2025-12-18;5;6
25;2025-12-18;6;182
25;2025-12-18;7;580
25;2025-12-18;8;1007
25;2025-12-18;9;505
25;2025-12-18;10;398
25;2025-12-18;11;434
25;2025-12-18;12;435
25;2025-12-18;13;563
25;2025-12-18;14;525
25;2025-12-18;15;586
25;2025-12-18;16;722
25;2025-12-18;17;802
25;2025-12-18;18;837
25;2025-12-18;19;562
25;2025-12-18;20;330
25;2025-12-18;21;224
25;2025-12-18;22;131
25;2025-12-18;23;7
25;2025-12-19;0;0
25;2025-12-19;1;0
25;2025-12-19;2;0
25;2025-12-19;3;0
25;2025-12-19;4;0
25;2025-12-19;5;5
25;2025-12-19;6;187
25;2025-12-19;7;570
25;2025-12-19;8;903
25;2025-12-19;9;466
25;2025-12-19;10;379
25;2025-12-19;11;451
25;2025-12-19;12;446
25;2025-12-19;13;552
25;2025-12-19;14;522
25;2025-12-19;15;629
25;2025-12-19;16;793
25;2025-12-19;17;806
25;2025-12-19;18;705
25;2025-12-19;19;506
25;2025-12-19;20;327
25;2025-12-19;21;224
25;2025-12-19;22;139
25;2025-12-19;23;9
25;2025-12-20;0;0
25;2025-12-20;1;0
25;2025-12-20;2;0
25;2025-12-20;3;0
25;2025-12-20;4;0
25;2025-12-20;5;3
25;2025-12-20;6;64
25;2025-12-20;7;148
25;2025-12-20;8;335
25;2025-12-20;9;319
25;2025-12-20;10;314
25;2025-12-20;11;400
25;2025-12-20;12;415
25;2025-12-20;13;596
25;2025-12-20;14;603
25;2025-12-20;15;699
25;2025-12-20;16;608
25;2025-12-20;17;536
25;2025-12-20;18;512
25;2025-12-20;19;447
25;2025-12-20;20;285
25;2025-12-20;21;231
25;2025-12-20;22;146
25;2025-12-20;23;55
25;2025-12-21;0;14
25;2025-12-21;1;0
25;2025-12-21;2;0
25;2025-12-21;3;0
25;2025-12-21;4;0
25;2025-12-21;5;2
25;2025-12-21;6;53
25;2025-12-21;7;106
25;2025-12-21;8;197
25;2025-12-21;9;228
25;2025-12-21;10;233
25;2025-12-21;11;297
25;2025-12-21;12;361
25;2025-12-21;13;471
25;2025-12-21;14;511
25;2025-12-21;15;607
25;2025-12-21;16;533
25;2025-12-21;17;493
25;2025-12-21;18;454
25;2025-12-21;19;372
25;2025-12-21;20;258
25;2025-12-21;21;212
25;2025-12-21;22;126
25;2025-12-21;23;43
25;2025-12-22;0;9
25;2025-12-22;1;0
25;2025-12-22;2;0
25;2025-12-22;3;0
25;2025-12-22;4;0
25;2025-12-22;5;4
25;2025-12-22;6;179
25;2025-12-22;7;555
25;2025-12-22;8;987
25;2025-12-22;9;505
25;2025-12-22;10;347
25;2025-12-22;11;398
25;2025-12-22;12;394
25;2025-12-22;13;540
25;2025-12-22;14;437
25;2025-12-22;15;523
25;2025-12-22;16;700
25;2025-12-22;17;743
25;2025-12-22;18;861
25;2025-12-22;19;537
25;2025-12-22;20;316
25;2025-12-22;21;214
25;2025-12-22;22;107
25;2025-12-22;23;7
25;2025-12-23;0;0
25;2025-12-23;1;0
25;2025-12-23;2;0
25;2025-12-23;3;0
25;2025-12-23;4;0
25;2025-12-23;5;5
25;2025-12-23;6;188
25;2025-12-23;7;616
25;2025-12-23;8;1017
25;2025-12-23;9;542
25;2025-12-23;10;410
25;2025-12-23;11;483
25;2025-12-23;12;434
25;2025-12-23;13;528
25;2025-12-23;14;488
25;2025-12-23;15;589
25;2025-12-23;16;745
25;2025-12-23;17;792
25;2025-12-23;18;841
25;2025-12-23;19;583
25;2025-12-23;20;361
25;2025-12-23;21;229
25;2025-12-23;22;125
25;2025-12-23;23;7
25;2025-12-24;0;0
25;2025-12-24;1;0
25;2025-12-24;2;0
25;2025-12-24;3;0
25;2025-12-24;4;0
25;2025-12-24;5;6
25;2025-12-24;6;174
25;2025-12-24;7;567
25;2025-12-24;8;950
25;2025-12-24;9;493
25;2025-12-24;10;378
25;2025-12-24;11;443
25;2025-12-24;12;440
25;2025-12-24;13;565
25;2025-12-24;14;473
25;2025-12-24;15;557
25;2025-12-24;16;687
25;2025-12-24;17;797
25;2025-12-24;18;858
25;2025-12-24;19;549
25;2025-12-24;20;358
25;2025-12-24;21;224
25;2025-12-24;22;120
25;2025-12-24;23;6
25;2025-12-25;0;0
25;2025-12-25;1;0
25;2025-12-25;2;0
25;2025-12-25;3;0
25;2025-12-25;4;0
25;2025-12-25;5;6
25;2025-12-25;6;172
25;2025-12-25;7;549
25;2025-12-25;8;952
25;2025-12-25;9;477
25;2025-12-25;10;376
25;2025-12-25;11;411
25;2025-12-25;12;411
25;2025-12-25;13;532
25;2025-12-25;14;496
25;2025-12-25;15;553
25;2025-12-25;16;683
25;2025-12-25;17;758
25;2025-12-25;18;791
25;2025-12-25;19;531
25;2025-12-25;20;312
25;2025-12-25;21;212
25;2025-12-25;22;124
25;2025-12-25;23;6
25;2025-12-26;0;0
25;2025-12-26;1;0
25;2025-12-26;2;0
25;2025-12-26;3;0
25;2025-12-26;4;0
25;2025-12-26;5;5
25;2025-12-26;6;173
25;2025-12-26;7;527
25;2025-12-26;8;834
25;2025-12-26;9;430
25;2025-12-26;10;350
25;2025-12-26;11;417
25;2025-12-26;12;412
25;2025-12-26;13;510
25;2025-12-26;14;482
25;2025-12-26;15;581
25;2025-12-26;16;732
25;2025-12-26;17;745
25;2025-12-26;18;652
25;2025-12-26;19;468
25;2025-12-26;20;302
25;2025-12-26;21;207
25;2025-12-26;22;129
25;2025-12-26;23;8
25;2025-12-27;0;0
25;2025-12-27;1;0
25;2025-12-27;2;0
25;2025-12-27;3;0
25;2025-12-27;4;0
25;2025-12-27;5;3
25;2025-12-27;6;63
25;2025-12-27;7;145
25;2025-12-27;8;328
25;2025-12-27;9;312
25;2025-12-27;10;308
25;2025-12-27;11;392
25;2025-12-27;12;406
25;2025-12-27;13;583
25;2025-12-27;14;590
25;2025-12-27;15;684
25;2025-12-27;16;595
25;2025-12-27;17;524
25;2025-12-27;18;501
25;2025-12-27;19;437
25;2025-12-27;20;279
25;2025-12-27;21;226
25;2025-12-27;22;142
25;2025-12-27;23;54
25;2025-12-28;0;14
25;2025-12-28;1;0
25;2025-12-28;2;0
25;2025-12-28;3;0
25;2025-12-28;4;0
25;2025-12-28;5;2
25;2025-12-28;6;51
25;2025-12-28;7;102
25;2025-12-28;8;191
25;2025-12-28;9;221
25;2025-12-28;10;226
25;2025-12-28;11;287
25;2025-12-28;12;349
25;2025-12-28;13;456
25;2025-12-28;14;494
25;2025-12-28;15;587
25;2025-12-28;16;516
25;2025-12-28;17;477
25;2025-12-28;18;439
25;2025-12-28;19;360
25;2025-12-28;20;250
25;2025-12-28;21;205
25;2025-12-28;22;122
25;2025-12-28;23;42
25;2025-12-29;0;9
25;2025-12-29;1;0
25;2025-12-29;2;0
25;2025-12-29;3;0
25;2025-12-29;4;0
25;2025-12-29;5;4
25;2025-12-29;6;178
25;2025-12-29;7;552
25;2025-12-29;8;982
25;2025-12-29;9;503
25;2025-12-29;10;345
25;2025-12-29;11;395
25;2025-12-29;12;392
25;2025-12-29;13;537
25;2025-12-29;14;435
25;2025-12-29;15;520
25;2025-12-29;16;696
25;2025-12-29;17;739
25;2025-12-29;18;857
25;2025-12-29;19;534
25;2025-12-29;20;314
25;2025-12-29;21;213
25;2025-12-29;22;106
25;2025-12-29;23;7
25;2025-12-30;0;0
25;2025-12-30;1;0
25;2025-12-30;2;0
25;2025-12-30;3;0
25;2025-12-30;4;0
25;2025-12-30;5;5
25;2025-12-30;6;176
25;2025-12-30;7;579
25;2025-12-30;8;955
25;2025-12-30;9;509
25;2025-12-30;10;385
25;2025-12-30;11;454
25;2025-12-30;12;408
25;2025-12-30;13;496
25;2025-12-30;14;459
25;2025-12-30;15;553
25;2025-12-30;16;700
25;2025-12-30;17;744
25;2025-12-30;18;790
25;2025-12-30;19;548
25;2025-12-30;20;340
25;2025-12-30;21;215
25;2025-12-30;22;117
25;2025-12-30;23;7
25;2025-12-31;0;14
25;2025-12-31;1;0
25;2025-12-31;2;0
25;2025-12-31;3;0
25;2025-12-31;4;0
25;2025-12-31;5;2
25;2025-12-31;6;52
25;2025-12-31;7;104
25;2025-12-31;8;193
25;2025-12-31;9;223
25;2025-12-31;10;228
25;2025-12-31;11;290
25;2025-12-31;12;353
25;2025-12-31;13;461
25;2025-12-31;14;499
25;2025-12-31;15;593
25;2025-12-31;16;521
25;2025-12-31;17;483
25;2025-12-31;18;444
25;2025-12-31;19;364
25;2025-12-31;20;252
25;2025-12-31;21;207
25;2025-12-31;22;123
25;2025-12-31;23;42
26;2025-11-01;0;36
26;2025-11-01;1;2
26;2025-11-01;2;0
26;2025-11-01;3;0
26;2025-11-01;4;1
26;2025-11-01;5;90
26;2025-11-01;6;512
26;2025-11-01;7;1078
26;2025-11-01;8;2071
26;2025-11-01;9;1414
26;2025-11-01;10;1237
26;2025-11-01;11;1083
26;2025-11-01;12;1138
26;2025-11-01;13;1203
26;2025-11-01;14;1263
26;2025-11-01;15;1405
26;2025-11-01;16;1659
26;2025-11-01;17;1735
26;2025-11-01;18;1443
26;2025-11-01;19;1099
26;2025-11-01;20;737
26;2025-11-01;21;480
26;2025-11-01;22;231
26;2025-11-01;23;162
26;2025-11-02;0;52
26;2025-11-02;1;4
26;2025-11-02;2;0
26;2025-11-02;3;0
26;2025-11-02;4;1
26;2025-11-02;5;29
26;2025-11-02;6;178
26;2025-11-02;7;278
26;2025-11-02;8;398
26;2025-11-02;9;543
26;2025-11-02;10;600
26;2025-11-02;11;812
26;2025-11-02;12;856
26;2025-11-02;13;917
26;2025-11-02;14;903
26;2025-11-02;15;839
26;2025-11-02;16;848
26;2025-11-02;17;838
26;2025-11-02;18;788
26;2025-11-02;19;617
26;2025-11-02;20;460
26;2025-11-02;21;315
26;2025-11-02;22;222
26;2025-11-02;23;118
26;2025-11-03;0;50
26;2025-11-03;1;4
26;2025-11-03;2;0
26;2025-11-03;3;0
26;2025-11-03;4;1
26;2025-11-03;5;28
26;2025-11-03;6;171
26;2025-11-03;7;267
26;2025-11-03;8;383
26;2025-11-03;9;522
26;2025-11-03;10;577
26;2025-11-03;11;780
26;2025-11-03;12;822
26;2025-11-03;13;881
26;2025-11-03;14;868
26;2025-11-03;15;806
26;2025-11-03;16;815
26;2025-11-03;17;805
26;2025-11-03;18;757
26;2025-11-03;19;593
26;2025-11-03;20;442
26;2025-11-03;21;303
26;2025-11-03;22;213
26;2025-11-03;23;114
26;2025-11-04;0;51
26;2025-11-04;1;4
26;2025-11-04;2;0
26;2025-11-04;3;0
26;2025-11-04;4;1
26;2025-11-04;5;29
26;2025-11-04;6;175
26;2025-11-04;7;273
26;2025-11-04;8;392
26;2025-11-04;9;535
26;2025-11-04;10;591
26;2025-11-04;11;799
26;2025-11-04;12;843
26;2025-11-04;13;902
26;2025-11-04;14;889
26;2025-11-04;15;826
26;2025-11-04;16;835
26;2025-11-04;17;825
26;2025-11-04;18;776
26;2025-11-04;19;608
26;2025-11-04;20;453
26;2025-11-04;21;311
26;2025-11-04;22;218
26;2025-11-04;23;117
26;2025-11-05;0;32
26;2025-11-05;1;1
26;2025-11-05;2;0
26;2025-11-05;3;0
26;2025-11-05;4;2
26;2025-11-05;5;91
26;2025-11-05;6;514
26;2025-11-05;7;1131
26;2025-11-05;8;2217
26;2025-11-05;9;1503
26;2025-11-05;10;1237
26;2025-11-05;11;1121
26;2025-11-05;12;1166
26;2025-11-05;13;1203
26;2025-11-05;14;1319
26;2025-11-05;15;1361
26;2025-11-05;16;1495
26;2025-11-05;17;1684
26;2025-11-05;18;1888
26;2025-11-05;19;1284
26;2025-11-05;20;799
26;2025-11-05;21;512
26;2025-11-05;22;242
26;2025-11-05;23;133
26;2025-11-06;0;38
26;2025-11-06;1;1
26;2025-11-06;2;0
26;2025-11-06;3;0
26;2025-11-06;4;1
26;2025-11-06;5;87
26;2025-11-06;6;489
26;2025-11-06;7;1071
26;2025-11-06;8;2122
26;2025-11-06;9;1470
26;2025-11-06;10;1164
26;2025-11-06;11;1113
26;2025-11-06;12;1119
26;2025-11-06;13;1152
26;2025-11-06;14;1214
26;2025-11-06;15;1319
26;2025-11-06;16;1478
26;2025-11-06;17;1657
26;2025-11-06;18;1890
26;2025-11-06;19;1261
26;2025-11-06;20;758
26;2025-11-06;21;469
26;2025-11-06;22;243
26;2025-11-06;23;129
26;2025-11-07;0;35
26;2025-11-07;1;2
26;2025-11-07;2;0
26;2025-11-07;3;0
26;2025-11-07;4;1
26;2025-11-07;5;89
26;2025-11-07;6;507
26;2025-11-07;7;1067
26;2025-11-07;8;2051
26;2025-11-07;9;1400
26;2025-11-07;10;1225
26;2025-11-07;11;1073
26;2025-11-07;12;1127
26;2025-11-07;13;1192
26;2025-11-07;14;1251
26;2025-11-07;15;1392
26;2025-11-07;16;1643
26;2025-11-07;17;1718
26;2025-11-07;18;1429
26;2025-11-07;19;1088
26;2025-11-07;20;730
26;2025-11-07;21;476
26;2025-11-07;22;228
26;2025-11-07;23;161
26;2025-11-08;0;46
26;2025-11-08;1;2
26;2025-11-08;2;0
26;2025-11-08;3;0
26;2025-11-08;4;2
26;2025-11-08;5;49
26;2025-11-08;6;270
26;2025-11-08;7;383
26;2025-11-08;8;604
26;2025-11-08;9;706
26;2025-11-08;10;835
26;2025-11-08;11;1018
26;2025-11-08;12;1063
26;2025-11-08;13;1062
26;2025-11-08;14;1057
26;2025-11-08;15;1008
26;2025-11-08;16;1008
26;2025-11-08;17;945
26;2025-11-08;18;901
26;2025-11-08;19;831
26;2025-11-08;20;565
26;2025-11-08;21;377
26;2025-11-08;22;231
26;2025-11-08;23;149
26;2025-11-09;0;52
26;2025-11-09;1;4
26;2025-11-09;2;0
26;2025-11-09;3;0
26;2025-11-09;4;1
26;2025-11-09;5;29
26;2025-11-09;6;178
26;2025-11-09;7;279
26;2025-11-09;8;400
26;2025-11-09;9;545
26;2025-11-09;10;602
26;2025-11-09;11;815
26;2025-11-09;12;859
26;2025-11-09;13;920
26;2025-11-09;14;907
26;2025-11-09;15;842
26;2025-11-09;16;851
26;2025-11-09;17;841
26;2025-11-09;18;791
26;2025-11-09;19;620
26;2025-11-09;20;461
26;2025-11-09;21;317
26;2025-11-09;22;222
26;2025-11-09;23;119
26;2025-11-10;0;27
26;2025-11-10;1;2
26;2025-11-10;2;0
26;2025-11-10;3;0
26;2025-11-10;4;2
26;2025-11-10;5;89
26;2025-11-10;6;530
26;2025-11-10;7;1127
26;2025-11-10;8;2152
26;2025-11-10;9;1485
26;2025-11-10;10;1219
26;2025-11-10;11;1072
26;2025-11-10;12;1098
26;2025-11-10;13;1197
26;2025-11-10;14;1218
26;2025-11-10;15;1325
26;2025-11-10;16;1510
26;2025-11-10;17;1716
26;2025-11-10;18;1925
26;2025-11-10;19;1269
26;2025-11-10;20;793
26;2025-11-10;21;453
26;2025-11-10;22;223
26;2025-11-10;23;108
26;2025-11-11;0;31
26;2025-11-11;1;1
26;2025-11-11;2;0
26;2025-11-11;3;0
26;2025-11-11;4;2
26;2025-11-11;5;86
26;2025-11-11;6;529
26;2025-11-11;7;1148
26;2025-11-11;8;2301
26;2025-11-11;9;1520
26;2025-11-11;10;1247
26;2025-11-11;11;1153
26;2025-11-11;12;1177
26;2025-11-11;13;1197
26;2025-11-11;14;1232
26;2025-11-11;15;1352
26;2025-11-11;16;1524
26;2025-11-11;17;1814
26;2025-11-11;18;1958
26;2025-11-11;19;1387
26;2025-11-11;20;813
26;2025-11-11;21;493
26;2025-11-11;22;234
26;2025-11-11;23;119
26;2025-11-12;0;32
26;2025-11-12;1;1
26;2025-11-12;2;0
26;2025-11-12;3;0
26;2025-11-12;4;2
26;2025-11-12;5;91
26;2025-11-12;6;501
26;2025-11-12;7;1102
26;2025-11-12;8;2161
26;2025-11-12;9;1464
26;2025-11-12;10;1205
26;2025-11-12;11;1092
26;2025-11-12;12;1136
26;2025-11-12;13;1172
26;2025-11-12;14;1286
26;2025-11-12;15;1326
26;2025-11-12;16;1457
26;2025-11-12;17;1641
26;2025-11-12;18;1840
26;2025-11-12;19;1251
26;2025-11-12;20;778
26;2025-11-12;21;499
26;2025-11-12;22;236
26;2025-11-12;23;129
26;2025-11-13;0;38
26;2025-11-13;1;1
26;2025-11-13;2;0
26;2025-11-13;3;0
26;2025-11-13;4;1
26;2025-11-13;5;87
26;2025-11-13;6;505
26;2025-11-13;7;1105
26;2025-11-13;8;2190
26;2025-11-13;9;1517
26;2025-11-13;10;1202
26;2025-11-13;11;1149
26;2025-11-13;12;1155
26;2025-11-13;13;1189
26;2025-11-13;14;1253
26;2025-11-13;15;1361
26;2025-11-13;16;1525
26;2025-11-13;17;1709
26;2025-11-13;18;1951
26;2025-11-13;19;1302
26;2025-11-13;20;782
26;2025-11-13;21;484
26;2025-11-13;22;251
26;2025-11-13;23;133
26;2025-11-14;0;35
26;2025-11-14;1;2
26;2025-11-14;2;0
26;2025-11-14;3;0
26;2025-11-14;4;1
26;2025-11-14;5;89
26;2025-11-14;6;518
26;2025-11-14;7;1089
26;2025-11-14;8;2093
26;2025-11-14;9;1428
26;2025-11-14;10;1250
26;2025-11-14;11;1094
26;2025-11-14;12;1150
26;2025-11-14;13;1215
26;2025-11-14;14;1276
26;2025-11-14;15;1420
26;2025-11-14;16;1676
26;2025-11-14;17;1753
26;2025-11-14;18;1458
26;2025-11-14;19;1110
26;2025-11-14;20;745
26;2025-11-14;21;485
26;2025-11-14;22;233
26;2025-11-14;23;164
26;2025-11-15;0;46
26;2025-11-15;1;2
26;2025-11-15;2;0
26;2025-11-15;3;0
26;2025-11-15;4;2
26;2025-11-15;5;49
26;2025-11-15;6;247
26;2025-11-15;7;350
26;2025-11-15;8;552
26;2025-11-15;9;644
26;2025-11-15;10;763
26;2025-11-15;11;930
26;2025-11-15;12;971
26;2025-11-15;13;970
26;2025-11-15;14;965
26;2025-11-15;15;920
26;2025-11-15;16;921
26;2025-11-15;17;863
26;2025-11-15;18;823
26;2025-11-15;19;759
26;2025-11-15;20;516
26;2025-11-15;21;344
26;2025-11-15;22;211
26;2025-11-15;23;136
26;2025-11-16;0;52
26;2025-11-16;1;4
26;2025-11-16;2;0
26;2025-11-16;3;0
26;2025-11-16;4;1
26;2025-11-16;5;29
26;2025-11-16;6;178
26;2025-11-16;7;278
26;2025-11-16;8;399
26;2025-11-16;9;544
26;2025-11-16;10;602
26;2025-11-16;11;814
26;2025-11-16;12;858
26;2025-11-16;13;919
26;2025-11-16;14;906
26;2025-11-16;15;841
26;2025-11-16;16;850
26;2025-11-16;17;840
26;2025-11-16;18;790
26;2025-11-16;19;619
26;2025-11-16;20;461
26;2025-11-16;21;316
26;2025-11-16;22;222
26;2025-11-16;23;119
26;2025-11-17;0;27
26;2025-11-17;1;2
26;2025-11-17;2;0
26;2025-11-17;3;0
26;2025-11-17;4;2
26;2025-11-17;5;89
26;2025-11-17;6;504
26;2025-11-17;7;1072
26;2025-11-17;8;2046
26;2025-11-17;9;1412
26;2025-11-17;10;1159
26;2025-11-17;11;1019
26;2025-11-17;12;1044
26;2025-11-17;13;1138
26;2025-11-17;14;1158
26;2025-11-17;15;1260
26;2025-11-17;16;1436
26;2025-11-17;17;1632
26;2025-11-17;18;1830
26;2025-11-17;19;1207
26;2025-11-17;20;754
26;2025-11-17;21;431
26;2025-11-17;22;212
26;2025-11-17;23;103
26;2025-11-18;0;31
26;2025-11-18;1;1
26;2025-11-18;2;0
26;2025-11-18;3;0
26;2025-11-18;4;2
26;2025-11-18;5;86
26;2025-11-18;6;485
26;2025-11-18;7;1051
26;2025-11-18;8;2106
26;2025-11-18;9;1392
26;2025-11-18;10;1141
26;2025-11-18;11;1056
26;2025-11-18;12;1078
26;2025-11-18;13;1096
26;2025-11-18;14;1128
26;2025-11-18;15;1238
26;2025-11-18;16;1395
26;2025-11-18;17;1660
26;2025-11-18;18;1793
26;2025-11-18;19;1270
26;2025-11-18;20;745
26;2025-11-18;21;451
26;2025-11-18;22;214
26;2025-11-18;23;109
26;2025-11-19;0;32
26;2025-11-19;1;1
26;2025-11-19;2;0
26;2025-11-19;3;0
26;2025-11-19;4;2
26;2025-11-19;5;91
26;2025-11-19;6;513
26;2025-11-19;7;1130
26;2025-11-19;8;2215
26;2025-11-19;9;1502
26;2025-11-19;10;1236
26;2025-11-19;11;1120
26;2025-11-19;12;1165
26;2025-11-19;13;1202
26;2025-11-19;14;1318
26;2025-11-19;15;1359
26;2025-11-19;16;1494
26;2025-11-19;17;1683
26;2025-11-19;18;1887
26;2025-11-19;19;1283
26;2025-11-19;20;798
26;2025-11-19;21;512
26;2025-11-19;22;242
26;2025-11-19;23;133
26;2025-11-20;0;38
26;2025-11-20;1;1
26;2025-11-20;2;0
26;2025-11-20;3;0
26;2025-11-20;4;1
26;2025-11-20;5;87
26;2025-11-20;6;506
26;2025-11-20;7;1108
26;2025-11-20;8;2196
26;2025-11-20;9;1521
26;2025-11-20;10;1205
26;2025-11-20;11;1152
26;2025-11-20;12;1158
26;2025-11-20;13;1192
26;2025-11-20;14;1256
26;2025-11-20;15;1365
26;2025-11-20;16;1530
26;2025-11-20;17;1714
26;2025-11-20;18;1956
26;2025-11-20;19;1305
26;2025-11-20;20;784
26;2025-11-20;21;485
26;2025-11-20;22;251
26;2025-11-20;23;134
26;2025-11-21;0;35
26;2025-11-21;1;2
26;2025-11-21;2;0
26;2025-11-21;3;0
26;2025-11-21;4;1
26;2025-11-21;5;89
26;2025-11-21;6;516
26;2025-11-21;7;1085
26;2025-11-21;8;2086
26;2025-11-21;9;1424
26;2025-11-21;10;1246
26;2025-11-21;11;1091
26;2025-11-21;12;1146
26;2025-11-21;13;1212
26;2025-11-21;14;1272
26;2025-11-21;15;1415
26;2025-11-21;16;1671
26;2025-11-21;17;1747
26;2025-11-21;18;1453
26;2025-11-21;19;1107
26;2025-11-21;20;742
26;2025-11-21;21;484
26;2025-11-21;22;232
26;2025-11-21;23;163
26;2025-11-22;0;46
26;2025-11-22;1;2
26;2025-11-22;2;0
26;2025-11-22;3;0
26;2025-11-22;4;2
26;2025-11-22;5;49
26;2025-11-22;6;255
26;2025-11-22;7;362
26;2025-11-22;8;570
26;2025-11-22;9;666
26;2025-11-22;10;789
26;2025-11-22;11;961
26;2025-11-22;12;1004
26;2025-11-22;13;1003
26;2025-11-22;14;997
26;2025-11-22;15;952
26;2025-11-22;16;952
26;2025-11-22;17;892
26;2025-11-22;18;850
26;2025-11-22;19;785
26;2025-11-22;20;533
26;2025-11-22;21;356
26;2025-11-22;22;218
26;2025-11-22;23;141
26;2025-11-23;0;52
26;2025-11-23;1;4
26;2025-11-23;2;0
26;2025-11-23;3;0
26;2025-11-23;4;1
26;2025-11-23;5;29
26;2025-11-23;6;178
26;2025-11-23;7;277
26;2025-11-23;8;398
26;2025-11-23;9;543
26;2025-11-23;10;600
26;2025-11-23;11;811
26;2025-11-23;12;855
26;2025-11-23;13;916
26;2025-11-23;14;903
26;2025-11-23;15;838
26;2025-11-23;16;847
26;2025-11-23;17;838
26;2025-11-23;18;788
26;2025-11-23;19;617
26;2025-11-23;20;459
26;2025-11-23;21;315
26;2025-11-23;22;221
26;2025-11-23;23;118
26;2025-11-24;0;27
26;2025-11-24;1;2
26;2025-11-24;2;0
26;2025-11-24;3;0
26;2025-11-24;4;2
26;2025-11-24;5;89
26;2025-11-24;6;485
26;2025-11-24;7;1030
26;2025-11-24;8;1966
26;2025-11-24;9;1357
26;2025-11-24;10;1114
26;2025-11-24;11;980
26;2025-11-24;12;1004
26;2025-11-24;13;1094
26;2025-11-24;14;1113
26;2025-11-24;15;1211
26;2025-11-24;16;1380
26;2025-11-24;17;1568
26;2025-11-24;18;1759
26;2025-11-24;19;1160
26;2025-11-24;20;725
26;2025-11-24;21;414
26;2025-11-24;22;204
26;2025-11-24;23;99
26;2025-11-25;0;31
26;2025-11-25;1;1
26;2025-11-25;2;0
26;2025-11-25;3;0
26;2025-11-25;4;2
26;2025-11-25;5;86
26;2025-11-25;6;529
26;2025-11-25;7;1147
26;2025-11-25;8;2300
26;2025-11-25;9;1520
26;2025-11-25;10;1246
26;2025-11-25;11;1153
26;2025-11-25;12;1177
26;2025-11-25;13;1197
26;2025-11-25;14;1231
26;2025-11-25;15;1352
26;2025-11-25;16;1524
26;2025-11-25;17;1813
26;2025-11-25;18;1958
26;2025-11-25;19;1386
26;2025-11-25;20;813
26;2025-11-25;21;493
26;2025-11-25;22;234
26;2025-11-25;23;119
26;2025-11-26;0;32
26;2025-11-26;1;1
26;2025-11-26;2;0
26;2025-11-26;3;0
26;2025-11-26;4;2
26;2025-11-26;5;91
26;2025-11-26;6;475
26;2025-11-26;7;1046
26;2025-11-26;8;2051
26;2025-11-26;9;1390
26;2025-11-26;10;1144
26;2025-11-26;11;1037
26;2025-11-26;12;1078
26;2025-11-26;13;1112
26;2025-11-26;14;1220
26;2025-11-26;15;1258
26;2025-11-26;16;1382
26;2025-11-26;17;1558
26;2025-11-26;18;1746
26;2025-11-26;19;1187
26;2025-11-26;20;739
26;2025-11-26;21;474
26;2025-11-26;22;224
26;2025-11-26;23;123
26;2025-11-27;0;38
26;2025-11-27;1;1
26;2025-11-27;2;0
26;2025-11-27;3;0
26;2025-11-27;4;1
26;2025-11-27;5;87
26;2025-11-27;6;471
26;2025-11-27;7;1031
26;2025-11-27;8;2042
26;2025-11-27;9;1415
26;2025-11-27;10;1121
26;2025-11-27;11;1071
26;2025-11-27;12;1077
26;2025-11-27;13;1109
26;2025-11-27;14;1168
26;2025-11-27;15;1269
26;2025-11-27;16;1423
26;2025-11-27;17;1594
26;2025-11-27;18;1819
26;2025-11-27;19;1214
26;2025-11-27;20;729
26;2025-11-27;21;451
26;2025-11-27;22;234
26;2025-11-27;23;125
26;2025-11-28;0;35
26;2025-11-28;1;2
26;2025-11-28;2;0
26;2025-11-28;3;0
26;2025-11-28;4;1
26;2025-11-28;5;89
26;2025-11-28;6;496
26;2025-11-28;7;1044
26;2025-11-28;8;2006
26;2025-11-28;9;1369
26;2025-11-28;10;1198
26;2025-11-28;11;1049
26;2025-11-28;12;1102
26;2025-11-28;13;1165
26;2025-11-28;14;1223
26;2025-11-28;15;1361
26;2025-11-28;16;1607
26;2025-11-28;17;1680
26;2025-11-28;18;1397
26;2025-11-28;19;1064
26;2025-11-28;20;714
26;2025-11-28;21;465
26;2025-11-28;22;223
26;2025-11-28;23;157
26;2025-11-29;0;46
26;2025-11-29;1;2
26;2025-11-29;2;0
26;2025-11-29;3;0
26;2025-11-29;4;2
26;2025-11-29;5;49
26;2025-11-29;6;272
26;2025-11-29;7;385
26;2025-11-29;8;607
26;2025-11-29;9;710
26;2025-11-29;10;840
26;2025-11-29;11;1024
26;2025-11-29;12;1069
26;2025-11-29;13;1068
26;2025-11-29;14;1063
26;2025-11-29;15;1014
26;2025-11-29;16;1014
26;2025-11-29;17;951
26;2025-11-29;18;906
26;2025-11-29;19;836
26;2025-11-29;20;568
26;2025-11-29;21;379
26;2025-11-29;22;232
26;2025-11-29;23;150
26;2025-11-30;0;52
26;2025-11-30;1;4
26;2025-11-30;2;0
26;2025-11-30;3;0
26;2025-11-30;4;1
26;2025-11-30;5;29
26;2025-11-30;6;177
26;2025-11-30;7;277
26;2025-11-30;8;397
26;2025-11-30;9;541
26;2025-11-30;10;598
26;2025-11-30;11;809
26;2025-11-30;12;853
26;2025-11-30;13;913
26;2025-11-30;14;900
26;2025-11-30;15;836
26;2025-11-30;16;845
26;2025-11-30;17;835
26;2025-11-30;18;786
26;2025-11-30;19;615
26;2025-11-30;20;458
26;2025-11-30;21;314
26;2025-11-30;22;221
26;2025-11-30;23;118
26;2025-12-01;0;27
26;2025-12-01;1;2
26;2025-12-01;2;0
26;2025-12-01;3;0
26;2025-12-01;4;2
26;2025-12-01;5;89
26;2025-12-01;6;530
26;2025-12-01;7;1127
26;2025-12-01;8;2151
26;2025-12-01;9;1484
26;2025-12-01;10;1219
26;2025-12-01;11;1072
26;2025-12-01;12;1098
26;2025-12-01;13;1197
26;2025-12-01;14;1217
26;2025-12-01;15;1325
26;2025-12-01;16;1509
26;2025-12-01;17;1716
26;2025-12-01;18;1924
26;2025-12-01;19;1269
26;2025-12-01;20;793
26;2025-12-01;21;453
26;2025-12-01;22;223
26;2025-12-01;23;108
26;2025-12-02;0;31
26;2025-12-02;1;1
26;2025-12-02;2;0
26;2025-12-02;3;0
26;2025-12-02;4;2
26;2025-12-02;5;86
26;2025-12-02;6;529
26;2025-12-02;7;1147
26;2025-12-02;8;2300
26;2025-12-02;9;1520
26;2025-12-02;10;1246
26;2025-12-02;11;1153
26;2025-12-02;12;1177
26;2025-12-02;13;1197
26;2025-12-02;14;1232
26;2025-12-02;15;1352
26;2025-12-02;16;1524
26;2025-12-02;17;1813
26;2025-12-02;18;1958
26;2025-12-02;19;1386
26;2025-12-02;20;813
26;2025-12-02;21;493
26;2025-12-02;22;234
26;2025-12-02;23;119
26;2025-12-03;0;32
26;2025-12-03;1;1
26;2025-12-03;2;0
26;2025-12-03;3;0
26;2025-12-03;4;2
26;2025-12-03;5;91
26;2025-12-03;6;514
26;2025-12-03;7;1130
26;2025-12-03;8;2216
26;2025-12-03;9;1502
26;2025-12-03;10;1236
26;2025-12-03;11;1120
26;2025-12-03;12;1165
26;2025-12-03;13;1202
26;2025-12-03;14;1318
26;2025-12-03;15;1360
26;2025-12-03;16;1494
26;2025-12-03;17;1683
26;2025-12-03;18;1887
26;2025-12-03;19;1283
26;2025-12-03;20;798
26;2025-12-03;21;512
26;2025-12-03;22;242
26;2025-12-03;23;133
26;2025-12-04;0;38
26;2025-12-04;1;1
26;2025-12-04;2;0
26;2025-12-04;3;0
26;2025-12-04;4;1
26;2025-12-04;5;87
26;2025-12-04;6;506
26;2025-12-04;7;1108
26;2025-12-04;8;2196
26;2025-12-04;9;1522
26;2025-12-04;10;1205
26;2025-12-04;11;1152
26;2025-12-04;12;1159
26;2025-12-04;13;1192
26;2025-12-04;14;1257
26;2025-12-04;15;1365
26;2025-12-04;16;1530
26;2025-12-04;17;1715
26;2025-12-04;18;1957
26;2025-12-04;19;1306
26;2025-12-04;20;785
26;2025-12-04;21;485
26;2025-12-04;22;251
26;2025-12-04;23;134
26;2025-12-05;0;35
26;2025-12-05;1;2
26;2025-12-05;2;0
26;2025-12-05;3;0
26;2025-12-05;4;1
26;2025-12-05;5;89
26;2025-12-05;6;525
26;2025-12-05;7;1105
26;2025-12-05;8;2123
26;2025-12-05;9;1449
26;2025-12-05;10;1268
26;2025-12-05;11;1110
26;2025-12-05;12;1166
26;2025-12-05;13;1233
26;2025-12-05;14;1295
26;2025-12-05;15;1440
26;2025-12-05;16;1700
26;2025-12-05;17;1778
26;2025-12-05;18;1479
26;2025-12-05;19;1126
26;2025-12-05;20;755
26;2025-12-05;21;492
26;2025-12-05;22;236
26;2025-12-05;23;166
26;2025-12-06;0;46
26;2025-12-06;1;2
26;2025-12-06;2;0
26;2025-12-06;3;0
26;2025-12-06;4;2
26;2025-12-06;5;49
26;2025-12-06;6;272
26;2025-12-06;7;386
26;2025-12-06;8;608
26;2025-12-06;9;710
26;2025-12-06;10;840
26;2025-12-06;11;1024
26;2025-12-06;12;1070
26;2025-12-06;13;1069
26;2025-12-06;14;1063
26;2025-12-06;15;1014
26;2025-12-06;16;1014
26;2025-12-06;17;951
26;2025-12-06;18;906
26;2025-12-06;19;836
26;2025-12-06;20;568
26;2025-12-06;21;379
26;2025-12-06;22;232
26;2025-12-06;23;150
26;2025-12-07;0;52
26;2025-12-07;1;4
26;2025-12-07;2;0
26;2025-12-07;3;0
26;2025-12-07;4;1
26;2025-12-07;5;29
26;2025-12-07;6;178
26;2025-12-07;7;278
26;2025-12-07;8;399
26;2025-12-07;9;545
26;2025-12-07;10;602
26;2025-12-07;11;814
26;2025-12-07;12;859
26;2025-12-07;13;919
26;2025-12-07;14;906
26;2025-12-07;15;841
26;2025-12-07;16;850
26;2025-12-07;17;841
26;2025-12-07;18;791
26;2025-12-07;19;619
26;2025-12-07;20;461
26;2025-12-07;21;316
26;2025-12-07;22;222
26;2025-12-07;23;119
26;2025-12-08;0;27
26;2025-12-08;1;2
26;2025-12-08;2;0
26;2025-12-08;3;0
26;2025-12-08;4;2
26;2025-12-08;5;89
26;2025-12-08;6;530
26;2025-12-08;7;1127
26;2025-12-08;8;2151
26;2025-12-08;9;1484
26;2025-12-08;10;1218
26;2025-12-08;11;1072
26;2025-12-08;12;1098
26;2025-12-08;13;1197
26;2025-12-08;14;1217
26;2025-12-08;15;1325
26;2025-12-08;16;1509
26;2025-12-08;17;1715
26;2025-12-08;18;1924
26;2025-12-08;19;1269
26;2025-12-08;20;793
26;2025-12-08;21;453
26;2025-12-08;22;223
26;2025-12-08;23;108
26;2025-12-09;0;31
26;2025-12-09;1;1
26;2025-12-09;2;0
26;2025-12-09;3;0
26;2025-12-09;4;2
26;2025-12-09;5;86
26;2025-12-09;6;523
26;2025-12-09;7;1133
26;2025-12-09;8;2271
26;2025-12-09;9;1501
26;2025-12-09;10;1231
26;2025-12-09;11;1139
26;2025-12-09;12;1162
26;2025-12-09;13;1182
26;2025-12-09;14;1216
26;2025-12-09;15;1335
26;2025-12-09;16;1505
26;2025-12-09;17;1791
26;2025-12-09;18;1933
26;2025-12-09;19;1369
26;2025-12-09;20;803
26;2025-12-09;21;487
26;2025-12-09;22;231
26;2025-12-09;23;118
26;2025-12-10;0;32
26;2025-12-10;1;1
26;2025-12-10;2;0
26;2025-12-10;3;0
26;2025-12-10;4;2
26;2025-12-10;5;91
26;2025-12-10;6;492
26;2025-12-10;7;1083
26;2025-12-10;8;2122
26;2025-12-10;9;1439
26;2025-12-10;10;1184
26;2025-12-10;11;1073
26;2025-12-10;12;1116
26;2025-12-10;13;1151
26;2025-12-10;14;1263
26;2025-12-10;15;1302
26;2025-12-10;16;1431
26;2025-12-10;17;1612
26;2025-12-10;18;1807
26;2025-12-10;19;1229
26;2025-12-10;20;765
26;2025-12-10;21;490
26;2025-12-10;22;232
26;2025-12-10;23;127
26;2025-12-11;0;38
26;2025-12-11;1;1
26;2025-12-11;2;0
26;2025-12-11;3;0
26;2025-12-11;4;1
26;2025-12-11;5;87
26;2025-12-11;6;476
26;2025-12-11;7;1043
26;2025-12-11;8;2067
26;2025-12-11;9;1432
26;2025-12-11;10;1134
26;2025-12-11;11;1085
26;2025-12-11;12;1091
26;2025-12-11;13;1122
26;2025-12-11;14;1183
26;2025-12-11;15;1285
26;2025-12-11;16;1440
26;2025-12-11;17;1614
26;2025-12-11;18;1842
26;2025-12-11;19;1229
26;2025-12-11;20;738
26;2025-12-11;21;457
26;2025-12-11;22;237
26;2025-12-11;23;126
26;2025-12-12;0;35
26;2025-12-12;1;2
26;2025-12-12;2;0
26;2025-12-12;3;0
26;2025-12-12;4;1
26;2025-12-12;5;89
26;2025-12-12;6;496
26;2025-12-12;7;1044
26;2025-12-12;8;2007
26;2025-12-12;9;1370
26;2025-12-12;10;1199
26;2025-12-12;11;1050
26;2025-12-12;12;1103
26;2025-12-12;13;1166
26;2025-12-12;14;1224
26;2025-12-12;15;1362
26;2025-12-12;16;1607
26;2025-12-12;17;1681
26;2025-12-12;18;1398
26;2025-12-12;19;1065
26;2025-12-12;20;714
26;2025-12-12;21;465
26;2025-12-12;22;223
26;2025-12-12;23;157
26;2025-12-13;0;46
26;2025-12-13;1;2
26;2025-12-13;2;0
26;2025-12-13;3;0
26;2025-12-13;4;2
26;2025-12-13;5;49
26;2025-12-13;6;266
26;2025-12-13;7;377
26;2025-12-13;8;594
26;2025-12-13;9;694
26;2025-12-13;10;822
26;2025-12-13;11;1001
26;2025-12-13;12;1046
26;2025-12-13;13;1045
26;2025-12-13;14;1039
26;2025-12-13;15;991
26;2025-12-13;16;992
26;2025-12-13;17;930
26;2025-12-13;18;886
26;2025-12-13;19;818
26;2025-12-13;20;556
26;2025-12-13;21;371
26;2025-12-13;22;227
26;2025-12-13;23;147
26;2025-12-14;0;52
26;2025-12-14;1;4
26;2025-12-14;2;0
26;2025-12-14;3;0
26;2025-12-14;4;1
26;2025-12-14;5;29
26;2025-12-14;6;175
26;2025-12-14;7;273
26;2025-12-14;8;392
26;2025-12-14;9;535
26;2025-12-14;10;591
26;2025-12-14;11;800
26;2025-12-14;12;843
26;2025-12-14;13;903
26;2025-12-14;14;890
26;2025-12-14;15;826
26;2025-12-14;16;835
26;2025-12-14;17;825
26;2025-12-14;18;776
26;2025-12-14;19;608
26;2025-12-14;20;453
26;2025-12-14;21;311
26;2025-12-14;22;218
26;2025-12-14;23;117
26;2025-12-15;0;27
26;2025-12-15;1;2
26;2025-12-15;2;0
26;2025-12-15;3;0
26;2025-12-15;4;2
26;2025-12-15;5;89
26;2025-12-15;6;528
26;2025-12-15;7;1122
26;2025-12-15;8;2141
26;2025-12-15;9;1478
26;2025-12-15;10;1213
26;2025-12-15;11;1067
26;2025-12-15;12;1093
26;2025-12-15;13;1192
26;2025-12-15;14;1212
26;2025-12-15;15;1319
26;2025-12-15;16;1503
26;2025-12-15;17;1708
26;2025-12-15;18;1916
26;2025-12-15;19;1263
26;2025-12-15;20;789
26;2025-12-15;21;451
26;2025-12-15;22;222
26;2025-12-15;23;107
26;2025-12-16;0;31
26;2025-12-16;1;1
26;2025-12-16;2;0
26;2025-12-16;3;0
26;2025-12-16;4;2
26;2025-12-16;5;86
26;2025-12-16;6;512
26;2025-12-16;7;1111
26;2025-12-16;8;2226
26;2025-12-16;9;1471
26;2025-12-16;10;1206
26;2025-12-16;11;1116
26;2025-12-16;12;1139
26;2025-12-16;13;1159
26;2025-12-16;14;1192
26;2025-12-16;15;1308
26;2025-12-16;16;1475
26;2025-12-16;17;1755
26;2025-12-16;18;1895
26;2025-12-16;19;1342
26;2025-12-16;20;787
26;2025-12-16;21;477
26;2025-12-16;22;227
26;2025-12-16;23;115
26;2025-12-17;0;32
26;2025-12-17;1;1
26;2025-12-17;2;0
26;2025-12-17;3;0
26;2025-12-17;4;2
26;2025-12-17;5;91
26;2025-12-17;6;512
26;2025-12-17;7;1126
26;2025-12-17;8;2208
26;2025-12-17;9;1496
26;2025-12-17;10;1232
26;2025-12-17;11;1116
26;2025-12-17;12;1161
26;2025-12-17;13;1198
26;2025-12-17;14;1314
26;2025-12-17;15;1355
26;2025-12-17;16;1488
26;2025-12-17;17;1677
26;2025-12-17;18;1880
26;2025-12-17;19;1279
26;2025-12-17;20;795
26;2025-12-17;21;510
26;2025-12-17;22;241
26;2025-12-17;23;132
26;2025-12-18;0;38
26;2025-12-18;1;1
26;2025-12-18;2;0
26;2025-12-18;3;0
26;2025-12-18;4;1
26;2025-12-18;5;87
26;2025-12-18;6;506
26;2025-12-18;7;1108
26;2025-12-18;8;2196
26;2025-12-18;9;1521
26;2025-12-18;10;1205
26;2025-12-18;11;1152
26;2025-12-18;12;1158
26;2025-12-18;13;1192
26;2025-12-18;14;1256
26;2025-12-18;15;1365
26;2025-12-18;16;1530
26;2025-12-18;17;1715
26;2025-12-18;18;1956
26;2025-12-18;19;1305
26;2025-12-18;20;784
26;2025-12-18;21;485
26;2025-12-18;22;251
26;2025-12-18;23;134
26;2025-12-19;0;35
26;2025-12-19;1;2
26;2025-12-19;2;0
26;2025-12-19;3;0
26;2025-12-19;4;1
26;2025-12-19;5;89
26;2025-12-19;6;521
26;2025-12-19;7;1097
26;2025-12-19;8;2108
26;2025-12-19;9;1439
26;2025-12-19;10;1259
26;2025-12-19;11;1102
26;2025-12-19;12;1158
26;2025-12-19;13;1225
26;2025-12-19;14;1286
26;2025-12-19;15;1430
26;2025-12-19;16;1689
26;2025-12-19;17;1766
26;2025-12-19;18;1469
26;2025-12-19;19;1118
26;2025-12-19;20;750
26;2025-12-19;21;489
26;2025-12-19;22;235
26;2025-12-19;23;165
26;2025-12-20;0;46
26;2025-12-20;1;2
26;2025-12-20;2;0
26;2025-12-20;3;0
26;2025-12-20;4;2
26;2025-12-20;5;49
26;2025-12-20;6;272
26;2025-12-20;7;385
26;2025-12-20;8;607
26;2025-12-20;9;710
26;2025-12-20;10;840
26;2025-12-20;11;1024
26;2025-12-20;12;1069
26;2025-12-20;13;1068
26;2025-12-20;14;1062
26;2025-12-20;15;1014
26;2025-12-20;16;1014
26;2025-12-20;17;950
26;2025-12-20;18;906
26;2025-12-20;19;836
26;2025-12-20;20;568
26;2025-12-20;21;379
26;2025-12-20;22;232
26;2025-12-20;23;150
26;2025-12-21;0;52
26;2025-12-21;1;4
26;2025-12-21;2;0
26;2025-12-21;3;0
26;2025-12-21;4;1
26;2025-12-21;5;29
26;2025-12-21;6;176
26;2025-12-21;7;274
26;2025-12-21;8;393
26;2025-12-21;9;537
26;2025-12-21;10;593
26;2025-12-21;11;802
26;2025-12-21;12;846
26;2025-12-21;13;906
26;2025-12-21;14;893
26;2025-12-21;15;829
26;2025-12-21;16;838
26;2025-12-21;17;828
26;2025-12-21;18;779
26;2025-12-21;19;610
26;2025-12-21;20;454
26;2025-12-21;21;312
26;2025-12-21;22;219
26;2025-12-21;23;117
26;2025-12-22;0;27
26;2025-12-22;1;2
26;2025-12-22;2;0
26;2025-12-22;3;0
26;2025-12-22;4;2
26;2025-12-22;5;89
26;2025-12-22;6;511
26;2025-12-22;7;1086
26;2025-12-22;8;2073
26;2025-12-22;9;1431
26;2025-12-22;10;1175
26;2025-12-22;11;1033
26;2025-12-22;12;1058
26;2025-12-22;13;1154
26;2025-12-22;14;1173
26;2025-12-22;15;1277
26;2025-12-22;16;1455
26;2025-12-22;17;1654
26;2025-12-22;18;1855
26;2025-12-22;19;1223
26;2025-12-22;20;764
26;2025-12-22;21;437
26;2025-12-22;22;215
26;2025-12-22;23;104
26;2025-12-23;0;31
26;2025-12-23;1;1
26;2025-12-23;2;0
26;2025-12-23;3;0
26;2025-12-23;4;2
26;2025-12-23;5;86
26;2025-12-23;6;528
26;2025-12-23;7;1146
26;2025-12-23;8;2297
26;2025-12-23;9;1518
26;2025-12-23;10;1244
26;2025-12-23;11;1151
26;2025-12-23;12;1175
26;2025-12-23;13;1195
26;2025-12-23;14;1230
26;2025-12-23;15;1350
26;2025-12-23;16;1521
26;2025-12-23;17;1810
26;2025-12-23;18;1955
26;2025-12-23;19;1384
26;2025-12-23;20;812
26;2025-12-23;21;492
26;2025-12-23;22;234
26;2025-12-23;23;119
26;2025-12-24;0;32
26;2025-12-24;1;1
26;2025-12-24;2;0
26;2025-12-24;3;0
26;2025-12-24;4;2
26;2025-12-24;5;91
26;2025-12-24;6;503
26;2025-12-24;7;1106
26;2025-12-24;8;2169
26;2025-12-24;9;1470
26;2025-12-24;10;1210
26;2025-12-24;11;1097
26;2025-12-24;12;1141
26;2025-12-24;13;1177
26;2025-12-24;14;1291
26;2025-12-24;15;1331
26;2025-12-24;16;1462
26;2025-12-24;17;1648
26;2025-12-24;18;1847
26;2025-12-24;19;1256
26;2025-12-24;20;782
26;2025-12-24;21;501
26;2025-12-24;22;237
26;2025-12-24;23;130
26;2025-12-25;0;38
26;2025-12-25;1;1
26;2025-12-25;2;0
26;2025-12-25;3;0
26;2025-12-25;4;1
26;2025-12-25;5;87
26;2025-12-25;6;478
26;2025-12-25;7;1047
26;2025-12-25;8;2075
26;2025-12-25;9;1438
26;2025-12-25;10;1139
26;2025-12-25;11;1089
26;2025-12-25;12;1095
26;2025-12-25;13;1127
26;2025-12-25;14;1187
26;2025-12-25;15;1290
26;2025-12-25;16;1446
26;2025-12-25;17;1620
26;2025-12-25;18;1849
26;2025-12-25;19;1234
26;2025-12-25;20;741
26;2025-12-25;21;458
26;2025-12-25;22;237
26;2025-12-25;23;127
26;2025-12-26;0;35
26;2025-12-26;1;2
26;2025-12-26;2;0
26;2025-12-26;3;0
26;2025-12-26;4;1
26;2025-12-26;5;89
26;2025-12-26;6;482
26;2025-12-26;7;1013
26;2025-12-26;8;1948
26;2025-12-26;9;1329
26;2025-12-26;10;1163
26;2025-12-26;11;1018
26;2025-12-26;12;1070
26;2025-12-26;13;1131
26;2025-12-26;14;1188
26;2025-12-26;15;1321
26;2025-12-26;16;1560
26;2025-12-26;17;1631
26;2025-12-26;18;1357
26;2025-12-26;19;1033
26;2025-12-26;20;693
26;2025-12-26;21;452
26;2025-12-26;22;217
26;2025-12-26;23;152
26;2025-12-27;0;46
26;2025-12-27;1;2
26;2025-12-27;2;0
26;2025-12-27;3;0
26;2025-12-27;4;2
26;2025-12-27;5;49
26;2025-12-27;6;266
26;2025-12-27;7;377
26;2025-12-27;8;594
26;2025-12-27;9;694
26;2025-12-27;10;822
26;2025-12-27;11;1002
26;2025-12-27;12;1046
26;2025-12-27;13;1045
26;2025-12-27;14;1040
26;2025-12-27;15;992
26;2025-12-27;16;992
26;2025-12-27;17;930
26;2025-12-27;18;886
26;2025-12-27;19;818
26;2025-12-27;20;556
26;2025-12-27;21;371
26;2025-12-27;22;227
26;2025-12-27;23;147
26;2025-12-28;0;52
26;2025-12-28;1;4
26;2025-12-28;2;0
26;2025-12-28;3;0
26;2025-12-28;4;1
26;2025-12-28;5;29
26;2025-12-28;6;170
26;2025-12-28;7;265
26;2025-12-28;8;380
26;2025-12-28;9;519
26;2025-12-28;10;574
26;2025-12-28;11;776
26;2025-12-28;12;818
26;2025-12-28;13;876
26;2025-12-28;14;863
26;2025-12-28;15;801
26;2025-12-28;16;810
26;2025-12-28;17;801
26;2025-12-28;18;753
26;2025-12-28;19;590
26;2025-12-28;20;439
26;2025-12-28;21;301
26;2025-12-28;22;212
26;2025-12-28;23;113
26;2025-12-29;0;27
26;2025-12-29;1;2
26;2025-12-29;2;0
26;2025-12-29;3;0
26;2025-12-29;4;2
26;2025-12-29;5;89
26;2025-12-29;6;508
26;2025-12-29;7;1080
26;2025-12-29;8;2062
26;2025-12-29;9;1423
26;2025-12-29;10;1168
26;2025-12-29;11;1027
26;2025-12-29;12;1052
26;2025-12-29;13;1148
26;2025-12-29;14;1167
26;2025-12-29;15;1270
26;2025-12-29;16;1447
26;2025-12-29;17;1645
26;2025-12-29;18;1845
26;2025-12-29;19;1216
26;2025-12-29;20;760
26;2025-12-29;21;435
26;2025-12-29;22;214
26;2025-12-29;23;103
26;2025-12-30;0;31
26;2025-12-30;1;1
26;2025-12-30;2;0
26;2025-12-30;3;0
26;2025-12-30;4;2
26;2025-12-30;5;86
26;2025-12-30;6;496
26;2025-12-30;7;1076
26;2025-12-30;8;2157
26;2025-12-30;9;1426
26;2025-12-30;10;1169
26;2025-12-30;11;1081
26;2025-12-30;12;1104
26;2025-12-30;13;1123
26;2025-12-30;14;1155
26;2025-12-30;15;1268
26;2025-12-30;16;1429
26;2025-12-30;17;1701
26;2025-12-30;18;1836
26;2025-12-30;19;1300
26;2025-12-30;20;763
26;2025-12-30;21;462
26;2025-12-30;22;220
26;2025-12-30;23;112
26;2025-12-31;0;51
26;2025-12-31;1;4
26;2025-12-31;2;0
26;2025-12-31;3;0
26;2025-12-31;4;1
26;2025-12-31;5;29
26;2025-12-31;6;172
26;2025-12-31;7;268
26;2025-12-31;8;385
26;2025-12-31;9;525
26;2025-12-31;10;580
26;2025-12-31;11;784
26;2025-12-31;12;827
26;2025-12-31;13;886
26;2025-12-31;14;873
26;2025-12-31;15;810
26;2025-12-31;16;819
26;2025-12-31;17;810
26;2025-12-31;18;762
26;2025-12-31;19;596
26;2025-12-31;20;444
26;2025-12-31;21;305
26;2025-12-31;22;214
26;2025-12-31;23;114
28;2025-11-01;0;0
28;2025-11-01;1;0
28;2025-11-01;2;0
28;2025-11-01;3;0
28;2025-11-01;4;2
28;2025-11-01;5;81
28;2025-11-01;6;268
28;2025-11-01;7;796
28;2025-11-01;8;1239
28;2025-11-01;9;824
28;2025-11-01;10;601
28;2025-11-01;11;570
28;2025-11-01;12;716
28;2025-11-01;13;720
28;2025-11-01;14;696
28;2025-11-01;15;752
28;2025-11-01;16;948
28;2025-11-01;17;990
28;2025-11-01;18;843
28;2025-11-01;19;640
28;2025-11-01;20;479
28;2025-11-01;21;326
28;2025-11-01;22;146
28;2025-11-01;23;19
28;2025-11-02;0;0
28;2025-11-02;1;0
28;2025-11-02;2;0
28;2025-11-02;3;0
28;2025-11-02;4;0
28;2025-11-02;5;33
28;2025-11-02;6;91
28;2025-11-02;7;166
28;2025-11-02;8;262
28;2025-11-02;9;344
28;2025-11-02;10;393
28;2025-11-02;11;428
28;2025-11-02;12;488
28;2025-11-02;13;543
28;2025-11-02;14;549
28;2025-11-02;15;555
28;2025-11-02;16;512
28;2025-11-02;17;520
28;2025-11-02;18;454
28;2025-11-02;19;388
28;2025-11-02;20;323
28;2025-11-02;21;265
28;2025-11-02;22;122
28;2025-11-02;23;13
28;2025-11-03;0;0
28;2025-11-03;1;0
28;2025-11-03;2;0
28;2025-11-03;3;0
28;2025-11-03;4;0
28;2025-11-03;5;31
28;2025-11-03;6;87
28;2025-11-03;7;160
28;2025-11-03;8;252
28;2025-11-03;9;331
28;2025-11-03;10;378
28;2025-11-03;11;411
28;2025-11-03;12;468
28;2025-11-03;13;522
28;2025-11-03;14;528
28;2025-11-03;15;534
28;2025-11-03;16;492
28;2025-11-03;17;499
28;2025-11-03;18;436
28;2025-11-03;19;373
28;2025-11-03;20;311
28;2025-11-03;21;255
28;2025-11-03;22;117
28;2025-11-03;23;13
28;2025-11-04;0;0
28;2025-11-04;1;0
28;2025-11-04;2;0
28;2025-11-04;3;0
28;2025-11-04;4;0
28;2025-11-04;5;32
28;2025-11-04;6;90
28;2025-11-04;7;164
28;2025-11-04;8;258
28;2025-11-04;9;339
28;2025-11-04;10;387
28;2025-11-04;11;421
28;2025-11-04;12;480
28;2025-11-04;13;535
28;2025-11-04;14;541
28;2025-11-04;15;547
28;2025-11-04;16;504
28;2025-11-04;17;512
28;2025-11-04;18;447
28;2025-11-04;19;382
28;2025-11-04;20;318
28;2025-11-04;21;261
28;2025-11-04;22;120
28;2025-11-04;23;13
28;2025-11-05;0;0
28;2025-11-05;1;0
28;2025-11-05;2;0
28;2025-11-05;3;0
28;2025-11-05;4;2
28;2025-11-05;5;85
28;2025-11-05;6;286
28;2025-11-05;7;813
28;2025-11-05;8;1258
28;2025-11-05;9;865
28;2025-11-05;10;648
28;2025-11-05;11;610
28;2025-11-05;12;719
28;2025-11-05;13;766
28;2025-11-05;14;674
28;2025-11-05;15;732
28;2025-11-05;16;928
28;2025-11-05;17;1004
28;2025-11-05;18;998
28;2025-11-05;19;754
28;2025-11-05;20;525
28;2025-11-05;21;334
28;2025-11-05;22;142
28;2025-11-05;23;16
28;2025-11-06;0;0
28;2025-11-06;1;0
28;2025-11-06;2;0
28;2025-11-06;3;0
28;2025-11-06;4;1
28;2025-11-06;5;79
28;2025-11-06;6;271
28;2025-11-06;7;800
28;2025-11-06;8;1266
28;2025-11-06;9;841
28;2025-11-06;10;607
28;2025-11-06;11;544
28;2025-11-06;12;676
28;2025-11-06;13;715
28;2025-11-06;14;648
28;2025-11-06;15;695
28;2025-11-06;16;862
28;2025-11-06;17;991
28;2025-11-06;18;1007
28;2025-11-06;19;745
28;2025-11-06;20;530
28;2025-11-06;21;320
28;2025-11-06;22;139
28;2025-11-06;23;15
28;2025-11-07;0;0
28;2025-11-07;1;0
28;2025-11-07;2;0
28;2025-11-07;3;0
28;2025-11-07;4;2
28;2025-11-07;5;80
28;2025-11-07;6;265
28;2025-11-07;7;788
28;2025-11-07;8;1227
28;2025-11-07;9;816
28;2025-11-07;10;595
28;2025-11-07;11;564
28;2025-11-07;12;709
28;2025-11-07;13;713
28;2025-11-07;14;689
28;2025-11-07;15;745
28;2025-11-07;16;939
28;2025-11-07;17;980
28;2025-11-07;18;835
28;2025-11-07;19;634
28;2025-11-07;20;475
28;2025-11-07;21;323
28;2025-11-07;22;145
28;2025-11-07;23;19
28;2025-11-08;0;0
28;2025-11-08;1;0
28;2025-11-08;2;0
28;2025-11-08;3;0
28;2025-11-08;4;0
28;2025-11-08;5;39
28;2025-11-08;6;106
28;2025-11-08;7;237
28;2025-11-08;8;405
28;2025-11-08;9;484
28;2025-11-08;10;493
28;2025-11-08;11;514
28;2025-11-08;12;593
28;2025-11-08;13;632
28;2025-11-08;14;637
28;2025-11-08;15;605
28;2025-11-08;16;568
28;2025-11-08;17;581
28;2025-11-08;18;515
28;2025-11-08;19;446
28;2025-11-08;20;332
28;2025-11-08;21;283
28;2025-11-08;22;141
28;2025-11-08;23;19
28;2025-11-09;0;0
28;2025-11-09;1;0
28;2025-11-09;2;0
28;2025-11-09;3;0
28;2025-11-09;4;0
28;2025-11-09;5;33
28;2025-11-09;6;91
28;2025-11-09;7;167
28;2025-11-09;8;263
28;2025-11-09;9;345
28;2025-11-09;10;395
28;2025-11-09;11;429
28;2025-11-09;12;489
28;2025-11-09;13;545
28;2025-11-09;14;551
28;2025-11-09;15;557
28;2025-11-09;16;514
28;2025-11-09;17;522
28;2025-11-09;18;456
28;2025-11-09;19;390
28;2025-11-09;20;325
28;2025-11-09;21;266
28;2025-11-09;22;123
28;2025-11-09;23;13
28;2025-11-10;0;0
28;2025-11-10;1;0
28;2025-11-10;2;0
28;2025-11-10;3;0
28;2025-11-10;4;2
28;2025-11-10;5;79
28;2025-11-10;6;284
28;2025-11-10;7;848
28;2025-11-10;8;1287
28;2025-11-10;9;889
28;2025-11-10;10;622
28;2025-11-10;11;549
28;2025-11-10;12;690
28;2025-11-10;13;702
28;2025-11-10;14;655
28;2025-11-10;15;687
28;2025-11-10;16;912
28;2025-11-10;17;1001
28;2025-11-10;18;989
28;2025-11-10;19;747
28;2025-11-10;20;524
28;2025-11-10;21;320
28;2025-11-10;22;129
28;2025-11-10;23;12
28;2025-11-11;0;0
28;2025-11-11;1;0
28;2025-11-11;2;0
28;2025-11-11;3;0
28;2025-11-11;4;2
28;2025-11-11;5;80
28;2025-11-11;6;277
28;2025-11-11;7;881
28;2025-11-11;8;1332
28;2025-11-11;9;914
28;2025-11-11;10;706
28;2025-11-11;11;605
28;2025-11-11;12;712
28;2025-11-11;13;766
28;2025-11-11;14;704
28;2025-11-11;15;733
28;2025-11-11;16;862
28;2025-11-11;17;1024
28;2025-11-11;18;989
28;2025-11-11;19;758
28;2025-11-11;20;553
28;2025-11-11;21;333
28;2025-11-11;22;135
28;2025-11-11;23;17
28;2025-11-12;0;0
28;2025-11-12;1;0
28;2025-11-12;2;0
28;2025-11-12;3;0
28;2025-11-12;4;2
28;2025-11-12;5;85
28;2025-11-12;6;279
28;2025-11-12;7;792
28;2025-11-12;8;1226
28;2025-11-12;9;843
28;2025-11-12;10;632
28;2025-11-12;11;594
28;2025-11-12;12;701
28;2025-11-12;13;746
28;2025-11-12;14;656
28;2025-11-12;15;713
28;2025-11-12;16;904
28;2025-11-12;17;978
28;2025-11-12;18;972
28;2025-11-12;19;735
28;2025-11-12;20;512
28;2025-11-12;21;326
28;2025-11-12;22;138
28;2025-11-12;23;15
28;2025-11-13;0;0
28;2025-11-13;1;0
28;2025-11-13;2;0
28;2025-11-13;3;0
28;2025-11-13;4;1
28;2025-11-13;5;79
28;2025-11-13;6;280
28;2025-11-13;7;825
28;2025-11-13;8;1306
28;2025-11-13;9;868
28;2025-11-13;10;626
28;2025-11-13;11;561
28;2025-11-13;12;697
28;2025-11-13;13;737
28;2025-11-13;14;669
28;2025-11-13;15;717
28;2025-11-13;16;890
28;2025-11-13;17;1022
28;2025-11-13;18;1039
28;2025-11-13;19;769
28;2025-11-13;20;547
28;2025-11-13;21;331
28;2025-11-13;22;143
28;2025-11-13;23;16
28;2025-11-14;0;0
28;2025-11-14;1;0
28;2025-11-14;2;0
28;2025-11-14;3;0
28;2025-11-14;4;2
28;2025-11-14;5;80
28;2025-11-14;6;270
28;2025-11-14;7;804
28;2025-11-14;8;1252
28;2025-11-14;9;832
28;2025-11-14;10;607
28;2025-11-14;11;575
28;2025-11-14;12;723
28;2025-11-14;13;728
28;2025-11-14;14;703
28;2025-11-14;15;760
28;2025-11-14;16;957
28;2025-11-14;17;1000
28;2025-11-14;18;852
28;2025-11-14;19;647
28;2025-11-14;20;484
28;2025-11-14;21;330
28;2025-11-14;22;148
28;2025-11-14;23;19
28;2025-11-15;0;0
28;2025-11-15;1;0
28;2025-11-15;2;0
28;2025-11-15;3;0
28;2025-11-15;4;0
28;2025-11-15;5;39
28;2025-11-15;6;97
28;2025-11-15;7;216
28;2025-11-15;8;370
28;2025-11-15;9;442
28;2025-11-15;10;451
28;2025-11-15;11;469
28;2025-11-15;12;541
28;2025-11-15;13;578
28;2025-11-15;14;581
28;2025-11-15;15;552
28;2025-11-15;16;518
28;2025-11-15;17;530
28;2025-11-15;18;470
28;2025-11-15;19;407
28;2025-11-15;20;303
28;2025-11-15;21;258
28;2025-11-15;22;129
28;2025-11-15;23;18
28;2025-11-16;0;0
28;2025-11-16;1;0
28;2025-11-16;2;0
28;2025-11-16;3;0
28;2025-11-16;4;0
28;2025-11-16;5;33
28;2025-11-16;6;91
28;2025-11-16;7;167
28;2025-11-16;8;263
28;2025-11-16;9;345
28;2025-11-16;10;394
28;2025-11-16;11;429
28;2025-11-16;12;489
28;2025-11-16;13;545
28;2025-11-16;14;551
28;2025-11-16;15;557
28;2025-11-16;16;513
28;2025-11-16;17;521
28;2025-11-16;18;455
28;2025-11-16;19;389
28;2025-11-16;20;324
28;2025-11-16;21;266
28;2025-11-16;22;122
28;2025-11-16;23;13
28;2025-11-17;0;0
28;2025-11-17;1;0
28;2025-11-17;2;0
28;2025-11-17;3;0
28;2025-11-17;4;2
28;2025-11-17;5;79
28;2025-11-17;6;270
28;2025-11-17;7;806
28;2025-11-17;8;1223
28;2025-11-17;9;845
28;2025-11-17;10;592
28;2025-11-17;11;522
28;2025-11-17;12;656
28;2025-11-17;13;667
28;2025-11-17;14;623
28;2025-11-17;15;654
28;2025-11-17;16;867
28;2025-11-17;17;952
28;2025-11-17;18;940
28;2025-11-17;19;710
28;2025-11-17;20;498
28;2025-11-17;21;304
28;2025-11-17;22;123
28;2025-11-17;23;12
28;2025-11-18;0;0
28;2025-11-18;1;0
28;2025-11-18;2;0
28;2025-11-18;3;0
28;2025-11-18;4;2
28;2025-11-18;5;80
28;2025-11-18;6;254
28;2025-11-18;7;807
28;2025-11-18;8;1219
28;2025-11-18;9;836
28;2025-11-18;10;646
28;2025-11-18;11;553
28;2025-11-18;12;652
28;2025-11-18;13;701
28;2025-11-18;14;645
28;2025-11-18;15;671
28;2025-11-18;16;789
28;2025-11-18;17;937
28;2025-11-18;18;905
28;2025-11-18;19;694
28;2025-11-18;20;506
28;2025-11-18;21;305
28;2025-11-18;22;124
28;2025-11-18;23;15
28;2025-11-19;0;0
28;2025-11-19;1;0
28;2025-11-19;2;0
28;2025-11-19;3;0
28;2025-11-19;4;2
28;2025-11-19;5;85
28;2025-11-19;6;286
28;2025-11-19;7;813
28;2025-11-19;8;1257
28;2025-11-19;9;865
28;2025-11-19;10;648
28;2025-11-19;11;609
28;2025-11-19;12;719
28;2025-11-19;13;765
28;2025-11-19;14;673
28;2025-11-19;15;731
28;2025-11-19;16;927
28;2025-11-19;17;1003
28;2025-11-19;18;997
28;2025-11-19;19;754
28;2025-11-19;20;525
28;2025-11-19;21;334
28;2025-11-19;22;142
28;2025-11-19;23;16
28;2025-11-20;0;0
28;2025-11-20;1;0
28;2025-11-20;2;0
28;2025-11-20;3;0
28;2025-11-20;4;1
28;2025-11-20;5;79
28;2025-11-20;6;280
28;2025-11-20;7;828
28;2025-11-20;8;1310
28;2025-11-20;9;870
28;2025-11-20;10;628
28;2025-11-20;11;563
28;2025-11-20;12;699
28;2025-11-20;13;739
28;2025-11-20;14;671
28;2025-11-20;15;720
28;2025-11-20;16;892
28;2025-11-20;17;1025
28;2025-11-20;18;1042
28;2025-11-20;19;771
28;2025-11-20;20;549
28;2025-11-20;21;332
28;2025-11-20;22;143
28;2025-11-20;23;16
28;2025-11-21;0;0
28;2025-11-21;1;0
28;2025-11-21;2;0
28;2025-11-21;3;0
28;2025-11-21;4;2
28;2025-11-21;5;80
28;2025-11-21;6;270
28;2025-11-21;7;802
28;2025-11-21;8;1248
28;2025-11-21;9;830
28;2025-11-21;10;605
28;2025-11-21;11;574
28;2025-11-21;12;721
28;2025-11-21;13;725
28;2025-11-21;14;701
28;2025-11-21;15;757
28;2025-11-21;16;955
28;2025-11-21;17;997
28;2025-11-21;18;849
28;2025-11-21;19;645
28;2025-11-21;20;483
28;2025-11-21;21;329
28;2025-11-21;22;147
28;2025-11-21;23;19
28;2025-11-22;0;0
28;2025-11-22;1;0
28;2025-11-22;2;0
28;2025-11-22;3;0
28;2025-11-22;4;0
28;2025-11-22;5;39
28;2025-11-22;6;100
28;2025-11-22;7;224
28;2025-11-22;8;383
28;2025-11-22;9;457
28;2025-11-22;10;466
28;2025-11-22;11;485
28;2025-11-22;12;560
28;2025-11-22;13;597
28;2025-11-22;14;601
28;2025-11-22;15;571
28;2025-11-22;16;536
28;2025-11-22;17;548
28;2025-11-22;18;486
28;2025-11-22;19;421
28;2025-11-22;20;313
28;2025-11-22;21;267
28;2025-11-22;22;133
28;2025-11-22;23;18
28;2025-11-23;0;0
28;2025-11-23;1;0
28;2025-11-23;2;0
28;2025-11-23;3;0
28;2025-11-23;4;0
28;2025-11-23;5;33
28;2025-11-23;6;91
28;2025-11-23;7;166
28;2025-11-23;8;262
28;2025-11-23;9;344
28;2025-11-23;10;393
28;2025-11-23;11;428
28;2025-11-23;12;487
28;2025-11-23;13;543
28;2025-11-23;14;549
28;2025-11-23;15;555
28;2025-11-23;16;512
28;2025-11-23;17;519
28;2025-11-23;18;454
28;2025-11-23;19;388
28;2025-11-23;20;323
28;2025-11-23;21;265
28;2025-11-23;22;122
28;2025-11-23;23;13
28;2025-11-24;0;0
28;2025-11-24;1;0
28;2025-11-24;2;0
28;2025-11-24;3;0
28;2025-11-24;4;2
28;2025-11-24;5;79
28;2025-11-24;6;260
28;2025-11-24;7;775
28;2025-11-24;8;1176
28;2025-11-24;9;812
28;2025-11-24;10;569
28;2025-11-24;11;502
28;2025-11-24;12;631
28;2025-11-24;13;641
28;2025-11-24;14;598
28;2025-11-24;15;628
28;2025-11-24;16;833
28;2025-11-24;17;915
28;2025-11-24;18;904
28;2025-11-24;19;683
28;2025-11-24;20;479
28;2025-11-24;21;292
28;2025-11-24;22;118
28;2025-11-24;23;11
28;2025-11-25;0;0
28;2025-11-25;1;0
28;2025-11-25;2;0
28;2025-11-25;3;0
28;2025-11-25;4;2
28;2025-11-25;5;80
28;2025-11-25;6;277
28;2025-11-25;7;881
28;2025-11-25;8;1331
28;2025-11-25;9;913
28;2025-11-25;10;706
28;2025-11-25;11;604
28;2025-11-25;12;712
28;2025-11-25;13;765
28;2025-11-25;14;704
28;2025-11-25;15;733
28;2025-11-25;16;862
28;2025-11-25;17;1024
28;2025-11-25;18;988
28;2025-11-25;19;758
28;2025-11-25;20;552
28;2025-11-25;21;333
28;2025-11-25;22;135
28;2025-11-25;23;17
28;2025-11-26;0;0
28;2025-11-26;1;0
28;2025-11-26;2;0
28;2025-11-26;3;0
28;2025-11-26;4;2
28;2025-11-26;5;85
28;2025-11-26;6;265
28;2025-11-26;7;752
28;2025-11-26;8;1164
28;2025-11-26;9;800
28;2025-11-26;10;599
28;2025-11-26;11;564
28;2025-11-26;12;665
28;2025-11-26;13;708
28;2025-11-26;14;623
28;2025-11-26;15;677
28;2025-11-26;16;858
28;2025-11-26;17;928
28;2025-11-26;18;923
28;2025-11-26;19;697
28;2025-11-26;20;486
28;2025-11-26;21;309
28;2025-11-26;22;131
28;2025-11-26;23;14
28;2025-11-27;0;0
28;2025-11-27;1;0
28;2025-11-27;2;0
28;2025-11-27;3;0
28;2025-11-27;4;1
28;2025-11-27;5;79
28;2025-11-27;6;261
28;2025-11-27;7;770
28;2025-11-27;8;1218
28;2025-11-27;9;809
28;2025-11-27;10;584
28;2025-11-27;11;523
28;2025-11-27;12;650
28;2025-11-27;13;688
28;2025-11-27;14;624
28;2025-11-27;15;669
28;2025-11-27;16;830
28;2025-11-27;17;954
28;2025-11-27;18;969
28;2025-11-27;19;717
28;2025-11-27;20;510
28;2025-11-27;21;308
28;2025-11-27;22;133
28;2025-11-27;23;14
28;2025-11-28;0;0
28;2025-11-28;1;0
28;2025-11-28;2;0
28;2025-11-28;3;0
28;2025-11-28;4;2
28;2025-11-28;5;80
28;2025-11-28;6;259
28;2025-11-28;7;771
28;2025-11-28;8;1200
28;2025-11-28;9;798
28;2025-11-28;10;582
28;2025-11-28;11;552
28;2025-11-28;12;693
28;2025-11-28;13;698
28;2025-11-28;14;674
28;2025-11-28;15;728
28;2025-11-28;16;918
28;2025-11-28;17;959
28;2025-11-28;18;817
28;2025-11-28;19;620
28;2025-11-28;20;464
28;2025-11-28;21;316
28;2025-11-28;22;142
28;2025-11-28;23;18
28;2025-11-29;0;0
28;2025-11-29;1;0
28;2025-11-29;2;0
28;2025-11-29;3;0
28;2025-11-29;4;0
28;2025-11-29;5;39
28;2025-11-29;6;107
28;2025-11-29;7;238
28;2025-11-29;8;408
28;2025-11-29;9;487
28;2025-11-29;10;496
28;2025-11-29;11;517
28;2025-11-29;12;596
28;2025-11-29;13;636
28;2025-11-29;14;640
28;2025-11-29;15;608
28;2025-11-29;16;571
28;2025-11-29;17;584
28;2025-11-29;18;518
28;2025-11-29;19;448
28;2025-11-29;20;334
28;2025-11-29;21;284
28;2025-11-29;22;142
28;2025-11-29;23;20
28;2025-11-30;0;0
28;2025-11-30;1;0
28;2025-11-30;2;0
28;2025-11-30;3;0
28;2025-11-30;4;0
28;2025-11-30;5;33
28;2025-11-30;6;91
28;2025-11-30;7;166
28;2025-11-30;8;261
28;2025-11-30;9;343
28;2025-11-30;10;392
28;2025-11-30;11;426
28;2025-11-30;12;486
28;2025-11-30;13;541
28;2025-11-30;14;547
28;2025-11-30;15;553
28;2025-11-30;16;510
28;2025-11-30;17;518
28;2025-11-30;18;453
28;2025-11-30;19;387
28;2025-11-30;20;322
28;2025-11-30;21;264
28;2025-11-30;22;122
28;2025-11-30;23;13
28;2025-12-01;0;0
28;2025-12-01;1;0
28;2025-12-01;2;0
28;2025-12-01;3;0
28;2025-12-01;4;2
28;2025-12-01;5;79
28;2025-12-01;6;284
28;2025-12-01;7;848
28;2025-12-01;8;1286
28;2025-12-01;9;889
28;2025-12-01;10;622
28;2025-12-01;11;549
28;2025-12-01;12;690
28;2025-12-01;13;702
28;2025-12-01;14;655
28;2025-12-01;15;687
28;2025-12-01;16;912
28;2025-12-01;17;1001
28;2025-12-01;18;988
28;2025-12-01;19;747
28;2025-12-01;20;524
28;2025-12-01;21;320
28;2025-12-01;22;129
28;2025-12-01;23;12
28;2025-12-02;0;0
28;2025-12-02;1;0
28;2025-12-02;2;0
28;2025-12-02;3;0
28;2025-12-02;4;2
28;2025-12-02;5;80
28;2025-12-02;6;277
28;2025-12-02;7;881
28;2025-12-02;8;1332
28;2025-12-02;9;913
28;2025-12-02;10;706
28;2025-12-02;11;604
28;2025-12-02;12;712
28;2025-12-02;13;765
28;2025-12-02;14;704
28;2025-12-02;15;733
28;2025-12-02;16;862
28;2025-12-02;17;1024
28;2025-12-02;18;988
28;2025-12-02;19;758
28;2025-12-02;20;552
28;2025-12-02;21;333
28;2025-12-02;22;135
28;2025-12-02;23;17
28;2025-12-03;0;0
28;2025-12-03;1;0
28;2025-12-03;2;0
28;2025-12-03;3;0
28;2025-12-03;4;2
28;2025-12-03;5;85
28;2025-12-03;6;286
28;2025-12-03;7;813
28;2025-12-03;8;1257
28;2025-12-03;9;865
28;2025-12-03;10;648
28;2025-12-03;11;609
28;2025-12-03;12;719
28;2025-12-03;13;765
28;2025-12-03;14;673
28;2025-12-03;15;731
28;2025-12-03;16;927
28;2025-12-03;17;1003
28;2025-12-03;18;997
28;2025-12-03;19;754
28;2025-12-03;20;525
28;2025-12-03;21;334
28;2025-12-03;22;142
28;2025-12-03;23;16
28;2025-12-04;0;0
28;2025-12-04;1;0
28;2025-12-04;2;0
28;2025-12-04;3;0
28;2025-12-04;4;1
28;2025-12-04;5;79
28;2025-12-04;6;281
28;2025-12-04;7;828
28;2025-12-04;8;1311
28;2025-12-04;9;870
28;2025-12-04;10;628
28;2025-12-04;11;563
28;2025-12-04;12;700
28;2025-12-04;13;740
28;2025-12-04;14;671
28;2025-12-04;15;720
28;2025-12-04;16;892
28;2025-12-04;17;1026
28;2025-12-04;18;1042
28;2025-12-04;19;771
28;2025-12-04;20;549
28;2025-12-04;21;332
28;2025-12-04;22;143
28;2025-12-04;23;16
28;2025-12-05;0;0
28;2025-12-05;1;0
28;2025-12-05;2;0
28;2025-12-05;3;0
28;2025-12-05;4;2
28;2025-12-05;5;80
28;2025-12-05;6;274
28;2025-12-05;7;816
28;2025-12-05;8;1270
28;2025-12-05;9;845
28;2025-12-05;10;616
28;2025-12-05;11;584
28;2025-12-05;12;734
28;2025-12-05;13;738
28;2025-12-05;14;713
28;2025-12-05;15;771
28;2025-12-05;16;971
28;2025-12-05;17;1015
28;2025-12-05;18;864
28;2025-12-05;19;656
28;2025-12-05;20;491
28;2025-12-05;21;335
28;2025-12-05;22;150
28;2025-12-05;23;19
28;2025-12-06;0;0
28;2025-12-06;1;0
28;2025-12-06;2;0
28;2025-12-06;3;0
28;2025-12-06;4;0
28;2025-12-06;5;39
28;2025-12-06;6;107
28;2025-12-06;7;238
28;2025-12-06;8;408
28;2025-12-06;9;487
28;2025-12-06;10;496
28;2025-12-06;11;517
28;2025-12-06;12;596
28;2025-12-06;13;636
28;2025-12-06;14;641
28;2025-12-06;15;608
28;2025-12-06;16;571
28;2025-12-06;17;584
28;2025-12-06;18;518
28;2025-12-06;19;448
28;2025-12-06;20;334
28;2025-12-06;21;284
28;2025-12-06;22;142
28;2025-12-06;23;20
28;2025-12-07;0;0
28;2025-12-07;1;0
28;2025-12-07;2;0
28;2025-12-07;3;0
28;2025-12-07;4;0
28;2025-12-07;5;33
28;2025-12-07;6;91
28;2025-12-07;7;167
28;2025-12-07;8;263
28;2025-12-07;9;345
28;2025-12-07;10;394
28;2025-12-07;11;429
28;2025-12-07;12;489
28;2025-12-07;13;545
28;2025-12-07;14;551
28;2025-12-07;15;557
28;2025-12-07;16;513
28;2025-12-07;17;521
28;2025-12-07;18;456
28;2025-12-07;19;389
28;2025-12-07;20;324
28;2025-12-07;21;266
28;2025-12-07;22;123
28;2025-12-07;23;13
28;2025-12-08;0;0
28;2025-12-08;1;0
28;2025-12-08;2;0
28;2025-12-08;3;0
28;2025-12-08;4;2
28;2025-12-08;5;79
28;2025-12-08;6;284
28;2025-12-08;7;848
28;2025-12-08;8;1286
28;2025-12-08;9;889
28;2025-12-08;10;622
28;2025-12-08;11;549
28;2025-12-08;12;690
28;2025-12-08;13;701
28;2025-12-08;14;655
28;2025-12-08;15;687
28;2025-12-08;16;912
28;2025-12-08;17;1000
28;2025-12-08;18;988
28;2025-12-08;19;747
28;2025-12-08;20;524
28;2025-12-08;21;320
28;2025-12-08;22;129
28;2025-12-08;23;12
28;2025-12-09;0;0
28;2025-12-09;1;0
28;2025-12-09;2;0
28;2025-12-09;3;0
28;2025-12-09;4;2
28;2025-12-09;5;80
28;2025-12-09;6;274
28;2025-12-09;7;870
28;2025-12-09;8;1315
28;2025-12-09;9;902
28;2025-12-09;10;697
28;2025-12-09;11;597
28;2025-12-09;12;703
28;2025-12-09;13;756
28;2025-12-09;14;695
28;2025-12-09;15;724
28;2025-12-09;16;851
28;2025-12-09;17;1011
28;2025-12-09;18;976
28;2025-12-09;19;748
28;2025-12-09;20;546
28;2025-12-09;21;329
28;2025-12-09;22;133
28;2025-12-09;23;17
28;2025-12-10;0;0
28;2025-12-10;1;0
28;2025-12-10;2;0
28;2025-12-10;3;0
28;2025-12-10;4;2
28;2025-12-10;5;85
28;2025-12-10;6;274
28;2025-12-10;7;779
28;2025-12-10;8;1205
28;2025-12-10;9;828
28;2025-12-10;10;620
28;2025-12-10;11;584
28;2025-12-10;12;688
28;2025-12-10;13;733
28;2025-12-10;14;645
28;2025-12-10;15;700
28;2025-12-10;16;888
28;2025-12-10;17;961
28;2025-12-10;18;955
28;2025-12-10;19;722
28;2025-12-10;20;503
28;2025-12-10;21;320
28;2025-12-10;22;136
28;2025-12-10;23;15
28;2025-12-11;0;0
28;2025-12-11;1;0
28;2025-12-11;2;0
28;2025-12-11;3;0
28;2025-12-11;4;1
28;2025-12-11;5;79
28;2025-12-11;6;264
28;2025-12-11;7;779
28;2025-12-11;8;1234
28;2025-12-11;9;819
28;2025-12-11;10;591
28;2025-12-11;11;530
28;2025-12-11;12;658
28;2025-12-11;13;696
28;2025-12-11;14;631
28;2025-12-11;15;677
28;2025-12-11;16;840
28;2025-12-11;17;965
28;2025-12-11;18;981
28;2025-12-11;19;726
28;2025-12-11;20;517
28;2025-12-11;21;312
28;2025-12-11;22;135
28;2025-12-11;23;15
28;2025-12-12;0;0
28;2025-12-12;1;0
28;2025-12-12;2;0
28;2025-12-12;3;0
28;2025-12-12;4;2
28;2025-12-12;5;80
28;2025-12-12;6;259
28;2025-12-12;7;771
28;2025-12-12;8;1201
28;2025-12-12;9;798
28;2025-12-12;10;582
28;2025-12-12;11;552
28;2025-12-12;12;694
28;2025-12-12;13;698
28;2025-12-12;14;674
28;2025-12-12;15;729
28;2025-12-12;16;918
28;2025-12-12;17;959
28;2025-12-12;18;817
28;2025-12-12;19;620
28;2025-12-12;20;464
28;2025-12-12;21;316
28;2025-12-12;22;142
28;2025-12-12;23;18
28;2025-12-13;0;0
28;2025-12-13;1;0
28;2025-12-13;2;0
28;2025-12-13;3;0
28;2025-12-13;4;0
28;2025-12-13;5;39
28;2025-12-13;6;104
28;2025-12-13;7;233
28;2025-12-13;8;399
28;2025-12-13;9;476
28;2025-12-13;10;485
28;2025-12-13;11;505
28;2025-12-13;12;583
28;2025-12-13;13;622
28;2025-12-13;14;626
28;2025-12-13;15;595
28;2025-12-13;16;558
28;2025-12-13;17;571
28;2025-12-13;18;506
28;2025-12-13;19;438
28;2025-12-13;20;326
28;2025-12-13;21;278
28;2025-12-13;22;139
28;2025-12-13;23;19
28;2025-12-14;0;0
28;2025-12-14;1;0
28;2025-12-14;2;0
28;2025-12-14;3;0
28;2025-12-14;4;0
28;2025-12-14;5;33
28;2025-12-14;6;90
28;2025-12-14;7;164
28;2025-12-14;8;258
28;2025-12-14;9;339
28;2025-12-14;10;387
28;2025-12-14;11;421
28;2025-12-14;12;480
28;2025-12-14;13;535
28;2025-12-14;14;541
28;2025-12-14;15;547
28;2025-12-14;16;504
28;2025-12-14;17;512
28;2025-12-14;18;447
28;2025-12-14;19;382
28;2025-12-14;20;319
28;2025-12-14;21;261
28;2025-12-14;22;120
28;2025-12-14;23;13
28;2025-12-15;0;0
28;2025-12-15;1;0
28;2025-12-15;2;0
28;2025-12-15;3;0
28;2025-12-15;4;2
28;2025-12-15;5;79
28;2025-12-15;6;283
28;2025-12-15;7;844
28;2025-12-15;8;1281
28;2025-12-15;9;885
28;2025-12-15;10;619
28;2025-12-15;11;546
28;2025-12-15;12;687
28;2025-12-15;13;698
28;2025-12-15;14;652
28;2025-12-15;15;684
28;2025-12-15;16;907
28;2025-12-15;17;996
28;2025-12-15;18;984
28;2025-12-15;19;743
28;2025-12-15;20;522
28;2025-12-15;21;318
28;2025-12-15;22;128
28;2025-12-15;23;12
28;2025-12-16;0;0
28;2025-12-16;1;0
28;2025-12-16;2;0
28;2025-12-16;3;0
28;2025-12-16;4;2
28;2025-12-16;5;80
28;2025-12-16;6;268
28;2025-12-16;7;853
28;2025-12-16;8;1289
28;2025-12-16;9;884
28;2025-12-16;10;683
28;2025-12-16;11;585
28;2025-12-16;12;689
28;2025-12-16;13;741
28;2025-12-16;14;681
28;2025-12-16;15;710
28;2025-12-16;16;834
28;2025-12-16;17;991
28;2025-12-16;18;957
28;2025-12-16;19;733
28;2025-12-16;20;535
28;2025-12-16;21;322
28;2025-12-16;22;131
28;2025-12-16;23;16
28;2025-12-17;0;0
28;2025-12-17;1;0
28;2025-12-17;2;0
28;2025-12-17;3;0
28;2025-12-17;4;2
28;2025-12-17;5;85
28;2025-12-17;6;285
28;2025-12-17;7;810
28;2025-12-17;8;1253
28;2025-12-17;9;862
28;2025-12-17;10;645
28;2025-12-17;11;607
28;2025-12-17;12;716
28;2025-12-17;13;763
28;2025-12-17;14;671
28;2025-12-17;15;729
28;2025-12-17;16;924
28;2025-12-17;17;1000
28;2025-12-17;18;993
28;2025-12-17;19;751
28;2025-12-17;20;523
28;2025-12-17;21;333
28;2025-12-17;22;141
28;2025-12-17;23;16
28;2025-12-18;0;0
28;2025-12-18;1;0
28;2025-12-18;2;0
28;2025-12-18;3;0
28;2025-12-18;4;1
28;2025-12-18;5;79
28;2025-12-18;6;281
28;2025-12-18;7;828
28;2025-12-18;8;1310
28;2025-12-18;9;870
28;2025-12-18;10;628
28;2025-12-18;11;563
28;2025-12-18;12;699
28;2025-12-18;13;740
28;2025-12-18;14;671
28;2025-12-18;15;720
28;2025-12-18;16;892
28;2025-12-18;17;1025
28;2025-12-18;18;1042
28;2025-12-18;19;771
28;2025-12-18;20;549
28;2025-12-18;21;332
28;2025-12-18;22;143
28;2025-12-18;23;16
28;2025-12-19;0;0
28;2025-12-19;1;0
28;2025-12-19;2;0
28;2025-12-19;3;0
28;2025-12-19;4;2
28;2025-12-19;5;80
28;2025-12-19;6;272
28;2025-12-19;7;810
28;2025-12-19;8;1261
28;2025-12-19;9;839
28;2025-12-19;10;611
28;2025-12-19;11;580
28;2025-12-19;12;729
28;2025-12-19;13;733
28;2025-12-19;14;708
28;2025-12-19;15;765
28;2025-12-19;16;965
28;2025-12-19;17;1008
28;2025-12-19;18;858
28;2025-12-19;19;652
28;2025-12-19;20;488
28;2025-12-19;21;332
28;2025-12-19;22;149
28;2025-12-19;23;19
28;2025-12-20;0;0
28;2025-12-20;1;0
28;2025-12-20;2;0
28;2025-12-20;3;0
28;2025-12-20;4;0
28;2025-12-20;5;39
28;2025-12-20;6;107
28;2025-12-20;7;238
28;2025-12-20;8;407
28;2025-12-20;9;487
28;2025-12-20;10;496
28;2025-12-20;11;517
28;2025-12-20;12;596
28;2025-12-20;13;636
28;2025-12-20;14;640
28;2025-12-20;15;608
28;2025-12-20;16;571
28;2025-12-20;17;584
28;2025-12-20;18;518
28;2025-12-20;19;448
28;2025-12-20;20;334
28;2025-12-20;21;284
28;2025-12-20;22;142
28;2025-12-20;23;20
28;2025-12-21;0;0
28;2025-12-21;1;0
28;2025-12-21;2;0
28;2025-12-21;3;0
28;2025-12-21;4;0
28;2025-12-21;5;33
28;2025-12-21;6;90
28;2025-12-21;7;164
28;2025-12-21;8;259
28;2025-12-21;9;340
28;2025-12-21;10;389
28;2025-12-21;11;423
28;2025-12-21;12;482
28;2025-12-21;13;537
28;2025-12-21;14;543
28;2025-12-21;15;549
28;2025-12-21;16;506
28;2025-12-21;17;513
28;2025-12-21;18;449
28;2025-12-21;19;384
28;2025-12-21;20;320
28;2025-12-21;21;262
28;2025-12-21;22;121
28;2025-12-21;23;13
28;2025-12-22;0;0
28;2025-12-22;1;0
28;2025-12-22;2;0
28;2025-12-22;3;0
28;2025-12-22;4;2
28;2025-12-22;5;79
28;2025-12-22;6;274
28;2025-12-22;7;817
28;2025-12-22;8;1240
28;2025-12-22;9;857
28;2025-12-22;10;600
28;2025-12-22;11;529
28;2025-12-22;12;665
28;2025-12-22;13;676
28;2025-12-22;14;631
28;2025-12-22;15;662
28;2025-12-22;16;879
28;2025-12-22;17;964
28;2025-12-22;18;953
28;2025-12-22;19;720
28;2025-12-22;20;505
28;2025-12-22;21;308
28;2025-12-22;22;124
28;2025-12-22;23;12
28;2025-12-23;0;0
28;2025-12-23;1;0
28;2025-12-23;2;0
28;2025-12-23;3;0
28;2025-12-23;4;2
28;2025-12-23;5;80
28;2025-12-23;6;277
28;2025-12-23;7;880
28;2025-12-23;8;1330
28;2025-12-23;9;912
28;2025-12-23;10;705
28;2025-12-23;11;603
28;2025-12-23;12;711
28;2025-12-23;13;764
28;2025-12-23;14;703
28;2025-12-23;15;732
28;2025-12-23;16;861
28;2025-12-23;17;1022
28;2025-12-23;18;987
28;2025-12-23;19;757
28;2025-12-23;20;552
28;2025-12-23;21;333
28;2025-12-23;22;135
28;2025-12-23;23;17
28;2025-12-24;0;0
28;2025-12-24;1;0
28;2025-12-24;2;0
28;2025-12-24;3;0
28;2025-12-24;4;2
28;2025-12-24;5;85
28;2025-12-24;6;280
28;2025-12-24;7;796
28;2025-12-24;8;1231
28;2025-12-24;9;847
28;2025-12-24;10;634
28;2025-12-24;11;596
28;2025-12-24;12;704
28;2025-12-24;13;749
28;2025-12-24;14;659
28;2025-12-24;15;716
28;2025-12-24;16;908
28;2025-12-24;17;982
28;2025-12-24;18;976
28;2025-12-24;19;738
28;2025-12-24;20;514
28;2025-12-24;21;327
28;2025-12-24;22;139
28;2025-12-24;23;15
28;2025-12-25;0;0
28;2025-12-25;1;0
28;2025-12-25;2;0
28;2025-12-25;3;0
28;2025-12-25;4;1
28;2025-12-25;5;79
28;2025-12-25;6;265
28;2025-12-25;7;782
28;2025-12-25;8;1238
28;2025-12-25;9;822
28;2025-12-25;10;594
28;2025-12-25;11;532
28;2025-12-25;12;661
28;2025-12-25;13;699
28;2025-12-25;14;634
28;2025-12-25;15;680
28;2025-12-25;16;843
28;2025-12-25;17;969
28;2025-12-25;18;984
28;2025-12-25;19;729
28;2025-12-25;20;519
28;2025-12-25;21;313
28;2025-12-25;22;136
28;2025-12-25;23;15
28;2025-12-26;0;0
28;2025-12-26;1;0
28;2025-12-26;2;0
28;2025-12-26;3;0
28;2025-12-26;4;2
28;2025-12-26;5;80
28;2025-12-26;6;252
28;2025-12-26;7;748
28;2025-12-26;8;1165
28;2025-12-26;9;775
28;2025-12-26;10;565
28;2025-12-26;11;536
28;2025-12-26;12;673
28;2025-12-26;13;677
28;2025-12-26;14;654
28;2025-12-26;15;707
28;2025-12-26;16;891
28;2025-12-26;17;931
28;2025-12-26;18;793
28;2025-12-26;19;602
28;2025-12-26;20;451
28;2025-12-26;21;307
28;2025-12-26;22;137
28;2025-12-26;23;18
28;2025-12-27;0;0
28;2025-12-27;1;0
28;2025-12-27;2;0
28;2025-12-27;3;0
28;2025-12-27;4;0
28;2025-12-27;5;39
28;2025-12-27;6;104
28;2025-12-27;7;233
28;2025-12-27;8;399
28;2025-12-27;9;476
28;2025-12-27;10;486
28;2025-12-27;11;506
28;2025-12-27;12;583
28;2025-12-27;13;622
28;2025-12-27;14;627
28;2025-12-27;15;595
28;2025-12-27;16;559
28;2025-12-27;17;571
28;2025-12-27;18;506
28;2025-12-27;19;439
28;2025-12-27;20;326
28;2025-12-27;21;278
28;2025-12-27;22;139
28;2025-12-27;23;19
28;2025-12-28;0;0
28;2025-12-28;1;0
28;2025-12-28;2;0
28;2025-12-28;3;0
28;2025-12-28;4;0
28;2025-12-28;5;33
28;2025-12-28;6;87
28;2025-12-28;7;159
28;2025-12-28;8;251
28;2025-12-28;9;329
28;2025-12-28;10;376
28;2025-12-28;11;409
28;2025-12-28;12;466
28;2025-12-28;13;519
28;2025-12-28;14;525
28;2025-12-28;15;531
28;2025-12-28;16;489
28;2025-12-28;17;497
28;2025-12-28;18;434
28;2025-12-28;19;371
28;2025-12-28;20;309
28;2025-12-28;21;253
28;2025-12-28;22;117
28;2025-12-28;23;12
28;2025-12-29;0;0
28;2025-12-29;1;0
28;2025-12-29;2;0
28;2025-12-29;3;0
28;2025-12-29;4;2
28;2025-12-29;5;79
28;2025-12-29;6;272
28;2025-12-29;7;813
28;2025-12-29;8;1233
28;2025-12-29;9;852
28;2025-12-29;10;596
28;2025-12-29;11;526
28;2025-12-29;12;662
28;2025-12-29;13;673
28;2025-12-29;14;628
28;2025-12-29;15;659
28;2025-12-29;16;874
28;2025-12-29;17;959
28;2025-12-29;18;948
28;2025-12-29;19;716
28;2025-12-29;20;502
28;2025-12-29;21;306
28;2025-12-29;22;124
28;2025-12-29;23;12
28;2025-12-30;0;0
28;2025-12-30;1;0
28;2025-12-30;2;0
28;2025-12-30;3;0
28;2025-12-30;4;2
28;2025-12-30;5;80
28;2025-12-30;6;260
28;2025-12-30;7;826
28;2025-12-30;8;1249
28;2025-12-30;9;857
28;2025-12-30;10;662
28;2025-12-30;11;567
28;2025-12-30;12;668
28;2025-12-30;13;718
28;2025-12-30;14;660
28;2025-12-30;15;688
28;2025-12-30;16;808
28;2025-12-30;17;960
28;2025-12-30;18;927
28;2025-12-30;19;711
28;2025-12-30;20;518
28;2025-12-30;21;312
28;2025-12-30;22;127
28;2025-12-30;23;16
28;2025-12-31;0;0
28;2025-12-31;1;0
28;2025-12-31;2;0
28;2025-12-31;3;0
28;2025-12-31;4;0
28;2025-12-31;5;32
28;2025-12-31;6;88
28;2025-12-31;7;161
28;2025-12-31;8;253
28;2025-12-31;9;332
28;2025-12-31;10;380
28;2025-12-31;11;413
28;2025-12-31;12;471
28;2025-12-31;13;525
28;2025-12-31;14;531
28;2025-12-31;15;537
28;2025-12-31;16;495
28;2025-12-31;17;502
28;2025-12-31;18;439
28;2025-12-31;19;375
28;2025-12-31;20;313
28;2025-12-31;21;256
28;2025-12-31;22;118
28;2025-12-31;23;13
50;2025-11-01;0;18
50;2025-11-01;1;0
50;2025-11-01;2;0
50;2025-11-01;3;0
50;2025-11-01;4;0
50;2025-11-01;5;0
50;2025-11-01;6;0
50;2025-11-01;7;0
50;2025-11-01;8;0
50;2025-11-01;9;2
50;2025-11-01;10;4
50;2025-11-01;11;5
50;2025-11-01;12;10
50;2025-11-01;13;8
50;2025-11-01;14;6
50;2025-11-01;15;4
50;2025-11-01;16;6
50;2025-11-01;17;9
50;2025-11-01;18;8
50;2025-11-01;19;0
50;2025-11-01;20;2
50;2025-11-01;21;0
50;2025-11-01;22;1
50;2025-11-01;23;0
50;2025-11-02;0;18
50;2025-11-02;1;0
50;2025-11-02;2;0
50;2025-11-02;3;0
50;2025-11-02;4;0
50;2025-11-02;5;0
50;2025-11-02;6;0
50;2025-11-02;7;0
50;2025-11-02;8;0
50;2025-11-02;9;2
50;2025-11-02;10;4
50;2025-11-02;11;5
50;2025-11-02;12;10
50;2025-11-02;13;8
50;2025-11-02;14;6
50;2025-11-02;15;4
50;2025-11-02;16;6
50;2025-11-02;17;9
50;2025-11-02;18;8
50;2025-11-02;19;0
50;2025-11-02;20;2
50;2025-11-02;21;0
50;2025-11-02;22;1
50;2025-11-02;23;0
50;2025-11-03;0;54
50;2025-11-03;1;7
50;2025-11-03;2;0
50;2025-11-03;3;0
50;2025-11-03;4;1
50;2025-11-03;5;30
50;2025-11-03;6;147
50;2025-11-03;7;276
50;2025-11-03;8;398
50;2025-11-03;9;500
50;2025-11-03;10;540
50;2025-11-03;11;681
50;2025-11-03;12;786
50;2025-11-03;13;828
50;2025-11-03;14;849
50;2025-11-03;15;799
50;2025-11-03;16;799
50;2025-11-03;17;786
50;2025-11-03;18;724
50;2025-11-03;19;611
50;2025-11-03;20;503
50;2025-11-03;21;400
50;2025-11-03;22;244
50;2025-11-03;23;129
50;2025-11-04;0;55
50;2025-11-04;1;7
50;2025-11-04;2;0
50;2025-11-04;3;0
50;2025-11-04;4;1
50;2025-11-04;5;31
50;2025-11-04;6;150
50;2025-11-04;7;283
50;2025-11-04;8;407
50;2025-11-04;9;512
50;2025-11-04;10;553
50;2025-11-04;11;698
50;2025-11-04;12;805
50;2025-11-04;13;849
50;2025-11-04;14;870
50;2025-11-04;15;819
50;2025-11-04;16;819
50;2025-11-04;17;805
50;2025-11-04;18;742
50;2025-11-04;19;627
50;2025-11-04;20;515
50;2025-11-04;21;410
50;2025-11-04;22;251
50;2025-11-04;23;132
50;2025-11-05;0;33
50;2025-11-05;1;3
50;2025-11-05;2;0
50;2025-11-05;3;0
50;2025-11-05;4;3
50;2025-11-05;5;67
50;2025-11-05;6;547
50;2025-11-05;7;1800
50;2025-11-05;8;2863
50;2025-11-05;9;2180
50;2025-11-05;10;1673
50;2025-11-05;11;1611
50;2025-11-05;12;1482
50;2025-11-05;13;1514
50;2025-11-05;14;1477
50;2025-11-05;15;1721
50;2025-11-05;16;1759
50;2025-11-05;17;2413
50;2025-11-05;18;2517
50;2025-11-05;19;1598
50;2025-11-05;20;948
50;2025-11-05;21;661
50;2025-11-05;22;304
50;2025-11-05;23;142
50;2025-11-06;0;38
50;2025-11-06;1;2
50;2025-11-06;2;0
50;2025-11-06;3;0
50;2025-11-06;4;2
50;2025-11-06;5;70
50;2025-11-06;6;534
50;2025-11-06;7;1755
50;2025-11-06;8;2676
50;2025-11-06;9;2136
50;2025-11-06;10;1661
50;2025-11-06;11;1566
50;2025-11-06;12;1460
50;2025-11-06;13;1411
50;2025-11-06;14;1408
50;2025-11-06;15;1627
50;2025-11-06;16;1716
50;2025-11-06;17;2333
50;2025-11-06;18;2488
50;2025-11-06;19;1457
50;2025-11-06;20;945
50;2025-11-06;21;680
50;2025-11-06;22;290
50;2025-11-06;23;156
50;2025-11-07;0;38
50;2025-11-07;1;2
50;2025-11-07;2;0
50;2025-11-07;3;0
50;2025-11-07;4;2
50;2025-11-07;5;66
50;2025-11-07;6;556
50;2025-11-07;7;1749
50;2025-11-07;8;2700
50;2025-11-07;9;2073
50;2025-11-07;10;1578
50;2025-11-07;11;1625
50;2025-11-07;12;1535
50;2025-11-07;13;1510
50;2025-11-07;14;1475
50;2025-11-07;15;1759
50;2025-11-07;16;2136
50;2025-11-07;17;2166
50;2025-11-07;18;1793
50;2025-11-07;19;1267
50;2025-11-07;20;839
50;2025-11-07;21;578
50;2025-11-07;22;311
50;2025-11-07;23;179
50;2025-11-08;0;18
50;2025-11-08;1;0
50;2025-11-08;2;0
50;2025-11-08;3;0
50;2025-11-08;4;0
50;2025-11-08;5;0
50;2025-11-08;6;0
50;2025-11-08;7;0
50;2025-11-08;8;0
50;2025-11-08;9;2
50;2025-11-08;10;4
50;2025-11-08;11;5
50;2025-11-08;12;10
50;2025-11-08;13;8
50;2025-11-08;14;6
50;2025-11-08;15;4
50;2025-11-08;16;6
50;2025-11-08;17;9
50;2025-11-08;18;8
50;2025-11-08;19;0
50;2025-11-08;20;2
50;2025-11-08;21;0
50;2025-11-08;22;1
50;2025-11-08;23;0
50;2025-11-09;0;18
50;2025-11-09;1;0
50;2025-11-09;2;0
50;2025-11-09;3;0
50;2025-11-09;4;0
50;2025-11-09;5;0
50;2025-11-09;6;0
50;2025-11-09;7;0
50;2025-11-09;8;0
50;2025-11-09;9;2
50;2025-11-09;10;4
50;2025-11-09;11;5
50;2025-11-09;12;10
50;2025-11-09;13;8
50;2025-11-09;14;6
50;2025-11-09;15;4
50;2025-11-09;16;6
50;2025-11-09;17;9
50;2025-11-09;18;8
50;2025-11-09;19;0
50;2025-11-09;20;2
50;2025-11-09;21;0
50;2025-11-09;22;1
50;2025-11-09;23;0
50;2025-11-10;0;24
50;2025-11-10;1;3
50;2025-11-10;2;0
50;2025-11-10;3;0
50;2025-11-10;4;3
50;2025-11-10;5;68
50;2025-11-10;6;544
50;2025-11-10;7;1803
50;2025-11-10;8;2842
50;2025-11-10;9;2238
50;2025-11-10;10;1677
50;2025-11-10;11;1577
50;2025-11-10;12;1409
50;2025-11-10;13;1485
50;2025-11-10;14;1406
50;2025-11-10;15;1662
50;2025-11-10;16;1676
50;2025-11-10;17;2328
50;2025-11-10;18;2588
50;2025-11-10;19;1515
50;2025-11-10;20;928
50;2025-11-10;21;628
50;2025-11-10;22;272
50;2025-11-10;23;125
50;2025-11-11;0;32
50;2025-11-11;1;2
50;2025-11-11;2;0
50;2025-11-11;3;0
50;2025-11-11;4;2
50;2025-11-11;5;65
50;2025-11-11;6;598
50;2025-11-11;7;1903
50;2025-11-11;8;2948
50;2025-11-11;9;2276
50;2025-11-11;10;1742
50;2025-11-11;11;1588
50;2025-11-11;12;1533
50;2025-11-11;13;1535
50;2025-11-11;14;1453
50;2025-11-11;15;1738
50;2025-11-11;16;1731
50;2025-11-11;17;2484
50;2025-11-11;18;2617
50;2025-11-11;19;1535
50;2025-11-11;20;964
50;2025-11-11;21;650
50;2025-11-11;22;281
50;2025-11-11;23;140
50;2025-11-12;0;33
50;2025-11-12;1;3
50;2025-11-12;2;0
50;2025-11-12;3;0
50;2025-11-12;4;3
50;2025-11-12;5;67
50;2025-11-12;6;533
50;2025-11-12;7;1754
50;2025-11-12;8;2790
50;2025-11-12;9;2124
50;2025-11-12;10;1630
50;2025-11-12;11;1570
50;2025-11-12;12;1445
50;2025-11-12;13;1475
50;2025-11-12;14;1439
50;2025-11-12;15;1677
50;2025-11-12;16;1714
50;2025-11-12;17;2352
50;2025-11-12;18;2453
50;2025-11-12;19;1557
50;2025-11-12;20;923
50;2025-11-12;21;644
50;2025-11-12;22;297
50;2025-11-12;23;139
50;2025-11-13;0;38
50;2025-11-13;1;2
50;2025-11-13;2;0
50;2025-11-13;3;0
50;2025-11-13;4;2
50;2025-11-13;5;70
50;2025-11-13;6;551
50;2025-11-13;7;1811
50;2025-11-13;8;2761
50;2025-11-13;9;2204
50;2025-11-13;10;1714
50;2025-11-13;11;1616
50;2025-11-13;12;1506
50;2025-11-13;13;1456
50;2025-11-13;14;1453
50;2025-11-13;15;1679
50;2025-11-13;16;1770
50;2025-11-13;17;2407
50;2025-11-13;18;2567
50;2025-11-13;19;1503
50;2025-11-13;20;975
50;2025-11-13;21;702
50;2025-11-13;22;300
50;2025-11-13;23;161
50;2025-11-14;0;38
50;2025-11-14;1;2
50;2025-11-14;2;0
50;2025-11-14;3;0
50;2025-11-14;4;2
50;2025-11-14;5;66
50;2025-11-14;6;567
50;2025-11-14;7;1785
50;2025-11-14;8;2755
50;2025-11-14;9;2115
50;2025-11-14;10;1609
50;2025-11-14;11;1658
50;2025-11-14;12;1566
50;2025-11-14;13;1540
50;2025-11-14;14;1504
50;2025-11-14;15;1794
50;2025-11-14;16;2179
50;2025-11-14;17;2210
50;2025-11-14;18;1829
50;2025-11-14;19;1292
50;2025-11-14;20;856
50;2025-11-14;21;590
50;2025-11-14;22;317
50;2025-11-14;23;183
50;2025-11-15;0;18
50;2025-11-15;1;0
50;2025-11-15;2;0
50;2025-11-15;3;0
50;2025-11-15;4;0
50;2025-11-15;5;0
50;2025-11-15;6;0
50;2025-11-15;7;0
50;2025-11-15;8;0
50;2025-11-15;9;2
50;2025-11-15;10;4
50;2025-11-15;11;5
50;2025-11-15;12;10
50;2025-11-15;13;8
50;2025-11-15;14;6
50;2025-11-15;15;4
50;2025-11-15;16;6
50;2025-11-15;17;9
50;2025-11-15;18;8
50;2025-11-15;19;0
50;2025-11-15;20;2
50;2025-11-15;21;0
50;2025-11-15;22;1
50;2025-11-15;23;0
50;2025-11-16;0;18
50;2025-11-16;1;0
50;2025-11-16;2;0
50;2025-11-16;3;0
50;2025-11-16;4;0
50;2025-11-16;5;0
50;2025-11-16;6;0
50;2025-11-16;7;0
50;2025-11-16;8;0
50;2025-11-16;9;2
50;2025-11-16;10;4
50;2025-11-16;11;5
50;2025-11-16;12;10
50;2025-11-16;13;8
50;2025-11-16;14;6
50;2025-11-16;15;4
50;2025-11-16;16;6
50;2025-11-16;17;9
50;2025-11-16;18;8
50;2025-11-16;19;0
50;2025-11-16;20;2
50;2025-11-16;21;0
50;2025-11-16;22;1
50;2025-11-16;23;0
50;2025-11-17;0;24
50;2025-11-17;1;3
50;2025-11-17;2;0
50;2025-11-17;3;0
50;2025-11-17;4;3
50;2025-11-17;5;68
50;2025-11-17;6;517
50;2025-11-17;7;1715
50;2025-11-17;8;2702
50;2025-11-17;9;2127
50;2025-11-17;10;1594
50;2025-11-17;11;1499
50;2025-11-17;12;1340
50;2025-11-17;13;1412
50;2025-11-17;14;1337
50;2025-11-17;15;1581
50;2025-11-17;16;1594
50;2025-11-17;17;2214
50;2025-11-17;18;2460
50;2025-11-17;19;1440
50;2025-11-17;20;882
50;2025-11-17;21;597
50;2025-11-17;22;259
50;2025-11-17;23;119
50;2025-11-18;0;32
50;2025-11-18;1;2
50;2025-11-18;2;0
50;2025-11-18;3;0
50;2025-11-18;4;2
50;2025-11-18;5;65
50;2025-11-18;6;548
50;2025-11-18;7;1742
50;2025-11-18;8;2699
50;2025-11-18;9;2083
50;2025-11-18;10;1595
50;2025-11-18;11;1454
50;2025-11-18;12;1403
50;2025-11-18;13;1405
50;2025-11-18;14;1330
50;2025-11-18;15;1591
50;2025-11-18;16;1585
50;2025-11-18;17;2274
50;2025-11-18;18;2395
50;2025-11-18;19;1405
50;2025-11-18;20;882
50;2025-11-18;21;595
50;2025-11-18;22;258
50;2025-11-18;23;128
50;2025-11-19;0;33
50;2025-11-19;1;3
50;2025-11-19;2;0
50;2025-11-19;3;0
50;2025-11-19;4;3
50;2025-11-19;5;67
50;2025-11-19;6;546
50;2025-11-19;7;1798
50;2025-11-19;8;2861
50;2025-11-19;9;2178
50;2025-11-19;10;1672
50;2025-11-19;11;1610
50;2025-11-19;12;1481
50;2025-11-19;13;1513
50;2025-11-19;14;1476
50;2025-11-19;15;1720
50;2025-11-19;16;1757
50;2025-11-19;17;2411
50;2025-11-19;18;2515
50;2025-11-19;19;1597
50;2025-11-19;20;947
50;2025-11-19;21;660
50;2025-11-19;22;304
50;2025-11-19;23;142
50;2025-11-20;0;38
50;2025-11-20;1;2
50;2025-11-20;2;0
50;2025-11-20;3;0
50;2025-11-20;4;2
50;2025-11-20;5;70
50;2025-11-20;6;553
50;2025-11-20;7;1816
50;2025-11-20;8;2769
50;2025-11-20;9;2211
50;2025-11-20;10;1719
50;2025-11-20;11;1621
50;2025-11-20;12;1511
50;2025-11-20;13;1460
50;2025-11-20;14;1457
50;2025-11-20;15;1683
50;2025-11-20;16;1775
50;2025-11-20;17;2414
50;2025-11-20;18;2575
50;2025-11-20;19;1507
50;2025-11-20;20;978
50;2025-11-20;21;704
50;2025-11-20;22;301
50;2025-11-20;23;162
50;2025-11-21;0;38
50;2025-11-21;1;2
50;2025-11-21;2;0
50;2025-11-21;3;0
50;2025-11-21;4;2
50;2025-11-21;5;66
50;2025-11-21;6;565
50;2025-11-21;7;1779
50;2025-11-21;8;2746
50;2025-11-21;9;2108
50;2025-11-21;10;1604
50;2025-11-21;11;1652
50;2025-11-21;12;1561
50;2025-11-21;13;1535
50;2025-11-21;14;1500
50;2025-11-21;15;1789
50;2025-11-21;16;2173
50;2025-11-21;17;2203
50;2025-11-21;18;1823
50;2025-11-21;19;1288
50;2025-11-21;20;853
50;2025-11-21;21;588
50;2025-11-21;22;316
50;2025-11-21;23;182
50;2025-11-22;0;18
50;2025-11-22;1;0
50;2025-11-22;2;0
50;2025-11-22;3;0
50;2025-11-22;4;0
50;2025-11-22;5;0
50;2025-11-22;6;0
50;2025-11-22;7;0
50;2025-11-22;8;0
50;2025-11-22;9;2
50;2025-11-22;10;4
50;2025-11-22;11;5
50;2025-11-22;12;10
50;2025-11-22;13;8
50;2025-11-22;14;6
50;2025-11-22;15;4
50;2025-11-22;16;6
50;2025-11-22;17;9
50;2025-11-22;18;8
50;2025-11-22;19;0
50;2025-11-22;20;2
50;2025-11-22;21;0
50;2025-11-22;22;1
50;2025-11-22;23;0
50;2025-11-23;0;18
50;2025-11-23;1;0
50;2025-11-23;2;0
50;2025-11-23;3;0
50;2025-11-23;4;0
50;2025-11-23;5;0
50;2025-11-23;6;0
50;2025-11-23;7;0
50;2025-11-23;8;0
50;2025-11-23;9;2
50;2025-11-23;10;4
50;2025-11-23;11;5
50;2025-11-23;12;10
50;2025-11-23;13;8
50;2025-11-23;14;6
50;2025-11-23;15;4
50;2025-11-23;16;6
50;2025-11-23;17;9
50;2025-11-23;18;8
50;2025-11-23;19;0
50;2025-11-23;20;2
50;2025-11-23;21;0
50;2025-11-23;22;1
50;2025-11-23;23;0
50;2025-11-24;0;24
50;2025-11-24;1;3
50;2025-11-24;2;0
50;2025-11-24;3;0
50;2025-11-24;4;3
50;2025-11-24;5;68
50;2025-11-24;6;497
50;2025-11-24;7;1648
50;2025-11-24;8;2598
50;2025-11-24;9;2045
50;2025-11-24;10;1532
50;2025-11-24;11;1441
50;2025-11-24;12;1288
50;2025-11-24;13;1357
50;2025-11-24;14;1285
50;2025-11-24;15;1519
50;2025-11-24;16;1532
50;2025-11-24;17;2128
50;2025-11-24;18;2365
50;2025-11-24;19;1385
50;2025-11-24;20;848
50;2025-11-24;21;574
50;2025-11-24;22;249
50;2025-11-24;23;114
50;2025-11-25;0;32
50;2025-11-25;1;2
50;2025-11-25;2;0
50;2025-11-25;3;0
50;2025-11-25;4;2
50;2025-11-25;5;65
50;2025-11-25;6;598
50;2025-11-25;7;1902
50;2025-11-25;8;2947
50;2025-11-25;9;2275
50;2025-11-25;10;1741
50;2025-11-25;11;1587
50;2025-11-25;12;1532
50;2025-11-25;13;1534
50;2025-11-25;14;1452
50;2025-11-25;15;1738
50;2025-11-25;16;1730
50;2025-11-25;17;2483
50;2025-11-25;18;2615
50;2025-11-25;19;1535
50;2025-11-25;20;963
50;2025-11-25;21;650
50;2025-11-25;22;281
50;2025-11-25;23;140
50;2025-11-26;0;33
50;2025-11-26;1;3
50;2025-11-26;2;0
50;2025-11-26;3;0
50;2025-11-26;4;3
50;2025-11-26;5;67
50;2025-11-26;6;506
50;2025-11-26;7;1664
50;2025-11-26;8;2648
50;2025-11-26;9;2016
50;2025-11-26;10;1547
50;2025-11-26;11;1490
50;2025-11-26;12;1371
50;2025-11-26;13;1400
50;2025-11-26;14;1366
50;2025-11-26;15;1592
50;2025-11-26;16;1626
50;2025-11-26;17;2232
50;2025-11-26;18;2328
50;2025-11-26;19;1478
50;2025-11-26;20;876
50;2025-11-26;21;611
50;2025-11-26;22;281
50;2025-11-26;23;132
50;2025-11-27;0;38
50;2025-11-27;1;2
50;2025-11-27;2;0
50;2025-11-27;3;0
50;2025-11-27;4;2
50;2025-11-27;5;70
50;2025-11-27;6;514
50;2025-11-27;7;1689
50;2025-11-27;8;2575
50;2025-11-27;9;2056
50;2025-11-27;10;1598
50;2025-11-27;11;1507
50;2025-11-27;12;1405
50;2025-11-27;13;1358
50;2025-11-27;14;1355
50;2025-11-27;15;1566
50;2025-11-27;16;1651
50;2025-11-27;17;2245
50;2025-11-27;18;2394
50;2025-11-27;19;1402
50;2025-11-27;20;909
50;2025-11-27;21;655
50;2025-11-27;22;280
50;2025-11-27;23;151
50;2025-11-28;0;38
50;2025-11-28;1;2
50;2025-11-28;2;0
50;2025-11-28;3;0
50;2025-11-28;4;2
50;2025-11-28;5;66
50;2025-11-28;6;543
50;2025-11-28;7;1711
50;2025-11-28;8;2641
50;2025-11-28;9;2027
50;2025-11-28;10;1543
50;2025-11-28;11;1589
50;2025-11-28;12;1501
50;2025-11-28;13;1476
50;2025-11-28;14;1442
50;2025-11-28;15;1720
50;2025-11-28;16;2089
50;2025-11-28;17;2118
50;2025-11-28;18;1753
50;2025-11-28;19;1239
50;2025-11-28;20;820
50;2025-11-28;21;565
50;2025-11-28;22;304
50;2025-11-28;23;175
50;2025-11-29;0;18
50;2025-11-29;1;0
50;2025-11-29;2;0
50;2025-11-29;3;0
50;2025-11-29;4;0
50;2025-11-29;5;0
50;2025-11-29;6;0
50;2025-11-29;7;0
50;2025-11-29;8;0
50;2025-11-29;9;2
50;2025-11-29;10;4
50;2025-11-29;11;5
50;2025-11-29;12;10
50;2025-11-29;13;8
50;2025-11-29;14;6
50;2025-11-29;15;4
50;2025-11-29;16;6
50;2025-11-29;17;9
50;2025-11-29;18;8
50;2025-11-29;19;0
50;2025-11-29;20;2
50;2025-11-29;21;0
50;2025-11-29;22;1
50;2025-11-29;23;0
50;2025-11-30;0;18
50;2025-11-30;1;0
50;2025-11-30;2;0
50;2025-11-30;3;0
50;2025-11-30;4;0
50;2025-11-30;5;0
50;2025-11-30;6;0
50;2025-11-30;7;0
50;2025-11-30;8;0
50;2025-11-30;9;2
50;2025-11-30;10;4
50;2025-11-30;11;5
50;2025-11-30;12;10
50;2025-11-30;13;8
50;2025-11-30;14;6
50;2025-11-30;15;4
50;2025-11-30;16;6
50;2025-11-30;17;9
50;2025-11-30;18;8
50;2025-11-30;19;0
50;2025-11-30;20;2
50;2025-11-30;21;0
50;2025-11-30;22;1
50;2025-11-30;23;0
50;2025-12-01;0;24
50;2025-12-01;1;3
50;2025-12-01;2;0
50;2025-12-01;3;0
50;2025-12-01;4;3
50;2025-12-01;5;68
50;2025-12-01;6;544
50;2025-12-01;7;1803
50;2025-12-01;8;2841
50;2025-12-01;9;2237
50;2025-12-01;10;1676
50;2025-12-01;11;1576
50;2025-12-01;12;1409
50;2025-12-01;13;1485
50;2025-12-01;14;1405
50;2025-12-01;15;1662
50;2025-12-01;16;1676
50;2025-12-01;17;2328
50;2025-12-01;18;2587
50;2025-12-01;19;1514
50;2025-12-01;20;928
50;2025-12-01;21;627
50;2025-12-01;22;272
50;2025-12-01;23;125
50;2025-12-02;0;32
50;2025-12-02;1;2
50;2025-12-02;2;0
50;2025-12-02;3;0
50;2025-12-02;4;2
50;2025-12-02;5;65
50;2025-12-02;6;598
50;2025-12-02;7;1903
50;2025-12-02;8;2947
50;2025-12-02;9;2275
50;2025-12-02;10;1741
50;2025-12-02;11;1587
50;2025-12-02;12;1532
50;2025-12-02;13;1534
50;2025-12-02;14;1452
50;2025-12-02;15;1738
50;2025-12-02;16;1730
50;2025-12-02;17;2483
50;2025-12-02;18;2616
50;2025-12-02;19;1535
50;2025-12-02;20;963
50;2025-12-02;21;650
50;2025-12-02;22;281
50;2025-12-02;23;140
50;2025-12-03;0;33
50;2025-12-03;1;3
50;2025-12-03;2;0
50;2025-12-03;3;0
50;2025-12-03;4;3
50;2025-12-03;5;67
50;2025-12-03;6;546
50;2025-12-03;7;1798
50;2025-12-03;8;2861
50;2025-12-03;9;2178
50;2025-12-03;10;1672
50;2025-12-03;11;1610
50;2025-12-03;12;1481
50;2025-12-03;13;1513
50;2025-12-03;14;1476
50;2025-12-03;15;1720
50;2025-12-03;16;1757
50;2025-12-03;17;2412
50;2025-12-03;18;2515
50;2025-12-03;19;1597
50;2025-12-03;20;947
50;2025-12-03;21;660
50;2025-12-03;22;304
50;2025-12-03;23;142
50;2025-12-04;0;38
50;2025-12-04;1;2
50;2025-12-04;2;0
50;2025-12-04;3;0
50;2025-12-04;4;2
50;2025-12-04;5;70
50;2025-12-04;6;553
50;2025-12-04;7;1816
50;2025-12-04;8;2770
50;2025-12-04;9;2211
50;2025-12-04;10;1719
50;2025-12-04;11;1621
50;2025-12-04;12;1511
50;2025-12-04;13;1460
50;2025-12-04;14;1457
50;2025-12-04;15;1684
50;2025-12-04;16;1776
50;2025-12-04;17;2415
50;2025-12-04;18;2575
50;2025-12-04;19;1508
50;2025-12-04;20;978
50;2025-12-04;21;704
50;2025-12-04;22;301
50;2025-12-04;23;162
50;2025-12-05;0;38
50;2025-12-05;1;2
50;2025-12-05;2;0
50;2025-12-05;3;0
50;2025-12-05;4;2
50;2025-12-05;5;66
50;2025-12-05;6;575
50;2025-12-05;7;1811
50;2025-12-05;8;2795
50;2025-12-05;9;2145
50;2025-12-05;10;1633
50;2025-12-05;11;1682
50;2025-12-05;12;1589
50;2025-12-05;13;1562
50;2025-12-05;14;1526
50;2025-12-05;15;1821
50;2025-12-05;16;2211
50;2025-12-05;17;2242
50;2025-12-05;18;1855
50;2025-12-05;19;1311
50;2025-12-05;20;868
50;2025-12-05;21;598
50;2025-12-05;22;322
50;2025-12-05;23;185
50;2025-12-06;0;18
50;2025-12-06;1;0
50;2025-12-06;2;0
50;2025-12-06;3;0
50;2025-12-06;4;0
50;2025-12-06;5;0
50;2025-12-06;6;0
50;2025-12-06;7;0
50;2025-12-06;8;0
50;2025-12-06;9;2
50;2025-12-06;10;4
50;2025-12-06;11;5
50;2025-12-06;12;10
50;2025-12-06;13;8
50;2025-12-06;14;6
50;2025-12-06;15;4
50;2025-12-06;16;6
50;2025-12-06;17;9
50;2025-12-06;18;8
50;2025-12-06;19;0
50;2025-12-06;20;2
50;2025-12-06;21;0
50;2025-12-06;22;1
50;2025-12-06;23;0
50;2025-12-07;0;18
50;2025-12-07;1;0
50;2025-12-07;2;0
50;2025-12-07;3;0
50;2025-12-07;4;0
50;2025-12-07;5;0
50;2025-12-07;6;0
50;2025-12-07;7;0
50;2025-12-07;8;0
50;2025-12-07;9;2
50;2025-12-07;10;4
50;2025-12-07;11;5
50;2025-12-07;12;10
50;2025-12-07;13;8
50;2025-12-07;14;6
50;2025-12-07;15;4
50;2025-12-07;16;6
50;2025-12-07;17;9
50;2025-12-07;18;8
50;2025-12-07;19;0
50;2025-12-07;20;2
50;2025-12-07;21;0
50;2025-12-07;22;1
50;2025-12-07;23;0
50;2025-12-08;0;24
50;2025-12-08;1;3
50;2025-12-08;2;0
50;2025-12-08;3;0
50;2025-12-08;4;3
50;2025-12-08;5;68
50;2025-12-08;6;544
50;2025-12-08;7;1803
50;2025-12-08;8;2841
50;2025-12-08;9;2237
50;2025-12-08;10;1676
50;2025-12-08;11;1576
50;2025-12-08;12;1409
50;2025-12-08;13;1485
50;2025-12-08;14;1405
50;2025-12-08;15;1662
50;2025-12-08;16;1676
50;2025-12-08;17;2328
50;2025-12-08;18;2587
50;2025-12-08;19;1514
50;2025-12-08;20;928
50;2025-12-08;21;627
50;2025-12-08;22;272
50;2025-12-08;23;125
50;2025-12-09;0;32
50;2025-12-09;1;2
50;2025-12-09;2;0
50;2025-12-09;3;0
50;2025-12-09;4;2
50;2025-12-09;5;65
50;2025-12-09;6;591
50;2025-12-09;7;1879
50;2025-12-09;8;2910
50;2025-12-09;9;2247
50;2025-12-09;10;1720
50;2025-12-09;11;1568
50;2025-12-09;12;1513
50;2025-12-09;13;1515
50;2025-12-09;14;1434
50;2025-12-09;15;1716
50;2025-12-09;16;1709
50;2025-12-09;17;2453
50;2025-12-09;18;2583
50;2025-12-09;19;1516
50;2025-12-09;20;951
50;2025-12-09;21;642
50;2025-12-09;22;278
50;2025-12-09;23;138
50;2025-12-10;0;33
50;2025-12-10;1;3
50;2025-12-10;2;0
50;2025-12-10;3;0
50;2025-12-10;4;3
50;2025-12-10;5;67
50;2025-12-10;6;523
50;2025-12-10;7;1723
50;2025-12-10;8;2740
50;2025-12-10;9;2087
50;2025-12-10;10;1602
50;2025-12-10;11;1542
50;2025-12-10;12;1419
50;2025-12-10;13;1449
50;2025-12-10;14;1414
50;2025-12-10;15;1648
50;2025-12-10;16;1684
50;2025-12-10;17;2310
50;2025-12-10;18;2409
50;2025-12-10;19;1530
50;2025-12-10;20;907
50;2025-12-10;21;633
50;2025-12-10;22;291
50;2025-12-10;23;136
50;2025-12-11;0;38
50;2025-12-11;1;2
50;2025-12-11;2;0
50;2025-12-11;3;0
50;2025-12-11;4;2
50;2025-12-11;5;70
50;2025-12-11;6;520
50;2025-12-11;7;1710
50;2025-12-11;8;2607
50;2025-12-11;9;2081
50;2025-12-11;10;1618
50;2025-12-11;11;1526
50;2025-12-11;12;1422
50;2025-12-11;13;1374
50;2025-12-11;14;1371
50;2025-12-11;15;1585
50;2025-12-11;16;1671
50;2025-12-11;17;2273
50;2025-12-11;18;2424
50;2025-12-11;19;1419
50;2025-12-11;20;921
50;2025-12-11;21;663
50;2025-12-11;22;283
50;2025-12-11;23;152
50;2025-12-12;0;38
50;2025-12-12;1;2
50;2025-12-12;2;0
50;2025-12-12;3;0
50;2025-12-12;4;2
50;2025-12-12;5;66
50;2025-12-12;6;544
50;2025-12-12;7;1712
50;2025-12-12;8;2642
50;2025-12-12;9;2028
50;2025-12-12;10;1543
50;2025-12-12;11;1590
50;2025-12-12;12;1502
50;2025-12-12;13;1477
50;2025-12-12;14;1443
50;2025-12-12;15;1721
50;2025-12-12;16;2090
50;2025-12-12;17;2119
50;2025-12-12;18;1754
50;2025-12-12;19;1239
50;2025-12-12;20;821
50;2025-12-12;21;566
50;2025-12-12;22;304
50;2025-12-12;23;175
50;2025-12-13;0;18
50;2025-12-13;1;0
50;2025-12-13;2;0
50;2025-12-13;3;0
50;2025-12-13;4;0
50;2025-12-13;5;0
50;2025-12-13;6;0
50;2025-12-13;7;0
50;2025-12-13;8;0
50;2025-12-13;9;2
50;2025-12-13;10;4
50;2025-12-13;11;5
50;2025-12-13;12;10
50;2025-12-13;13;8
50;2025-12-13;14;6
50;2025-12-13;15;4
50;2025-12-13;16;6
50;2025-12-13;17;9
50;2025-12-13;18;8
50;2025-12-13;19;0
50;2025-12-13;20;2
50;2025-12-13;21;0
50;2025-12-13;22;1
50;2025-12-13;23;0
50;2025-12-14;0;18
50;2025-12-14;1;0
50;2025-12-14;2;0
50;2025-12-14;3;0
50;2025-12-14;4;0
50;2025-12-14;5;0
50;2025-12-14;6;0
50;2025-12-14;7;0
50;2025-12-14;8;0
50;2025-12-14;9;2
50;2025-12-14;10;4
50;2025-12-14;11;5
50;2025-12-14;12;10
50;2025-12-14;13;8
50;2025-12-14;14;6
50;2025-12-14;15;4
50;2025-12-14;16;6
50;2025-12-14;17;9
50;2025-12-14;18;8
50;2025-12-14;19;0
50;2025-12-14;20;2
50;2025-12-14;21;0
50;2025-12-14;22;1
50;2025-12-14;23;0
50;2025-12-15;0;24
50;2025-12-15;1;3
50;2025-12-15;2;0
50;2025-12-15;3;0
50;2025-12-15;4;3
50;2025-12-15;5;68
50;2025-12-15;6;541
50;2025-12-15;7;1795
50;2025-12-15;8;2829
50;2025-12-15;9;2227
50;2025-12-15;10;1669
50;2025-12-15;11;1569
50;2025-12-15;12;1402
50;2025-12-15;13;1478
50;2025-12-15;14;1399
50;2025-12-15;15;1654
50;2025-12-15;16;1668
50;2025-12-15;17;2317
50;2025-12-15;18;2575
50;2025-12-15;19;1508
50;2025-12-15;20;923
50;2025-12-15;21;625
50;2025-12-15;22;271
50;2025-12-15;23;125
50;2025-12-16;0;32
50;2025-12-16;1;2
50;2025-12-16;2;0
50;2025-12-16;3;0
50;2025-12-16;4;2
50;2025-12-16;5;65
50;2025-12-16;6;579
50;2025-12-16;7;1842
50;2025-12-16;8;2852
50;2025-12-16;9;2202
50;2025-12-16;10;1685
50;2025-12-16;11;1536
50;2025-12-16;12;1483
50;2025-12-16;13;1485
50;2025-12-16;14;1406
50;2025-12-16;15;1682
50;2025-12-16;16;1675
50;2025-12-16;17;2404
50;2025-12-16;18;2532
50;2025-12-16;19;1486
50;2025-12-16;20;932
50;2025-12-16;21;629
50;2025-12-16;22;272
50;2025-12-16;23;135
50;2025-12-17;0;33
50;2025-12-17;1;3
50;2025-12-17;2;0
50;2025-12-17;3;0
50;2025-12-17;4;3
50;2025-12-17;5;67
50;2025-12-17;6;544
50;2025-12-17;7;1792
50;2025-12-17;8;2851
50;2025-12-17;9;2171
50;2025-12-17;10;1666
50;2025-12-17;11;1604
50;2025-12-17;12;1476
50;2025-12-17;13;1508
50;2025-12-17;14;1471
50;2025-12-17;15;1714
50;2025-12-17;16;1751
50;2025-12-17;17;2403
50;2025-12-17;18;2506
50;2025-12-17;19;1592
50;2025-12-17;20;944
50;2025-12-17;21;658
50;2025-12-17;22;303
50;2025-12-17;23;142
50;2025-12-18;0;38
50;2025-12-18;1;2
50;2025-12-18;2;0
50;2025-12-18;3;0
50;2025-12-18;4;2
50;2025-12-18;5;70
50;2025-12-18;6;553
50;2025-12-18;7;1816
50;2025-12-18;8;2769
50;2025-12-18;9;2211
50;2025-12-18;10;1719
50;2025-12-18;11;1621
50;2025-12-18;12;1511
50;2025-12-18;13;1460
50;2025-12-18;14;1457
50;2025-12-18;15;1684
50;2025-12-18;16;1776
50;2025-12-18;17;2414
50;2025-12-18;18;2575
50;2025-12-18;19;1507
50;2025-12-18;20;978
50;2025-12-18;21;704
50;2025-12-18;22;301
50;2025-12-18;23;162
50;2025-12-19;0;38
50;2025-12-19;1;2
50;2025-12-19;2;0
50;2025-12-19;3;0
50;2025-12-19;4;2
50;2025-12-19;5;66
50;2025-12-19;6;571
50;2025-12-19;7;1798
50;2025-12-19;8;2775
50;2025-12-19;9;2130
50;2025-12-19;10;1621
50;2025-12-19;11;1670
50;2025-12-19;12;1578
50;2025-12-19;13;1551
50;2025-12-19;14;1516
50;2025-12-19;15;1808
50;2025-12-19;16;2196
50;2025-12-19;17;2226
50;2025-12-19;18;1842
50;2025-12-19;19;1302
50;2025-12-19;20;862
50;2025-12-19;21;594
50;2025-12-19;22;319
50;2025-12-19;23;184
50;2025-12-20;0;18
50;2025-12-20;1;0
50;2025-12-20;2;0
50;2025-12-20;3;0
50;2025-12-20;4;0
50;2025-12-20;5;0
50;2025-12-20;6;0
50;2025-12-20;7;0
50;2025-12-20;8;0
50;2025-12-20;9;2
50;2025-12-20;10;4
50;2025-12-20;11;5
50;2025-12-20;12;10
50;2025-12-20;13;8
50;2025-12-20;14;6
50;2025-12-20;15;4
50;2025-12-20;16;6
50;2025-12-20;17;9
50;2025-12-20;18;8
50;2025-12-20;19;0
50;2025-12-20;20;2
50;2025-12-20;21;0
50;2025-12-20;22;1
50;2025-12-20;23;0
50;2025-12-21;0;18
50;2025-12-21;1;0
50;2025-12-21;2;0
50;2025-12-21;3;0
50;2025-12-21;4;0
50;2025-12-21;5;0
50;2025-12-21;6;0
50;2025-12-21;7;0
50;2025-12-21;8;0
50;2025-12-21;9;2
50;2025-12-21;10;4
50;2025-12-21;11;5
50;2025-12-21;12;10
50;2025-12-21;13;8
50;2025-12-21;14;6
50;2025-12-21;15;4
50;2025-12-21;16;6
50;2025-12-21;17;9
50;2025-12-21;18;8
50;2025-12-21;19;0
50;2025-12-21;20;2
50;2025-12-21;21;0
50;2025-12-21;22;1
50;2025-12-21;23;0
50;2025-12-22;0;24
50;2025-12-22;1;3
50;2025-12-22;2;0
50;2025-12-22;3;0
50;2025-12-22;4;3
50;2025-12-22;5;68
50;2025-12-22;6;524
50;2025-12-22;7;1738
50;2025-12-22;8;2739
50;2025-12-22;9;2156
50;2025-12-22;10;1616
50;2025-12-22;11;1520
50;2025-12-22;12;1358
50;2025-12-22;13;1431
50;2025-12-22;14;1355
50;2025-12-22;15;1602
50;2025-12-22;16;1616
50;2025-12-22;17;2244
50;2025-12-22;18;2494
50;2025-12-22;19;1460
50;2025-12-22;20;894
50;2025-12-22;21;605
50;2025-12-22;22;262
50;2025-12-22;23;121
50;2025-12-23;0;32
50;2025-12-23;1;2
50;2025-12-23;2;0
50;2025-12-23;3;0
50;2025-12-23;4;2
50;2025-12-23;5;65
50;2025-12-23;6;597
50;2025-12-23;7;1900
50;2025-12-23;8;2942
50;2025-12-23;9;2272
50;2025-12-23;10;1739
50;2025-12-23;11;1585
50;2025-12-23;12;1530
50;2025-12-23;13;1532
50;2025-12-23;14;1450
50;2025-12-23;15;1735
50;2025-12-23;16;1728
50;2025-12-23;17;2480
50;2025-12-23;18;2612
50;2025-12-23;19;1532
50;2025-12-23;20;962
50;2025-12-23;21;649
50;2025-12-23;22;281
50;2025-12-23;23;139
50;2025-12-24;0;33
50;2025-12-24;1;3
50;2025-12-24;2;0
50;2025-12-24;3;0
50;2025-12-24;4;3
50;2025-12-24;5;67
50;2025-12-24;6;535
50;2025-12-24;7;1761
50;2025-12-24;8;2801
50;2025-12-24;9;2133
50;2025-12-24;10;1637
50;2025-12-24;11;1576
50;2025-12-24;12;1450
50;2025-12-24;13;1481
50;2025-12-24;14;1445
50;2025-12-24;15;1684
50;2025-12-24;16;1721
50;2025-12-24;17;2361
50;2025-12-24;18;2463
50;2025-12-24;19;1564
50;2025-12-24;20;927
50;2025-12-24;21;647
50;2025-12-24;22;298
50;2025-12-24;23;139
50;2025-12-25;0;38
50;2025-12-25;1;2
50;2025-12-25;2;0
50;2025-12-25;3;0
50;2025-12-25;4;2
50;2025-12-25;5;70
50;2025-12-25;6;522
50;2025-12-25;7;1716
50;2025-12-25;8;2617
50;2025-12-25;9;2090
50;2025-12-25;10;1624
50;2025-12-25;11;1532
50;2025-12-25;12;1428
50;2025-12-25;13;1380
50;2025-12-25;14;1377
50;2025-12-25;15;1591
50;2025-12-25;16;1678
50;2025-12-25;17;2282
50;2025-12-25;18;2434
50;2025-12-25;19;1425
50;2025-12-25;20;924
50;2025-12-25;21;666
50;2025-12-25;22;284
50;2025-12-25;23;153
50;2025-12-26;0;38
50;2025-12-26;1;2
50;2025-12-26;2;0
50;2025-12-26;3;0
50;2025-12-26;4;2
50;2025-12-26;5;66
50;2025-12-26;6;528
50;2025-12-26;7;1661
50;2025-12-26;8;2564
50;2025-12-26;9;1968
50;2025-12-26;10;1498
50;2025-12-26;11;1543
50;2025-12-26;12;1457
50;2025-12-26;13;1433
50;2025-12-26;14;1400
50;2025-12-26;15;1670
50;2025-12-26;16;2028
50;2025-12-26;17;2057
50;2025-12-26;18;1702
50;2025-12-26;19;1203
50;2025-12-26;20;796
50;2025-12-26;21;549
50;2025-12-26;22;295
50;2025-12-26;23;170
50;2025-12-27;0;18
50;2025-12-27;1;0
50;2025-12-27;2;0
50;2025-12-27;3;0
50;2025-12-27;4;0
50;2025-12-27;5;0
50;2025-12-27;6;0
50;2025-12-27;7;0
50;2025-12-27;8;0
50;2025-12-27;9;2
50;2025-12-27;10;4
50;2025-12-27;11;5
50;2025-12-27;12;10
50;2025-12-27;13;8
50;2025-12-27;14;6
50;2025-12-27;15;4
50;2025-12-27;16;6
50;2025-12-27;17;9
50;2025-12-27;18;8
50;2025-12-27;19;0
50;2025-12-27;20;2
50;2025-12-27;21;0
50;2025-12-27;22;1
50;2025-12-27;23;0
50;2025-12-28;0;18
50;2025-12-28;1;0
50;2025-12-28;2;0
50;2025-12-28;3;0
50;2025-12-28;4;0
50;2025-12-28;5;0
50;2025-12-28;6;0
50;2025-12-28;7;0
50;2025-12-28;8;0
50;2025-12-28;9;2
50;2025-12-28;10;4
50;2025-12-28;11;5
50;2025-12-28;12;10
50;2025-12-28;13;8
50;2025-12-28;14;6
50;2025-12-28;15;4
50;2025-12-28;16;6
50;2025-12-28;17;9
50;2025-12-28;18;8
50;2025-12-28;19;0
50;2025-12-28;20;2
50;2025-12-28;21;0
50;2025-12-28;22;1
50;2025-12-28;23;0
50;2025-12-29;0;24
50;2025-12-29;1;3
50;2025-12-29;2;0
50;2025-12-29;3;0
50;2025-12-29;4;3
50;2025-12-29;5;68
50;2025-12-29;6;521
50;2025-12-29;7;1728
50;2025-12-29;8;2724
50;2025-12-29;9;2144
50;2025-12-29;10;1607
50;2025-12-29;11;1511
50;2025-12-29;12;1350
50;2025-12-29;13;1423
50;2025-12-29;14;1347
50;2025-12-29;15;1593
50;2025-12-29;16;1607
50;2025-12-29;17;2231
50;2025-12-29;18;2480
50;2025-12-29;19;1452
50;2025-12-29;20;889
50;2025-12-29;21;602
50;2025-12-29;22;261
50;2025-12-29;23;120
50;2025-12-30;0;32
50;2025-12-30;1;2
50;2025-12-30;2;0
50;2025-12-30;3;0
50;2025-12-30;4;2
50;2025-12-30;5;65
50;2025-12-30;6;561
50;2025-12-30;7;1785
50;2025-12-30;8;2764
50;2025-12-30;9;2134
50;2025-12-30;10;1633
50;2025-12-30;11;1489
50;2025-12-30;12;1437
50;2025-12-30;13;1439
50;2025-12-30;14;1362
50;2025-12-30;15;1630
50;2025-12-30;16;1623
50;2025-12-30;17;2329
50;2025-12-30;18;2453
50;2025-12-30;19;1439
50;2025-12-30;20;904
50;2025-12-30;21;610
50;2025-12-30;22;264
50;2025-12-30;23;131
50;2025-12-31;0;55
50;2025-12-31;1;7
50;2025-12-31;2;0
50;2025-12-31;3;0
50;2025-12-31;4;1
50;2025-12-31;5;31
50;2025-12-31;6;148
50;2025-12-31;7;277
50;2025-12-31;8;400
50;2025-12-31;9;503
50;2025-12-31;10;543
50;2025-12-31;11;685
50;2025-12-31;12;790
50;2025-12-31;13;833
50;2025-12-31;14;853
50;2025-12-31;15;803
50;2025-12-31;16;804
50;2025-12-31;17;790
50;2025-12-31;18;728
50;2025-12-31;19;615
50;2025-12-31;20;506
50;2025-12-31;21;403
50;2025-12-31;22;246
50;2025-12-31;23;130
