route;date;hour;prediction
1;2025-11-01;0;0
1;2025-11-01;1;0
1;2025-11-01;2;0
1;2025-11-01;3;0
1;2025-11-01;4;0
1;2025-11-01;5;96
1;2025-11-01;6;531
1;2025-11-01;7;1544
1;2025-11-01;8;1916
1;2025-11-01;9;1443
1;2025-11-01;10;1347
1;2025-11-01;11;1424
1;2025-11-01;12;1396
1;2025-11-01;13;1457
1;2025-11-01;14;1388
1;2025-11-01;15;1551
1;2025-11-01;16;1631
1;2025-11-01;17;1809
1;2025-11-01;18;1610
1;2025-11-01;19;1227
1;2025-11-01;20;834
1;2025-11-01;21;513
1;2025-11-01;22;256
1;2025-11-01;23;54
1;2025-11-02;0;0
1;2025-11-02;1;0
1;2025-11-02;2;0
1;2025-11-02;3;0
1;2025-11-02;4;0
1;2025-11-02;5;26
1;2025-11-02;6;140
1;2025-11-02;7;278
1;2025-11-02;8;379
1;2025-11-02;9;640
1;2025-11-02;10;726
1;2025-11-02;11;713
1;2025-11-02;12;895
1;2025-11-02;13;932
1;2025-11-02;14;835
1;2025-11-02;15;775
1;2025-11-02;16;714
1;2025-11-02;17;661
1;2025-11-02;18;598
1;2025-11-02;19;514
1;2025-11-02;20;387
1;2025-11-02;21;297
1;2025-11-02;22;122
1;2025-11-02;23;34
1;2025-11-03;0;0
1;2025-11-03;1;0
1;2025-11-03;2;0
1;2025-11-03;3;0
1;2025-11-03;4;0
1;2025-11-03;5;25
1;2025-11-03;6;135
1;2025-11-03;7;266
1;2025-11-03;8;363
1;2025-11-03;9;613
1;2025-11-03;10;696
1;2025-11-03;11;684
1;2025-11-03;12;858
1;2025-11-03;13;893
1;2025-11-03;14;800
1;2025-11-03;15;742
1;2025-11-03;16;684
1;2025-11-03;17;633
1;2025-11-03;18;574
1;2025-11-03;19;492
1;2025-11-03;20;371
1;2025-11-03;21;285
1;2025-11-03;22;117
1;2025-11-03;23;33
1;2025-11-04;0;0
1;2025-11-04;1;0
1;2025-11-04;2;0
1;2025-11-04;3;0
1;2025-11-04;4;0
1;2025-11-04;5;26
1;2025-11-04;6;139
1;2025-11-04;7;274
1;2025-11-04;8;374
1;2025-11-04;9;632
1;2025-11-04;10;717
1;2025-11-04;11;704
1;2025-11-04;12;884
1;2025-11-04;13;920
1;2025-11-04;14;825
1;2025-11-04;15;765
1;2025-11-04;16;705
1;2025-11-04;17;652
1;2025-11-04;18;591
1;2025-11-04;19;507
1;2025-11-04;20;382
1;2025-11-04;21;294
1;2025-11-04;22;120
1;2025-11-04;23;34
1;2025-11-05;0;0
1;2025-11-05;1;0
1;2025-11-05;2;0
1;2025-11-05;3;0
1;2025-11-05;4;0
1;2025-11-05;5;92
1;2025-11-05;6;561
1;2025-11-05;7;1540
1;2025-11-05;8;1961
1;2025-11-05;9;1450
1;2025-11-05;10;1330
1;2025-11-05;11;1349
1;2025-11-05;12;1375
1;2025-11-05;13;1446
1;2025-11-05;14;1375
1;2025-11-05;15;1499
1;2025-11-05;16;1511
1;2025-11-05;17;1799
1;2025-11-05;18;1818
1;2025-11-05;19;1396
1;2025-11-05;20;925
1;2025-11-05;21;495
1;2025-11-05;22;252
1;2025-11-05;23;45
1;2025-11-06;0;0
1;2025-11-06;1;0
1;2025-11-06;2;0
1;2025-11-06;3;0
1;2025-11-06;4;0
1;2025-11-06;5;86
1;2025-11-06;6;526
1;2025-11-06;7;1520
1;2025-11-06;8;1999
1;2025-11-06;9;1475
1;2025-11-06;10;1348
1;2025-11-06;11;1353
1;2025-11-06;12;1415
1;2025-11-06;13;1443
1;2025-11-06;14;1409
1;2025-11-06;15;1543
1;2025-11-06;16;1555
1;2025-11-06;17;1810
1;2025-11-06;18;1827
1;2025-11-06;19;1374
1;2025-11-06;20;910
1;2025-11-06;21;496
1;2025-11-06;22;238
1;2025-11-06;23;52
1;2025-11-07;0;0
1;2025-11-07;1;0
1;2025-11-07;2;0
1;2025-11-07;3;0
1;2025-11-07;4;0
1;2025-11-07;5;95
1;2025-11-07;6;527
1;2025-11-07;7;1533
1;2025-11-07;8;1903
1;2025-11-07;9;1433
1;2025-11-07;10;1337
1;2025-11-07;11;1414
1;2025-11-07;12;1386
1;2025-11-07;13;1446
1;2025-11-07;14;1378
1;2025-11-07;15;1540
1;2025-11-07;16;1620
1;2025-11-07;17;1796
1;2025-11-07;18;1598
1;2025-11-07;19;1218
1;2025-11-07;20;828
1;2025-11-07;21;509
1;2025-11-07;22;254
1;2025-11-07;23;54
1;2025-11-08;0;0
1;2025-11-08;1;0
1;2025-11-08;2;0
1;2025-11-08;3;0
1;2025-11-08;4;0
1;2025-11-08;5;29
1;2025-11-08;6;175
1;2025-11-08;7;343
1;2025-11-08;8;483
1;2025-11-08;9;747
1;2025-11-08;10;881
1;2025-11-08;11;818
1;2025-11-08;12;994
1;2025-11-08;13;1036
1;2025-11-08;14;963
1;2025-11-08;15;835
1;2025-11-08;16;769
1;2025-11-08;17;714
1;2025-11-08;18;650
1;2025-11-08;19;590
1;2025-11-08;20;434
1;2025-11-08;21;318
1;2025-11-08;22;146
1;2025-11-08;23;33
1;2025-11-09;0;0
1;2025-11-09;1;0
1;2025-11-09;2;0
1;2025-11-09;3;0
1;2025-11-09;4;0
1;2025-11-09;5;26
1;2025-11-09;6;140
1;2025-11-09;7;278
1;2025-11-09;8;379
1;2025-11-09;9;640
1;2025-11-09;10;726
1;2025-11-09;11;713
1;2025-11-09;12;895
1;2025-11-09;13;932
1;2025-11-09;14;835
1;2025-11-09;15;775
1;2025-11-09;16;714
1;2025-11-09;17;661
1;2025-11-09;18;598
1;2025-11-09;19;514
1;2025-11-09;20;387
1;2025-11-09;21;297
1;2025-11-09;22;122
1;2025-11-09;23;34
1;2025-11-10;0;0
1;2025-11-10;1;0
1;2025-11-10;2;0
1;2025-11-10;3;0
1;2025-11-10;4;0
1;2025-11-10;5;87
1;2025-11-10;6;539
1;2025-11-10;7;1493
1;2025-11-10;8;1905
1;2025-11-10;9;1408
1;2025-11-10;10;1241
1;2025-11-10;11;1282
1;2025-11-10;12;1331
1;2025-11-10;13;1353
1;2025-11-10;14;1328
1;2025-11-10;15;1472
1;2025-11-10;16;1554
1;2025-11-10;17;1799
1;2025-11-10;18;1901
1;2025-11-10;19;1428
1;2025-11-10;20;899
1;2025-11-10;21;483
1;2025-11-10;22;216
1;2025-11-10;23;39
1;2025-11-11;0;0
1;2025-11-11;1;0
1;2025-11-11;2;0
1;2025-11-11;3;0
1;2025-11-11;4;0
1;2025-11-11;5;88
1;2025-11-11;6;565
1;2025-11-11;7;1612
1;2025-11-11;8;1974
1;2025-11-11;9;1526
1;2025-11-11;10;1361
1;2025-11-11;11;1367
1;2025-11-11;12;1402
1;2025-11-11;13;1425
1;2025-11-11;14;1354
1;2025-11-11;15;1474
1;2025-11-11;16;1490
1;2025-11-11;17;1792
1;2025-11-11;18;1828
1;2025-11-11;19;1453
1;2025-11-11;20;922
1;2025-11-11;21;498
1;2025-11-11;22;241
1;2025-11-11;23;44
1;2025-11-12;0;0
1;2025-11-12;1;0
1;2025-11-12;2;0
1;2025-11-12;3;0
1;2025-11-12;4;0
1;2025-11-12;5;92
1;2025-11-12;6;561
1;2025-11-12;7;1540
1;2025-11-12;8;1961
1;2025-11-12;9;1450
1;2025-11-12;10;1330
1;2025-11-12;11;1349
1;2025-11-12;12;1375
1;2025-11-12;13;1446
1;2025-11-12;14;1375
1;2025-11-12;15;1499
1;2025-11-12;16;1511
1;2025-11-12;17;1799
1;2025-11-12;18;1818
1;2025-11-12;19;1396
1;2025-11-12;20;925
1;2025-11-12;21;495
1;2025-11-12;22;252
1;2025-11-12;23;45
1;2025-11-13;0;0
1;2025-11-13;1;0
1;2025-11-13;2;0
1;2025-11-13;3;0
1;2025-11-13;4;0
1;2025-11-13;5;86
1;2025-11-13;6;526
1;2025-11-13;7;1520
1;2025-11-13;8;1999
1;2025-11-13;9;1475
1;2025-11-13;10;1348
1;2025-11-13;11;1353
1;2025-11-13;12;1415
1;2025-11-13;13;1443
1;2025-11-13;14;1409
1;2025-11-13;15;1543
1;2025-11-13;16;1555
1;2025-11-13;17;1810
1;2025-11-13;18;1827
1;2025-11-13;19;1374
1;2025-11-13;20;910
1;2025-11-13;21;496
1;2025-11-13;22;238
1;2025-11-13;23;52
1;2025-11-14;0;0
1;2025-11-14;1;0
1;2025-11-14;2;0
1;2025-11-14;3;0
1;2025-11-14;4;0
1;2025-11-14;5;95
1;2025-11-14;6;527
1;2025-11-14;7;1533
1;2025-11-14;8;1903
1;2025-11-14;9;1433
1;2025-11-14;10;1337
1;2025-11-14;11;1414
1;2025-11-14;12;1386
1;2025-11-14;13;1446
1;2025-11-14;14;1378
1;2025-11-14;15;1540
1;2025-11-14;16;1620
1;2025-11-14;17;1796
1;2025-11-14;18;1598
1;2025-11-14;19;1218
1;2025-11-14;20;828
1;2025-11-14;21;509
1;2025-11-14;22;254
1;2025-11-14;23;54
1;2025-11-15;0;0
1;2025-11-15;1;0
1;2025-11-15;2;0
1;2025-11-15;3;0
1;2025-11-15;4;0
1;2025-11-15;5;29
1;2025-11-15;6;175
1;2025-11-15;7;343
1;2025-11-15;8;483
1;2025-11-15;9;747
1;2025-11-15;10;881
1;2025-11-15;11;818
1;2025-11-15;12;994
1;2025-11-15;13;1036
1;2025-11-15;14;963
1;2025-11-15;15;835
1;2025-11-15;16;769
1;2025-11-15;17;714
1;2025-11-15;18;650
1;2025-11-15;19;590
1;2025-11-15;20;434
1;2025-11-15;21;318
1;2025-11-15;22;146
1;2025-11-15;23;33
1;2025-11-16;0;0
1;2025-11-16;1;0
1;2025-11-16;2;0
1;2025-11-16;3;0
1;2025-11-16;4;0
1;2025-11-16;5;26
1;2025-11-16;6;140
1;2025-11-16;7;278
1;2025-11-16;8;379
1;2025-11-16;9;640
1;2025-11-16;10;726
1;2025-11-16;11;713
1;2025-11-16;12;895
1;2025-11-16;13;932
1;2025-11-16;14;835
1;2025-11-16;15;775
1;2025-11-16;16;714
1;2025-11-16;17;661
1;2025-11-16;18;598
1;2025-11-16;19;514
1;2025-11-16;20;387
1;2025-11-16;21;297
1;2025-11-16;22;122
1;2025-11-16;23;34
1;2025-11-17;0;0
1;2025-11-17;1;0
1;2025-11-17;2;0
1;2025-11-17;3;0
1;2025-11-17;4;0
1;2025-11-17;5;87
1;2025-11-17;6;539
1;2025-11-17;7;1493
1;2025-11-17;8;1905
1;2025-11-17;9;1408
1;2025-11-17;10;1241
1;2025-11-17;11;1282
1;2025-11-17;12;1331
1;2025-11-17;13;1353
1;2025-11-17;14;1328
1;2025-11-17;15;1472
1;2025-11-17;16;1554
1;2025-11-17;17;1799
1;2025-11-17;18;1901
1;2025-11-17;19;1428
1;2025-11-17;20;899
1;2025-11-17;21;483
1;2025-11-17;22;216
1;2025-11-17;23;39
1;2025-11-18;0;0
1;2025-11-18;1;0
1;2025-11-18;2;0
1;2025-11-18;3;0
1;2025-11-18;4;0
1;2025-11-18;5;88
1;2025-11-18;6;565
1;2025-11-18;7;1612
1;2025-11-18;8;1974
1;2025-11-18;9;1526
1;2025-11-18;10;1361
1;2025-11-18;11;1367
1;2025-11-18;12;1402
1;2025-11-18;13;1425
1;2025-11-18;14;1354
1;2025-11-18;15;1474
1;2025-11-18;16;1490
1;2025-11-18;17;1792
1;2025-11-18;18;1828
1;2025-11-18;19;1453
1;2025-11-18;20;922
1;2025-11-18;21;498
1;2025-11-18;22;241
1;2025-11-18;23;44
1;2025-11-19;0;0
1;2025-11-19;1;0
1;2025-11-19;2;0
1;2025-11-19;3;0
1;2025-11-19;4;0
1;2025-11-19;5;92
1;2025-11-19;6;561
1;2025-11-19;7;1540
1;2025-11-19;8;1961
1;2025-11-19;9;1450
1;2025-11-19;10;1330
1;2025-11-19;11;1349
1;2025-11-19;12;1375
1;2025-11-19;13;1446
1;2025-11-19;14;1375
1;2025-11-19;15;1499
1;2025-11-19;16;1511
1;2025-11-19;17;1799
1;2025-11-19;18;1818
1;2025-11-19;19;1396
1;2025-11-19;20;925
1;2025-11-19;21;495
1;2025-11-19;22;252
1;2025-11-19;23;45
1;2025-11-20;0;0
1;2025-11-20;1;0
1;2025-11-20;2;0
1;2025-11-20;3;0
1;2025-11-20;4;0
1;2025-11-20;5;86
1;2025-11-20;6;526
1;2025-11-20;7;1520
1;2025-11-20;8;1999
1;2025-11-20;9;1475
1;2025-11-20;10;1348
1;2025-11-20;11;1353
1;2025-11-20;12;1415
1;2025-11-20;13;1443
1;2025-11-20;14;1409
1;2025-11-20;15;1543
1;2025-11-20;16;1555
1;2025-11-20;17;1810
1;2025-11-20;18;1827
1;2025-11-20;19;1374
1;2025-11-20;20;910
1;2025-11-20;21;496
1;2025-11-20;22;238
1;2025-11-20;23;52
1;2025-11-21;0;0
1;2025-11-21;1;0
1;2025-11-21;2;0
1;2025-11-21;3;0
1;2025-11-21;4;0
1;2025-11-21;5;95
1;2025-11-21;6;527
1;2025-11-21;7;1533
1;2025-11-21;8;1903
1;2025-11-21;9;1433
1;2025-11-21;10;1337
1;2025-11-21;11;1414
1;2025-11-21;12;1386
1;2025-11-21;13;1446
1;2025-11-21;14;1378
1;2025-11-21;15;1540
1;2025-11-21;16;1620
1;2025-11-21;17;1796
1;2025-11-21;18;1598
1;2025-11-21;19;1218
1;2025-11-21;20;828
1;2025-11-21;21;509
1;2025-11-21;22;254
1;2025-11-21;23;54
1;2025-11-22;0;0
1;2025-11-22;1;0
1;2025-11-22;2;0
1;2025-11-22;3;0
1;2025-11-22;4;0
1;2025-11-22;5;29
1;2025-11-22;6;175
1;2025-11-22;7;343
1;2025-11-22;8;483
1;2025-11-22;9;747
1;2025-11-22;10;881
1;2025-11-22;11;818
1;2025-11-22;12;994
1;2025-11-22;13;1036
1;2025-11-22;14;963
1;2025-11-22;15;835
1;2025-11-22;16;769
1;2025-11-22;17;714
1;2025-11-22;18;650
1;2025-11-22;19;590
1;2025-11-22;20;434
1;2025-11-22;21;318
1;2025-11-22;22;146
1;2025-11-22;23;33
1;2025-11-23;0;0
1;2025-11-23;1;0
1;2025-11-23;2;0
1;2025-11-23;3;0
1;2025-11-23;4;0
1;2025-11-23;5;26
1;2025-11-23;6;140
1;2025-11-23;7;278
1;2025-11-23;8;379
1;2025-11-23;9;640
1;2025-11-23;10;726
1;2025-11-23;11;713
1;2025-11-23;12;895
1;2025-11-23;13;932
1;2025-11-23;14;835
1;2025-11-23;15;775
1;2025-11-23;16;714
1;2025-11-23;17;661
1;2025-11-23;18;598
1;2025-11-23;19;514
1;2025-11-23;20;387
1;2025-11-23;21;297
1;2025-11-23;22;122
1;2025-11-23;23;34
1;2025-11-24;0;0
1;2025-11-24;1;0
1;2025-11-24;2;0
1;2025-11-24;3;0
1;2025-11-24;4;0
1;2025-11-24;5;87
1;2025-11-24;6;539
1;2025-11-24;7;1493
1;2025-11-24;8;1905
1;2025-11-24;9;1408
1;2025-11-24;10;1241
1;2025-11-24;11;1282
1;2025-11-24;12;1331
1;2025-11-24;13;1353
1;2025-11-24;14;1328
1;2025-11-24;15;1472
1;2025-11-24;16;1554
1;2025-11-24;17;1799
1;2025-11-24;18;1901
1;2025-11-24;19;1428
1;2025-11-24;20;899
1;2025-11-24;21;483
1;2025-11-24;22;216
1;2025-11-24;23;39
1;2025-11-25;0;0
1;2025-11-25;1;0
1;2025-11-25;2;0
1;2025-11-25;3;0
1;2025-11-25;4;0
1;2025-11-25;5;88
1;2025-11-25;6;565
1;2025-11-25;7;1612
1;2025-11-25;8;1974
1;2025-11-25;9;1526
1;2025-11-25;10;1361
1;2025-11-25;11;1367
1;2025-11-25;12;1402
1;2025-11-25;13;1425
1;2025-11-25;14;1354
1;2025-11-25;15;1474
1;2025-11-25;16;1490
1;2025-11-25;17;1792
1;2025-11-25;18;1828
1;2025-11-25;19;1453
1;2025-11-25;20;922
1;2025-11-25;21;498
1;2025-11-25;22;241
1;2025-11-25;23;44
1;2025-11-26;0;0
1;2025-11-26;1;0
1;2025-11-26;2;0
1;2025-11-26;3;0
1;2025-11-26;4;0
1;2025-11-26;5;92
1;2025-11-26;6;561
1;2025-11-26;7;1540
1;2025-11-26;8;1961
1;2025-11-26;9;1450
1;2025-11-26;10;1330
1;2025-11-26;11;1349
1;2025-11-26;12;1375
1;2025-11-26;13;1446
1;2025-11-26;14;1375
1;2025-11-26;15;1499
1;2025-11-26;16;1511
1;2025-11-26;17;1799
1;2025-11-26;18;1818
1;2025-11-26;19;1396
1;2025-11-26;20;925
1;2025-11-26;21;495
1;2025-11-26;22;252
1;2025-11-26;23;45
1;2025-11-27;0;0
1;2025-11-27;1;0
1;2025-11-27;2;0
1;2025-11-27;3;0
1;2025-11-27;4;0
1;2025-11-27;5;86
1;2025-11-27;6;526
1;2025-11-27;7;1520
1;2025-11-27;8;1999
1;2025-11-27;9;1475
1;2025-11-27;10;1348
1;2025-11-27;11;1353
1;2025-11-27;12;1415
1;2025-11-27;13;1443
1;2025-11-27;14;1409
1;2025-11-27;15;1543
1;2025-11-27;16;1555
1;2025-11-27;17;1810
1;2025-11-27;18;1827
1;2025-11-27;19;1374
1;2025-11-27;20;910
1;2025-11-27;21;496
1;2025-11-27;22;238
1;2025-11-27;23;52
1;2025-11-28;0;0
1;2025-11-28;1;0
1;2025-11-28;2;0
1;2025-11-28;3;0
1;2025-11-28;4;0
1;2025-11-28;5;95
1;2025-11-28;6;527
1;2025-11-28;7;1533
1;2025-11-28;8;1903
1;2025-11-28;9;1433
1;2025-11-28;10;1337
1;2025-11-28;11;1414
1;2025-11-28;12;1386
1;2025-11-28;13;1446
1;2025-11-28;14;1378
1;2025-11-28;15;1540
1;2025-11-28;16;1620
1;2025-11-28;17;1796
1;2025-11-28;18;1598
1;2025-11-28;19;1218
1;2025-11-28;20;828
1;2025-11-28;21;509
1;2025-11-28;22;254
1;2025-11-28;23;54
1;2025-11-29;0;0
1;2025-11-29;1;0
1;2025-11-29;2;0
1;2025-11-29;3;0
1;2025-11-29;4;0
1;2025-11-29;5;29
1;2025-11-29;6;175
1;2025-11-29;7;343
1;2025-11-29;8;483
1;2025-11-29;9;747
1;2025-11-29;10;881
1;2025-11-29;11;818
1;2025-11-29;12;994
1;2025-11-29;13;1036
1;2025-11-29;14;963
1;2025-11-29;15;835
1;2025-11-29;16;769
1;2025-11-29;17;714
1;2025-11-29;18;650
1;2025-11-29;19;590
1;2025-11-29;20;434
1;2025-11-29;21;318
1;2025-11-29;22;146
1;2025-11-29;23;33
1;2025-11-30;0;0
1;2025-11-30;1;0
1;2025-11-30;2;0
1;2025-11-30;3;0
1;2025-11-30;4;0
1;2025-11-30;5;26
1;2025-11-30;6;140
1;2025-11-30;7;278
1;2025-11-30;8;379
1;2025-11-30;9;640
1;2025-11-30;10;726
1;2025-11-30;11;713
1;2025-11-30;12;895
1;2025-11-30;13;932
1;2025-11-30;14;835
1;2025-11-30;15;775
1;2025-11-30;16;714
1;2025-11-30;17;661
1;2025-11-30;18;598
1;2025-11-30;19;514
1;2025-11-30;20;387
1;2025-11-30;21;297
1;2025-11-30;22;122
1;2025-11-30;23;34
1;2025-12-01;0;0
1;2025-12-01;1;0
1;2025-12-01;2;0
1;2025-12-01;3;0
1;2025-12-01;4;0
1;2025-12-01;5;87
1;2025-12-01;6;539
1;2025-12-01;7;1493
1;2025-12-01;8;1905
1;2025-12-01;9;1408
1;2025-12-01;10;1241
1;2025-12-01;11;1282
1;2025-12-01;12;1331
1;2025-12-01;13;1353
1;2025-12-01;14;1328
1;2025-12-01;15;1472
1;2025-12-01;16;1554
1;2025-12-01;17;1799
1;2025-12-01;18;1901
1;2025-12-01;19;1428
1;2025-12-01;20;899
1;2025-12-01;21;483
1;2025-12-01;22;216
1;2025-12-01;23;39
1;2025-12-02;0;0
1;2025-12-02;1;0
1;2025-12-02;2;0
1;2025-12-02;3;0
1;2025-12-02;4;0
1;2025-12-02;5;88
1;2025-12-02;6;565
1;2025-12-02;7;1612
1;2025-12-02;8;1974
1;2025-12-02;9;1526
1;2025-12-02;10;1361
1;2025-12-02;11;1367
1;2025-12-02;12;1402
1;2025-12-02;13;1425
1;2025-12-02;14;1354
1;2025-12-02;15;1474
1;2025-12-02;16;1490
1;2025-12-02;17;1792
1;2025-12-02;18;1828
1;2025-12-02;19;1453
1;2025-12-02;20;922
1;2025-12-02;21;498
1;2025-12-02;22;241
1;2025-12-02;23;44
1;2025-12-03;0;0
1;2025-12-03;1;0
1;2025-12-03;2;0
1;2025-12-03;3;0
1;2025-12-03;4;0
1;2025-12-03;5;92
1;2025-12-03;6;561
1;2025-12-03;7;1540
1;2025-12-03;8;1961
1;2025-12-03;9;1450
1;2025-12-03;10;1330
1;2025-12-03;11;1349
1;2025-12-03;12;1375
1;2025-12-03;13;1446
1;2025-12-03;14;1375
1;2025-12-03;15;1499
1;2025-12-03;16;1511
1;2025-12-03;17;1799
1;2025-12-03;18;1818
1;2025-12-03;19;1396
1;2025-12-03;20;925
1;2025-12-03;21;495
1;2025-12-03;22;252
1;2025-12-03;23;45
1;2025-12-04;0;0
1;2025-12-04;1;0
1;2025-12-04;2;0
1;2025-12-04;3;0
1;2025-12-04;4;0
1;2025-12-04;5;86
1;2025-12-04;6;526
1;2025-12-04;7;1520
1;2025-12-04;8;1999
1;2025-12-04;9;1475
1;2025-12-04;10;1348
1;2025-12-04;11;1353
1;2025-12-04;12;1415
1;2025-12-04;13;1443
1;2025-12-04;14;1409
1;2025-12-04;15;1543
1;2025-12-04;16;1555
1;2025-12-04;17;1810
1;2025-12-04;18;1827
1;2025-12-04;19;1374
1;2025-12-04;20;910
1;2025-12-04;21;496
1;2025-12-04;22;238
1;2025-12-04;23;52
1;2025-12-05;0;0
1;2025-12-05;1;0
1;2025-12-05;2;0
1;2025-12-05;3;0
1;2025-12-05;4;0
1;2025-12-05;5;95
1;2025-12-05;6;527
1;2025-12-05;7;1533
1;2025-12-05;8;1903
1;2025-12-05;9;1433
1;2025-12-05;10;1337
1;2025-12-05;11;1414
1;2025-12-05;12;1386
1;2025-12-05;13;1446
1;2025-12-05;14;1378
1;2025-12-05;15;1540
1;2025-12-05;16;1620
1;2025-12-05;17;1796
1;2025-12-05;18;1598
1;2025-12-05;19;1218
1;2025-12-05;20;828
1;2025-12-05;21;509
1;2025-12-05;22;254
1;2025-12-05;23;54
1;2025-12-06;0;0
1;2025-12-06;1;0
1;2025-12-06;2;0
1;2025-12-06;3;0
1;2025-12-06;4;0
1;2025-12-06;5;29
1;2025-12-06;6;175
1;2025-12-06;7;343
1;2025-12-06;8;483
1;2025-12-06;9;747
1;2025-12-06;10;881
1;2025-12-06;11;818
1;2025-12-06;12;994
1;2025-12-06;13;1036
1;2025-12-06;14;963
1;2025-12-06;15;835
1;2025-12-06;16;769
1;2025-12-06;17;714
1;2025-12-06;18;650
1;2025-12-06;19;590
1;2025-12-06;20;434
1;2025-12-06;21;318
1;2025-12-06;22;146
1;2025-12-06;23;33
1;2025-12-07;0;0
1;2025-12-07;1;0
1;2025-12-07;2;0
1;2025-12-07;3;0
1;2025-12-07;4;0
1;2025-12-07;5;26
1;2025-12-07;6;140
1;2025-12-07;7;278
1;2025-12-07;8;379
1;2025-12-07;9;640
1;2025-12-07;10;726
1;2025-12-07;11;713
1;2025-12-07;12;895
1;2025-12-07;13;932
1;2025-12-07;14;835
1;2025-12-07;15;775
1;2025-12-07;16;714
1;2025-12-07;17;661
1;2025-12-07;18;598
1;2025-12-07;19;514
1;2025-12-07;20;387
1;2025-12-07;21;297
1;2025-12-07;22;122
1;2025-12-07;23;34
1;2025-12-08;0;0
1;2025-12-08;1;0
1;2025-12-08;2;0
1;2025-12-08;3;0
1;2025-12-08;4;0
1;2025-12-08;5;87
1;2025-12-08;6;539
1;2025-12-08;7;1493
1;2025-12-08;8;1905
1;2025-12-08;9;1408
1;2025-12-08;10;1241
1;2025-12-08;11;1282
1;2025-12-08;12;1331
1;2025-12-08;13;1353
1;2025-12-08;14;1328
1;2025-12-08;15;1472
1;2025-12-08;16;1554
1;2025-12-08;17;1799
1;2025-12-08;18;1901
1;2025-12-08;19;1428
1;2025-12-08;20;899
1;2025-12-08;21;483
1;2025-12-08;22;216
1;2025-12-08;23;39
1;2025-12-09;0;0
1;2025-12-09;1;0
1;2025-12-09;2;0
1;2025-12-09;3;0
1;2025-12-09;4;0
1;2025-12-09;5;88
1;2025-12-09;6;565
1;2025-12-09;7;1612
1;2025-12-09;8;1974
1;2025-12-09;9;1526
1;2025-12-09;10;1361
1;2025-12-09;11;1367
1;2025-12-09;12;1402
1;2025-12-09;13;1425
1;2025-12-09;14;1354
1;2025-12-09;15;1474
1;2025-12-09;16;1490
1;2025-12-09;17;1792
1;2025-12-09;18;1828
1;2025-12-09;19;1453
1;2025-12-09;20;922
1;2025-12-09;21;498
1;2025-12-09;22;241
1;2025-12-09;23;44
1;2025-12-10;0;0
1;2025-12-10;1;0
1;2025-12-10;2;0
1;2025-12-10;3;0
1;2025-12-10;4;0
1;2025-12-10;5;92
1;2025-12-10;6;561
1;2025-12-10;7;1540
1;2025-12-10;8;1961
1;2025-12-10;9;1450
1;2025-12-10;10;1330
1;2025-12-10;11;1349
1;2025-12-10;12;1375
1;2025-12-10;13;1446
1;2025-12-10;14;1375
1;2025-12-10;15;1499
1;2025-12-10;16;1511
1;2025-12-10;17;1799
1;2025-12-10;18;1818
1;2025-12-10;19;1396
1;2025-12-10;20;925
1;2025-12-10;21;495
1;2025-12-10;22;252
1;2025-12-10;23;45
1;2025-12-11;0;0
1;2025-12-11;1;0
1;2025-12-11;2;0
1;2025-12-11;3;0
1;2025-12-11;4;0
1;2025-12-11;5;86
1;2025-12-11;6;526
1;2025-12-11;7;1520
1;2025-12-11;8;1999
1;2025-12-11;9;1475
1;2025-12-11;10;1348
1;2025-12-11;11;1353
1;2025-12-11;12;1415
1;2025-12-11;13;1443
1;2025-12-11;14;1409
1;2025-12-11;15;1543
1;2025-12-11;16;1555
1;2025-12-11;17;1810
1;2025-12-11;18;1827
1;2025-12-11;19;1374
1;2025-12-11;20;910
1;2025-12-11;21;496
1;2025-12-11;22;238
1;2025-12-11;23;52
1;2025-12-12;0;0
1;2025-12-12;1;0
1;2025-12-12;2;0
1;2025-12-12;3;0
1;2025-12-12;4;0
1;2025-12-12;5;95
1;2025-12-12;6;527
1;2025-12-12;7;1533
1;2025-12-12;8;1903
1;2025-12-12;9;1433
1;2025-12-12;10;1337
1;2025-12-12;11;1414
1;2025-12-12;12;1386
1;2025-12-12;13;1446
1;2025-12-12;14;1378
1;2025-12-12;15;1540
1;2025-12-12;16;1620
1;2025-12-12;17;1796
1;2025-12-12;18;1598
1;2025-12-12;19;1218
1;2025-12-12;20;828
1;2025-12-12;21;509
1;2025-12-12;22;254
1;2025-12-12;23;54
1;2025-12-13;0;0
1;2025-12-13;1;0
1;2025-12-13;2;0
1;2025-12-13;3;0
1;2025-12-13;4;0
1;2025-12-13;5;29
1;2025-12-13;6;175
1;2025-12-13;7;343
1;2025-12-13;8;483
1;2025-12-13;9;747
1;2025-12-13;10;881
1;2025-12-13;11;818
1;2025-12-13;12;994
1;2025-12-13;13;1036
1;2025-12-13;14;963
1;2025-12-13;15;835
1;2025-12-13;16;769
1;2025-12-13;17;714
1;2025-12-13;18;650
1;2025-12-13;19;590
1;2025-12-13;20;434
1;2025-12-13;21;318
1;2025-12-13;22;146
1;2025-12-13;23;33
1;2025-12-14;0;0
1;2025-12-14;1;0
1;2025-12-14;2;0
1;2025-12-14;3;0
1;2025-12-14;4;0
1;2025-12-14;5;26
1;2025-12-14;6;140
1;2025-12-14;7;278
1;2025-12-14;8;379
1;2025-12-14;9;640
1;2025-12-14;10;726
1;2025-12-14;11;713
1;2025-12-14;12;895
1;2025-12-14;13;932
1;2025-12-14;14;835
1;2025-12-14;15;775
1;2025-12-14;16;714
1;2025-12-14;17;661
1;2025-12-14;18;598
1;2025-12-14;19;514
1;2025-12-14;20;387
1;2025-12-14;21;297
1;2025-12-14;22;122
1;2025-12-14;23;34
1;2025-12-15;0;0
1;2025-12-15;1;0
1;2025-12-15;2;0
1;2025-12-15;3;0
1;2025-12-15;4;0
1;2025-12-15;5;87
1;2025-12-15;6;539
1;2025-12-15;7;1493
1;2025-12-15;8;1905
1;2025-12-15;9;1408
1;2025-12-15;10;1241
1;2025-12-15;11;1282
1;2025-12-15;12;1331
1;2025-12-15;13;1353
1;2025-12-15;14;1328
1;2025-12-15;15;1472
1;2025-12-15;16;1554
1;2025-12-15;17;1799
1;2025-12-15;18;1901
1;2025-12-15;19;1428
1;2025-12-15;20;899
1;2025-12-15;21;483
1;2025-12-15;22;216
1;2025-12-15;23;39
1;2025-12-16;0;0
1;2025-12-16;1;0
1;2025-12-16;2;0
1;2025-12-16;3;0
1;2025-12-16;4;0
1;2025-12-16;5;88
1;2025-12-16;6;565
1;2025-12-16;7;1612
1;2025-12-16;8;1974
1;2025-12-16;9;1526
1;2025-12-16;10;1361
1;2025-12-16;11;1367
1;2025-12-16;12;1402
1;2025-12-16;13;1425
1;2025-12-16;14;1354
1;2025-12-16;15;1474
1;2025-12-16;16;1490
1;2025-12-16;17;1792
1;2025-12-16;18;1828
1;2025-12-16;19;1453
1;2025-12-16;20;922
1;2025-12-16;21;498
1;2025-12-16;22;241
1;2025-12-16;23;44
1;2025-12-17;0;0
1;2025-12-17;1;0
1;2025-12-17;2;0
1;2025-12-17;3;0
1;2025-12-17;4;0
1;2025-12-17;5;92
1;2025-12-17;6;561
1;2025-12-17;7;1540
1;2025-12-17;8;1961
1;2025-12-17;9;1450
1;2025-12-17;10;1330
1;2025-12-17;11;1349
1;2025-12-17;12;1375
1;2025-12-17;13;1446
1;2025-12-17;14;1375
1;2025-12-17;15;1499
1;2025-12-17;16;1511
1;2025-12-17;17;1799
1;2025-12-17;18;1818
1;2025-12-17;19;1396
1;2025-12-17;20;925
1;2025-12-17;21;495
1;2025-12-17;22;252
1;2025-12-17;23;45
1;2025-12-18;0;0
1;2025-12-18;1;0
1;2025-12-18;2;0
1;2025-12-18;3;0
1;2025-12-18;4;0
1;2025-12-18;5;86
1;2025-12-18;6;526
1;2025-12-18;7;1520
1;2025-12-18;8;1999
1;2025-12-18;9;1475
1;2025-12-18;10;1348
1;2025-12-18;11;1353
1;2025-12-18;12;1415
1;2025-12-18;13;1443
1;2025-12-18;14;1409
1;2025-12-18;15;1543
1;2025-12-18;16;1555
1;2025-12-18;17;1810
1;2025-12-18;18;1827
1;2025-12-18;19;1374
1;2025-12-18;20;910
1;2025-12-18;21;496
1;2025-12-18;22;238
1;2025-12-18;23;52
1;2025-12-19;0;0
1;2025-12-19;1;0
1;2025-12-19;2;0
1;2025-12-19;3;0
1;2025-12-19;4;0
1;2025-12-19;5;95
1;2025-12-19;6;527
1;2025-12-19;7;1533
1;2025-12-19;8;1903
1;2025-12-19;9;1433
1;2025-12-19;10;1337
1;2025-12-19;11;1414
1;2025-12-19;12;1386
1;2025-12-19;13;1446
1;2025-12-19;14;1378
1;2025-12-19;15;1540
1;2025-12-19;16;1620
1;2025-12-19;17;1796
1;2025-12-19;18;1598
1;2025-12-19;19;1218
1;2025-12-19;20;828
1;2025-12-19;21;509
1;2025-12-19;22;254
1;2025-12-19;23;54
1;2025-12-20;0;0
1;2025-12-20;1;0
1;2025-12-20;2;0
1;2025-12-20;3;0
1;2025-12-20;4;0
1;2025-12-20;5;29
1;2025-12-20;6;175
1;2025-12-20;7;343
1;2025-12-20;8;483
1;2025-12-20;9;747
1;2025-12-20;10;881
1;2025-12-20;11;818
1;2025-12-20;12;994
1;2025-12-20;13;1036
1;2025-12-20;14;963
1;2025-12-20;15;835
1;2025-12-20;16;769
1;2025-12-20;17;714
1;2025-12-20;18;650
1;2025-12-20;19;590
1;2025-12-20;20;434
1;2025-12-20;21;318
1;2025-12-20;22;146
1;2025-12-20;23;33
1;2025-12-21;0;0
1;2025-12-21;1;0
1;2025-12-21;2;0
1;2025-12-21;3;0
1;2025-12-21;4;0
1;2025-12-21;5;26
1;2025-12-21;6;140
1;2025-12-21;7;278
1;2025-12-21;8;379
1;2025-12-21;9;640
1;2025-12-21;10;726
1;2025-12-21;11;713
1;2025-12-21;12;895
1;2025-12-21;13;932
1;2025-12-21;14;835
1;2025-12-21;15;775
1;2025-12-21;16;714
1;2025-12-21;17;661
1;2025-12-21;18;598
1;2025-12-21;19;514
1;2025-12-21;20;387
1;2025-12-21;21;297
1;2025-12-21;22;122
1;2025-12-21;23;34
1;2025-12-22;0;0
1;2025-12-22;1;0
1;2025-12-22;2;0
1;2025-12-22;3;0
1;2025-12-22;4;0
1;2025-12-22;5;87
1;2025-12-22;6;539
1;2025-12-22;7;1493
1;2025-12-22;8;1905
1;2025-12-22;9;1408
1;2025-12-22;10;1241
1;2025-12-22;11;1282
1;2025-12-22;12;1331
1;2025-12-22;13;1353
1;2025-12-22;14;1328
1;2025-12-22;15;1472
1;2025-12-22;16;1554
1;2025-12-22;17;1799
1;2025-12-22;18;1901
1;2025-12-22;19;1428
1;2025-12-22;20;899
1;2025-12-22;21;483
1;2025-12-22;22;216
1;2025-12-22;23;39
1;2025-12-23;0;0
1;2025-12-23;1;0
1;2025-12-23;2;0
1;2025-12-23;3;0
1;2025-12-23;4;0
1;2025-12-23;5;88
1;2025-12-23;6;565
1;2025-12-23;7;1612
1;2025-12-23;8;1974
1;2025-12-23;9;1526
1;2025-12-23;10;1361
1;2025-12-23;11;1367
1;2025-12-23;12;1402
1;2025-12-23;13;1425
1;2025-12-23;14;1354
1;2025-12-23;15;1474
1;2025-12-23;16;1490
1;2025-12-23;17;1792
1;2025-12-23;18;1828
1;2025-12-23;19;1453
1;2025-12-23;20;922
1;2025-12-23;21;498
1;2025-12-23;22;241
1;2025-12-23;23;44
1;2025-12-24;0;0
1;2025-12-24;1;0
1;2025-12-24;2;0
1;2025-12-24;3;0
1;2025-12-24;4;0
1;2025-12-24;5;92
1;2025-12-24;6;561
1;2025-12-24;7;1540
1;2025-12-24;8;1961
1;2025-12-24;9;1450
1;2025-12-24;10;1330
1;2025-12-24;11;1349
1;2025-12-24;12;1375
1;2025-12-24;13;1446
1;2025-12-24;14;1375
1;2025-12-24;15;1499
1;2025-12-24;16;1511
1;2025-12-24;17;1799
1;2025-12-24;18;1818
1;2025-12-24;19;1396
1;2025-12-24;20;925
1;2025-12-24;21;495
1;2025-12-24;22;252
1;2025-12-24;23;45
1;2025-12-25;0;0
1;2025-12-25;1;0
1;2025-12-25;2;0
1;2025-12-25;3;0
1;2025-12-25;4;0
1;2025-12-25;5;86
1;2025-12-25;6;526
1;2025-12-25;7;1520
1;2025-12-25;8;1999
1;2025-12-25;9;1475
1;2025-12-25;10;1348
1;2025-12-25;11;1353
1;2025-12-25;12;1415
1;2025-12-25;13;1443
1;2025-12-25;14;1409
1;2025-12-25;15;1543
1;2025-12-25;16;1555
1;2025-12-25;17;1810
1;2025-12-25;18;1827
1;2025-12-25;19;1374
1;2025-12-25;20;910
1;2025-12-25;21;496
1;2025-12-25;22;238
1;2025-12-25;23;52
1;2025-12-26;0;0
1;2025-12-26;1;0
1;2025-12-26;2;0
1;2025-12-26;3;0
1;2025-12-26;4;0
1;2025-12-26;5;95
1;2025-12-26;6;527
1;2025-12-26;7;1533
1;2025-12-26;8;1903
1;2025-12-26;9;1433
1;2025-12-26;10;1337
1;2025-12-26;11;1414
1;2025-12-26;12;1386
1;2025-12-26;13;1446
1;2025-12-26;14;1378
1;2025-12-26;15;1540
1;2025-12-26;16;1620
1;2025-12-26;17;1796
1;2025-12-26;18;1598
1;2025-12-26;19;1218
1;2025-12-26;20;828
1;2025-12-26;21;509
1;2025-12-26;22;254
1;2025-12-26;23;54
1;2025-12-27;0;0
1;2025-12-27;1;0
1;2025-12-27;2;0
1;2025-12-27;3;0
1;2025-12-27;4;0
1;2025-12-27;5;29
1;2025-12-27;6;175
1;2025-12-27;7;343
1;2025-12-27;8;483
1;2025-12-27;9;747
1;2025-12-27;10;881
1;2025-12-27;11;818
1;2025-12-27;12;994
1;2025-12-27;13;1036
1;2025-12-27;14;963
1;2025-12-27;15;835
1;2025-12-27;16;769
1;2025-12-27;17;714
1;2025-12-27;18;650
1;2025-12-27;19;590
1;2025-12-27;20;434
1;2025-12-27;21;318
1;2025-12-27;22;146
1;2025-12-27;23;33
1;2025-12-28;0;0
1;2025-12-28;1;0
1;2025-12-28;2;0
1;2025-12-28;3;0
1;2025-12-28;4;0
1;2025-12-28;5;26
1;2025-12-28;6;140
1;2025-12-28;7;278
1;2025-12-28;8;379
1;2025-12-28;9;640
1;2025-12-28;10;726
1;2025-12-28;11;713
1;2025-12-28;12;895
1;2025-12-28;13;932
1;2025-12-28;14;835
1;2025-12-28;15;775
1;2025-12-28;16;714
1;2025-12-28;17;661
1;2025-12-28;18;598
1;2025-12-28;19;514
1;2025-12-28;20;387
1;2025-12-28;21;297
1;2025-12-28;22;122
1;2025-12-28;23;34
1;2025-12-29;0;0
1;2025-12-29;1;0
1;2025-12-29;2;0
1;2025-12-29;3;0
1;2025-12-29;4;0
1;2025-12-29;5;87
1;2025-12-29;6;539
1;2025-12-29;7;1493
1;2025-12-29;8;1905
1;2025-12-29;9;1408
1;2025-12-29;10;1241
1;2025-12-29;11;1282
1;2025-12-29;12;1331
1;2025-12-29;13;1353
1;2025-12-29;14;1328
1;2025-12-29;15;1472
1;2025-12-29;16;1554
1;2025-12-29;17;1799
1;2025-12-29;18;1901
1;2025-12-29;19;1428
1;2025-12-29;20;899
1;2025-12-29;21;483
1;2025-12-29;22;216
1;2025-12-29;23;39
1;2025-12-30;0;0
1;2025-12-30;1;0
1;2025-12-30;2;0
1;2025-12-30;3;0
1;2025-12-30;4;0
1;2025-12-30;5;88
1;2025-12-30;6;565
1;2025-12-30;7;1612
1;2025-12-30;8;1974
1;2025-12-30;9;1526
1;2025-12-30;10;1361
1;2025-12-30;11;1367
1;2025-12-30;12;1402
1;2025-12-30;13;1425
1;2025-12-30;14;1354
1;2025-12-30;15;1474
1;2025-12-30;16;1490
1;2025-12-30;17;1792
1;2025-12-30;18;1828
1;2025-12-30;19;1453
1;2025-12-30;20;922
1;2025-12-30;21;498
1;2025-12-30;22;241
1;2025-12-30;23;44
1;2025-12-31;0;0
1;2025-12-31;1;0
1;2025-12-31;2;0
1;2025-12-31;3;0
1;2025-12-31;4;0
1;2025-12-31;5;26
1;2025-12-31;6;137
1;2025-12-31;7;272
1;2025-12-31;8;371
1;2025-12-31;9;626
1;2025-12-31;10;711
1;2025-12-31;11;698
1;2025-12-31;12;876
1;2025-12-31;13;912
1;2025-12-31;14;817
1;2025-12-31;15;758
1;2025-12-31;16;699
1;2025-12-31;17;647
1;2025-12-31;18;586
1;2025-12-31;19;503
1;2025-12-31;20;378
1;2025-12-31;21;291
1;2025-12-31;22;119
1;2025-12-31;23;34
5;2025-11-01;0;0
5;2025-11-01;1;0
5;2025-11-01;2;0
5;2025-11-01;3;0
5;2025-11-01;4;0
5;2025-11-01;5;0
5;2025-11-01;6;0
5;2025-11-01;7;0
5;2025-11-01;8;0
5;2025-11-01;9;0
5;2025-11-01;10;0
5;2025-11-01;11;0
5;2025-11-01;12;0
5;2025-11-01;13;0
5;2025-11-01;14;0
5;2025-11-01;15;0
5;2025-11-01;16;0
5;2025-11-01;17;0
5;2025-11-01;18;0
5;2025-11-01;19;0
5;2025-11-01;20;0
5;2025-11-01;21;0
5;2025-11-01;22;0
5;2025-11-01;23;0
5;2025-11-02;0;0
5;2025-11-02;1;0
5;2025-11-02;2;0
5;2025-11-02;3;0
5;2025-11-02;4;0
5;2025-11-02;5;0
5;2025-11-02;6;0
5;2025-11-02;7;0
5;2025-11-02;8;0
5;2025-11-02;9;0
5;2025-11-02;10;0
5;2025-11-02;11;0
5;2025-11-02;12;0
5;2025-11-02;13;0
5;2025-11-02;14;0
5;2025-11-02;15;0
5;2025-11-02;16;0
5;2025-11-02;17;0
5;2025-11-02;18;0
5;2025-11-02;19;0
5;2025-11-02;20;0
5;2025-11-02;21;0
5;2025-11-02;22;0
5;2025-11-02;23;0
5;2025-11-03;0;0
5;2025-11-03;1;0
5;2025-11-03;2;0
5;2025-11-03;3;0
5;2025-11-03;4;0
5;2025-11-03;5;0
5;2025-11-03;6;0
5;2025-11-03;7;0
5;2025-11-03;8;0
5;2025-11-03;9;0
5;2025-11-03;10;0
5;2025-11-03;11;0
5;2025-11-03;12;0
5;2025-11-03;13;0
5;2025-11-03;14;0
5;2025-11-03;15;0
5;2025-11-03;16;0
5;2025-11-03;17;0
5;2025-11-03;18;0
5;2025-11-03;19;0
5;2025-11-03;20;0
5;2025-11-03;21;0
5;2025-11-03;22;0
5;2025-11-03;23;0
5;2025-11-04;0;0
5;2025-11-04;1;0
5;2025-11-04;2;0
5;2025-11-04;3;0
5;2025-11-04;4;0
5;2025-11-04;5;0
5;2025-11-04;6;0
5;2025-11-04;7;0
5;2025-11-04;8;0
5;2025-11-04;9;0
5;2025-11-04;10;0
5;2025-11-04;11;0
5;2025-11-04;12;0
5;2025-11-04;13;0
5;2025-11-04;14;0
5;2025-11-04;15;0
5;2025-11-04;16;0
5;2025-11-04;17;0
5;2025-11-04;18;0
5;2025-11-04;19;0
5;2025-11-04;20;0
5;2025-11-04;21;0
5;2025-11-04;22;0
5;2025-11-04;23;0
5;2025-11-05;0;0
5;2025-11-05;1;0
5;2025-11-05;2;0
5;2025-11-05;3;0
5;2025-11-05;4;0
5;2025-11-05;5;0
5;2025-11-05;6;0
5;2025-11-05;7;0
5;2025-11-05;8;0
5;2025-11-05;9;0
5;2025-11-05;10;0
5;2025-11-05;11;0
5;2025-11-05;12;0
5;2025-11-05;13;0
5;2025-11-05;14;0
5;2025-11-05;15;0
5;2025-11-05;16;0
5;2025-11-05;17;0
5;2025-11-05;18;0
5;2025-11-05;19;0
5;2025-11-05;20;0
5;2025-11-05;21;0
5;2025-11-05;22;0
5;2025-11-05;23;0
5;2025-11-06;0;0
5;2025-11-06;1;0
5;2025-11-06;2;0
5;2025-11-06;3;0
5;2025-11-06;4;0
5;2025-11-06;5;0
5;2025-11-06;6;0
5;2025-11-06;7;0
5;2025-11-06;8;0
5;2025-11-06;9;0
5;2025-11-06;10;0
5;2025-11-06;11;0
5;2025-11-06;12;0
5;2025-11-06;13;0
5;2025-11-06;14;0
5;2025-11-06;15;0
5;2025-11-06;16;0
5;2025-11-06;17;0
5;2025-11-06;18;0
5;2025-11-06;19;0
5;2025-11-06;20;0
5;2025-11-06;21;0
5;2025-11-06;22;0
5;2025-11-06;23;0
5;2025-11-07;0;0
5;2025-11-07;1;0
5;2025-11-07;2;0
5;2025-11-07;3;0
5;2025-11-07;4;0
5;2025-11-07;5;0
5;2025-11-07;6;0
5;2025-11-07;7;0
5;2025-11-07;8;0
5;2025-11-07;9;0
5;2025-11-07;10;0
5;2025-11-07;11;0
5;2025-11-07;12;0
5;2025-11-07;13;0
5;2025-11-07;14;0
5;2025-11-07;15;0
5;2025-11-07;16;0
5;2025-11-07;17;0
5;2025-11-07;18;0
5;2025-11-07;19;0
5;2025-11-07;20;0
5;2025-11-07;21;0
5;2025-11-07;22;0
5;2025-11-07;23;0
5;2025-11-08;0;0
5;2025-11-08;1;0
5;2025-11-08;2;0
5;2025-11-08;3;0
5;2025-11-08;4;0
5;2025-11-08;5;0
5;2025-11-08;6;0
5;2025-11-08;7;0
5;2025-11-08;8;0
5;2025-11-08;9;0
5;2025-11-08;10;0
5;2025-11-08;11;0
5;2025-11-08;12;0
5;2025-11-08;13;0
5;2025-11-08;14;0
5;2025-11-08;15;0
5;2025-11-08;16;0
5;2025-11-08;17;0
5;2025-11-08;18;0
5;2025-11-08;19;0
5;2025-11-08;20;0
5;2025-11-08;21;0
5;2025-11-08;22;0
5;2025-11-08;23;0
5;2025-11-09;0;0
5;2025-11-09;1;0
5;2025-11-09;2;0
5;2025-11-09;3;0
5;2025-11-09;4;0
5;2025-11-09;5;0
5;2025-11-09;6;0
5;2025-11-09;7;0
5;2025-11-09;8;0
5;2025-11-09;9;0
5;2025-11-09;10;0
5;2025-11-09;11;0
5;2025-11-09;12;0
5;2025-11-09;13;0
5;2025-11-09;14;0
5;2025-11-09;15;0
5;2025-11-09;16;0
5;2025-11-09;17;0
5;2025-11-09;18;0
5;2025-11-09;19;0
5;2025-11-09;20;0
5;2025-11-09;21;0
5;2025-11-09;22;0
5;2025-11-09;23;0
5;2025-11-10;0;0
5;2025-11-10;1;0
5;2025-11-10;2;0
5;2025-11-10;3;0
5;2025-11-10;4;0
5;2025-11-10;5;0
5;2025-11-10;6;0
5;2025-11-10;7;0
5;2025-11-10;8;0
5;2025-11-10;9;0
5;2025-11-10;10;0
5;2025-11-10;11;0
5;2025-11-10;12;0
5;2025-11-10;13;0
5;2025-11-10;14;0
5;2025-11-10;15;0
5;2025-11-10;16;0
5;2025-11-10;17;0
5;2025-11-10;18;0
5;2025-11-10;19;0
5;2025-11-10;20;0
5;2025-11-10;21;0
5;2025-11-10;22;0
5;2025-11-10;23;0
5;2025-11-11;0;0
5;2025-11-11;1;0
5;2025-11-11;2;0
5;2025-11-11;3;0
5;2025-11-11;4;0
5;2025-11-11;5;0
5;2025-11-11;6;0
5;2025-11-11;7;0
5;2025-11-11;8;0
5;2025-11-11;9;0
5;2025-11-11;10;0
5;2025-11-11;11;0
5;2025-11-11;12;0
5;2025-11-11;13;0
5;2025-11-11;14;0
5;2025-11-11;15;0
5;2025-11-11;16;0
5;2025-11-11;17;0
5;2025-11-11;18;0
5;2025-11-11;19;0
5;2025-11-11;20;0
5;2025-11-11;21;0
5;2025-11-11;22;0
5;2025-11-11;23;0
5;2025-11-12;0;0
5;2025-11-12;1;0
5;2025-11-12;2;0
5;2025-11-12;3;0
5;2025-11-12;4;0
5;2025-11-12;5;0
5;2025-11-12;6;0
5;2025-11-12;7;0
5;2025-11-12;8;0
5;2025-11-12;9;0
5;2025-11-12;10;0
5;2025-11-12;11;0
5;2025-11-12;12;0
5;2025-11-12;13;0
5;2025-11-12;14;0
5;2025-11-12;15;0
5;2025-11-12;16;0
5;2025-11-12;17;0
5;2025-11-12;18;0
5;2025-11-12;19;0
5;2025-11-12;20;0
5;2025-11-12;21;0
5;2025-11-12;22;0
5;2025-11-12;23;0
5;2025-11-13;0;0
5;2025-11-13;1;0
5;2025-11-13;2;0
5;2025-11-13;3;0
5;2025-11-13;4;0
5;2025-11-13;5;0
5;2025-11-13;6;0
5;2025-11-13;7;0
5;2025-11-13;8;0
5;2025-11-13;9;0
5;2025-11-13;10;0
5;2025-11-13;11;0
5;2025-11-13;12;0
5;2025-11-13;13;0
5;2025-11-13;14;0
5;2025-11-13;15;0
5;2025-11-13;16;0
5;2025-11-13;17;0
5;2025-11-13;18;0
5;2025-11-13;19;0
5;2025-11-13;20;0
5;2025-11-13;21;0
5;2025-11-13;22;0
5;2025-11-13;23;0
5;2025-11-14;0;0
5;2025-11-14;1;0
5;2025-11-14;2;0
5;2025-11-14;3;0
5;2025-11-14;4;0
5;2025-11-14;5;0
5;2025-11-14;6;0
5;2025-11-14;7;0
5;2025-11-14;8;0
5;2025-11-14;9;0
5;2025-11-14;10;0
5;2025-11-14;11;0
5;2025-11-14;12;0
5;2025-11-14;13;0
5;2025-11-14;14;0
5;2025-11-14;15;0
5;2025-11-14;16;0
5;2025-11-14;17;0
5;2025-11-14;18;0
5;2025-11-14;19;0
5;2025-11-14;20;0
5;2025-11-14;21;0
5;2025-11-14;22;0
5;2025-11-14;23;0
5;2025-11-15;0;0
5;2025-11-15;1;0
5;2025-11-15;2;0
5;2025-11-15;3;0
5;2025-11-15;4;0
5;2025-11-15;5;0
5;2025-11-15;6;0
5;2025-11-15;7;0
5;2025-11-15;8;0
5;2025-11-15;9;0
5;2025-11-15;10;0
5;2025-11-15;11;0
5;2025-11-15;12;0
5;2025-11-15;13;0
5;2025-11-15;14;0
5;2025-11-15;15;0
5;2025-11-15;16;0
5;2025-11-15;17;0
5;2025-11-15;18;0
5;2025-11-15;19;0
5;2025-11-15;20;0
5;2025-11-15;21;0
5;2025-11-15;22;0
5;2025-11-15;23;0
5;2025-11-16;0;0
5;2025-11-16;1;0
5;2025-11-16;2;0
5;2025-11-16;3;0
5;2025-11-16;4;0
5;2025-11-16;5;0
5;2025-11-16;6;0
5;2025-11-16;7;0
5;2025-11-16;8;0
5;2025-11-16;9;0
5;2025-11-16;10;0
5;2025-11-16;11;0
5;2025-11-16;12;0
5;2025-11-16;13;0
5;2025-11-16;14;0
5;2025-11-16;15;0
5;2025-11-16;16;0
5;2025-11-16;17;0
5;2025-11-16;18;0
5;2025-11-16;19;0
5;2025-11-16;20;0
5;2025-11-16;21;0
5;2025-11-16;22;0
5;2025-11-16;23;0
5;2025-11-17;0;0
5;2025-11-17;1;0
5;2025-11-17;2;0
5;2025-11-17;3;0
5;2025-11-17;4;0
5;2025-11-17;5;0
5;2025-11-17;6;0
5;2025-11-17;7;0
5;2025-11-17;8;0
5;2025-11-17;9;0
5;2025-11-17;10;0
5;2025-11-17;11;0
5;2025-11-17;12;0
5;2025-11-17;13;0
5;2025-11-17;14;0
5;2025-11-17;15;0
5;2025-11-17;16;0
5;2025-11-17;17;0
5;2025-11-17;18;0
5;2025-11-17;19;0
5;2025-11-17;20;0
5;2025-11-17;21;0
5;2025-11-17;22;0
5;2025-11-17;23;0
5;2025-11-18;0;0
5;2025-11-18;1;0
5;2025-11-18;2;0
5;2025-11-18;3;0
5;2025-11-18;4;0
5;2025-11-18;5;0
5;2025-11-18;6;0
5;2025-11-18;7;0
5;2025-11-18;8;0
5;2025-11-18;9;0
5;2025-11-18;10;0
5;2025-11-18;11;0
5;2025-11-18;12;0
5;2025-11-18;13;0
5;2025-11-18;14;0
5;2025-11-18;15;0
5;2025-11-18;16;0
5;2025-11-18;17;0
5;2025-11-18;18;0
5;2025-11-18;19;0
5;2025-11-18;20;0
5;2025-11-18;21;0
5;2025-11-18;22;0
5;2025-11-18;23;0
5;2025-11-19;0;0
5;2025-11-19;1;0
5;2025-11-19;2;0
5;2025-11-19;3;0
5;2025-11-19;4;0
5;2025-11-19;5;0
5;2025-11-19;6;0
5;2025-11-19;7;0
5;2025-11-19;8;0
5;2025-11-19;9;0
5;2025-11-19;10;0
5;2025-11-19;11;0
5;2025-11-19;12;0
5;2025-11-19;13;0
5;2025-11-19;14;0
5;2025-11-19;15;0
5;2025-11-19;16;0
5;2025-11-19;17;0
5;2025-11-19;18;0
5;2025-11-19;19;0
5;2025-11-19;20;0
5;2025-11-19;21;0
5;2025-11-19;22;0
5;2025-11-19;23;0
5;2025-11-20;0;0
5;2025-11-20;1;0
5;2025-11-20;2;0
5;2025-11-20;3;0
5;2025-11-20;4;0
5;2025-11-20;5;0
5;2025-11-20;6;0
5;2025-11-20;7;0
5;2025-11-20;8;0
5;2025-11-20;9;0
5;2025-11-20;10;0
5;2025-11-20;11;0
5;2025-11-20;12;0
5;2025-11-20;13;0
5;2025-11-20;14;0
5;2025-11-20;15;0
5;2025-11-20;16;0
5;2025-11-20;17;0
5;2025-11-20;18;0
5;2025-11-20;19;0
5;2025-11-20;20;0
5;2025-11-20;21;0
5;2025-11-20;22;0
5;2025-11-20;23;0
5;2025-11-21;0;0
5;2025-11-21;1;0
5;2025-11-21;2;0
5;2025-11-21;3;0
5;2025-11-21;4;0
5;2025-11-21;5;0
5;2025-11-21;6;0
5;2025-11-21;7;0
5;2025-11-21;8;0
5;2025-11-21;9;0
5;2025-11-21;10;0
5;2025-11-21;11;0
5;2025-11-21;12;0
5;2025-11-21;13;0
5;2025-11-21;14;0
5;2025-11-21;15;0
5;2025-11-21;16;0
5;2025-11-21;17;0
5;2025-11-21;18;0
5;2025-11-21;19;0
5;2025-11-21;20;0
5;2025-11-21;21;0
5;2025-11-21;22;0
5;2025-11-21;23;0
5;2025-11-22;0;0
5;2025-11-22;1;0
5;2025-11-22;2;0
5;2025-11-22;3;0
5;2025-11-22;4;0
5;2025-11-22;5;0
5;2025-11-22;6;0
5;2025-11-22;7;0
5;2025-11-22;8;0
5;2025-11-22;9;0
5;2025-11-22;10;0
5;2025-11-22;11;0
5;2025-11-22;12;0
5;2025-11-22;13;0
5;2025-11-22;14;0
5;2025-11-22;15;0
5;2025-11-22;16;0
5;2025-11-22;17;0
5;2025-11-22;18;0
5;2025-11-22;19;0
5;2025-11-22;20;0
5;2025-11-22;21;0
5;2025-11-22;22;0
5;2025-11-22;23;0
5;2025-11-23;0;0
5;2025-11-23;1;0
5;2025-11-23;2;0
5;2025-11-23;3;0
5;2025-11-23;4;0
5;2025-11-23;5;0
5;2025-11-23;6;0
5;2025-11-23;7;0
5;2025-11-23;8;0
5;2025-11-23;9;0
5;2025-11-23;10;0
5;2025-11-23;11;0
5;2025-11-23;12;0
5;2025-11-23;13;0
5;2025-11-23;14;0
5;2025-11-23;15;0
5;2025-11-23;16;0
5;2025-11-23;17;0
5;2025-11-23;18;0
5;2025-11-23;19;0
5;2025-11-23;20;0
5;2025-11-23;21;0
5;2025-11-23;22;0
5;2025-11-23;23;0
5;2025-11-24;0;0
5;2025-11-24;1;0
5;2025-11-24;2;0
5;2025-11-24;3;0
5;2025-11-24;4;0
5;2025-11-24;5;0
5;2025-11-24;6;0
5;2025-11-24;7;0
5;2025-11-24;8;0
5;2025-11-24;9;0
5;2025-11-24;10;0
5;2025-11-24;11;0
5;2025-11-24;12;0
5;2025-11-24;13;0
5;2025-11-24;14;0
5;2025-11-24;15;0
5;2025-11-24;16;0
5;2025-11-24;17;0
5;2025-11-24;18;0
5;2025-11-24;19;0
5;2025-11-24;20;0
5;2025-11-24;21;0
5;2025-11-24;22;0
5;2025-11-24;23;0
5;2025-11-25;0;0
5;2025-11-25;1;0
5;2025-11-25;2;0
5;2025-11-25;3;0
5;2025-11-25;4;0
5;2025-11-25;5;0
5;2025-11-25;6;0
5;2025-11-25;7;0
5;2025-11-25;8;0
5;2025-11-25;9;0
5;2025-11-25;10;0
5;2025-11-25;11;0
5;2025-11-25;12;0
5;2025-11-25;13;0
5;2025-11-25;14;0
5;2025-11-25;15;0
5;2025-11-25;16;0
5;2025-11-25;17;0
5;2025-11-25;18;0
5;2025-11-25;19;0
5;2025-11-25;20;0
5;2025-11-25;21;0
5;2025-11-25;22;0
5;2025-11-25;23;0
5;2025-11-26;0;0
5;2025-11-26;1;0
5;2025-11-26;2;0
5;2025-11-26;3;0
5;2025-11-26;4;0
5;2025-11-26;5;0
5;2025-11-26;6;0
5;2025-11-26;7;0
5;2025-11-26;8;0
5;2025-11-26;9;0
5;2025-11-26;10;0
5;2025-11-26;11;0
5;2025-11-26;12;0
5;2025-11-26;13;0
5;2025-11-26;14;0
5;2025-11-26;15;0
5;2025-11-26;16;0
5;2025-11-26;17;0
5;2025-11-26;18;0
5;2025-11-26;19;0
5;2025-11-26;20;0
5;2025-11-26;21;0
5;2025-11-26;22;0
5;2025-11-26;23;0
5;2025-11-27;0;0
5;2025-11-27;1;0
5;2025-11-27;2;0
5;2025-11-27;3;0
5;2025-11-27;4;0
5;2025-11-27;5;0
5;2025-11-27;6;0
5;2025-11-27;7;0
5;2025-11-27;8;0
5;2025-11-27;9;0
5;2025-11-27;10;0
5;2025-11-27;11;0
5;2025-11-27;12;0
5;2025-11-27;13;0
5;2025-11-27;14;0
5;2025-11-27;15;0
5;2025-11-27;16;0
5;2025-11-27;17;0
5;2025-11-27;18;0
5;2025-11-27;19;0
5;2025-11-27;20;0
5;2025-11-27;21;0
5;2025-11-27;22;0
5;2025-11-27;23;0
5;2025-11-28;0;0
5;2025-11-28;1;0
5;2025-11-28;2;0
5;2025-11-28;3;0
5;2025-11-28;4;0
5;2025-11-28;5;0
5;2025-11-28;6;0
5;2025-11-28;7;0
5;2025-11-28;8;0
5;2025-11-28;9;0
5;2025-11-28;10;0
5;2025-11-28;11;0
5;2025-11-28;12;0
5;2025-11-28;13;0
5;2025-11-28;14;0
5;2025-11-28;15;0
5;2025-11-28;16;0
5;2025-11-28;17;0
5;2025-11-28;18;0
5;2025-11-28;19;0
5;2025-11-28;20;0
5;2025-11-28;21;0
5;2025-11-28;22;0
5;2025-11-28;23;0
5;2025-11-29;0;0
5;2025-11-29;1;0
5;2025-11-29;2;0
5;2025-11-29;3;0
5;2025-11-29;4;0
5;2025-11-29;5;0
5;2025-11-29;6;0
5;2025-11-29;7;0
5;2025-11-29;8;0
5;2025-11-29;9;0
5;2025-11-29;10;0
5;2025-11-29;11;0
5;2025-11-29;12;0
5;2025-11-29;13;0
5;2025-11-29;14;0
5;2025-11-29;15;0
5;2025-11-29;16;0
5;2025-11-29;17;0
5;2025-11-29;18;0
5;2025-11-29;19;0
5;2025-11-29;20;0
5;2025-11-29;21;0
5;2025-11-29;22;0
5;2025-11-29;23;0
5;2025-11-30;0;0
5;2025-11-30;1;0
5;2025-11-30;2;0
5;2025-11-30;3;0
5;2025-11-30;4;0
5;2025-11-30;5;0
5;2025-11-30;6;0
5;2025-11-30;7;0
5;2025-11-30;8;0
5;2025-11-30;9;0
5;2025-11-30;10;0
5;2025-11-30;11;0
5;2025-11-30;12;0
5;2025-11-30;13;0
5;2025-11-30;14;0
5;2025-11-30;15;0
5;2025-11-30;16;0
5;2025-11-30;17;0
5;2025-11-30;18;0
5;2025-11-30;19;0
5;2025-11-30;20;0
5;2025-11-30;21;0
5;2025-11-30;22;0
5;2025-11-30;23;0
5;2025-12-01;0;0
5;2025-12-01;1;0
5;2025-12-01;2;0
5;2025-12-01;3;0
5;2025-12-01;4;0
5;2025-12-01;5;0
5;2025-12-01;6;0
5;2025-12-01;7;0
5;2025-12-01;8;0
5;2025-12-01;9;0
5;2025-12-01;10;0
5;2025-12-01;11;0
5;2025-12-01;12;0
5;2025-12-01;13;0
5;2025-12-01;14;0
5;2025-12-01;15;0
5;2025-12-01;16;0
5;2025-12-01;17;0
5;2025-12-01;18;0
5;2025-12-01;19;0
5;2025-12-01;20;0
5;2025-12-01;21;0
5;2025-12-01;22;0
5;2025-12-01;23;0
5;2025-12-02;0;0
5;2025-12-02;1;0
5;2025-12-02;2;0
5;2025-12-02;3;0
5;2025-12-02;4;0
5;2025-12-02;5;0
5;2025-12-02;6;0
5;2025-12-02;7;0
5;2025-12-02;8;0
5;2025-12-02;9;0
5;2025-12-02;10;0
5;2025-12-02;11;0
5;2025-12-02;12;0
5;2025-12-02;13;0
5;2025-12-02;14;0
5;2025-12-02;15;0
5;2025-12-02;16;0
5;2025-12-02;17;0
5;2025-12-02;18;0
5;2025-12-02;19;0
5;2025-12-02;20;0
5;2025-12-02;21;0
5;2025-12-02;22;0
5;2025-12-02;23;0
5;2025-12-03;0;0
5;2025-12-03;1;0
5;2025-12-03;2;0
5;2025-12-03;3;0
5;2025-12-03;4;0
5;2025-12-03;5;0
5;2025-12-03;6;0
5;2025-12-03;7;0
5;2025-12-03;8;0
5;2025-12-03;9;0
5;2025-12-03;10;0
5;2025-12-03;11;0
5;2025-12-03;12;0
5;2025-12-03;13;0
5;2025-12-03;14;0
5;2025-12-03;15;0
5;2025-12-03;16;0
5;2025-12-03;17;0
5;2025-12-03;18;0
5;2025-12-03;19;0
5;2025-12-03;20;0
5;2025-12-03;21;0
5;2025-12-03;22;0
5;2025-12-03;23;0
5;2025-12-04;0;0
5;2025-12-04;1;0
5;2025-12-04;2;0
5;2025-12-04;3;0
5;2025-12-04;4;0
5;2025-12-04;5;0
5;2025-12-04;6;0
5;2025-12-04;7;0
5;2025-12-04;8;0
5;2025-12-04;9;0
5;2025-12-04;10;0
5;2025-12-04;11;0
5;2025-12-04;12;0
5;2025-12-04;13;0
5;2025-12-04;14;0
5;2025-12-04;15;0
5;2025-12-04;16;0
5;2025-12-04;17;0
5;2025-12-04;18;0
5;2025-12-04;19;0
5;2025-12-04;20;0
5;2025-12-04;21;0
5;2025-12-04;22;0
5;2025-12-04;23;0
5;2025-12-05;0;0
5;2025-12-05;1;0
5;2025-12-05;2;0
5;2025-12-05;3;0
5;2025-12-05;4;0
5;2025-12-05;5;0
5;2025-12-05;6;0
5;2025-12-05;7;0
5;2025-12-05;8;0
5;2025-12-05;9;0
5;2025-12-05;10;0
5;2025-12-05;11;0
5;2025-12-05;12;0
5;2025-12-05;13;0
5;2025-12-05;14;0
5;2025-12-05;15;0
5;2025-12-05;16;0
5;2025-12-05;17;0
5;2025-12-05;18;0
5;2025-12-05;19;0
5;2025-12-05;20;0
5;2025-12-05;21;0
5;2025-12-05;22;0
5;2025-12-05;23;0
5;2025-12-06;0;0
5;2025-12-06;1;0
5;2025-12-06;2;0
5;2025-12-06;3;0
5;2025-12-06;4;0
5;2025-12-06;5;0
5;2025-12-06;6;0
5;2025-12-06;7;0
5;2025-12-06;8;0
5;2025-12-06;9;0
5;2025-12-06;10;0
5;2025-12-06;11;0
5;2025-12-06;12;0
5;2025-12-06;13;0
5;2025-12-06;14;0
5;2025-12-06;15;0
5;2025-12-06;16;0
5;2025-12-06;17;0
5;2025-12-06;18;0
5;2025-12-06;19;0
5;2025-12-06;20;0
5;2025-12-06;21;0
5;2025-12-06;22;0
5;2025-12-06;23;0
5;2025-12-07;0;0
5;2025-12-07;1;0
5;2025-12-07;2;0
5;2025-12-07;3;0
5;2025-12-07;4;0
5;2025-12-07;5;0
5;2025-12-07;6;0
5;2025-12-07;7;0
5;2025-12-07;8;0
5;2025-12-07;9;0
5;2025-12-07;10;0
5;2025-12-07;11;0
5;2025-12-07;12;0
5;2025-12-07;13;0
5;2025-12-07;14;0
5;2025-12-07;15;0
5;2025-12-07;16;0
5;2025-12-07;17;0
5;2025-12-07;18;0
5;2025-12-07;19;0
5;2025-12-07;20;0
5;2025-12-07;21;0
5;2025-12-07;22;0
5;2025-12-07;23;0
5;2025-12-08;0;0
5;2025-12-08;1;0
5;2025-12-08;2;0
5;2025-12-08;3;0
5;2025-12-08;4;0
5;2025-12-08;5;0
5;2025-12-08;6;0
5;2025-12-08;7;0
5;2025-12-08;8;0
5;2025-12-08;9;0
5;2025-12-08;10;0
5;2025-12-08;11;0
5;2025-12-08;12;0
5;2025-12-08;13;0
5;2025-12-08;14;0
5;2025-12-08;15;0
5;2025-12-08;16;0
5;2025-12-08;17;0
5;2025-12-08;18;0
5;2025-12-08;19;0
5;2025-12-08;20;0
5;2025-12-08;21;0
5;2025-12-08;22;0
5;2025-12-08;23;0
5;2025-12-09;0;0
5;2025-12-09;1;0
5;2025-12-09;2;0
5;2025-12-09;3;0
5;2025-12-09;4;0
5;2025-12-09;5;0
5;2025-12-09;6;0
5;2025-12-09;7;0
5;2025-12-09;8;0
5;2025-12-09;9;0
5;2025-12-09;10;0
5;2025-12-09;11;0
5;2025-12-09;12;0
5;2025-12-09;13;0
5;2025-12-09;14;0
5;2025-12-09;15;0
5;2025-12-09;16;0
5;2025-12-09;17;0
5;2025-12-09;18;0
5;2025-12-09;19;0
5;2025-12-09;20;0
5;2025-12-09;21;0
5;2025-12-09;22;0
5;2025-12-09;23;0
5;2025-12-10;0;0
5;2025-12-10;1;0
5;2025-12-10;2;0
5;2025-12-10;3;0
5;2025-12-10;4;0
5;2025-12-10;5;0
5;2025-12-10;6;0
5;2025-12-10;7;0
5;2025-12-10;8;0
5;2025-12-10;9;0
5;2025-12-10;10;0
5;2025-12-10;11;0
5;2025-12-10;12;0
5;2025-12-10;13;0
5;2025-12-10;14;0
5;2025-12-10;15;0
5;2025-12-10;16;0
5;2025-12-10;17;0
5;2025-12-10;18;0
5;2025-12-10;19;0
5;2025-12-10;20;0
5;2025-12-10;21;0
5;2025-12-10;22;0
5;2025-12-10;23;0
5;2025-12-11;0;0
5;2025-12-11;1;0
5;2025-12-11;2;0
5;2025-12-11;3;0
5;2025-12-11;4;0
5;2025-12-11;5;0
5;2025-12-11;6;0
5;2025-12-11;7;0
5;2025-12-11;8;0
5;2025-12-11;9;0
5;2025-12-11;10;0
5;2025-12-11;11;0
5;2025-12-11;12;0
5;2025-12-11;13;0
5;2025-12-11;14;0
5;2025-12-11;15;0
5;2025-12-11;16;0
5;2025-12-11;17;0
5;2025-12-11;18;0
5;2025-12-11;19;0
5;2025-12-11;20;0
5;2025-12-11;21;0
5;2025-12-11;22;0
5;2025-12-11;23;0
5;2025-12-12;0;0
5;2025-12-12;1;0
5;2025-12-12;2;0
5;2025-12-12;3;0
5;2025-12-12;4;0
5;2025-12-12;5;0
5;2025-12-12;6;0
5;2025-12-12;7;0
5;2025-12-12;8;0
5;2025-12-12;9;0
5;2025-12-12;10;0
5;2025-12-12;11;0
5;2025-12-12;12;0
5;2025-12-12;13;0
5;2025-12-12;14;0
5;2025-12-12;15;0
5;2025-12-12;16;0
5;2025-12-12;17;0
5;2025-12-12;18;0
5;2025-12-12;19;0
5;2025-12-12;20;0
5;2025-12-12;21;0
5;2025-12-12;22;0
5;2025-12-12;23;0
5;2025-12-13;0;0
5;2025-12-13;1;0
5;2025-12-13;2;0
5;2025-12-13;3;0
5;2025-12-13;4;0
5;2025-12-13;5;0
5;2025-12-13;6;0
5;2025-12-13;7;0
5;2025-12-13;8;0
5;2025-12-13;9;0
5;2025-12-13;10;0
5;2025-12-13;11;0
5;2025-12-13;12;0
5;2025-12-13;13;0
5;2025-12-13;14;0
5;2025-12-13;15;0
5;2025-12-13;16;0
5;2025-12-13;17;0
5;2025-12-13;18;0
5;2025-12-13;19;0
5;2025-12-13;20;0
5;2025-12-13;21;0
5;2025-12-13;22;0
5;2025-12-13;23;0
5;2025-12-14;0;0
5;2025-12-14;1;0
5;2025-12-14;2;0
5;2025-12-14;3;0
5;2025-12-14;4;0
5;2025-12-14;5;0
5;2025-12-14;6;0
5;2025-12-14;7;0
5;2025-12-14;8;0
5;2025-12-14;9;0
5;2025-12-14;10;0
5;2025-12-14;11;0
5;2025-12-14;12;0
5;2025-12-14;13;0
5;2025-12-14;14;0
5;2025-12-14;15;0
5;2025-12-14;16;0
5;2025-12-14;17;0
5;2025-12-14;18;0
5;2025-12-14;19;0
5;2025-12-14;20;0
5;2025-12-14;21;0
5;2025-12-14;22;0
5;2025-12-14;23;0
5;2025-12-15;0;0
5;2025-12-15;1;0
5;2025-12-15;2;0
5;2025-12-15;3;0
5;2025-12-15;4;0
5;2025-12-15;5;0
5;2025-12-15;6;0
5;2025-12-15;7;0
5;2025-12-15;8;0
5;2025-12-15;9;0
5;2025-12-15;10;0
5;2025-12-15;11;0
5;2025-12-15;12;0
5;2025-12-15;13;0
5;2025-12-15;14;0
5;2025-12-15;15;0
5;2025-12-15;16;0
5;2025-12-15;17;0
5;2025-12-15;18;0
5;2025-12-15;19;0
5;2025-12-15;20;0
5;2025-12-15;21;0
5;2025-12-15;22;0
5;2025-12-15;23;0
5;2025-12-16;0;0
5;2025-12-16;1;0
5;2025-12-16;2;0
5;2025-12-16;3;0
5;2025-12-16;4;0
5;2025-12-16;5;0
5;2025-12-16;6;0
5;2025-12-16;7;0
5;2025-12-16;8;0
5;2025-12-16;9;0
5;2025-12-16;10;0
5;2025-12-16;11;0
5;2025-12-16;12;0
5;2025-12-16;13;0
5;2025-12-16;14;0
5;2025-12-16;15;0
5;2025-12-16;16;0
5;2025-12-16;17;0
5;2025-12-16;18;0
5;2025-12-16;19;0
5;2025-12-16;20;0
5;2025-12-16;21;0
5;2025-12-16;22;0
5;2025-12-16;23;0
5;2025-12-17;0;0
5;2025-12-17;1;0
5;2025-12-17;2;0
5;2025-12-17;3;0
5;2025-12-17;4;0
5;2025-12-17;5;0
5;2025-12-17;6;0
5;2025-12-17;7;0
5;2025-12-17;8;0
5;2025-12-17;9;0
5;2025-12-17;10;0
5;2025-12-17;11;0
5;2025-12-17;12;0
5;2025-12-17;13;0
5;2025-12-17;14;0
5;2025-12-17;15;0
5;2025-12-17;16;0
5;2025-12-17;17;0
5;2025-12-17;18;0
5;2025-12-17;19;0
5;2025-12-17;20;0
5;2025-12-17;21;0
5;2025-12-17;22;0
5;2025-12-17;23;0
5;2025-12-18;0;0
5;2025-12-18;1;0
5;2025-12-18;2;0
5;2025-12-18;3;0
5;2025-12-18;4;0
5;2025-12-18;5;0
5;2025-12-18;6;0
5;2025-12-18;7;0
5;2025-12-18;8;0
5;2025-12-18;9;0
5;2025-12-18;10;0
5;2025-12-18;11;0
5;2025-12-18;12;0
5;2025-12-18;13;0
5;2025-12-18;14;0
5;2025-12-18;15;0
5;2025-12-18;16;0
5;2025-12-18;17;0
5;2025-12-18;18;0
5;2025-12-18;19;0
5;2025-12-18;20;0
5;2025-12-18;21;0
5;2025-12-18;22;0
5;2025-12-18;23;0
5;2025-12-19;0;0
5;2025-12-19;1;0
5;2025-12-19;2;0
5;2025-12-19;3;0
5;2025-12-19;4;0
5;2025-12-19;5;0
5;2025-12-19;6;0
5;2025-12-19;7;0
5;2025-12-19;8;0
5;2025-12-19;9;0
5;2025-12-19;10;0
5;2025-12-19;11;0
5;2025-12-19;12;0
5;2025-12-19;13;0
5;2025-12-19;14;0
5;2025-12-19;15;0
5;2025-12-19;16;0
5;2025-12-19;17;0
5;2025-12-19;18;0
5;2025-12-19;19;0
5;2025-12-19;20;0
5;2025-12-19;21;0
5;2025-12-19;22;0
5;2025-12-19;23;0
5;2025-12-20;0;0
5;2025-12-20;1;0
5;2025-12-20;2;0
5;2025-12-20;3;0
5;2025-12-20;4;0
5;2025-12-20;5;0
5;2025-12-20;6;0
5;2025-12-20;7;0
5;2025-12-20;8;0
5;2025-12-20;9;0
5;2025-12-20;10;0
5;2025-12-20;11;0
5;2025-12-20;12;0
5;2025-12-20;13;0
5;2025-12-20;14;0
5;2025-12-20;15;0
5;2025-12-20;16;0
5;2025-12-20;17;0
5;2025-12-20;18;0
5;2025-12-20;19;0
5;2025-12-20;20;0
5;2025-12-20;21;0
5;2025-12-20;22;0
5;2025-12-20;23;0
5;2025-12-21;0;0
5;2025-12-21;1;0
5;2025-12-21;2;0
5;2025-12-21;3;0
5;2025-12-21;4;0
5;2025-12-21;5;0
5;2025-12-21;6;0
5;2025-12-21;7;0
5;2025-12-21;8;0
5;2025-12-21;9;0
5;2025-12-21;10;0
5;2025-12-21;11;0
5;2025-12-21;12;0
5;2025-12-21;13;0
5;2025-12-21;14;0
5;2025-12-21;15;0
5;2025-12-21;16;0
5;2025-12-21;17;0
5;2025-12-21;18;0
5;2025-12-21;19;0
5;2025-12-21;20;0
5;2025-12-21;21;0
5;2025-12-21;22;0
5;2025-12-21;23;0
5;2025-12-22;0;0
5;2025-12-22;1;0
5;2025-12-22;2;0
5;2025-12-22;3;0
5;2025-12-22;4;0
5;2025-12-22;5;0
5;2025-12-22;6;0
5;2025-12-22;7;0
5;2025-12-22;8;0
5;2025-12-22;9;0
5;2025-12-22;10;0
5;2025-12-22;11;0
5;2025-12-22;12;0
5;2025-12-22;13;0
5;2025-12-22;14;0
5;2025-12-22;15;0
5;2025-12-22;16;0
5;2025-12-22;17;0
5;2025-12-22;18;0
5;2025-12-22;19;0
5;2025-12-22;20;0
5;2025-12-22;21;0
5;2025-12-22;22;0
5;2025-12-22;23;0
5;2025-12-23;0;0
5;2025-12-23;1;0
5;2025-12-23;2;0
5;2025-12-23;3;0
5;2025-12-23;4;0
5;2025-12-23;5;0
5;2025-12-23;6;0
5;2025-12-23;7;0
5;2025-12-23;8;0
5;2025-12-23;9;0
5;2025-12-23;10;0
5;2025-12-23;11;0
5;2025-12-23;12;0
5;2025-12-23;13;0
5;2025-12-23;14;0
5;2025-12-23;15;0
5;2025-12-23;16;0
5;2025-12-23;17;0
5;2025-12-23;18;0
5;2025-12-23;19;0
5;2025-12-23;20;0
5;2025-12-23;21;0
5;2025-12-23;22;0
5;2025-12-23;23;0
5;2025-12-24;0;0
5;2025-12-24;1;0
5;2025-12-24;2;0
5;2025-12-24;3;0
5;2025-12-24;4;0
5;2025-12-24;5;0
5;2025-12-24;6;0
5;2025-12-24;7;0
5;2025-12-24;8;0
5;2025-12-24;9;0
5;2025-12-24;10;0
5;2025-12-24;11;0
5;2025-12-24;12;0
5;2025-12-24;13;0
5;2025-12-24;14;0
5;2025-12-24;15;0
5;2025-12-24;16;0
5;2025-12-24;17;0
5;2025-12-24;18;0
5;2025-12-24;19;0
5;2025-12-24;20;0
5;2025-12-24;21;0
5;2025-12-24;22;0
5;2025-12-24;23;0
5;2025-12-25;0;0
5;2025-12-25;1;0
5;2025-12-25;2;0
5;2025-12-25;3;0
5;2025-12-25;4;0
5;2025-12-25;5;0
5;2025-12-25;6;0
5;2025-12-25;7;0
5;2025-12-25;8;0
5;2025-12-25;9;0
5;2025-12-25;10;0
5;2025-12-25;11;0
5;2025-12-25;12;0
5;2025-12-25;13;0
5;2025-12-25;14;0
5;2025-12-25;15;0
5;2025-12-25;16;0
5;2025-12-25;17;0
5;2025-12-25;18;0
5;2025-12-25;19;0
5;2025-12-25;20;0
5;2025-12-25;21;0
5;2025-12-25;22;0
5;2025-12-25;23;0
5;2025-12-26;0;0
5;2025-12-26;1;0
5;2025-12-26;2;0
5;2025-12-26;3;0
5;2025-12-26;4;0
5;2025-12-26;5;0
5;2025-12-26;6;0
5;2025-12-26;7;0
5;2025-12-26;8;0
5;2025-12-26;9;0
5;2025-12-26;10;0
5;2025-12-26;11;0
5;2025-12-26;12;0
5;2025-12-26;13;0
5;2025-12-26;14;0
5;2025-12-26;15;0
5;2025-12-26;16;0
5;2025-12-26;17;0
5;2025-12-26;18;0
5;2025-12-26;19;0
5;2025-12-26;20;0
5;2025-12-26;21;0
5;2025-12-26;22;0
5;2025-12-26;23;0
5;2025-12-27;0;0
5;2025-12-27;1;0
5;2025-12-27;2;0
5;2025-12-27;3;0
5;2025-12-27;4;0
5;2025-12-27;5;0
5;2025-12-27;6;0
5;2025-12-27;7;0
5;2025-12-27;8;0
5;2025-12-27;9;0
5;2025-12-27;10;0
5;2025-12-27;11;0
5;2025-12-27;12;0
5;2025-12-27;13;0
5;2025-12-27;14;0
5;2025-12-27;15;0
5;2025-12-27;16;0
5;2025-12-27;17;0
5;2025-12-27;18;0
5;2025-12-27;19;0
5;2025-12-27;20;0
5;2025-12-27;21;0
5;2025-12-27;22;0
5;2025-12-27;23;0
5;2025-12-28;0;0
5;2025-12-28;1;0
5;2025-12-28;2;0
5;2025-12-28;3;0
5;2025-12-28;4;0
5;2025-12-28;5;0
5;2025-12-28;6;0
5;2025-12-28;7;0
5;2025-12-28;8;0
5;2025-12-28;9;0
5;2025-12-28;10;0
5;2025-12-28;11;0
5;2025-12-28;12;0
5;2025-12-28;13;0
5;2025-12-28;14;0
5;2025-12-28;15;0
5;2025-12-28;16;0
5;2025-12-28;17;0
5;2025-12-28;18;0
5;2025-12-28;19;0
5;2025-12-28;20;0
5;2025-12-28;21;0
5;2025-12-28;22;0
5;2025-12-28;23;0
5;2025-12-29;0;0
5;2025-12-29;1;0
5;2025-12-29;2;0
5;2025-12-29;3;0
5;2025-12-29;4;0
5;2025-12-29;5;0
5;2025-12-29;6;0
5;2025-12-29;7;0
5;2025-12-29;8;0
5;2025-12-29;9;0
5;2025-12-29;10;0
5;2025-12-29;11;0
5;2025-12-29;12;0
5;2025-12-29;13;0
5;2025-12-29;14;0
5;2025-12-29;15;0
5;2025-12-29;16;0
5;2025-12-29;17;0
5;2025-12-29;18;0
5;2025-12-29;19;0
5;2025-12-29;20;0
5;2025-12-29;21;0
5;2025-12-29;22;0
5;2025-12-29;23;0
5;2025-12-30;0;0
5;2025-12-30;1;0
5;2025-12-30;2;0
5;2025-12-30;3;0
5;2025-12-30;4;0
5;2025-12-30;5;0
5;2025-12-30;6;0
5;2025-12-30;7;0
5;2025-12-30;8;0
5;2025-12-30;9;0
5;2025-12-30;10;0
5;2025-12-30;11;0
5;2025-12-30;12;0
5;2025-12-30;13;0
5;2025-12-30;14;0
5;2025-12-30;15;0
5;2025-12-30;16;0
5;2025-12-30;17;0
5;2025-12-30;18;0
5;2025-12-30;19;0
5;2025-12-30;20;0
5;2025-12-30;21;0
5;2025-12-30;22;0
5;2025-12-30;23;0
5;2025-12-31;0;0
5;2025-12-31;1;0
5;2025-12-31;2;0
5;2025-12-31;3;0
5;2025-12-31;4;0
5;2025-12-31;5;0
5;2025-12-31;6;0
5;2025-12-31;7;0
5;2025-12-31;8;0
5;2025-12-31;9;0
5;2025-12-31;10;0
5;2025-12-31;11;0
5;2025-12-31;12;0
5;2025-12-31;13;0
5;2025-12-31;14;0
5;2025-12-31;15;0
5;2025-12-31;16;0
5;2025-12-31;17;0
5;2025-12-31;18;0
5;2025-12-31;19;0
5;2025-12-31;20;0
5;2025-12-31;21;0
5;2025-12-31;22;0
5;2025-12-31;23;0
7;2025-11-01;0;0
7;2025-11-01;1;0
7;2025-11-01;2;0
7;2025-11-01;3;0
7;2025-11-01;4;0
7;2025-11-01;5;109
7;2025-11-01;6;668
7;2025-11-01;7;1563
7;2025-11-01;8;2335
7;2025-11-01;9;1780
7;2025-11-01;10;1560
7;2025-11-01;11;1490
7;2025-11-01;12;1581
7;2025-11-01;13;1665
7;2025-11-01;14;1726
7;2025-11-01;15;1849
7;2025-11-01;16;2050
7;2025-11-01;17;2242
7;2025-11-01;18;2118
7;2025-11-01;19;1506
7;2025-11-01;20;1043
7;2025-11-01;21;619
7;2025-11-01;22;360
7;2025-11-01;23;231
7;2025-11-02;0;0
7;2025-11-02;1;0
7;2025-11-02;2;0
7;2025-11-02;3;0
7;2025-11-02;4;0
7;2025-11-02;5;27
7;2025-11-02;6;230
7;2025-11-02;7;353
7;2025-11-02;8;555
7;2025-11-02;9;689
7;2025-11-02;10;793
7;2025-11-02;11;974
7;2025-11-02;12;1132
7;2025-11-02;13;1188
7;2025-11-02;14;1252
7;2025-11-02;15;1180
7;2025-11-02;16;1131
7;2025-11-02;17;1085
7;2025-11-02;18;991
7;2025-11-02;19;908
7;2025-11-02;20;684
7;2025-11-02;21;560
7;2025-11-02;22;338
7;2025-11-02;23;176
7;2025-11-03;0;0
7;2025-11-03;1;0
7;2025-11-03;2;0
7;2025-11-03;3;0
7;2025-11-03;4;0
7;2025-11-03;5;26
7;2025-11-03;6;220
7;2025-11-03;7;338
7;2025-11-03;8;532
7;2025-11-03;9;661
7;2025-11-03;10;760
7;2025-11-03;11;933
7;2025-11-03;12;1085
7;2025-11-03;13;1139
7;2025-11-03;14;1200
7;2025-11-03;15;1131
7;2025-11-03;16;1084
7;2025-11-03;17;1040
7;2025-11-03;18;950
7;2025-11-03;19;871
7;2025-11-03;20;656
7;2025-11-03;21;537
7;2025-11-03;22;324
7;2025-11-03;23;168
7;2025-11-04;0;0
7;2025-11-04;1;0
7;2025-11-04;2;0
7;2025-11-04;3;0
7;2025-11-04;4;0
7;2025-11-04;5;27
7;2025-11-04;6;227
7;2025-11-04;7;348
7;2025-11-04;8;548
7;2025-11-04;9;681
7;2025-11-04;10;783
7;2025-11-04;11;961
7;2025-11-04;12;1118
7;2025-11-04;13;1173
7;2025-11-04;14;1237
7;2025-11-04;15;1165
7;2025-11-04;16;1117
7;2025-11-04;17;1072
7;2025-11-04;18;978
7;2025-11-04;19;897
7;2025-11-04;20;676
7;2025-11-04;21;553
7;2025-11-04;22;334
7;2025-11-04;23;173
7;2025-11-05;0;0
7;2025-11-05;1;0
7;2025-11-05;2;0
7;2025-11-05;3;0
7;2025-11-05;4;0
7;2025-11-05;5;119
7;2025-11-05;6;662
7;2025-11-05;7;1556
7;2025-11-05;8;2493
7;2025-11-05;9;1846
7;2025-11-05;10;1634
7;2025-11-05;11;1406
7;2025-11-05;12;1519
7;2025-11-05;13;1489
7;2025-11-05;14;1602
7;2025-11-05;15;1760
7;2025-11-05;16;1821
7;2025-11-05;17;2323
7;2025-11-05;18;2539
7;2025-11-05;19;1714
7;2025-11-05;20;1088
7;2025-11-05;21;640
7;2025-11-05;22;329
7;2025-11-05;23;190
7;2025-11-06;0;0
7;2025-11-06;1;0
7;2025-11-06;2;0
7;2025-11-06;3;0
7;2025-11-06;4;0
7;2025-11-06;5;115
7;2025-11-06;6;722
7;2025-11-06;7;1646
7;2025-11-06;8;2516
7;2025-11-06;9;1839
7;2025-11-06;10;1560
7;2025-11-06;11;1463
7;2025-11-06;12;1504
7;2025-11-06;13;1505
7;2025-11-06;14;1638
7;2025-11-06;15;1706
7;2025-11-06;16;1822
7;2025-11-06;17;2284
7;2025-11-06;18;2678
7;2025-11-06;19;1679
7;2025-11-06;20;1084
7;2025-11-06;21;651
7;2025-11-06;22;312
7;2025-11-06;23;194
7;2025-11-07;0;0
7;2025-11-07;1;0
7;2025-11-07;2;0
7;2025-11-07;3;0
7;2025-11-07;4;0
7;2025-11-07;5;108
7;2025-11-07;6;664
7;2025-11-07;7;1552
7;2025-11-07;8;2319
7;2025-11-07;9;1767
7;2025-11-07;10;1549
7;2025-11-07;11;1479
7;2025-11-07;12;1570
7;2025-11-07;13;1654
7;2025-11-07;14;1713
7;2025-11-07;15;1836
7;2025-11-07;16;2035
7;2025-11-07;17;2226
7;2025-11-07;18;2103
7;2025-11-07;19;1495
7;2025-11-07;20;1035
7;2025-11-07;21;614
7;2025-11-07;22;357
7;2025-11-07;23;229
7;2025-11-08;0;0
7;2025-11-08;1;0
7;2025-11-08;2;0
7;2025-11-08;3;0
7;2025-11-08;4;0
7;2025-11-08;5;39
7;2025-11-08;6;295
7;2025-11-08;7;463
7;2025-11-08;8;763
7;2025-11-08;9;886
7;2025-11-08;10;997
7;2025-11-08;11;1158
7;2025-11-08;12;1285
7;2025-11-08;13;1292
7;2025-11-08;14;1424
7;2025-11-08;15;1263
7;2025-11-08;16;1210
7;2025-11-08;17;1142
7;2025-11-08;18;1085
7;2025-11-08;19;1088
7;2025-11-08;20;818
7;2025-11-08;21;641
7;2025-11-08;22;357
7;2025-11-08;23;225
7;2025-11-09;0;0
7;2025-11-09;1;0
7;2025-11-09;2;0
7;2025-11-09;3;0
7;2025-11-09;4;0
7;2025-11-09;5;27
7;2025-11-09;6;230
7;2025-11-09;7;353
7;2025-11-09;8;555
7;2025-11-09;9;689
7;2025-11-09;10;793
7;2025-11-09;11;974
7;2025-11-09;12;1132
7;2025-11-09;13;1188
7;2025-11-09;14;1252
7;2025-11-09;15;1180
7;2025-11-09;16;1131
7;2025-11-09;17;1085
7;2025-11-09;18;991
7;2025-11-09;19;908
7;2025-11-09;20;684
7;2025-11-09;21;560
7;2025-11-09;22;338
7;2025-11-09;23;176
7;2025-11-10;0;0
7;2025-11-10;1;0
7;2025-11-10;2;0
7;2025-11-10;3;0
7;2025-11-10;4;0
7;2025-11-10;5;125
7;2025-11-10;6;702
7;2025-11-10;7;1635
7;2025-11-10;8;2449
7;2025-11-10;9;1806
7;2025-11-10;10;1528
7;2025-11-10;11;1341
7;2025-11-10;12;1473
7;2025-11-10;13;1468
7;2025-11-10;14;1490
7;2025-11-10;15;1693
7;2025-11-10;16;1775
7;2025-11-10;17;2273
7;2025-11-10;18;2557
7;2025-11-10;19;1735
7;2025-11-10;20;1094
7;2025-11-10;21;571
7;2025-11-10;22;304
7;2025-11-10;23;155
7;2025-11-11;0;0
7;2025-11-11;1;0
7;2025-11-11;2;0
7;2025-11-11;3;0
7;2025-11-11;4;0
7;2025-11-11;5;120
7;2025-11-11;6;694
7;2025-11-11;7;1652
7;2025-11-11;8;2469
7;2025-11-11;9;1819
7;2025-11-11;10;1583
7;2025-11-11;11;1468
7;2025-11-11;12;1539
7;2025-11-11;13;1541
7;2025-11-11;14;1581
7;2025-11-11;15;1786
7;2025-11-11;16;1794
7;2025-11-11;17;2327
7;2025-11-11;18;2566
7;2025-11-11;19;1790
7;2025-11-11;20;1096
7;2025-11-11;21;649
7;2025-11-11;22;309
7;2025-11-11;23;179
7;2025-11-12;0;0
7;2025-11-12;1;0
7;2025-11-12;2;0
7;2025-11-12;3;0
7;2025-11-12;4;0
7;2025-11-12;5;119
7;2025-11-12;6;662
7;2025-11-12;7;1556
7;2025-11-12;8;2493
7;2025-11-12;9;1846
7;2025-11-12;10;1634
7;2025-11-12;11;1406
7;2025-11-12;12;1519
7;2025-11-12;13;1489
7;2025-11-12;14;1602
7;2025-11-12;15;1760
7;2025-11-12;16;1821
7;2025-11-12;17;2323
7;2025-11-12;18;2539
7;2025-11-12;19;1714
7;2025-11-12;20;1088
7;2025-11-12;21;640
7;2025-11-12;22;329
7;2025-11-12;23;190
7;2025-11-13;0;0
7;2025-11-13;1;0
7;2025-11-13;2;0
7;2025-11-13;3;0
7;2025-11-13;4;0
7;2025-11-13;5;115
7;2025-11-13;6;722
7;2025-11-13;7;1646
7;2025-11-13;8;2516
7;2025-11-13;9;1839
7;2025-11-13;10;1560
7;2025-11-13;11;1463
7;2025-11-13;12;1504
7;2025-11-13;13;1505
7;2025-11-13;14;1638
7;2025-11-13;15;1706
7;2025-11-13;16;1822
7;2025-11-13;17;2284
7;2025-11-13;18;2678
7;2025-11-13;19;1679
7;2025-11-13;20;1084
7;2025-11-13;21;651
7;2025-11-13;22;312
7;2025-11-13;23;194
7;2025-11-14;0;0
7;2025-11-14;1;0
7;2025-11-14;2;0
7;2025-11-14;3;0
7;2025-11-14;4;0
7;2025-11-14;5;108
7;2025-11-14;6;664
7;2025-11-14;7;1552
7;2025-11-14;8;2319
7;2025-11-14;9;1767
7;2025-11-14;10;1549
7;2025-11-14;11;1479
7;2025-11-14;12;1570
7;2025-11-14;13;1654
7;2025-11-14;14;1713
7;2025-11-14;15;1836
7;2025-11-14;16;2035
7;2025-11-14;17;2226
7;2025-11-14;18;2103
7;2025-11-14;19;1495
7;2025-11-14;20;1035
7;2025-11-14;21;614
7;2025-11-14;22;357
7;2025-11-14;23;229
7;2025-11-15;0;0
7;2025-11-15;1;0
7;2025-11-15;2;0
7;2025-11-15;3;0
7;2025-11-15;4;0
7;2025-11-15;5;39
7;2025-11-15;6;295
7;2025-11-15;7;463
7;2025-11-15;8;763
7;2025-11-15;9;886
7;2025-11-15;10;997
7;2025-11-15;11;1158
7;2025-11-15;12;1285
7;2025-11-15;13;1292
7;2025-11-15;14;1424
7;2025-11-15;15;1263
7;2025-11-15;16;1210
7;2025-11-15;17;1142
7;2025-11-15;18;1085
7;2025-11-15;19;1088
7;2025-11-15;20;818
7;2025-11-15;21;641
7;2025-11-15;22;357
7;2025-11-15;23;225
7;2025-11-16;0;0
7;2025-11-16;1;0
7;2025-11-16;2;0
7;2025-11-16;3;0
7;2025-11-16;4;0
7;2025-11-16;5;27
7;2025-11-16;6;230
7;2025-11-16;7;353
7;2025-11-16;8;555
7;2025-11-16;9;689
7;2025-11-16;10;793
7;2025-11-16;11;974
7;2025-11-16;12;1132
7;2025-11-16;13;1188
7;2025-11-16;14;1252
7;2025-11-16;15;1180
7;2025-11-16;16;1131
7;2025-11-16;17;1085
7;2025-11-16;18;991
7;2025-11-16;19;908
7;2025-11-16;20;684
7;2025-11-16;21;560
7;2025-11-16;22;338
7;2025-11-16;23;176
7;2025-11-17;0;0
7;2025-11-17;1;0
7;2025-11-17;2;0
7;2025-11-17;3;0
7;2025-11-17;4;0
7;2025-11-17;5;125
7;2025-11-17;6;702
7;2025-11-17;7;1635
7;2025-11-17;8;2449
7;2025-11-17;9;1806
7;2025-11-17;10;1528
7;2025-11-17;11;1341
7;2025-11-17;12;1473
7;2025-11-17;13;1468
7;2025-11-17;14;1490
7;2025-11-17;15;1693
7;2025-11-17;16;1775
7;2025-11-17;17;2273
7;2025-11-17;18;2557
7;2025-11-17;19;1735
7;2025-11-17;20;1094
7;2025-11-17;21;571
7;2025-11-17;22;304
7;2025-11-17;23;155
7;2025-11-18;0;0
7;2025-11-18;1;0
7;2025-11-18;2;0
7;2025-11-18;3;0
7;2025-11-18;4;0
7;2025-11-18;5;120
7;2025-11-18;6;694
7;2025-11-18;7;1652
7;2025-11-18;8;2469
7;2025-11-18;9;1819
7;2025-11-18;10;1583
7;2025-11-18;11;1468
7;2025-11-18;12;1539
7;2025-11-18;13;1541
7;2025-11-18;14;1581
7;2025-11-18;15;1786
7;2025-11-18;16;1794
7;2025-11-18;17;2327
7;2025-11-18;18;2566
7;2025-11-18;19;1790
7;2025-11-18;20;1096
7;2025-11-18;21;649
7;2025-11-18;22;309
7;2025-11-18;23;179
7;2025-11-19;0;0
7;2025-11-19;1;0
7;2025-11-19;2;0
7;2025-11-19;3;0
7;2025-11-19;4;0
7;2025-11-19;5;119
7;2025-11-19;6;662
7;2025-11-19;7;1556
7;2025-11-19;8;2493
7;2025-11-19;9;1846
7;2025-11-19;10;1634
7;2025-11-19;11;1406
7;2025-11-19;12;1519
7;2025-11-19;13;1489
7;2025-11-19;14;1602
7;2025-11-19;15;1760
7;2025-11-19;16;1821
7;2025-11-19;17;2323
7;2025-11-19;18;2539
7;2025-11-19;19;1714
7;2025-11-19;20;1088
7;2025-11-19;21;640
7;2025-11-19;22;329
7;2025-11-19;23;190
7;2025-11-20;0;0
7;2025-11-20;1;0
7;2025-11-20;2;0
7;2025-11-20;3;0
7;2025-11-20;4;0
7;2025-11-20;5;115
7;2025-11-20;6;722
7;2025-11-20;7;1646
7;2025-11-20;8;2516
7;2025-11-20;9;1839
7;2025-11-20;10;1560
7;2025-11-20;11;1463
7;2025-11-20;12;1504
7;2025-11-20;13;1505
7;2025-11-20;14;1638
7;2025-11-20;15;1706
7;2025-11-20;16;1822
7;2025-11-20;17;2284
7;2025-11-20;18;2678
7;2025-11-20;19;1679
7;2025-11-20;20;1084
7;2025-11-20;21;651
7;2025-11-20;22;312
7;2025-11-20;23;194
7;2025-11-21;0;0
7;2025-11-21;1;0
7;2025-11-21;2;0
7;2025-11-21;3;0
7;2025-11-21;4;0
7;2025-11-21;5;108
7;2025-11-21;6;664
7;2025-11-21;7;1552
7;2025-11-21;8;2319
7;2025-11-21;9;1767
7;2025-11-21;10;1549
7;2025-11-21;11;1479
7;2025-11-21;12;1570
7;2025-11-21;13;1654
7;2025-11-21;14;1713
7;2025-11-21;15;1836
7;2025-11-21;16;2035
7;2025-11-21;17;2226
7;2025-11-21;18;2103
7;2025-11-21;19;1495
7;2025-11-21;20;1035
7;2025-11-21;21;614
7;2025-11-21;22;357
7;2025-11-21;23;229
7;2025-11-22;0;0
7;2025-11-22;1;0
7;2025-11-22;2;0
7;2025-11-22;3;0
7;2025-11-22;4;0
7;2025-11-22;5;39
7;2025-11-22;6;295
7;2025-11-22;7;463
7;2025-11-22;8;763
7;2025-11-22;9;886
7;2025-11-22;10;997
7;2025-11-22;11;1158
7;2025-11-22;12;1285
7;2025-11-22;13;1292
7;2025-11-22;14;1424
7;2025-11-22;15;1263
7;2025-11-22;16;1210
7;2025-11-22;17;1142
7;2025-11-22;18;1085
7;2025-11-22;19;1088
7;2025-11-22;20;818
7;2025-11-22;21;641
7;2025-11-22;22;357
7;2025-11-22;23;225
7;2025-11-23;0;0
7;2025-11-23;1;0
7;2025-11-23;2;0
7;2025-11-23;3;0
7;2025-11-23;4;0
7;2025-11-23;5;27
7;2025-11-23;6;230
7;2025-11-23;7;353
7;2025-11-23;8;555
7;2025-11-23;9;689
7;2025-11-23;10;793
7;2025-11-23;11;974
7;2025-11-23;12;1132
7;2025-11-23;13;1188
7;2025-11-23;14;1252
7;2025-11-23;15;1180
7;2025-11-23;16;1131
7;2025-11-23;17;1085
7;2025-11-23;18;991
7;2025-11-23;19;908
7;2025-11-23;20;684
7;2025-11-23;21;560
7;2025-11-23;22;338
7;2025-11-23;23;176
7;2025-11-24;0;0
7;2025-11-24;1;0
7;2025-11-24;2;0
7;2025-11-24;3;0
7;2025-11-24;4;0
7;2025-11-24;5;125
7;2025-11-24;6;702
7;2025-11-24;7;1635
7;2025-11-24;8;2449
7;2025-11-24;9;1806
7;2025-11-24;10;1528
7;2025-11-24;11;1341
7;2025-11-24;12;1473
7;2025-11-24;13;1468
7;2025-11-24;14;1490
7;2025-11-24;15;1693
7;2025-11-24;16;1775
7;2025-11-24;17;2273
7;2025-11-24;18;2557
7;2025-11-24;19;1735
7;2025-11-24;20;1094
7;2025-11-24;21;571
7;2025-11-24;22;304
7;2025-11-24;23;155
7;2025-11-25;0;0
7;2025-11-25;1;0
7;2025-11-25;2;0
7;2025-11-25;3;0
7;2025-11-25;4;0
7;2025-11-25;5;120
7;2025-11-25;6;694
7;2025-11-25;7;1652
7;2025-11-25;8;2469
7;2025-11-25;9;1819
7;2025-11-25;10;1583
7;2025-11-25;11;1468
7;2025-11-25;12;1539
7;2025-11-25;13;1541
7;2025-11-25;14;1581
7;2025-11-25;15;1786
7;2025-11-25;16;1794
7;2025-11-25;17;2327
7;2025-11-25;18;2566
7;2025-11-25;19;1790
7;2025-11-25;20;1096
7;2025-11-25;21;649
7;2025-11-25;22;309
7;2025-11-25;23;179
7;2025-11-26;0;0
7;2025-11-26;1;0
7;2025-11-26;2;0
7;2025-11-26;3;0
7;2025-11-26;4;0
7;2025-11-26;5;119
7;2025-11-26;6;662
7;2025-11-26;7;1556
7;2025-11-26;8;2493
7;2025-11-26;9;1846
7;2025-11-26;10;1634
7;2025-11-26;11;1406
7;2025-11-26;12;1519
7;2025-11-26;13;1489
7;2025-11-26;14;1602
7;2025-11-26;15;1760
7;2025-11-26;16;1821
7;2025-11-26;17;2323
7;2025-11-26;18;2539
7;2025-11-26;19;1714
7;2025-11-26;20;1088
7;2025-11-26;21;640
7;2025-11-26;22;329
7;2025-11-26;23;190
7;2025-11-27;0;0
7;2025-11-27;1;0
7;2025-11-27;2;0
7;2025-11-27;3;0
7;2025-11-27;4;0
7;2025-11-27;5;115
7;2025-11-27;6;722
7;2025-11-27;7;1646
7;2025-11-27;8;2516
7;2025-11-27;9;1839
7;2025-11-27;10;1560
7;2025-11-27;11;1463
7;2025-11-27;12;1504
7;2025-11-27;13;1505
7;2025-11-27;14;1638
7;2025-11-27;15;1706
7;2025-11-27;16;1822
7;2025-11-27;17;2284
7;2025-11-27;18;2678
7;2025-11-27;19;1679
7;2025-11-27;20;1084
7;2025-11-27;21;651
7;2025-11-27;22;312
7;2025-11-27;23;194
7;2025-11-28;0;0
7;2025-11-28;1;0
7;2025-11-28;2;0
7;2025-11-28;3;0
7;2025-11-28;4;0
7;2025-11-28;5;108
7;2025-11-28;6;664
7;2025-11-28;7;1552
7;2025-11-28;8;2319
7;2025-11-28;9;1767
7;2025-11-28;10;1549
7;2025-11-28;11;1479
7;2025-11-28;12;1570
7;2025-11-28;13;1654
7;2025-11-28;14;1713
7;2025-11-28;15;1836
7;2025-11-28;16;2035
7;2025-11-28;17;2226
7;2025-11-28;18;2103
7;2025-11-28;19;1495
7;2025-11-28;20;1035
7;2025-11-28;21;614
7;2025-11-28;22;357
7;2025-11-28;23;229
7;2025-11-29;0;0
7;2025-11-29;1;0
7;2025-11-29;2;0
7;2025-11-29;3;0
7;2025-11-29;4;0
7;2025-11-29;5;39
7;2025-11-29;6;295
7;2025-11-29;7;463
7;2025-11-29;8;763
7;2025-11-29;9;886
7;2025-11-29;10;997
7;2025-11-29;11;1158
7;2025-11-29;12;1285
7;2025-11-29;13;1292
7;2025-11-29;14;1424
7;2025-11-29;15;1263
7;2025-11-29;16;1210
7;2025-11-29;17;1142
7;2025-11-29;18;1085
7;2025-11-29;19;1088
7;2025-11-29;20;818
7;2025-11-29;21;641
7;2025-11-29;22;357
7;2025-11-29;23;225
7;2025-11-30;0;0
7;2025-11-30;1;0
7;2025-11-30;2;0
7;2025-11-30;3;0
7;2025-11-30;4;0
7;2025-11-30;5;27
7;2025-11-30;6;230
7;2025-11-30;7;353
7;2025-11-30;8;555
7;2025-11-30;9;689
7;2025-11-30;10;793
7;2025-11-30;11;974
7;2025-11-30;12;1132
7;2025-11-30;13;1188
7;2025-11-30;14;1252
7;2025-11-30;15;1180
7;2025-11-30;16;1131
7;2025-11-30;17;1085
7;2025-11-30;18;991
7;2025-11-30;19;908
7;2025-11-30;20;684
7;2025-11-30;21;560
7;2025-11-30;22;338
7;2025-11-30;23;176
7;2025-12-01;0;0
7;2025-12-01;1;0
7;2025-12-01;2;0
7;2025-12-01;3;0
7;2025-12-01;4;0
7;2025-12-01;5;125
7;2025-12-01;6;702
7;2025-12-01;7;1635
7;2025-12-01;8;2449
7;2025-12-01;9;1806
7;2025-12-01;10;1528
7;2025-12-01;11;1341
7;2025-12-01;12;1473
7;2025-12-01;13;1468
7;2025-12-01;14;1490
7;2025-12-01;15;1693
7;2025-12-01;16;1775
7;2025-12-01;17;2273
7;2025-12-01;18;2557
7;2025-12-01;19;1735
7;2025-12-01;20;1094
7;2025-12-01;21;571
7;2025-12-01;22;304
7;2025-12-01;23;155
7;2025-12-02;0;0
7;2025-12-02;1;0
7;2025-12-02;2;0
7;2025-12-02;3;0
7;2025-12-02;4;0
7;2025-12-02;5;120
7;2025-12-02;6;694
7;2025-12-02;7;1652
7;2025-12-02;8;2469
7;2025-12-02;9;1819
7;2025-12-02;10;1583
7;2025-12-02;11;1468
7;2025-12-02;12;1539
7;2025-12-02;13;1541
7;2025-12-02;14;1581
7;2025-12-02;15;1786
7;2025-12-02;16;1794
7;2025-12-02;17;2327
7;2025-12-02;18;2566
7;2025-12-02;19;1790
7;2025-12-02;20;1096
7;2025-12-02;21;649
7;2025-12-02;22;309
7;2025-12-02;23;179
7;2025-12-03;0;0
7;2025-12-03;1;0
7;2025-12-03;2;0
7;2025-12-03;3;0
7;2025-12-03;4;0
7;2025-12-03;5;119
7;2025-12-03;6;662
7;2025-12-03;7;1556
7;2025-12-03;8;2493
7;2025-12-03;9;1846
7;2025-12-03;10;1634
7;2025-12-03;11;1406
7;2025-12-03;12;1519
7;2025-12-03;13;1489
7;2025-12-03;14;1602
7;2025-12-03;15;1760
7;2025-12-03;16;1821
7;2025-12-03;17;2323
7;2025-12-03;18;2539
7;2025-12-03;19;1714
7;2025-12-03;20;1088
7;2025-12-03;21;640
7;2025-12-03;22;329
7;2025-12-03;23;190
7;2025-12-04;0;0
7;2025-12-04;1;0
7;2025-12-04;2;0
7;2025-12-04;3;0
7;2025-12-04;4;0
7;2025-12-04;5;115
7;2025-12-04;6;722
7;2025-12-04;7;1646
7;2025-12-04;8;2516
7;2025-12-04;9;1839
7;2025-12-04;10;1560
7;2025-12-04;11;1463
7;2025-12-04;12;1504
7;2025-12-04;13;1505
7;2025-12-04;14;1638
7;2025-12-04;15;1706
7;2025-12-04;16;1822
7;2025-12-04;17;2284
7;2025-12-04;18;2678
7;2025-12-04;19;1679
7;2025-12-04;20;1084
7;2025-12-04;21;651
7;2025-12-04;22;312
7;2025-12-04;23;194
7;2025-12-05;0;0
7;2025-12-05;1;0
7;2025-12-05;2;0
7;2025-12-05;3;0
7;2025-12-05;4;0
7;2025-12-05;5;108
7;2025-12-05;6;664
7;2025-12-05;7;1552
7;2025-12-05;8;2319
7;2025-12-05;9;1767
7;2025-12-05;10;1549
7;2025-12-05;11;1479
7;2025-12-05;12;1570
7;2025-12-05;13;1654
7;2025-12-05;14;1713
7;2025-12-05;15;1836
7;2025-12-05;16;2035
7;2025-12-05;17;2226
7;2025-12-05;18;2103
7;2025-12-05;19;1495
7;2025-12-05;20;1035
7;2025-12-05;21;614
7;2025-12-05;22;357
7;2025-12-05;23;229
7;2025-12-06;0;0
7;2025-12-06;1;0
7;2025-12-06;2;0
7;2025-12-06;3;0
7;2025-12-06;4;0
7;2025-12-06;5;39
7;2025-12-06;6;295
7;2025-12-06;7;463
7;2025-12-06;8;763
7;2025-12-06;9;886
7;2025-12-06;10;997
7;2025-12-06;11;1158
7;2025-12-06;12;1285
7;2025-12-06;13;1292
7;2025-12-06;14;1424
7;2025-12-06;15;1263
7;2025-12-06;16;1210
7;2025-12-06;17;1142
7;2025-12-06;18;1085
7;2025-12-06;19;1088
7;2025-12-06;20;818
7;2025-12-06;21;641
7;2025-12-06;22;357
7;2025-12-06;23;225
7;2025-12-07;0;0
7;2025-12-07;1;0
7;2025-12-07;2;0
7;2025-12-07;3;0
7;2025-12-07;4;0
7;2025-12-07;5;27
7;2025-12-07;6;230
7;2025-12-07;7;353
7;2025-12-07;8;555
7;2025-12-07;9;689
7;2025-12-07;10;793
7;2025-12-07;11;974
7;2025-12-07;12;1132
7;2025-12-07;13;1188
7;2025-12-07;14;1252
7;2025-12-07;15;1180
7;2025-12-07;16;1131
7;2025-12-07;17;1085
7;2025-12-07;18;991
7;2025-12-07;19;908
7;2025-12-07;20;684
7;2025-12-07;21;560
7;2025-12-07;22;338
7;2025-12-07;23;176
7;2025-12-08;0;0
7;2025-12-08;1;0
7;2025-12-08;2;0
7;2025-12-08;3;0
7;2025-12-08;4;0
7;2025-12-08;5;125
7;2025-12-08;6;702
7;2025-12-08;7;1635
7;2025-12-08;8;2449
7;2025-12-08;9;1806
7;2025-12-08;10;1528
7;2025-12-08;11;1341
7;2025-12-08;12;1473
7;2025-12-08;13;1468
7;2025-12-08;14;1490
7;2025-12-08;15;1693
7;2025-12-08;16;1775
7;2025-12-08;17;2273
7;2025-12-08;18;2557
7;2025-12-08;19;1735
7;2025-12-08;20;1094
7;2025-12-08;21;571
7;2025-12-08;22;304
7;2025-12-08;23;155
7;2025-12-09;0;0
7;2025-12-09;1;0
7;2025-12-09;2;0
7;2025-12-09;3;0
7;2025-12-09;4;0
7;2025-12-09;5;120
7;2025-12-09;6;694
7;2025-12-09;7;1652
7;2025-12-09;8;2469
7;2025-12-09;9;1819
7;2025-12-09;10;1583
7;2025-12-09;11;1468
7;2025-12-09;12;1539
7;2025-12-09;13;1541
7;2025-12-09;14;1581
7;2025-12-09;15;1786
7;2025-12-09;16;1794
7;2025-12-09;17;2327
7;2025-12-09;18;2566
7;2025-12-09;19;1790
7;2025-12-09;20;1096
7;2025-12-09;21;649
7;2025-12-09;22;309
7;2025-12-09;23;179
7;2025-12-10;0;0
7;2025-12-10;1;0
7;2025-12-10;2;0
7;2025-12-10;3;0
7;2025-12-10;4;0
7;2025-12-10;5;119
7;2025-12-10;6;662
7;2025-12-10;7;1556
7;2025-12-10;8;2493
7;2025-12-10;9;1846
7;2025-12-10;10;1634
7;2025-12-10;11;1406
7;2025-12-10;12;1519
7;2025-12-10;13;1489
7;2025-12-10;14;1602
7;2025-12-10;15;1760
7;2025-12-10;16;1821
7;2025-12-10;17;2323
7;2025-12-10;18;2539
7;2025-12-10;19;1714
7;2025-12-10;20;1088
7;2025-12-10;21;640
7;2025-12-10;22;329
7;2025-12-10;23;190
7;2025-12-11;0;0
7;2025-12-11;1;0
7;2025-12-11;2;0
7;2025-12-11;3;0
7;2025-12-11;4;0
7;2025-12-11;5;115
7;2025-12-11;6;722
7;2025-12-11;7;1646
7;2025-12-11;8;2516
7;2025-12-11;9;1839
7;2025-12-11;10;1560
7;2025-12-11;11;1463
7;2025-12-11;12;1504
7;2025-12-11;13;1505
7;2025-12-11;14;1638
7;2025-12-11;15;1706
7;2025-12-11;16;1822
7;2025-12-11;17;2284
7;2025-12-11;18;2678
7;2025-12-11;19;1679
7;2025-12-11;20;1084
7;2025-12-11;21;651
7;2025-12-11;22;312
7;2025-12-11;23;194
7;2025-12-12;0;0
7;2025-12-12;1;0
7;2025-12-12;2;0
7;2025-12-12;3;0
7;2025-12-12;4;0
7;2025-12-12;5;108
7;2025-12-12;6;664
7;2025-12-12;7;1552
7;2025-12-12;8;2319
7;2025-12-12;9;1767
7;2025-12-12;10;1549
7;2025-12-12;11;1479
7;2025-12-12;12;1570
7;2025-12-12;13;1654
7;2025-12-12;14;1713
7;2025-12-12;15;1836
7;2025-12-12;16;2035
7;2025-12-12;17;2226
7;2025-12-12;18;2103
7;2025-12-12;19;1495
7;2025-12-12;20;1035
7;2025-12-12;21;614
7;2025-12-12;22;357
7;2025-12-12;23;229
7;2025-12-13;0;0
7;2025-12-13;1;0
7;2025-12-13;2;0
7;2025-12-13;3;0
7;2025-12-13;4;0
7;2025-12-13;5;39
7;2025-12-13;6;295
7;2025-12-13;7;463
7;2025-12-13;8;763
7;2025-12-13;9;886
7;2025-12-13;10;997
7;2025-12-13;11;1158
7;2025-12-13;12;1285
7;2025-12-13;13;1292
7;2025-12-13;14;1424
7;2025-12-13;15;1263
7;2025-12-13;16;1210
7;2025-12-13;17;1142
7;2025-12-13;18;1085
7;2025-12-13;19;1088
7;2025-12-13;20;818
7;2025-12-13;21;641
7;2025-12-13;22;357
7;2025-12-13;23;225
7;2025-12-14;0;0
7;2025-12-14;1;0
7;2025-12-14;2;0
7;2025-12-14;3;0
7;2025-12-14;4;0
7;2025-12-14;5;27
7;2025-12-14;6;230
7;2025-12-14;7;353
7;2025-12-14;8;555
7;2025-12-14;9;689
7;2025-12-14;10;793
7;2025-12-14;11;974
7;2025-12-14;12;1132
7;2025-12-14;13;1188
7;2025-12-14;14;1252
7;2025-12-14;15;1180
7;2025-12-14;16;1131
7;2025-12-14;17;1085
7;2025-12-14;18;991
7;2025-12-14;19;908
7;2025-12-14;20;684
7;2025-12-14;21;560
7;2025-12-14;22;338
7;2025-12-14;23;176
7;2025-12-15;0;0
7;2025-12-15;1;0
7;2025-12-15;2;0
7;2025-12-15;3;0
7;2025-12-15;4;0
7;2025-12-15;5;125
7;2025-12-15;6;702
7;2025-12-15;7;1635
7;2025-12-15;8;2449
7;2025-12-15;9;1806
7;2025-12-15;10;1528
7;2025-12-15;11;1341
7;2025-12-15;12;1473
7;2025-12-15;13;1468
7;2025-12-15;14;1490
7;2025-12-15;15;1693
7;2025-12-15;16;1775
7;2025-12-15;17;2273
7;2025-12-15;18;2557
7;2025-12-15;19;1735
7;2025-12-15;20;1094
7;2025-12-15;21;571
7;2025-12-15;22;304
7;2025-12-15;23;155
7;2025-12-16;0;0
7;2025-12-16;1;0
7;2025-12-16;2;0
7;2025-12-16;3;0
7;2025-12-16;4;0
7;2025-12-16;5;120
7;2025-12-16;6;694
7;2025-12-16;7;1652
7;2025-12-16;8;2469
7;2025-12-16;9;1819
7;2025-12-16;10;1583
7;2025-12-16;11;1468
7;2025-12-16;12;1539
7;2025-12-16;13;1541
7;2025-12-16;14;1581
7;2025-12-16;15;1786
7;2025-12-16;16;1794
7;2025-12-16;17;2327
7;2025-12-16;18;2566
7;2025-12-16;19;1790
7;2025-12-16;20;1096
7;2025-12-16;21;649
7;2025-12-16;22;309
7;2025-12-16;23;179
7;2025-12-17;0;0
7;2025-12-17;1;0
7;2025-12-17;2;0
7;2025-12-17;3;0
7;2025-12-17;4;0
7;2025-12-17;5;119
7;2025-12-17;6;662
7;2025-12-17;7;1556
7;2025-12-17;8;2493
7;2025-12-17;9;1846
7;2025-12-17;10;1634
7;2025-12-17;11;1406
7;2025-12-17;12;1519
7;2025-12-17;13;1489
7;2025-12-17;14;1602
7;2025-12-17;15;1760
7;2025-12-17;16;1821
7;2025-12-17;17;2323
7;2025-12-17;18;2539
7;2025-12-17;19;1714
7;2025-12-17;20;1088
7;2025-12-17;21;640
7;2025-12-17;22;329
7;2025-12-17;23;190
7;2025-12-18;0;0
7;2025-12-18;1;0
7;2025-12-18;2;0
7;2025-12-18;3;0
7;2025-12-18;4;0
7;2025-12-18;5;115
7;2025-12-18;6;722
7;2025-12-18;7;1646
7;2025-12-18;8;2516
7;2025-12-18;9;1839
7;2025-12-18;10;1560
7;2025-12-18;11;1463
7;2025-12-18;12;1504
7;2025-12-18;13;1505
7;2025-12-18;14;1638
7;2025-12-18;15;1706
7;2025-12-18;16;1822
7;2025-12-18;17;2284
7;2025-12-18;18;2678
7;2025-12-18;19;1679
7;2025-12-18;20;1084
7;2025-12-18;21;651
7;2025-12-18;22;312
7;2025-12-18;23;194
7;2025-12-19;0;0
7;2025-12-19;1;0
7;2025-12-19;2;0
7;2025-12-19;3;0
7;2025-12-19;4;0
7;2025-12-19;5;108
7;2025-12-19;6;664
7;2025-12-19;7;1552
7;2025-12-19;8;2319
7;2025-12-19;9;1767
7;2025-12-19;10;1549
7;2025-12-19;11;1479
7;2025-12-19;12;1570
7;2025-12-19;13;1654
7;2025-12-19;14;1713
7;2025-12-19;15;1836
7;2025-12-19;16;2035
7;2025-12-19;17;2226
7;2025-12-19;18;2103
7;2025-12-19;19;1495
7;2025-12-19;20;1035
7;2025-12-19;21;614
7;2025-12-19;22;357
7;2025-12-19;23;229
7;2025-12-20;0;0
7;2025-12-20;1;0
7;2025-12-20;2;0
7;2025-12-20;3;0
7;2025-12-20;4;0
7;2025-12-20;5;39
7;2025-12-20;6;295
7;2025-12-20;7;463
7;2025-12-20;8;763
7;2025-12-20;9;886
7;2025-12-20;10;997
7;2025-12-20;11;1158
7;2025-12-20;12;1285
7;2025-12-20;13;1292
7;2025-12-20;14;1424
7;2025-12-20;15;1263
7;2025-12-20;16;1210
7;2025-12-20;17;1142
7;2025-12-20;18;1085
7;2025-12-20;19;1088
7;2025-12-20;20;818
7;2025-12-20;21;641
7;2025-12-20;22;357
7;2025-12-20;23;225
7;2025-12-21;0;0
7;2025-12-21;1;0
7;2025-12-21;2;0
7;2025-12-21;3;0
7;2025-12-21;4;0
7;2025-12-21;5;27
7;2025-12-21;6;230
7;2025-12-21;7;353
7;2025-12-21;8;555
7;2025-12-21;9;689
7;2025-12-21;10;793
7;2025-12-21;11;974
7;2025-12-21;12;1132
7;2025-12-21;13;1188
7;2025-12-21;14;1252
7;2025-12-21;15;1180
7;2025-12-21;16;1131
7;2025-12-21;17;1085
7;2025-12-21;18;991
7;2025-12-21;19;908
7;2025-12-21;20;684
7;2025-12-21;21;560
7;2025-12-21;22;338
7;2025-12-21;23;176
7;2025-12-22;0;0
7;2025-12-22;1;0
7;2025-12-22;2;0
7;2025-12-22;3;0
7;2025-12-22;4;0
7;2025-12-22;5;125
7;2025-12-22;6;702
7;2025-12-22;7;1635
7;2025-12-22;8;2449
7;2025-12-22;9;1806
7;2025-12-22;10;1528
7;2025-12-22;11;1341
7;2025-12-22;12;1473
7;2025-12-22;13;1468
7;2025-12-22;14;1490
7;2025-12-22;15;1693
7;2025-12-22;16;1775
7;2025-12-22;17;2273
7;2025-12-22;18;2557
7;2025-12-22;19;1735
7;2025-12-22;20;1094
7;2025-12-22;21;571
7;2025-12-22;22;304
7;2025-12-22;23;155
7;2025-12-23;0;0
7;2025-12-23;1;0
7;2025-12-23;2;0
7;2025-12-23;3;0
7;2025-12-23;4;0
7;2025-12-23;5;120
7;2025-12-23;6;694
7;2025-12-23;7;1652
7;2025-12-23;8;2469
7;2025-12-23;9;1819
7;2025-12-23;10;1583
7;2025-12-23;11;1468
7;2025-12-23;12;1539
7;2025-12-23;13;1541
7;2025-12-23;14;1581
7;2025-12-23;15;1786
7;2025-12-23;16;1794
7;2025-12-23;17;2327
7;2025-12-23;18;2566
7;2025-12-23;19;1790
7;2025-12-23;20;1096
7;2025-12-23;21;649
7;2025-12-23;22;309
7;2025-12-23;23;179
7;2025-12-24;0;0
7;2025-12-24;1;0
7;2025-12-24;2;0
7;2025-12-24;3;0
7;2025-12-24;4;0
7;2025-12-24;5;119
7;2025-12-24;6;662
7;2025-12-24;7;1556
7;2025-12-24;8;2493
7;2025-12-24;9;1846
7;2025-12-24;10;1634
7;2025-12-24;11;1406
7;2025-12-24;12;1519
7;2025-12-24;13;1489
7;2025-12-24;14;1602
7;2025-12-24;15;1760
7;2025-12-24;16;1821
7;2025-12-24;17;2323
7;2025-12-24;18;2539
7;2025-12-24;19;1714
7;2025-12-24;20;1088
7;2025-12-24;21;640
7;2025-12-24;22;329
7;2025-12-24;23;190
7;2025-12-25;0;0
7;2025-12-25;1;0
7;2025-12-25;2;0
7;2025-12-25;3;0
7;2025-12-25;4;0
7;2025-12-25;5;115
7;2025-12-25;6;722
7;2025-12-25;7;1646
7;2025-12-25;8;2516
7;2025-12-25;9;1839
7;2025-12-25;10;1560
7;2025-12-25;11;1463
7;2025-12-25;12;1504
7;2025-12-25;13;1505
7;2025-12-25;14;1638
7;2025-12-25;15;1706
7;2025-12-25;16;1822
7;2025-12-25;17;2284
7;2025-12-25;18;2678
7;2025-12-25;19;1679
7;2025-12-25;20;1084
7;2025-12-25;21;651
7;2025-12-25;22;312
7;2025-12-25;23;194
7;2025-12-26;0;0
7;2025-12-26;1;0
7;2025-12-26;2;0
7;2025-12-26;3;0
7;2025-12-26;4;0
7;2025-12-26;5;108
7;2025-12-26;6;664
7;2025-12-26;7;1552
7;2025-12-26;8;2319
7;2025-12-26;9;1767
7;2025-12-26;10;1549
7;2025-12-26;11;1479
7;2025-12-26;12;1570
7;2025-12-26;13;1654
7;2025-12-26;14;1713
7;2025-12-26;15;1836
7;2025-12-26;16;2035
7;2025-12-26;17;2226
7;2025-12-26;18;2103
7;2025-12-26;19;1495
7;2025-12-26;20;1035
7;2025-12-26;21;614
7;2025-12-26;22;357
7;2025-12-26;23;229
7;2025-12-27;0;0
7;2025-12-27;1;0
7;2025-12-27;2;0
7;2025-12-27;3;0
7;2025-12-27;4;0
7;2025-12-27;5;39
7;2025-12-27;6;295
7;2025-12-27;7;463
7;2025-12-27;8;763
7;2025-12-27;9;886
7;2025-12-27;10;997
7;2025-12-27;11;1158
7;2025-12-27;12;1285
7;2025-12-27;13;1292
7;2025-12-27;14;1424
7;2025-12-27;15;1263
7;2025-12-27;16;1210
7;2025-12-27;17;1142
7;2025-12-27;18;1085
7;2025-12-27;19;1088
7;2025-12-27;20;818
7;2025-12-27;21;641
7;2025-12-27;22;357
7;2025-12-27;23;225
7;2025-12-28;0;0
7;2025-12-28;1;0
7;2025-12-28;2;0
7;2025-12-28;3;0
7;2025-12-28;4;0
7;2025-12-28;5;27
7;2025-12-28;6;230
7;2025-12-28;7;353
7;2025-12-28;8;555
7;2025-12-28;9;689
7;2025-12-28;10;793
7;2025-12-28;11;974
7;2025-12-28;12;1132
7;2025-12-28;13;1188
7;2025-12-28;14;1252
7;2025-12-28;15;1180
7;2025-12-28;16;1131
7;2025-12-28;17;1085
7;2025-12-28;18;991
7;2025-12-28;19;908
7;2025-12-28;20;684
7;2025-12-28;21;560
7;2025-12-28;22;338
7;2025-12-28;23;176
7;2025-12-29;0;0
7;2025-12-29;1;0
7;2025-12-29;2;0
7;2025-12-29;3;0
7;2025-12-29;4;0
7;2025-12-29;5;125
7;2025-12-29;6;702
7;2025-12-29;7;1635
7;2025-12-29;8;2449
7;2025-12-29;9;1806
7;2025-12-29;10;1528
7;2025-12-29;11;1341
7;2025-12-29;12;1473
7;2025-12-29;13;1468
7;2025-12-29;14;1490
7;2025-12-29;15;1693
7;2025-12-29;16;1775
7;2025-12-29;17;2273
7;2025-12-29;18;2557
7;2025-12-29;19;1735
7;2025-12-29;20;1094
7;2025-12-29;21;571
7;2025-12-29;22;304
7;2025-12-29;23;155
7;2025-12-30;0;0
7;2025-12-30;1;0
7;2025-12-30;2;0
7;2025-12-30;3;0
7;2025-12-30;4;0
7;2025-12-30;5;120
7;2025-12-30;6;694
7;2025-12-30;7;1652
7;2025-12-30;8;2469
7;2025-12-30;9;1819
7;2025-12-30;10;1583
7;2025-12-30;11;1468
7;2025-12-30;12;1539
7;2025-12-30;13;1541
7;2025-12-30;14;1581
7;2025-12-30;15;1786
7;2025-12-30;16;1794
7;2025-12-30;17;2327
7;2025-12-30;18;2566
7;2025-12-30;19;1790
7;2025-12-30;20;1096
7;2025-12-30;21;649
7;2025-12-30;22;309
7;2025-12-30;23;179
7;2025-12-31;0;0
7;2025-12-31;1;0
7;2025-12-31;2;0
7;2025-12-31;3;0
7;2025-12-31;4;0
7;2025-12-31;5;27
7;2025-12-31;6;225
7;2025-12-31;7;345
7;2025-12-31;8;543
7;2025-12-31;9;675
7;2025-12-31;10;777
7;2025-12-31;11;953
7;2025-12-31;12;1108
7;2025-12-31;13;1163
7;2025-12-31;14;1226
7;2025-12-31;15;1155
7;2025-12-31;16;1107
7;2025-12-31;17;1062
7;2025-12-31;18;970
7;2025-12-31;19;889
7;2025-12-31;20;670
7;2025-12-31;21;548
7;2025-12-31;22;331
7;2025-12-31;23;172
11;2025-11-01;0;0
11;2025-11-01;1;0
11;2025-11-01;2;0
11;2025-11-01;3;0
11;2025-11-01;4;0
11;2025-11-01;5;257
11;2025-11-01;6;1308
11;2025-11-01;7;2286
11;2025-11-01;8;3048
11;2025-11-01;9;2319
11;2025-11-01;10;1881
11;2025-11-01;11;1805
11;2025-11-01;12;1900
11;2025-11-01;13;1916
11;2025-11-01;14;2001
11;2025-11-01;15;2227
11;2025-11-01;16;2427
11;2025-11-01;17;2863
11;2025-11-01;18;2504
11;2025-11-01;19;1992
11;2025-11-01;20;1394
11;2025-11-01;21;867
11;2025-11-01;22;469
11;2025-11-01;23;295
11;2025-11-02;0;0
11;2025-11-02;1;0
11;2025-11-02;2;0
11;2025-11-02;3;0
11;2025-11-02;4;0
11;2025-11-02;5;110
11;2025-11-02;6;531
11;2025-11-02;7;515
11;2025-11-02;8;677
11;2025-11-02;9;942
11;2025-11-02;10;1013
11;2025-11-02;11;1436
11;2025-11-02;12;1617
11;2025-11-02;13;1560
11;2025-11-02;14;1658
11;2025-11-02;15;1679
11;2025-11-02;16;1623
11;2025-11-02;17;1700
11;2025-11-02;18;1391
11;2025-11-02;19;1182
11;2025-11-02;20;963
11;2025-11-02;21;675
11;2025-11-02;22;390
11;2025-11-02;23;262
11;2025-11-03;0;0
11;2025-11-03;1;0
11;2025-11-03;2;0
11;2025-11-03;3;0
11;2025-11-03;4;0
11;2025-11-03;5;105
11;2025-11-03;6;509
11;2025-11-03;7;493
11;2025-11-03;8;649
11;2025-11-03;9;903
11;2025-11-03;10;971
11;2025-11-03;11;1376
11;2025-11-03;12;1550
11;2025-11-03;13;1495
11;2025-11-03;14;1589
11;2025-11-03;15;1610
11;2025-11-03;16;1555
11;2025-11-03;17;1629
11;2025-11-03;18;1334
11;2025-11-03;19;1133
11;2025-11-03;20;923
11;2025-11-03;21;647
11;2025-11-03;22;374
11;2025-11-03;23;251
11;2025-11-04;0;0
11;2025-11-04;1;0
11;2025-11-04;2;0
11;2025-11-04;3;0
11;2025-11-04;4;0
11;2025-11-04;5;108
11;2025-11-04;6;524
11;2025-11-04;7;508
11;2025-11-04;8;669
11;2025-11-04;9;930
11;2025-11-04;10;1001
11;2025-11-04;11;1418
11;2025-11-04;12;1597
11;2025-11-04;13;1540
11;2025-11-04;14;1637
11;2025-11-04;15;1658
11;2025-11-04;16;1602
11;2025-11-04;17;1679
11;2025-11-04;18;1374
11;2025-11-04;19;1167
11;2025-11-04;20;951
11;2025-11-04;21;666
11;2025-11-04;22;385
11;2025-11-04;23;259
11;2025-11-05;0;0
11;2025-11-05;1;0
11;2025-11-05;2;0
11;2025-11-05;3;0
11;2025-11-05;4;0
11;2025-11-05;5;263
11;2025-11-05;6;1255
11;2025-11-05;7;2401
11;2025-11-05;8;3107
11;2025-11-05;9;2296
11;2025-11-05;10;1837
11;2025-11-05;11;1876
11;2025-11-05;12;1863
11;2025-11-05;13;1988
11;2025-11-05;14;1955
11;2025-11-05;15;1998
11;2025-11-05;16;2117
11;2025-11-05;17;2814
11;2025-11-05;18;3023
11;2025-11-05;19;2261
11;2025-11-05;20;1490
11;2025-11-05;21;866
11;2025-11-05;22;422
11;2025-11-05;23;228
11;2025-11-06;0;0
11;2025-11-06;1;0
11;2025-11-06;2;0
11;2025-11-06;3;0
11;2025-11-06;4;0
11;2025-11-06;5;247
11;2025-11-06;6;1297
11;2025-11-06;7;2353
11;2025-11-06;8;3002
11;2025-11-06;9;2433
11;2025-11-06;10;1933
11;2025-11-06;11;1815
11;2025-11-06;12;1895
11;2025-11-06;13;2023
11;2025-11-06;14;1953
11;2025-11-06;15;2025
11;2025-11-06;16;2249
11;2025-11-06;17;2757
11;2025-11-06;18;3072
11;2025-11-06;19;2238
11;2025-11-06;20;1456
11;2025-11-06;21;875
11;2025-11-06;22;446
11;2025-11-06;23;234
11;2025-11-07;0;0
11;2025-11-07;1;0
11;2025-11-07;2;0
11;2025-11-07;3;0
11;2025-11-07;4;0
11;2025-11-07;5;255
11;2025-11-07;6;1299
11;2025-11-07;7;2270
11;2025-11-07;8;3027
11;2025-11-07;9;2303
11;2025-11-07;10;1868
11;2025-11-07;11;1792
11;2025-11-07;12;1887
11;2025-11-07;13;1902
11;2025-11-07;14;1987
11;2025-11-07;15;2211
11;2025-11-07;16;2410
11;2025-11-07;17;2843
11;2025-11-07;18;2486
11;2025-11-07;19;1978
11;2025-11-07;20;1384
11;2025-11-07;21;860
11;2025-11-07;22;466
11;2025-11-07;23;293
11;2025-11-08;0;0
11;2025-11-08;1;0
11;2025-11-08;2;0
11;2025-11-08;3;0
11;2025-11-08;4;0
11;2025-11-08;5;167
11;2025-11-08;6;784
11;2025-11-08;7;714
11;2025-11-08;8;990
11;2025-11-08;9;1126
11;2025-11-08;10;1258
11;2025-11-08;11;1639
11;2025-11-08;12;1815
11;2025-11-08;13;1738
11;2025-11-08;14;1765
11;2025-11-08;15;1738
11;2025-11-08;16;1772
11;2025-11-08;17;1770
11;2025-11-08;18;1517
11;2025-11-08;19;1447
11;2025-11-08;20;1081
11;2025-11-08;21;748
11;2025-11-08;22;462
11;2025-11-08;23;304
11;2025-11-09;0;0
11;2025-11-09;1;0
11;2025-11-09;2;0
11;2025-11-09;3;0
11;2025-11-09;4;0
11;2025-11-09;5;110
11;2025-11-09;6;531
11;2025-11-09;7;515
11;2025-11-09;8;677
11;2025-11-09;9;942
11;2025-11-09;10;1013
11;2025-11-09;11;1436
11;2025-11-09;12;1617
11;2025-11-09;13;1560
11;2025-11-09;14;1658
11;2025-11-09;15;1679
11;2025-11-09;16;1623
11;2025-11-09;17;1700
11;2025-11-09;18;1391
11;2025-11-09;19;1182
11;2025-11-09;20;963
11;2025-11-09;21;675
11;2025-11-09;22;390
11;2025-11-09;23;262
11;2025-11-10;0;0
11;2025-11-10;1;0
11;2025-11-10;2;0
11;2025-11-10;3;0
11;2025-11-10;4;0
11;2025-11-10;5;255
11;2025-11-10;6;1339
11;2025-11-10;7;2301
11;2025-11-10;8;3028
11;2025-11-10;9;2335
11;2025-11-10;10;1737
11;2025-11-10;11;1778
11;2025-11-10;12;1706
11;2025-11-10;13;1840
11;2025-11-10;14;1843
11;2025-11-10;15;2020
11;2025-11-10;16;2211
11;2025-11-10;17;2746
11;2025-11-10;18;3032
11;2025-11-10;19;2298
11;2025-11-10;20;1433
11;2025-11-10;21;831
11;2025-11-10;22;408
11;2025-11-10;23;209
11;2025-11-11;0;0
11;2025-11-11;1;0
11;2025-11-11;2;0
11;2025-11-11;3;0
11;2025-11-11;4;0
11;2025-11-11;5;243
11;2025-11-11;6;1347
11;2025-11-11;7;2379
11;2025-11-11;8;3229
11;2025-11-11;9;2426
11;2025-11-11;10;1833
11;2025-11-11;11;1763
11;2025-11-11;12;1794
11;2025-11-11;13;1956
11;2025-11-11;14;1976
11;2025-11-11;15;2029
11;2025-11-11;16;2245
11;2025-11-11;17;2805
11;2025-11-11;18;3051
11;2025-11-11;19;2298
11;2025-11-11;20;1493
11;2025-11-11;21;850
11;2025-11-11;22;431
11;2025-11-11;23;212
11;2025-11-12;0;0
11;2025-11-12;1;0
11;2025-11-12;2;0
11;2025-11-12;3;0
11;2025-11-12;4;0
11;2025-11-12;5;263
11;2025-11-12;6;1255
11;2025-11-12;7;2401
11;2025-11-12;8;3107
11;2025-11-12;9;2296
11;2025-11-12;10;1837
11;2025-11-12;11;1876
11;2025-11-12;12;1863
11;2025-11-12;13;1988
11;2025-11-12;14;1955
11;2025-11-12;15;1998
11;2025-11-12;16;2117
11;2025-11-12;17;2814
11;2025-11-12;18;3023
11;2025-11-12;19;2261
11;2025-11-12;20;1490
11;2025-11-12;21;866
11;2025-11-12;22;422
11;2025-11-12;23;228
11;2025-11-13;0;0
11;2025-11-13;1;0
11;2025-11-13;2;0
11;2025-11-13;3;0
11;2025-11-13;4;0
11;2025-11-13;5;247
11;2025-11-13;6;1297
11;2025-11-13;7;2353
11;2025-11-13;8;3002
11;2025-11-13;9;2433
11;2025-11-13;10;1933
11;2025-11-13;11;1815
11;2025-11-13;12;1895
11;2025-11-13;13;2023
11;2025-11-13;14;1953
11;2025-11-13;15;2025
11;2025-11-13;16;2249
11;2025-11-13;17;2757
11;2025-11-13;18;3072
11;2025-11-13;19;2238
11;2025-11-13;20;1456
11;2025-11-13;21;875
11;2025-11-13;22;446
11;2025-11-13;23;234
11;2025-11-14;0;0
11;2025-11-14;1;0
11;2025-11-14;2;0
11;2025-11-14;3;0
11;2025-11-14;4;0
11;2025-11-14;5;255
11;2025-11-14;6;1299
11;2025-11-14;7;2270
11;2025-11-14;8;3027
11;2025-11-14;9;2303
11;2025-11-14;10;1868
11;2025-11-14;11;1792
11;2025-11-14;12;1887
11;2025-11-14;13;1902
11;2025-11-14;14;1987
11;2025-11-14;15;2211
11;2025-11-14;16;2410
11;2025-11-14;17;2843
11;2025-11-14;18;2486
11;2025-11-14;19;1978
11;2025-11-14;20;1384
11;2025-11-14;21;860
11;2025-11-14;22;466
11;2025-11-14;23;293
11;2025-11-15;0;0
11;2025-11-15;1;0
11;2025-11-15;2;0
11;2025-11-15;3;0
11;2025-11-15;4;0
11;2025-11-15;5;167
11;2025-11-15;6;784
11;2025-11-15;7;714
11;2025-11-15;8;990
11;2025-11-15;9;1126
11;2025-11-15;10;1258
11;2025-11-15;11;1639
11;2025-11-15;12;1815
11;2025-11-15;13;1738
11;2025-11-15;14;1765
11;2025-11-15;15;1738
11;2025-11-15;16;1772
11;2025-11-15;17;1770
11;2025-11-15;18;1517
11;2025-11-15;19;1447
11;2025-11-15;20;1081
11;2025-11-15;21;748
11;2025-11-15;22;462
11;2025-11-15;23;304
11;2025-11-16;0;0
11;2025-11-16;1;0
11;2025-11-16;2;0
11;2025-11-16;3;0
11;2025-11-16;4;0
11;2025-11-16;5;110
11;2025-11-16;6;531
11;2025-11-16;7;515
11;2025-11-16;8;677
11;2025-11-16;9;942
11;2025-11-16;10;1013
11;2025-11-16;11;1436
11;2025-11-16;12;1617
11;2025-11-16;13;1560
11;2025-11-16;14;1658
11;2025-11-16;15;1679
11;2025-11-16;16;1623
11;2025-11-16;17;1700
11;2025-11-16;18;1391
11;2025-11-16;19;1182
11;2025-11-16;20;963
11;2025-11-16;21;675
11;2025-11-16;22;390
11;2025-11-16;23;262
11;2025-11-17;0;0
11;2025-11-17;1;0
11;2025-11-17;2;0
11;2025-11-17;3;0
11;2025-11-17;4;0
11;2025-11-17;5;255
11;2025-11-17;6;1339
11;2025-11-17;7;2301
11;2025-11-17;8;3028
11;2025-11-17;9;2335
11;2025-11-17;10;1737
11;2025-11-17;11;1778
11;2025-11-17;12;1706
11;2025-11-17;13;1840
11;2025-11-17;14;1843
11;2025-11-17;15;2020
11;2025-11-17;16;2211
11;2025-11-17;17;2746
11;2025-11-17;18;3032
11;2025-11-17;19;2298
11;2025-11-17;20;1433
11;2025-11-17;21;831
11;2025-11-17;22;408
11;2025-11-17;23;209
11;2025-11-18;0;0
11;2025-11-18;1;0
11;2025-11-18;2;0
11;2025-11-18;3;0
11;2025-11-18;4;0
11;2025-11-18;5;243
11;2025-11-18;6;1347
11;2025-11-18;7;2379
11;2025-11-18;8;3229
11;2025-11-18;9;2426
11;2025-11-18;10;1833
11;2025-11-18;11;1763
11;2025-11-18;12;1794
11;2025-11-18;13;1956
11;2025-11-18;14;1976
11;2025-11-18;15;2029
11;2025-11-18;16;2245
11;2025-11-18;17;2805
11;2025-11-18;18;3051
11;2025-11-18;19;2298
11;2025-11-18;20;1493
11;2025-11-18;21;850
11;2025-11-18;22;431
11;2025-11-18;23;212
11;2025-11-19;0;0
11;2025-11-19;1;0
11;2025-11-19;2;0
11;2025-11-19;3;0
11;2025-11-19;4;0
11;2025-11-19;5;263
11;2025-11-19;6;1255
11;2025-11-19;7;2401
11;2025-11-19;8;3107
11;2025-11-19;9;2296
11;2025-11-19;10;1837
11;2025-11-19;11;1876
11;2025-11-19;12;1863
11;2025-11-19;13;1988
11;2025-11-19;14;1955
11;2025-11-19;15;1998
11;2025-11-19;16;2117
11;2025-11-19;17;2814
11;2025-11-19;18;3023
11;2025-11-19;19;2261
11;2025-11-19;20;1490
11;2025-11-19;21;866
11;2025-11-19;22;422
11;2025-11-19;23;228
11;2025-11-20;0;0
11;2025-11-20;1;0
11;2025-11-20;2;0
11;2025-11-20;3;0
11;2025-11-20;4;0
11;2025-11-20;5;247
11;2025-11-20;6;1297
11;2025-11-20;7;2353
11;2025-11-20;8;3002
11;2025-11-20;9;2433
11;2025-11-20;10;1933
11;2025-11-20;11;1815
11;2025-11-20;12;1895
11;2025-11-20;13;2023
11;2025-11-20;14;1953
11;2025-11-20;15;2025
11;2025-11-20;16;2249
11;2025-11-20;17;2757
11;2025-11-20;18;3072
11;2025-11-20;19;2238
11;2025-11-20;20;1456
11;2025-11-20;21;875
11;2025-11-20;22;446
11;2025-11-20;23;234
11;2025-11-21;0;0
11;2025-11-21;1;0
11;2025-11-21;2;0
11;2025-11-21;3;0
11;2025-11-21;4;0
11;2025-11-21;5;255
11;2025-11-21;6;1299
11;2025-11-21;7;2270
11;2025-11-21;8;3027
11;2025-11-21;9;2303
11;2025-11-21;10;1868
11;2025-11-21;11;1792
11;2025-11-21;12;1887
11;2025-11-21;13;1902
11;2025-11-21;14;1987
11;2025-11-21;15;2211
11;2025-11-21;16;2410
11;2025-11-21;17;2843
11;2025-11-21;18;2486
11;2025-11-21;19;1978
11;2025-11-21;20;1384
11;2025-11-21;21;860
11;2025-11-21;22;466
11;2025-11-21;23;293
11;2025-11-22;0;0
11;2025-11-22;1;0
11;2025-11-22;2;0
11;2025-11-22;3;0
11;2025-11-22;4;0
11;2025-11-22;5;167
11;2025-11-22;6;784
11;2025-11-22;7;714
11;2025-11-22;8;990
11;2025-11-22;9;1126
11;2025-11-22;10;1258
11;2025-11-22;11;1639
11;2025-11-22;12;1815
11;2025-11-22;13;1738
11;2025-11-22;14;1765
11;2025-11-22;15;1738
11;2025-11-22;16;1772
11;2025-11-22;17;1770
11;2025-11-22;18;1517
11;2025-11-22;19;1447
11;2025-11-22;20;1081
11;2025-11-22;21;748
11;2025-11-22;22;462
11;2025-11-22;23;304
11;2025-11-23;0;0
11;2025-11-23;1;0
11;2025-11-23;2;0
11;2025-11-23;3;0
11;2025-11-23;4;0
11;2025-11-23;5;110
11;2025-11-23;6;531
11;2025-11-23;7;515
11;2025-11-23;8;677
11;2025-11-23;9;942
11;2025-11-23;10;1013
11;2025-11-23;11;1436
11;2025-11-23;12;1617
11;2025-11-23;13;1560
11;2025-11-23;14;1658
11;2025-11-23;15;1679
11;2025-11-23;16;1623
11;2025-11-23;17;1700
11;2025-11-23;18;1391
11;2025-11-23;19;1182
11;2025-11-23;20;963
11;2025-11-23;21;675
11;2025-11-23;22;390
11;2025-11-23;23;262
11;2025-11-24;0;0
11;2025-11-24;1;0
11;2025-11-24;2;0
11;2025-11-24;3;0
11;2025-11-24;4;0
11;2025-11-24;5;255
11;2025-11-24;6;1339
11;2025-11-24;7;2301
11;2025-11-24;8;3028
11;2025-11-24;9;2335
11;2025-11-24;10;1737
11;2025-11-24;11;1778
11;2025-11-24;12;1706
11;2025-11-24;13;1840
11;2025-11-24;14;1843
11;2025-11-24;15;2020
11;2025-11-24;16;2211
11;2025-11-24;17;2746
11;2025-11-24;18;3032
11;2025-11-24;19;2298
11;2025-11-24;20;1433
11;2025-11-24;21;831
11;2025-11-24;22;408
11;2025-11-24;23;209
11;2025-11-25;0;0
11;2025-11-25;1;0
11;2025-11-25;2;0
11;2025-11-25;3;0
11;2025-11-25;4;0
11;2025-11-25;5;243
11;2025-11-25;6;1347
11;2025-11-25;7;2379
11;2025-11-25;8;3229
11;2025-11-25;9;2426
11;2025-11-25;10;1833
11;2025-11-25;11;1763
11;2025-11-25;12;1794
11;2025-11-25;13;1956
11;2025-11-25;14;1976
11;2025-11-25;15;2029
11;2025-11-25;16;2245
11;2025-11-25;17;2805
11;2025-11-25;18;3051
11;2025-11-25;19;2298
11;2025-11-25;20;1493
11;2025-11-25;21;850
11;2025-11-25;22;431
11;2025-11-25;23;212
11;2025-11-26;0;0
11;2025-11-26;1;0
11;2025-11-26;2;0
11;2025-11-26;3;0
11;2025-11-26;4;0
11;2025-11-26;5;263
11;2025-11-26;6;1255
11;2025-11-26;7;2401
11;2025-11-26;8;3107
11;2025-11-26;9;2296
11;2025-11-26;10;1837
11;2025-11-26;11;1876
11;2025-11-26;12;1863
11;2025-11-26;13;1988
11;2025-11-26;14;1955
11;2025-11-26;15;1998
11;2025-11-26;16;2117
11;2025-11-26;17;2814
11;2025-11-26;18;3023
11;2025-11-26;19;2261
11;2025-11-26;20;1490
11;2025-11-26;21;866
11;2025-11-26;22;422
11;2025-11-26;23;228
11;2025-11-27;0;0
11;2025-11-27;1;0
11;2025-11-27;2;0
11;2025-11-27;3;0
11;2025-11-27;4;0
11;2025-11-27;5;247
11;2025-11-27;6;1297
11;2025-11-27;7;2353
11;2025-11-27;8;3002
11;2025-11-27;9;2433
11;2025-11-27;10;1933
11;2025-11-27;11;1815
11;2025-11-27;12;1895
11;2025-11-27;13;2023
11;2025-11-27;14;1953
11;2025-11-27;15;2025
11;2025-11-27;16;2249
11;2025-11-27;17;2757
11;2025-11-27;18;3072
11;2025-11-27;19;2238
11;2025-11-27;20;1456
11;2025-11-27;21;875
11;2025-11-27;22;446
11;2025-11-27;23;234
11;2025-11-28;0;0
11;2025-11-28;1;0
11;2025-11-28;2;0
11;2025-11-28;3;0
11;2025-11-28;4;0
11;2025-11-28;5;255
11;2025-11-28;6;1299
11;2025-11-28;7;2270
11;2025-11-28;8;3027
11;2025-11-28;9;2303
11;2025-11-28;10;1868
11;2025-11-28;11;1792
11;2025-11-28;12;1887
11;2025-11-28;13;1902
11;2025-11-28;14;1987
11;2025-11-28;15;2211
11;2025-11-28;16;2410
11;2025-11-28;17;2843
11;2025-11-28;18;2486
11;2025-11-28;19;1978
11;2025-11-28;20;1384
11;2025-11-28;21;860
11;2025-11-28;22;466
11;2025-11-28;23;293
11;2025-11-29;0;0
11;2025-11-29;1;0
11;2025-11-29;2;0
11;2025-11-29;3;0
11;2025-11-29;4;0
11;2025-11-29;5;167
11;2025-11-29;6;784
11;2025-11-29;7;714
11;2025-11-29;8;990
11;2025-11-29;9;1126
11;2025-11-29;10;1258
11;2025-11-29;11;1639
11;2025-11-29;12;1815
11;2025-11-29;13;1738
11;2025-11-29;14;1765
11;2025-11-29;15;1738
11;2025-11-29;16;1772
11;2025-11-29;17;1770
11;2025-11-29;18;1517
11;2025-11-29;19;1447
11;2025-11-29;20;1081
11;2025-11-29;21;748
11;2025-11-29;22;462
11;2025-11-29;23;304
11;2025-11-30;0;0
11;2025-11-30;1;0
11;2025-11-30;2;0
11;2025-11-30;3;0
11;2025-11-30;4;0
11;2025-11-30;5;110
11;2025-11-30;6;531
11;2025-11-30;7;515
11;2025-11-30;8;677
11;2025-11-30;9;942
11;2025-11-30;10;1013
11;2025-11-30;11;1436
11;2025-11-30;12;1617
11;2025-11-30;13;1560
11;2025-11-30;14;1658
11;2025-11-30;15;1679
11;2025-11-30;16;1623
11;2025-11-30;17;1700
11;2025-11-30;18;1391
11;2025-11-30;19;1182
11;2025-11-30;20;963
11;2025-11-30;21;675
11;2025-11-30;22;390
11;2025-11-30;23;262
11;2025-12-01;0;0
11;2025-12-01;1;0
11;2025-12-01;2;0
11;2025-12-01;3;0
11;2025-12-01;4;0
11;2025-12-01;5;255
11;2025-12-01;6;1339
11;2025-12-01;7;2301
11;2025-12-01;8;3028
11;2025-12-01;9;2335
11;2025-12-01;10;1737
11;2025-12-01;11;1778
11;2025-12-01;12;1706
11;2025-12-01;13;1840
11;2025-12-01;14;1843
11;2025-12-01;15;2020
11;2025-12-01;16;2211
11;2025-12-01;17;2746
11;2025-12-01;18;3032
11;2025-12-01;19;2298
11;2025-12-01;20;1433
11;2025-12-01;21;831
11;2025-12-01;22;408
11;2025-12-01;23;209
11;2025-12-02;0;0
11;2025-12-02;1;0
11;2025-12-02;2;0
11;2025-12-02;3;0
11;2025-12-02;4;0
11;2025-12-02;5;243
11;2025-12-02;6;1347
11;2025-12-02;7;2379
11;2025-12-02;8;3229
11;2025-12-02;9;2426
11;2025-12-02;10;1833
11;2025-12-02;11;1763
11;2025-12-02;12;1794
11;2025-12-02;13;1956
11;2025-12-02;14;1976
11;2025-12-02;15;2029
11;2025-12-02;16;2245
11;2025-12-02;17;2805
11;2025-12-02;18;3051
11;2025-12-02;19;2298
11;2025-12-02;20;1493
11;2025-12-02;21;850
11;2025-12-02;22;431
11;2025-12-02;23;212
11;2025-12-03;0;0
11;2025-12-03;1;0
11;2025-12-03;2;0
11;2025-12-03;3;0
11;2025-12-03;4;0
11;2025-12-03;5;263
11;2025-12-03;6;1255
11;2025-12-03;7;2401
11;2025-12-03;8;3107
11;2025-12-03;9;2296
11;2025-12-03;10;1837
11;2025-12-03;11;1876
11;2025-12-03;12;1863
11;2025-12-03;13;1988
11;2025-12-03;14;1955
11;2025-12-03;15;1998
11;2025-12-03;16;2117
11;2025-12-03;17;2814
11;2025-12-03;18;3023
11;2025-12-03;19;2261
11;2025-12-03;20;1490
11;2025-12-03;21;866
11;2025-12-03;22;422
11;2025-12-03;23;228
11;2025-12-04;0;0
11;2025-12-04;1;0
11;2025-12-04;2;0
11;2025-12-04;3;0
11;2025-12-04;4;0
11;2025-12-04;5;247
11;2025-12-04;6;1297
11;2025-12-04;7;2353
11;2025-12-04;8;3002
11;2025-12-04;9;2433
11;2025-12-04;10;1933
11;2025-12-04;11;1815
11;2025-12-04;12;1895
11;2025-12-04;13;2023
11;2025-12-04;14;1953
11;2025-12-04;15;2025
11;2025-12-04;16;2249
11;2025-12-04;17;2757
11;2025-12-04;18;3072
11;2025-12-04;19;2238
11;2025-12-04;20;1456
11;2025-12-04;21;875
11;2025-12-04;22;446
11;2025-12-04;23;234
11;2025-12-05;0;0
11;2025-12-05;1;0
11;2025-12-05;2;0
11;2025-12-05;3;0
11;2025-12-05;4;0
11;2025-12-05;5;255
11;2025-12-05;6;1299
11;2025-12-05;7;2270
11;2025-12-05;8;3027
11;2025-12-05;9;2303
11;2025-12-05;10;1868
11;2025-12-05;11;1792
11;2025-12-05;12;1887
11;2025-12-05;13;1902
11;2025-12-05;14;1987
11;2025-12-05;15;2211
11;2025-12-05;16;2410
11;2025-12-05;17;2843
11;2025-12-05;18;2486
11;2025-12-05;19;1978
11;2025-12-05;20;1384
11;2025-12-05;21;860
11;2025-12-05;22;466
11;2025-12-05;23;293
11;2025-12-06;0;0
11;2025-12-06;1;0
11;2025-12-06;2;0
11;2025-12-06;3;0
11;2025-12-06;4;0
11;2025-12-06;5;167
11;2025-12-06;6;784
11;2025-12-06;7;714
11;2025-12-06;8;990
11;2025-12-06;9;1126
11;2025-12-06;10;1258
11;2025-12-06;11;1639
11;2025-12-06;12;1815
11;2025-12-06;13;1738
11;2025-12-06;14;1765
11;2025-12-06;15;1738
11;2025-12-06;16;1772
11;2025-12-06;17;1770
11;2025-12-06;18;1517
11;2025-12-06;19;1447
11;2025-12-06;20;1081
11;2025-12-06;21;748
11;2025-12-06;22;462
11;2025-12-06;23;304
11;2025-12-07;0;0
11;2025-12-07;1;0
11;2025-12-07;2;0
11;2025-12-07;3;0
11;2025-12-07;4;0
11;2025-12-07;5;110
11;2025-12-07;6;531
11;2025-12-07;7;515
11;2025-12-07;8;677
11;2025-12-07;9;942
11;2025-12-07;10;1013
11;2025-12-07;11;1436
11;2025-12-07;12;1617
11;2025-12-07;13;1560
11;2025-12-07;14;1658
11;2025-12-07;15;1679
11;2025-12-07;16;1623
11;2025-12-07;17;1700
11;2025-12-07;18;1391
11;2025-12-07;19;1182
11;2025-12-07;20;963
11;2025-12-07;21;675
11;2025-12-07;22;390
11;2025-12-07;23;262
11;2025-12-08;0;0
11;2025-12-08;1;0
11;2025-12-08;2;0
11;2025-12-08;3;0
11;2025-12-08;4;0
11;2025-12-08;5;255
11;2025-12-08;6;1339
11;2025-12-08;7;2301
11;2025-12-08;8;3028
11;2025-12-08;9;2335
11;2025-12-08;10;1737
11;2025-12-08;11;1778
11;2025-12-08;12;1706
11;2025-12-08;13;1840
11;2025-12-08;14;1843
11;2025-12-08;15;2020
11;2025-12-08;16;2211
11;2025-12-08;17;2746
11;2025-12-08;18;3032
11;2025-12-08;19;2298
11;2025-12-08;20;1433
11;2025-12-08;21;831
11;2025-12-08;22;408
11;2025-12-08;23;209
11;2025-12-09;0;0
11;2025-12-09;1;0
11;2025-12-09;2;0
11;2025-12-09;3;0
11;2025-12-09;4;0
11;2025-12-09;5;243
11;2025-12-09;6;1347
11;2025-12-09;7;2379
11;2025-12-09;8;3229
11;2025-12-09;9;2426
11;2025-12-09;10;1833
11;2025-12-09;11;1763
11;2025-12-09;12;1794
11;2025-12-09;13;1956
11;2025-12-09;14;1976
11;2025-12-09;15;2029
11;2025-12-09;16;2245
11;2025-12-09;17;2805
11;2025-12-09;18;3051
11;2025-12-09;19;2298
11;2025-12-09;20;1493
11;2025-12-09;21;850
11;2025-12-09;22;431
11;2025-12-09;23;212
11;2025-12-10;0;0
11;2025-12-10;1;0
11;2025-12-10;2;0
11;2025-12-10;3;0
11;2025-12-10;4;0
11;2025-12-10;5;263
11;2025-12-10;6;1255
11;2025-12-10;7;2401
11;2025-12-10;8;3107
11;2025-12-10;9;2296
11;2025-12-10;10;1837
11;2025-12-10;11;1876
11;2025-12-10;12;1863
11;2025-12-10;13;1988
11;2025-12-10;14;1955
11;2025-12-10;15;1998
11;2025-12-10;16;2117
11;2025-12-10;17;2814
11;2025-12-10;18;3023
11;2025-12-10;19;2261
11;2025-12-10;20;1490
11;2025-12-10;21;866
11;2025-12-10;22;422
11;2025-12-10;23;228
11;2025-12-11;0;0
11;2025-12-11;1;0
11;2025-12-11;2;0
11;2025-12-11;3;0
11;2025-12-11;4;0
11;2025-12-11;5;247
11;2025-12-11;6;1297
11;2025-12-11;7;2353
11;2025-12-11;8;3002
11;2025-12-11;9;2433
11;2025-12-11;10;1933
11;2025-12-11;11;1815
11;2025-12-11;12;1895
11;2025-12-11;13;2023
11;2025-12-11;14;1953
11;2025-12-11;15;2025
11;2025-12-11;16;2249
11;2025-12-11;17;2757
11;2025-12-11;18;3072
11;2025-12-11;19;2238
11;2025-12-11;20;1456
11;2025-12-11;21;875
11;2025-12-11;22;446
11;2025-12-11;23;234
11;2025-12-12;0;0
11;2025-12-12;1;0
11;2025-12-12;2;0
11;2025-12-12;3;0
11;2025-12-12;4;0
11;2025-12-12;5;255
11;2025-12-12;6;1299
11;2025-12-12;7;2270
11;2025-12-12;8;3027
11;2025-12-12;9;2303
11;2025-12-12;10;1868
11;2025-12-12;11;1792
11;2025-12-12;12;1887
11;2025-12-12;13;1902
11;2025-12-12;14;1987
11;2025-12-12;15;2211
11;2025-12-12;16;2410
11;2025-12-12;17;2843
11;2025-12-12;18;2486
11;2025-12-12;19;1978
11;2025-12-12;20;1384
11;2025-12-12;21;860
11;2025-12-12;22;466
11;2025-12-12;23;293
11;2025-12-13;0;0
11;2025-12-13;1;0
11;2025-12-13;2;0
11;2025-12-13;3;0
11;2025-12-13;4;0
11;2025-12-13;5;167
11;2025-12-13;6;784
11;2025-12-13;7;714
11;2025-12-13;8;990
11;2025-12-13;9;1126
11;2025-12-13;10;1258
11;2025-12-13;11;1639
11;2025-12-13;12;1815
11;2025-12-13;13;1738
11;2025-12-13;14;1765
11;2025-12-13;15;1738
11;2025-12-13;16;1772
11;2025-12-13;17;1770
11;2025-12-13;18;1517
11;2025-12-13;19;1447
11;2025-12-13;20;1081
11;2025-12-13;21;748
11;2025-12-13;22;462
11;2025-12-13;23;304
11;2025-12-14;0;0
11;2025-12-14;1;0
11;2025-12-14;2;0
11;2025-12-14;3;0
11;2025-12-14;4;0
11;2025-12-14;5;110
11;2025-12-14;6;531
11;2025-12-14;7;515
11;2025-12-14;8;677
11;2025-12-14;9;942
11;2025-12-14;10;1013
11;2025-12-14;11;1436
11;2025-12-14;12;1617
11;2025-12-14;13;1560
11;2025-12-14;14;1658
11;2025-12-14;15;1679
11;2025-12-14;16;1623
11;2025-12-14;17;1700
11;2025-12-14;18;1391
11;2025-12-14;19;1182
11;2025-12-14;20;963
11;2025-12-14;21;675
11;2025-12-14;22;390
11;2025-12-14;23;262
11;2025-12-15;0;0
11;2025-12-15;1;0
11;2025-12-15;2;0
11;2025-12-15;3;0
11;2025-12-15;4;0
11;2025-12-15;5;255
11;2025-12-15;6;1339
11;2025-12-15;7;2301
11;2025-12-15;8;3028
11;2025-12-15;9;2335
11;2025-12-15;10;1737
11;2025-12-15;11;1778
11;2025-12-15;12;1706
11;2025-12-15;13;1840
11;2025-12-15;14;1843
11;2025-12-15;15;2020
11;2025-12-15;16;2211
11;2025-12-15;17;2746
11;2025-12-15;18;3032
11;2025-12-15;19;2298
11;2025-12-15;20;1433
11;2025-12-15;21;831
11;2025-12-15;22;408
11;2025-12-15;23;209
11;2025-12-16;0;0
11;2025-12-16;1;0
11;2025-12-16;2;0
11;2025-12-16;3;0
11;2025-12-16;4;0
11;2025-12-16;5;243
11;2025-12-16;6;1347
11;2025-12-16;7;2379
11;2025-12-16;8;3229
11;2025-12-16;9;2426
11;2025-12-16;10;1833
11;2025-12-16;11;1763
11;2025-12-16;12;1794
11;2025-12-16;13;1956
11;2025-12-16;14;1976
11;2025-12-16;15;2029
11;2025-12-16;16;2245
11;2025-12-16;17;2805
11;2025-12-16;18;3051
11;2025-12-16;19;2298
11;2025-12-16;20;1493
11;2025-12-16;21;850
11;2025-12-16;22;431
11;2025-12-16;23;212
11;2025-12-17;0;0
11;2025-12-17;1;0
11;2025-12-17;2;0
11;2025-12-17;3;0
11;2025-12-17;4;0
11;2025-12-17;5;263
11;2025-12-17;6;1255
11;2025-12-17;7;2401
11;2025-12-17;8;3107
11;2025-12-17;9;2296
11;2025-12-17;10;1837
11;2025-12-17;11;1876
11;2025-12-17;12;1863
11;2025-12-17;13;1988
11;2025-12-17;14;1955
11;2025-12-17;15;1998
11;2025-12-17;16;2117
11;2025-12-17;17;2814
11;2025-12-17;18;3023
11;2025-12-17;19;2261
11;2025-12-17;20;1490
11;2025-12-17;21;866
11;2025-12-17;22;422
11;2025-12-17;23;228
11;2025-12-18;0;0
11;2025-12-18;1;0
11;2025-12-18;2;0
11;2025-12-18;3;0
11;2025-12-18;4;0
11;2025-12-18;5;247
11;2025-12-18;6;1297
11;2025-12-18;7;2353
11;2025-12-18;8;3002
11;2025-12-18;9;2433
11;2025-12-18;10;1933
11;2025-12-18;11;1815
11;2025-12-18;12;1895
11;2025-12-18;13;2023
11;2025-12-18;14;1953
11;2025-12-18;15;2025
11;2025-12-18;16;2249
11;2025-12-18;17;2757
11;2025-12-18;18;3072
11;2025-12-18;19;2238
11;2025-12-18;20;1456
11;2025-12-18;21;875
11;2025-12-18;22;446
11;2025-12-18;23;234
11;2025-12-19;0;0
11;2025-12-19;1;0
11;2025-12-19;2;0
11;2025-12-19;3;0
11;2025-12-19;4;0
11;2025-12-19;5;255
11;2025-12-19;6;1299
11;2025-12-19;7;2270
11;2025-12-19;8;3027
11;2025-12-19;9;2303
11;2025-12-19;10;1868
11;2025-12-19;11;1792
11;2025-12-19;12;1887
11;2025-12-19;13;1902
11;2025-12-19;14;1987
11;2025-12-19;15;2211
11;2025-12-19;16;2410
11;2025-12-19;17;2843
11;2025-12-19;18;2486
11;2025-12-19;19;1978
11;2025-12-19;20;1384
11;2025-12-19;21;860
11;2025-12-19;22;466
11;2025-12-19;23;293
11;2025-12-20;0;0
11;2025-12-20;1;0
11;2025-12-20;2;0
11;2025-12-20;3;0
11;2025-12-20;4;0
11;2025-12-20;5;167
11;2025-12-20;6;784
11;2025-12-20;7;714
11;2025-12-20;8;990
11;2025-12-20;9;1126
11;2025-12-20;10;1258
11;2025-12-20;11;1639
11;2025-12-20;12;1815
11;2025-12-20;13;1738
11;2025-12-20;14;1765
11;2025-12-20;15;1738
11;2025-12-20;16;1772
11;2025-12-20;17;1770
11;2025-12-20;18;1517
11;2025-12-20;19;1447
11;2025-12-20;20;1081
11;2025-12-20;21;748
11;2025-12-20;22;462
11;2025-12-20;23;304
11;2025-12-21;0;0
11;2025-12-21;1;0
11;2025-12-21;2;0
11;2025-12-21;3;0
11;2025-12-21;4;0
11;2025-12-21;5;110
11;2025-12-21;6;531
11;2025-12-21;7;515
11;2025-12-21;8;677
11;2025-12-21;9;942
11;2025-12-21;10;1013
11;2025-12-21;11;1436
11;2025-12-21;12;1617
11;2025-12-21;13;1560
11;2025-12-21;14;1658
11;2025-12-21;15;1679
11;2025-12-21;16;1623
11;2025-12-21;17;1700
11;2025-12-21;18;1391
11;2025-12-21;19;1182
11;2025-12-21;20;963
11;2025-12-21;21;675
11;2025-12-21;22;390
11;2025-12-21;23;262
11;2025-12-22;0;0
11;2025-12-22;1;0
11;2025-12-22;2;0
11;2025-12-22;3;0
11;2025-12-22;4;0
11;2025-12-22;5;255
11;2025-12-22;6;1339
11;2025-12-22;7;2301
11;2025-12-22;8;3028
11;2025-12-22;9;2335
11;2025-12-22;10;1737
11;2025-12-22;11;1778
11;2025-12-22;12;1706
11;2025-12-22;13;1840
11;2025-12-22;14;1843
11;2025-12-22;15;2020
11;2025-12-22;16;2211
11;2025-12-22;17;2746
11;2025-12-22;18;3032
11;2025-12-22;19;2298
11;2025-12-22;20;1433
11;2025-12-22;21;831
11;2025-12-22;22;408
11;2025-12-22;23;209
11;2025-12-23;0;0
11;2025-12-23;1;0
11;2025-12-23;2;0
11;2025-12-23;3;0
11;2025-12-23;4;0
11;2025-12-23;5;243
11;2025-12-23;6;1347
11;2025-12-23;7;2379
11;2025-12-23;8;3229
11;2025-12-23;9;2426
11;2025-12-23;10;1833
11;2025-12-23;11;1763
11;2025-12-23;12;1794
11;2025-12-23;13;1956
11;2025-12-23;14;1976
11;2025-12-23;15;2029
11;2025-12-23;16;2245
11;2025-12-23;17;2805
11;2025-12-23;18;3051
11;2025-12-23;19;2298
11;2025-12-23;20;1493
11;2025-12-23;21;850
11;2025-12-23;22;431
11;2025-12-23;23;212
11;2025-12-24;0;0
11;2025-12-24;1;0
11;2025-12-24;2;0
11;2025-12-24;3;0
11;2025-12-24;4;0
11;2025-12-24;5;263
11;2025-12-24;6;1255
11;2025-12-24;7;2401
11;2025-12-24;8;3107
11;2025-12-24;9;2296
11;2025-12-24;10;1837
11;2025-12-24;11;1876
11;2025-12-24;12;1863
11;2025-12-24;13;1988
11;2025-12-24;14;1955
11;2025-12-24;15;1998
11;2025-12-24;16;2117
11;2025-12-24;17;2814
11;2025-12-24;18;3023
11;2025-12-24;19;2261
11;2025-12-24;20;1490
11;2025-12-24;21;866
11;2025-12-24;22;422
11;2025-12-24;23;228
11;2025-12-25;0;0
11;2025-12-25;1;0
11;2025-12-25;2;0
11;2025-12-25;3;0
11;2025-12-25;4;0
11;2025-12-25;5;247
11;2025-12-25;6;1297
11;2025-12-25;7;2353
11;2025-12-25;8;3002
11;2025-12-25;9;2433
11;2025-12-25;10;1933
11;2025-12-25;11;1815
11;2025-12-25;12;1895
11;2025-12-25;13;2023
11;2025-12-25;14;1953
11;2025-12-25;15;2025
11;2025-12-25;16;2249
11;2025-12-25;17;2757
11;2025-12-25;18;3072
11;2025-12-25;19;2238
11;2025-12-25;20;1456
11;2025-12-25;21;875
11;2025-12-25;22;446
11;2025-12-25;23;234
11;2025-12-26;0;0
11;2025-12-26;1;0
11;2025-12-26;2;0
11;2025-12-26;3;0
11;2025-12-26;4;0
11;2025-12-26;5;255
11;2025-12-26;6;1299
11;2025-12-26;7;2270
11;2025-12-26;8;3027
11;2025-12-26;9;2303
11;2025-12-26;10;1868
11;2025-12-26;11;1792
11;2025-12-26;12;1887
11;2025-12-26;13;1902
11;2025-12-26;14;1987
11;2025-12-26;15;2211
11;2025-12-26;16;2410
11;2025-12-26;17;2843
11;2025-12-26;18;2486
11;2025-12-26;19;1978
11;2025-12-26;20;1384
11;2025-12-26;21;860
11;2025-12-26;22;466
11;2025-12-26;23;293
11;2025-12-27;0;0
11;2025-12-27;1;0
11;2025-12-27;2;0
11;2025-12-27;3;0
11;2025-12-27;4;0
11;2025-12-27;5;167
11;2025-12-27;6;784
11;2025-12-27;7;714
11;2025-12-27;8;990
11;2025-12-27;9;1126
11;2025-12-27;10;1258
11;2025-12-27;11;1639
11;2025-12-27;12;1815
11;2025-12-27;13;1738
11;2025-12-27;14;1765
11;2025-12-27;15;1738
11;2025-12-27;16;1772
11;2025-12-27;17;1770
11;2025-12-27;18;1517
11;2025-12-27;19;1447
11;2025-12-27;20;1081
11;2025-12-27;21;748
11;2025-12-27;22;462
11;2025-12-27;23;304
11;2025-12-28;0;0
11;2025-12-28;1;0
11;2025-12-28;2;0
11;2025-12-28;3;0
11;2025-12-28;4;0
11;2025-12-28;5;110
11;2025-12-28;6;531
11;2025-12-28;7;515
11;2025-12-28;8;677
11;2025-12-28;9;942
11;2025-12-28;10;1013
11;2025-12-28;11;1436
11;2025-12-28;12;1617
11;2025-12-28;13;1560
11;2025-12-28;14;1658
11;2025-12-28;15;1679
11;2025-12-28;16;1623
11;2025-12-28;17;1700
11;2025-12-28;18;1391
11;2025-12-28;19;1182
11;2025-12-28;20;963
11;2025-12-28;21;675
11;2025-12-28;22;390
11;2025-12-28;23;262
11;2025-12-29;0;0
11;2025-12-29;1;0
11;2025-12-29;2;0
11;2025-12-29;3;0
11;2025-12-29;4;0
11;2025-12-29;5;255
11;2025-12-29;6;1339
11;2025-12-29;7;2301
11;2025-12-29;8;3028
11;2025-12-29;9;2335
11;2025-12-29;10;1737
11;2025-12-29;11;1778
11;2025-12-29;12;1706
11;2025-12-29;13;1840
11;2025-12-29;14;1843
11;2025-12-29;15;2020
11;2025-12-29;16;2211
11;2025-12-29;17;2746
11;2025-12-29;18;3032
11;2025-12-29;19;2298
11;2025-12-29;20;1433
11;2025-12-29;21;831
11;2025-12-29;22;408
11;2025-12-29;23;209
11;2025-12-30;0;0
11;2025-12-30;1;0
11;2025-12-30;2;0
11;2025-12-30;3;0
11;2025-12-30;4;0
11;2025-12-30;5;243
11;2025-12-30;6;1347
11;2025-12-30;7;2379
11;2025-12-30;8;3229
11;2025-12-30;9;2426
11;2025-12-30;10;1833
11;2025-12-30;11;1763
11;2025-12-30;12;1794
11;2025-12-30;13;1956
11;2025-12-30;14;1976
11;2025-12-30;15;2029
11;2025-12-30;16;2245
11;2025-12-30;17;2805
11;2025-12-30;18;3051
11;2025-12-30;19;2298
11;2025-12-30;20;1493
11;2025-12-30;21;850
11;2025-12-30;22;431
11;2025-12-30;23;212
11;2025-12-31;0;0
11;2025-12-31;1;0
11;2025-12-31;2;0
11;2025-12-31;3;0
11;2025-12-31;4;0
11;2025-12-31;5;107
11;2025-12-31;6;520
11;2025-12-31;7;504
11;2025-12-31;8;663
11;2025-12-31;9;922
11;2025-12-31;10;992
11;2025-12-31;11;1406
11;2025-12-31;12;1583
11;2025-12-31;13;1527
11;2025-12-31;14;1623
11;2025-12-31;15;1644
11;2025-12-31;16;1588
11;2025-12-31;17;1664
11;2025-12-31;18;1362
11;2025-12-31;19;1157
11;2025-12-31;20;943
11;2025-12-31;21;660
11;2025-12-31;22;382
11;2025-12-31;23;256
12;2025-11-01;0;0
12;2025-11-01;1;0
12;2025-11-01;2;0
12;2025-11-01;3;0
12;2025-11-01;4;0
12;2025-11-01;5;250
12;2025-11-01;6;1408
12;2025-11-01;7;2706
12;2025-11-01;8;3447
12;2025-11-01;9;2415
12;2025-11-01;10;1948
12;2025-11-01;11;1981
12;2025-11-01;12;2036
12;2025-11-01;13;2072
12;2025-11-01;14;2086
12;2025-11-01;15;2398
12;2025-11-01;16;3013
12;2025-11-01;17;3035
12;2025-11-01;18;2640
12;2025-11-01;19;2259
12;2025-11-01;20;1460
12;2025-11-01;21;990
12;2025-11-01;22;517
12;2025-11-01;23;301
12;2025-11-02;0;0
12;2025-11-02;1;0
12;2025-11-02;2;0
12;2025-11-02;3;0
12;2025-11-02;4;0
12;2025-11-02;5;137
12;2025-11-02;6;556
12;2025-11-02;7;659
12;2025-11-02;8;753
12;2025-11-02;9;939
12;2025-11-02;10;1154
12;2025-11-02;11;1289
12;2025-11-02;12;1356
12;2025-11-02;13;1588
12;2025-11-02;14;1524
12;2025-11-02;15;1394
12;2025-11-02;16;1515
12;2025-11-02;17;1519
12;2025-11-02;18;1346
12;2025-11-02;19;1085
12;2025-11-02;20;821
12;2025-11-02;21;618
12;2025-11-02;22;423
12;2025-11-02;23;224
12;2025-11-03;0;0
12;2025-11-03;1;0
12;2025-11-03;2;0
12;2025-11-03;3;0
12;2025-11-03;4;0
12;2025-11-03;5;131
12;2025-11-03;6;532
12;2025-11-03;7;632
12;2025-11-03;8;722
12;2025-11-03;9;900
12;2025-11-03;10;1106
12;2025-11-03;11;1235
12;2025-11-03;12;1300
12;2025-11-03;13;1522
12;2025-11-03;14;1461
12;2025-11-03;15;1336
12;2025-11-03;16;1453
12;2025-11-03;17;1456
12;2025-11-03;18;1290
12;2025-11-03;19;1040
12;2025-11-03;20;787
12;2025-11-03;21;593
12;2025-11-03;22;405
12;2025-11-03;23;215
12;2025-11-04;0;0
12;2025-11-04;1;0
12;2025-11-04;2;0
12;2025-11-04;3;0
12;2025-11-04;4;0
12;2025-11-04;5;135
12;2025-11-04;6;549
12;2025-11-04;7;651
12;2025-11-04;8;743
12;2025-11-04;9;927
12;2025-11-04;10;1139
12;2025-11-04;11;1273
12;2025-11-04;12;1339
12;2025-11-04;13;1568
12;2025-11-04;14;1505
12;2025-11-04;15;1377
12;2025-11-04;16;1496
12;2025-11-04;17;1500
12;2025-11-04;18;1329
12;2025-11-04;19;1071
12;2025-11-04;20;810
12;2025-11-04;21;611
12;2025-11-04;22;418
12;2025-11-04;23;222
12;2025-11-05;0;0
12;2025-11-05;1;0
12;2025-11-05;2;0
12;2025-11-05;3;0
12;2025-11-05;4;0
12;2025-11-05;5;245
12;2025-11-05;6;1418
12;2025-11-05;7;2663
12;2025-11-05;8;3544
12;2025-11-05;9;2498
12;2025-11-05;10;2092
12;2025-11-05;11;1977
12;2025-11-05;12;2033
12;2025-11-05;13;2009
12;2025-11-05;14;2011
12;2025-11-05;15;2207
12;2025-11-05;16;2665
12;2025-11-05;17;2991
12;2025-11-05;18;3163
12;2025-11-05;19;2513
12;2025-11-05;20;1493
12;2025-11-05;21;992
12;2025-11-05;22;513
12;2025-11-05;23;261
12;2025-11-06;0;0
12;2025-11-06;1;0
12;2025-11-06;2;0
12;2025-11-06;3;0
12;2025-11-06;4;0
12;2025-11-06;5;247
12;2025-11-06;6;1392
12;2025-11-06;7;2737
12;2025-11-06;8;3567
12;2025-11-06;9;2404
12;2025-11-06;10;2012
12;2025-11-06;11;2010
12;2025-11-06;12;2069
12;2025-11-06;13;2035
12;2025-11-06;14;2021
12;2025-11-06;15;2266
12;2025-11-06;16;2743
12;2025-11-06;17;3097
12;2025-11-06;18;3166
12;2025-11-06;19;2522
12;2025-11-06;20;1571
12;2025-11-06;21;942
12;2025-11-06;22;491
12;2025-11-06;23;263
12;2025-11-07;0;0
12;2025-11-07;1;0
12;2025-11-07;2;0
12;2025-11-07;3;0
12;2025-11-07;4;0
12;2025-11-07;5;248
12;2025-11-07;6;1398
12;2025-11-07;7;2686
12;2025-11-07;8;3422
12;2025-11-07;9;2398
12;2025-11-07;10;1934
12;2025-11-07;11;1967
12;2025-11-07;12;2021
12;2025-11-07;13;2057
12;2025-11-07;14;2071
12;2025-11-07;15;2381
12;2025-11-07;16;2991
12;2025-11-07;17;3013
12;2025-11-07;18;2622
12;2025-11-07;19;2243
12;2025-11-07;20;1449
12;2025-11-07;21;983
12;2025-11-07;22;513
12;2025-11-07;23;299
12;2025-11-08;0;0
12;2025-11-08;1;0
12;2025-11-08;2;0
12;2025-11-08;3;0
12;2025-11-08;4;0
12;2025-11-08;5;189
12;2025-11-08;6;834
12;2025-11-08;7;900
12;2025-11-08;8;1007
12;2025-11-08;9;1198
12;2025-11-08;10;1398
12;2025-11-08;11;1474
12;2025-11-08;12;1464
12;2025-11-08;13;1692
12;2025-11-08;14;1591
12;2025-11-08;15;1504
12;2025-11-08;16;1573
12;2025-11-08;17;1516
12;2025-11-08;18;1449
12;2025-11-08;19;1392
12;2025-11-08;20;964
12;2025-11-08;21;735
12;2025-11-08;22;412
12;2025-11-08;23;286
12;2025-11-09;0;0
12;2025-11-09;1;0
12;2025-11-09;2;0
12;2025-11-09;3;0
12;2025-11-09;4;0
12;2025-11-09;5;137
12;2025-11-09;6;556
12;2025-11-09;7;659
12;2025-11-09;8;753
12;2025-11-09;9;939
12;2025-11-09;10;1154
12;2025-11-09;11;1289
12;2025-11-09;12;1356
12;2025-11-09;13;1588
12;2025-11-09;14;1524
12;2025-11-09;15;1394
12;2025-11-09;16;1515
12;2025-11-09;17;1519
12;2025-11-09;18;1346
12;2025-11-09;19;1085
12;2025-11-09;20;821
12;2025-11-09;21;618
12;2025-11-09;22;423
12;2025-11-09;23;224
12;2025-11-10;0;0
12;2025-11-10;1;0
12;2025-11-10;2;0
12;2025-11-10;3;0
12;2025-11-10;4;0
12;2025-11-10;5;248
12;2025-11-10;6;1395
12;2025-11-10;7;2660
12;2025-11-10;8;3555
12;2025-11-10;9;2423
12;2025-11-10;10;1910
12;2025-11-10;11;1854
12;2025-11-10;12;1988
12;2025-11-10;13;1902
12;2025-11-10;14;1891
12;2025-11-10;15;2209
12;2025-11-10;16;2648
12;2025-11-10;17;2984
12;2025-11-10;18;3177
12;2025-11-10;19;2488
12;2025-11-10;20;1575
12;2025-11-10;21;918
12;2025-11-10;22;455
12;2025-11-10;23;232
12;2025-11-11;0;0
12;2025-11-11;1;0
12;2025-11-11;2;0
12;2025-11-11;3;0
12;2025-11-11;4;0
12;2025-11-11;5;261
12;2025-11-11;6;1413
12;2025-11-11;7;2794
12;2025-11-11;8;3689
12;2025-11-11;9;2500
12;2025-11-11;10;2024
12;2025-11-11;11;2021
12;2025-11-11;12;2033
12;2025-11-11;13;2039
12;2025-11-11;14;1970
12;2025-11-11;15;2216
12;2025-11-11;16;2651
12;2025-11-11;17;3060
12;2025-11-11;18;3256
12;2025-11-11;19;2527
12;2025-11-11;20;1525
12;2025-11-11;21;920
12;2025-11-11;22;478
12;2025-11-11;23;239
12;2025-11-12;0;0
12;2025-11-12;1;0
12;2025-11-12;2;0
12;2025-11-12;3;0
12;2025-11-12;4;0
12;2025-11-12;5;245
12;2025-11-12;6;1418
12;2025-11-12;7;2663
12;2025-11-12;8;3544
12;2025-11-12;9;2498
12;2025-11-12;10;2092
12;2025-11-12;11;1977
12;2025-11-12;12;2033
12;2025-11-12;13;2009
12;2025-11-12;14;2011
12;2025-11-12;15;2207
12;2025-11-12;16;2665
12;2025-11-12;17;2991
12;2025-11-12;18;3163
12;2025-11-12;19;2513
12;2025-11-12;20;1493
12;2025-11-12;21;992
12;2025-11-12;22;513
12;2025-11-12;23;261
12;2025-11-13;0;0
12;2025-11-13;1;0
12;2025-11-13;2;0
12;2025-11-13;3;0
12;2025-11-13;4;0
12;2025-11-13;5;247
12;2025-11-13;6;1392
12;2025-11-13;7;2737
12;2025-11-13;8;3567
12;2025-11-13;9;2404
12;2025-11-13;10;2012
12;2025-11-13;11;2010
12;2025-11-13;12;2069
12;2025-11-13;13;2035
12;2025-11-13;14;2021
12;2025-11-13;15;2266
12;2025-11-13;16;2743
12;2025-11-13;17;3097
12;2025-11-13;18;3166
12;2025-11-13;19;2522
12;2025-11-13;20;1571
12;2025-11-13;21;942
12;2025-11-13;22;491
12;2025-11-13;23;263
12;2025-11-14;0;0
12;2025-11-14;1;0
12;2025-11-14;2;0
12;2025-11-14;3;0
12;2025-11-14;4;0
12;2025-11-14;5;248
12;2025-11-14;6;1398
12;2025-11-14;7;2686
12;2025-11-14;8;3422
12;2025-11-14;9;2398
12;2025-11-14;10;1934
12;2025-11-14;11;1967
12;2025-11-14;12;2021
12;2025-11-14;13;2057
12;2025-11-14;14;2071
12;2025-11-14;15;2381
12;2025-11-14;16;2991
12;2025-11-14;17;3013
12;2025-11-14;18;2622
12;2025-11-14;19;2243
12;2025-11-14;20;1449
12;2025-11-14;21;983
12;2025-11-14;22;513
12;2025-11-14;23;299
12;2025-11-15;0;0
12;2025-11-15;1;0
12;2025-11-15;2;0
12;2025-11-15;3;0
12;2025-11-15;4;0
12;2025-11-15;5;189
12;2025-11-15;6;834
12;2025-11-15;7;900
12;2025-11-15;8;1007
12;2025-11-15;9;1198
12;2025-11-15;10;1398
12;2025-11-15;11;1474
12;2025-11-15;12;1464
12;2025-11-15;13;1692
12;2025-11-15;14;1591
12;2025-11-15;15;1504
12;2025-11-15;16;1573
12;2025-11-15;17;1516
12;2025-11-15;18;1449
12;2025-11-15;19;1392
12;2025-11-15;20;964
12;2025-11-15;21;735
12;2025-11-15;22;412
12;2025-11-15;23;286
12;2025-11-16;0;0
12;2025-11-16;1;0
12;2025-11-16;2;0
12;2025-11-16;3;0
12;2025-11-16;4;0
12;2025-11-16;5;137
12;2025-11-16;6;556
12;2025-11-16;7;659
12;2025-11-16;8;753
12;2025-11-16;9;939
12;2025-11-16;10;1154
12;2025-11-16;11;1289
12;2025-11-16;12;1356
12;2025-11-16;13;1588
12;2025-11-16;14;1524
12;2025-11-16;15;1394
12;2025-11-16;16;1515
12;2025-11-16;17;1519
12;2025-11-16;18;1346
12;2025-11-16;19;1085
12;2025-11-16;20;821
12;2025-11-16;21;618
12;2025-11-16;22;423
12;2025-11-16;23;224
12;2025-11-17;0;0
12;2025-11-17;1;0
12;2025-11-17;2;0
12;2025-11-17;3;0
12;2025-11-17;4;0
12;2025-11-17;5;248
12;2025-11-17;6;1395
12;2025-11-17;7;2660
12;2025-11-17;8;3555
12;2025-11-17;9;2423
12;2025-11-17;10;1910
12;2025-11-17;11;1854
12;2025-11-17;12;1988
12;2025-11-17;13;1902
12;2025-11-17;14;1891
12;2025-11-17;15;2209
12;2025-11-17;16;2648
12;2025-11-17;17;2984
12;2025-11-17;18;3177
12;2025-11-17;19;2488
12;2025-11-17;20;1575
12;2025-11-17;21;918
12;2025-11-17;22;455
12;2025-11-17;23;232
12;2025-11-18;0;0
12;2025-11-18;1;0
12;2025-11-18;2;0
12;2025-11-18;3;0
12;2025-11-18;4;0
12;2025-11-18;5;261
12;2025-11-18;6;1413
12;2025-11-18;7;2794
12;2025-11-18;8;3689
12;2025-11-18;9;2500
12;2025-11-18;10;2024
12;2025-11-18;11;2021
12;2025-11-18;12;2033
12;2025-11-18;13;2039
12;2025-11-18;14;1970
12;2025-11-18;15;2216
12;2025-11-18;16;2651
12;2025-11-18;17;3060
12;2025-11-18;18;3256
12;2025-11-18;19;2527
12;2025-11-18;20;1525
12;2025-11-18;21;920
12;2025-11-18;22;478
12;2025-11-18;23;239
12;2025-11-19;0;0
12;2025-11-19;1;0
12;2025-11-19;2;0
12;2025-11-19;3;0
12;2025-11-19;4;0
12;2025-11-19;5;245
12;2025-11-19;6;1418
12;2025-11-19;7;2663
12;2025-11-19;8;3544
12;2025-11-19;9;2498
12;2025-11-19;10;2092
12;2025-11-19;11;1977
12;2025-11-19;12;2033
12;2025-11-19;13;2009
12;2025-11-19;14;2011
12;2025-11-19;15;2207
12;2025-11-19;16;2665
12;2025-11-19;17;2991
12;2025-11-19;18;3163
12;2025-11-19;19;2513
12;2025-11-19;20;1493
12;2025-11-19;21;992
12;2025-11-19;22;513
12;2025-11-19;23;261
12;2025-11-20;0;0
12;2025-11-20;1;0
12;2025-11-20;2;0
12;2025-11-20;3;0
12;2025-11-20;4;0
12;2025-11-20;5;247
12;2025-11-20;6;1392
12;2025-11-20;7;2737
12;2025-11-20;8;3567
12;2025-11-20;9;2404
12;2025-11-20;10;2012
12;2025-11-20;11;2010
12;2025-11-20;12;2069
12;2025-11-20;13;2035
12;2025-11-20;14;2021
12;2025-11-20;15;2266
12;2025-11-20;16;2743
12;2025-11-20;17;3097
12;2025-11-20;18;3166
12;2025-11-20;19;2522
12;2025-11-20;20;1571
12;2025-11-20;21;942
12;2025-11-20;22;491
12;2025-11-20;23;263
12;2025-11-21;0;0
12;2025-11-21;1;0
12;2025-11-21;2;0
12;2025-11-21;3;0
12;2025-11-21;4;0
12;2025-11-21;5;248
12;2025-11-21;6;1398
12;2025-11-21;7;2686
12;2025-11-21;8;3422
12;2025-11-21;9;2398
12;2025-11-21;10;1934
12;2025-11-21;11;1967
12;2025-11-21;12;2021
12;2025-11-21;13;2057
12;2025-11-21;14;2071
12;2025-11-21;15;2381
12;2025-11-21;16;2991
12;2025-11-21;17;3013
12;2025-11-21;18;2622
12;2025-11-21;19;2243
12;2025-11-21;20;1449
12;2025-11-21;21;983
12;2025-11-21;22;513
12;2025-11-21;23;299
12;2025-11-22;0;0
12;2025-11-22;1;0
12;2025-11-22;2;0
12;2025-11-22;3;0
12;2025-11-22;4;0
12;2025-11-22;5;189
12;2025-11-22;6;834
12;2025-11-22;7;900
12;2025-11-22;8;1007
12;2025-11-22;9;1198
12;2025-11-22;10;1398
12;2025-11-22;11;1474
12;2025-11-22;12;1464
12;2025-11-22;13;1692
12;2025-11-22;14;1591
12;2025-11-22;15;1504
12;2025-11-22;16;1573
12;2025-11-22;17;1516
12;2025-11-22;18;1449
12;2025-11-22;19;1392
12;2025-11-22;20;964
12;2025-11-22;21;735
12;2025-11-22;22;412
12;2025-11-22;23;286
12;2025-11-23;0;0
12;2025-11-23;1;0
12;2025-11-23;2;0
12;2025-11-23;3;0
12;2025-11-23;4;0
12;2025-11-23;5;137
12;2025-11-23;6;556
12;2025-11-23;7;659
12;2025-11-23;8;753
12;2025-11-23;9;939
12;2025-11-23;10;1154
12;2025-11-23;11;1289
12;2025-11-23;12;1356
12;2025-11-23;13;1588
12;2025-11-23;14;1524
12;2025-11-23;15;1394
12;2025-11-23;16;1515
12;2025-11-23;17;1519
12;2025-11-23;18;1346
12;2025-11-23;19;1085
12;2025-11-23;20;821
12;2025-11-23;21;618
12;2025-11-23;22;423
12;2025-11-23;23;224
12;2025-11-24;0;0
12;2025-11-24;1;0
12;2025-11-24;2;0
12;2025-11-24;3;0
12;2025-11-24;4;0
12;2025-11-24;5;248
12;2025-11-24;6;1395
12;2025-11-24;7;2660
12;2025-11-24;8;3555
12;2025-11-24;9;2423
12;2025-11-24;10;1910
12;2025-11-24;11;1854
12;2025-11-24;12;1988
12;2025-11-24;13;1902
12;2025-11-24;14;1891
12;2025-11-24;15;2209
12;2025-11-24;16;2648
12;2025-11-24;17;2984
12;2025-11-24;18;3177
12;2025-11-24;19;2488
12;2025-11-24;20;1575
12;2025-11-24;21;918
12;2025-11-24;22;455
12;2025-11-24;23;232
12;2025-11-25;0;0
12;2025-11-25;1;0
12;2025-11-25;2;0
12;2025-11-25;3;0
12;2025-11-25;4;0
12;2025-11-25;5;261
12;2025-11-25;6;1413
12;2025-11-25;7;2794
12;2025-11-25;8;3689
12;2025-11-25;9;2500
12;2025-11-25;10;2024
12;2025-11-25;11;2021
12;2025-11-25;12;2033
12;2025-11-25;13;2039
12;2025-11-25;14;1970
12;2025-11-25;15;2216
12;2025-11-25;16;2651
12;2025-11-25;17;3060
12;2025-11-25;18;3256
12;2025-11-25;19;2527
12;2025-11-25;20;1525
12;2025-11-25;21;920
12;2025-11-25;22;478
12;2025-11-25;23;239
12;2025-11-26;0;0
12;2025-11-26;1;0
12;2025-11-26;2;0
12;2025-11-26;3;0
12;2025-11-26;4;0
12;2025-11-26;5;245
12;2025-11-26;6;1418
12;2025-11-26;7;2663
12;2025-11-26;8;3544
12;2025-11-26;9;2498
12;2025-11-26;10;2092
12;2025-11-26;11;1977
12;2025-11-26;12;2033
12;2025-11-26;13;2009
12;2025-11-26;14;2011
12;2025-11-26;15;2207
12;2025-11-26;16;2665
12;2025-11-26;17;2991
12;2025-11-26;18;3163
12;2025-11-26;19;2513
12;2025-11-26;20;1493
12;2025-11-26;21;992
12;2025-11-26;22;513
12;2025-11-26;23;261
12;2025-11-27;0;0
12;2025-11-27;1;0
12;2025-11-27;2;0
12;2025-11-27;3;0
12;2025-11-27;4;0
12;2025-11-27;5;247
12;2025-11-27;6;1392
12;2025-11-27;7;2737
12;2025-11-27;8;3567
12;2025-11-27;9;2404
12;2025-11-27;10;2012
12;2025-11-27;11;2010
12;2025-11-27;12;2069
12;2025-11-27;13;2035
12;2025-11-27;14;2021
12;2025-11-27;15;2266
12;2025-11-27;16;2743
12;2025-11-27;17;3097
12;2025-11-27;18;3166
12;2025-11-27;19;2522
12;2025-11-27;20;1571
12;2025-11-27;21;942
12;2025-11-27;22;491
12;2025-11-27;23;263
12;2025-11-28;0;0
12;2025-11-28;1;0
12;2025-11-28;2;0
12;2025-11-28;3;0
12;2025-11-28;4;0
12;2025-11-28;5;248
12;2025-11-28;6;1398
12;2025-11-28;7;2686
12;2025-11-28;8;3422
12;2025-11-28;9;2398
12;2025-11-28;10;1934
12;2025-11-28;11;1967
12;2025-11-28;12;2021
12;2025-11-28;13;2057
12;2025-11-28;14;2071
12;2025-11-28;15;2381
12;2025-11-28;16;2991
12;2025-11-28;17;3013
12;2025-11-28;18;2622
12;2025-11-28;19;2243
12;2025-11-28;20;1449
12;2025-11-28;21;983
12;2025-11-28;22;513
12;2025-11-28;23;299
12;2025-11-29;0;0
12;2025-11-29;1;0
12;2025-11-29;2;0
12;2025-11-29;3;0
12;2025-11-29;4;0
12;2025-11-29;5;189
12;2025-11-29;6;834
12;2025-11-29;7;900
12;2025-11-29;8;1007
12;2025-11-29;9;1198
12;2025-11-29;10;1398
12;2025-11-29;11;1474
12;2025-11-29;12;1464
12;2025-11-29;13;1692
12;2025-11-29;14;1591
12;2025-11-29;15;1504
12;2025-11-29;16;1573
12;2025-11-29;17;1516
12;2025-11-29;18;1449
12;2025-11-29;19;1392
12;2025-11-29;20;964
12;2025-11-29;21;735
12;2025-11-29;22;412
12;2025-11-29;23;286
12;2025-11-30;0;0
12;2025-11-30;1;0
12;2025-11-30;2;0
12;2025-11-30;3;0
12;2025-11-30;4;0
12;2025-11-30;5;137
12;2025-11-30;6;556
12;2025-11-30;7;659
12;2025-11-30;8;753
12;2025-11-30;9;939
12;2025-11-30;10;1154
12;2025-11-30;11;1289
12;2025-11-30;12;1356
12;2025-11-30;13;1588
12;2025-11-30;14;1524
12;2025-11-30;15;1394
12;2025-11-30;16;1515
12;2025-11-30;17;1519
12;2025-11-30;18;1346
12;2025-11-30;19;1085
12;2025-11-30;20;821
12;2025-11-30;21;618
12;2025-11-30;22;423
12;2025-11-30;23;224
12;2025-12-01;0;0
12;2025-12-01;1;0
12;2025-12-01;2;0
12;2025-12-01;3;0
12;2025-12-01;4;0
12;2025-12-01;5;248
12;2025-12-01;6;1395
12;2025-12-01;7;2660
12;2025-12-01;8;3555
12;2025-12-01;9;2423
12;2025-12-01;10;1910
12;2025-12-01;11;1854
12;2025-12-01;12;1988
12;2025-12-01;13;1902
12;2025-12-01;14;1891
12;2025-12-01;15;2209
12;2025-12-01;16;2648
12;2025-12-01;17;2984
12;2025-12-01;18;3177
12;2025-12-01;19;2488
12;2025-12-01;20;1575
12;2025-12-01;21;918
12;2025-12-01;22;455
12;2025-12-01;23;232
12;2025-12-02;0;0
12;2025-12-02;1;0
12;2025-12-02;2;0
12;2025-12-02;3;0
12;2025-12-02;4;0
12;2025-12-02;5;261
12;2025-12-02;6;1413
12;2025-12-02;7;2794
12;2025-12-02;8;3689
12;2025-12-02;9;2500
12;2025-12-02;10;2024
12;2025-12-02;11;2021
12;2025-12-02;12;2033
12;2025-12-02;13;2039
12;2025-12-02;14;1970
12;2025-12-02;15;2216
12;2025-12-02;16;2651
12;2025-12-02;17;3060
12;2025-12-02;18;3256
12;2025-12-02;19;2527
12;2025-12-02;20;1525
12;2025-12-02;21;920
12;2025-12-02;22;478
12;2025-12-02;23;239
12;2025-12-03;0;0
12;2025-12-03;1;0
12;2025-12-03;2;0
12;2025-12-03;3;0
12;2025-12-03;4;0
12;2025-12-03;5;245
12;2025-12-03;6;1418
12;2025-12-03;7;2663
12;2025-12-03;8;3544
12;2025-12-03;9;2498
12;2025-12-03;10;2092
12;2025-12-03;11;1977
12;2025-12-03;12;2033
12;2025-12-03;13;2009
12;2025-12-03;14;2011
12;2025-12-03;15;2207
12;2025-12-03;16;2665
12;2025-12-03;17;2991
12;2025-12-03;18;3163
12;2025-12-03;19;2513
12;2025-12-03;20;1493
12;2025-12-03;21;992
12;2025-12-03;22;513
12;2025-12-03;23;261
12;2025-12-04;0;0
12;2025-12-04;1;0
12;2025-12-04;2;0
12;2025-12-04;3;0
12;2025-12-04;4;0
12;2025-12-04;5;247
12;2025-12-04;6;1392
12;2025-12-04;7;2737
12;2025-12-04;8;3567
12;2025-12-04;9;2404
12;2025-12-04;10;2012
12;2025-12-04;11;2010
12;2025-12-04;12;2069
12;2025-12-04;13;2035
12;2025-12-04;14;2021
12;2025-12-04;15;2266
12;2025-12-04;16;2743
12;2025-12-04;17;3097
12;2025-12-04;18;3166
12;2025-12-04;19;2522
12;2025-12-04;20;1571
12;2025-12-04;21;942
12;2025-12-04;22;491
12;2025-12-04;23;263
12;2025-12-05;0;0
12;2025-12-05;1;0
12;2025-12-05;2;0
12;2025-12-05;3;0
12;2025-12-05;4;0
12;2025-12-05;5;248
12;2025-12-05;6;1398
12;2025-12-05;7;2686
12;2025-12-05;8;3422
12;2025-12-05;9;2398
12;2025-12-05;10;1934
12;2025-12-05;11;1967
12;2025-12-05;12;2021
12;2025-12-05;13;2057
12;2025-12-05;14;2071
12;2025-12-05;15;2381
12;2025-12-05;16;2991
12;2025-12-05;17;3013
12;2025-12-05;18;2622
12;2025-12-05;19;2243
12;2025-12-05;20;1449
12;2025-12-05;21;983
12;2025-12-05;22;513
12;2025-12-05;23;299
12;2025-12-06;0;0
12;2025-12-06;1;0
12;2025-12-06;2;0
12;2025-12-06;3;0
12;2025-12-06;4;0
12;2025-12-06;5;189
12;2025-12-06;6;834
12;2025-12-06;7;900
12;2025-12-06;8;1007
12;2025-12-06;9;1198
12;2025-12-06;10;1398
12;2025-12-06;11;1474
12;2025-12-06;12;1464
12;2025-12-06;13;1692
12;2025-12-06;14;1591
12;2025-12-06;15;1504
12;2025-12-06;16;1573
12;2025-12-06;17;1516
12;2025-12-06;18;1449
12;2025-12-06;19;1392
12;2025-12-06;20;964
12;2025-12-06;21;735
12;2025-12-06;22;412
12;2025-12-06;23;286
12;2025-12-07;0;0
12;2025-12-07;1;0
12;2025-12-07;2;0
12;2025-12-07;3;0
12;2025-12-07;4;0
12;2025-12-07;5;137
12;2025-12-07;6;556
12;2025-12-07;7;659
12;2025-12-07;8;753
12;2025-12-07;9;939
12;2025-12-07;10;1154
12;2025-12-07;11;1289
12;2025-12-07;12;1356
12;2025-12-07;13;1588
12;2025-12-07;14;1524
12;2025-12-07;15;1394
12;2025-12-07;16;1515
12;2025-12-07;17;1519
12;2025-12-07;18;1346
12;2025-12-07;19;1085
12;2025-12-07;20;821
12;2025-12-07;21;618
12;2025-12-07;22;423
12;2025-12-07;23;224
12;2025-12-08;0;0
12;2025-12-08;1;0
12;2025-12-08;2;0
12;2025-12-08;3;0
12;2025-12-08;4;0
12;2025-12-08;5;248
12;2025-12-08;6;1395
12;2025-12-08;7;2660
12;2025-12-08;8;3555
12;2025-12-08;9;2423
12;2025-12-08;10;1910
12;2025-12-08;11;1854
12;2025-12-08;12;1988
12;2025-12-08;13;1902
12;2025-12-08;14;1891
12;2025-12-08;15;2209
12;2025-12-08;16;2648
12;2025-12-08;17;2984
12;2025-12-08;18;3177
12;2025-12-08;19;2488
12;2025-12-08;20;1575
12;2025-12-08;21;918
12;2025-12-08;22;455
12;2025-12-08;23;232
12;2025-12-09;0;0
12;2025-12-09;1;0
12;2025-12-09;2;0
12;2025-12-09;3;0
12;2025-12-09;4;0
12;2025-12-09;5;261
12;2025-12-09;6;1413
12;2025-12-09;7;2794
12;2025-12-09;8;3689
12;2025-12-09;9;2500
12;2025-12-09;10;2024
12;2025-12-09;11;2021
12;2025-12-09;12;2033
12;2025-12-09;13;2039
12;2025-12-09;14;1970
12;2025-12-09;15;2216
12;2025-12-09;16;2651
12;2025-12-09;17;3060
12;2025-12-09;18;3256
12;2025-12-09;19;2527
12;2025-12-09;20;1525
12;2025-12-09;21;920
12;2025-12-09;22;478
12;2025-12-09;23;239
12;2025-12-10;0;0
12;2025-12-10;1;0
12;2025-12-10;2;0
12;2025-12-10;3;0
12;2025-12-10;4;0
12;2025-12-10;5;245
12;2025-12-10;6;1418
12;2025-12-10;7;2663
12;2025-12-10;8;3544
12;2025-12-10;9;2498
12;2025-12-10;10;2092
12;2025-12-10;11;1977
12;2025-12-10;12;2033
12;2025-12-10;13;2009
12;2025-12-10;14;2011
12;2025-12-10;15;2207
12;2025-12-10;16;2665
12;2025-12-10;17;2991
12;2025-12-10;18;3163
12;2025-12-10;19;2513
12;2025-12-10;20;1493
12;2025-12-10;21;992
12;2025-12-10;22;513
12;2025-12-10;23;261
12;2025-12-11;0;0
12;2025-12-11;1;0
12;2025-12-11;2;0
12;2025-12-11;3;0
12;2025-12-11;4;0
12;2025-12-11;5;247
12;2025-12-11;6;1392
12;2025-12-11;7;2737
12;2025-12-11;8;3567
12;2025-12-11;9;2404
12;2025-12-11;10;2012
12;2025-12-11;11;2010
12;2025-12-11;12;2069
12;2025-12-11;13;2035
12;2025-12-11;14;2021
12;2025-12-11;15;2266
12;2025-12-11;16;2743
12;2025-12-11;17;3097
12;2025-12-11;18;3166
12;2025-12-11;19;2522
12;2025-12-11;20;1571
12;2025-12-11;21;942
12;2025-12-11;22;491
12;2025-12-11;23;263
12;2025-12-12;0;0
12;2025-12-12;1;0
12;2025-12-12;2;0
12;2025-12-12;3;0
12;2025-12-12;4;0
12;2025-12-12;5;248
12;2025-12-12;6;1398
12;2025-12-12;7;2686
12;2025-12-12;8;3422
12;2025-12-12;9;2398
12;2025-12-12;10;1934
12;2025-12-12;11;1967
12;2025-12-12;12;2021
12;2025-12-12;13;2057
12;2025-12-12;14;2071
12;2025-12-12;15;2381
12;2025-12-12;16;2991
12;2025-12-12;17;3013
12;2025-12-12;18;2622
12;2025-12-12;19;2243
12;2025-12-12;20;1449
12;2025-12-12;21;983
12;2025-12-12;22;513
12;2025-12-12;23;299
12;2025-12-13;0;0
12;2025-12-13;1;0
12;2025-12-13;2;0
12;2025-12-13;3;0
12;2025-12-13;4;0
12;2025-12-13;5;189
12;2025-12-13;6;834
12;2025-12-13;7;900
12;2025-12-13;8;1007
12;2025-12-13;9;1198
12;2025-12-13;10;1398
12;2025-12-13;11;1474
12;2025-12-13;12;1464
12;2025-12-13;13;1692
12;2025-12-13;14;1591
12;2025-12-13;15;1504
12;2025-12-13;16;1573
12;2025-12-13;17;1516
12;2025-12-13;18;1449
12;2025-12-13;19;1392
12;2025-12-13;20;964
12;2025-12-13;21;735
12;2025-12-13;22;412
12;2025-12-13;23;286
12;2025-12-14;0;0
12;2025-12-14;1;0
12;2025-12-14;2;0
12;2025-12-14;3;0
12;2025-12-14;4;0
12;2025-12-14;5;137
12;2025-12-14;6;556
12;2025-12-14;7;659
12;2025-12-14;8;753
12;2025-12-14;9;939
12;2025-12-14;10;1154
12;2025-12-14;11;1289
12;2025-12-14;12;1356
12;2025-12-14;13;1588
12;2025-12-14;14;1524
12;2025-12-14;15;1394
12;2025-12-14;16;1515
12;2025-12-14;17;1519
12;2025-12-14;18;1346
12;2025-12-14;19;1085
12;2025-12-14;20;821
12;2025-12-14;21;618
12;2025-12-14;22;423
12;2025-12-14;23;224
12;2025-12-15;0;0
12;2025-12-15;1;0
12;2025-12-15;2;0
12;2025-12-15;3;0
12;2025-12-15;4;0
12;2025-12-15;5;248
12;2025-12-15;6;1395
12;2025-12-15;7;2660
12;2025-12-15;8;3555
12;2025-12-15;9;2423
12;2025-12-15;10;1910
12;2025-12-15;11;1854
12;2025-12-15;12;1988
12;2025-12-15;13;1902
12;2025-12-15;14;1891
12;2025-12-15;15;2209
12;2025-12-15;16;2648
12;2025-12-15;17;2984
12;2025-12-15;18;3177
12;2025-12-15;19;2488
12;2025-12-15;20;1575
12;2025-12-15;21;918
12;2025-12-15;22;455
12;2025-12-15;23;232
12;2025-12-16;0;0
12;2025-12-16;1;0
12;2025-12-16;2;0
12;2025-12-16;3;0
12;2025-12-16;4;0
12;2025-12-16;5;261
12;2025-12-16;6;1413
12;2025-12-16;7;2794
12;2025-12-16;8;3689
12;2025-12-16;9;2500
12;2025-12-16;10;2024
12;2025-12-16;11;2021
12;2025-12-16;12;2033
12;2025-12-16;13;2039
12;2025-12-16;14;1970
12;2025-12-16;15;2216
12;2025-12-16;16;2651
12;2025-12-16;17;3060
12;2025-12-16;18;3256
12;2025-12-16;19;2527
12;2025-12-16;20;1525
12;2025-12-16;21;920
12;2025-12-16;22;478
12;2025-12-16;23;239
12;2025-12-17;0;0
12;2025-12-17;1;0
12;2025-12-17;2;0
12;2025-12-17;3;0
12;2025-12-17;4;0
12;2025-12-17;5;245
12;2025-12-17;6;1418
12;2025-12-17;7;2663
12;2025-12-17;8;3544
12;2025-12-17;9;2498
12;2025-12-17;10;2092
12;2025-12-17;11;1977
12;2025-12-17;12;2033
12;2025-12-17;13;2009
12;2025-12-17;14;2011
12;2025-12-17;15;2207
12;2025-12-17;16;2665
12;2025-12-17;17;2991
12;2025-12-17;18;3163
12;2025-12-17;19;2513
12;2025-12-17;20;1493
12;2025-12-17;21;992
12;2025-12-17;22;513
12;2025-12-17;23;261
12;2025-12-18;0;0
12;2025-12-18;1;0
12;2025-12-18;2;0
12;2025-12-18;3;0
12;2025-12-18;4;0
12;2025-12-18;5;247
12;2025-12-18;6;1392
12;2025-12-18;7;2737
12;2025-12-18;8;3567
12;2025-12-18;9;2404
12;2025-12-18;10;2012
12;2025-12-18;11;2010
12;2025-12-18;12;2069
12;2025-12-18;13;2035
12;2025-12-18;14;2021
12;2025-12-18;15;2266
12;2025-12-18;16;2743
12;2025-12-18;17;3097
12;2025-12-18;18;3166
12;2025-12-18;19;2522
12;2025-12-18;20;1571
12;2025-12-18;21;942
12;2025-12-18;22;491
12;2025-12-18;23;263
12;2025-12-19;0;0
12;2025-12-19;1;0
12;2025-12-19;2;0
12;2025-12-19;3;0
12;2025-12-19;4;0
12;2025-12-19;5;248
12;2025-12-19;6;1398
12;2025-12-19;7;2686
12;2025-12-19;8;3422
12;2025-12-19;9;2398
12;2025-12-19;10;1934
12;2025-12-19;11;1967
12;2025-12-19;12;2021
12;2025-12-19;13;2057
12;2025-12-19;14;2071
12;2025-12-19;15;2381
12;2025-12-19;16;2991
12;2025-12-19;17;3013
12;2025-12-19;18;2622
12;2025-12-19;19;2243
12;2025-12-19;20;1449
12;2025-12-19;21;983
12;2025-12-19;22;513
12;2025-12-19;23;299
12;2025-12-20;0;0
12;2025-12-20;1;0
12;2025-12-20;2;0
12;2025-12-20;3;0
12;2025-12-20;4;0
12;2025-12-20;5;189
12;2025-12-20;6;834
12;2025-12-20;7;900
12;2025-12-20;8;1007
12;2025-12-20;9;1198
12;2025-12-20;10;1398
12;2025-12-20;11;1474
12;2025-12-20;12;1464
12;2025-12-20;13;1692
12;2025-12-20;14;1591
12;2025-12-20;15;1504
12;2025-12-20;16;1573
12;2025-12-20;17;1516
12;2025-12-20;18;1449
12;2025-12-20;19;1392
12;2025-12-20;20;964
12;2025-12-20;21;735
12;2025-12-20;22;412
12;2025-12-20;23;286
12;2025-12-21;0;0
12;2025-12-21;1;0
12;2025-12-21;2;0
12;2025-12-21;3;0
12;2025-12-21;4;0
12;2025-12-21;5;137
12;2025-12-21;6;556
12;2025-12-21;7;659
12;2025-12-21;8;753
12;2025-12-21;9;939
12;2025-12-21;10;1154
12;2025-12-21;11;1289
12;2025-12-21;12;1356
12;2025-12-21;13;1588
12;2025-12-21;14;1524
12;2025-12-21;15;1394
12;2025-12-21;16;1515
12;2025-12-21;17;1519
12;2025-12-21;18;1346
12;2025-12-21;19;1085
12;2025-12-21;20;821
12;2025-12-21;21;618
12;2025-12-21;22;423
12;2025-12-21;23;224
12;2025-12-22;0;0
12;2025-12-22;1;0
12;2025-12-22;2;0
12;2025-12-22;3;0
12;2025-12-22;4;0
12;2025-12-22;5;248
12;2025-12-22;6;1395
12;2025-12-22;7;2660
12;2025-12-22;8;3555
12;2025-12-22;9;2423
12;2025-12-22;10;1910
12;2025-12-22;11;1854
12;2025-12-22;12;1988
12;2025-12-22;13;1902
12;2025-12-22;14;1891
12;2025-12-22;15;2209
12;2025-12-22;16;2648
12;2025-12-22;17;2984
12;2025-12-22;18;3177
12;2025-12-22;19;2488
12;2025-12-22;20;1575
12;2025-12-22;21;918
12;2025-12-22;22;455
12;2025-12-22;23;232
12;2025-12-23;0;0
12;2025-12-23;1;0
12;2025-12-23;2;0
12;2025-12-23;3;0
12;2025-12-23;4;0
12;2025-12-23;5;261
12;2025-12-23;6;1413
12;2025-12-23;7;2794
12;2025-12-23;8;3689
12;2025-12-23;9;2500
12;2025-12-23;10;2024
12;2025-12-23;11;2021
12;2025-12-23;12;2033
12;2025-12-23;13;2039
12;2025-12-23;14;1970
12;2025-12-23;15;2216
12;2025-12-23;16;2651
12;2025-12-23;17;3060
12;2025-12-23;18;3256
12;2025-12-23;19;2527
12;2025-12-23;20;1525
12;2025-12-23;21;920
12;2025-12-23;22;478
12;2025-12-23;23;239
12;2025-12-24;0;0
12;2025-12-24;1;0
12;2025-12-24;2;0
12;2025-12-24;3;0
12;2025-12-24;4;0
12;2025-12-24;5;245
12;2025-12-24;6;1418
12;2025-12-24;7;2663
12;2025-12-24;8;3544
12;2025-12-24;9;2498
12;2025-12-24;10;2092
12;2025-12-24;11;1977
12;2025-12-24;12;2033
12;2025-12-24;13;2009
12;2025-12-24;14;2011
12;2025-12-24;15;2207
12;2025-12-24;16;2665
12;2025-12-24;17;2991
12;2025-12-24;18;3163
12;2025-12-24;19;2513
12;2025-12-24;20;1493
12;2025-12-24;21;992
12;2025-12-24;22;513
12;2025-12-24;23;261
12;2025-12-25;0;0
12;2025-12-25;1;0
12;2025-12-25;2;0
12;2025-12-25;3;0
12;2025-12-25;4;0
12;2025-12-25;5;247
12;2025-12-25;6;1392
12;2025-12-25;7;2737
12;2025-12-25;8;3567
12;2025-12-25;9;2404
12;2025-12-25;10;2012
12;2025-12-25;11;2010
12;2025-12-25;12;2069
12;2025-12-25;13;2035
12;2025-12-25;14;2021
12;2025-12-25;15;2266
12;2025-12-25;16;2743
12;2025-12-25;17;3097
12;2025-12-25;18;3166
12;2025-12-25;19;2522
12;2025-12-25;20;1571
12;2025-12-25;21;942
12;2025-12-25;22;491
12;2025-12-25;23;263
12;2025-12-26;0;0
12;2025-12-26;1;0
12;2025-12-26;2;0
12;2025-12-26;3;0
12;2025-12-26;4;0
12;2025-12-26;5;248
12;2025-12-26;6;1398
12;2025-12-26;7;2686
12;2025-12-26;8;3422
12;2025-12-26;9;2398
12;2025-12-26;10;1934
12;2025-12-26;11;1967
12;2025-12-26;12;2021
12;2025-12-26;13;2057
12;2025-12-26;14;2071
12;2025-12-26;15;2381
12;2025-12-26;16;2991
12;2025-12-26;17;3013
12;2025-12-26;18;2622
12;2025-12-26;19;2243
12;2025-12-26;20;1449
12;2025-12-26;21;983
12;2025-12-26;22;513
12;2025-12-26;23;299
12;2025-12-27;0;0
12;2025-12-27;1;0
12;2025-12-27;2;0
12;2025-12-27;3;0
12;2025-12-27;4;0
12;2025-12-27;5;189
12;2025-12-27;6;834
12;2025-12-27;7;900
12;2025-12-27;8;1007
12;2025-12-27;9;1198
12;2025-12-27;10;1398
12;2025-12-27;11;1474
12;2025-12-27;12;1464
12;2025-12-27;13;1692
12;2025-12-27;14;1591
12;2025-12-27;15;1504
12;2025-12-27;16;1573
12;2025-12-27;17;1516
12;2025-12-27;18;1449
12;2025-12-27;19;1392
12;2025-12-27;20;964
12;2025-12-27;21;735
12;2025-12-27;22;412
12;2025-12-27;23;286
12;2025-12-28;0;0
12;2025-12-28;1;0
12;2025-12-28;2;0
12;2025-12-28;3;0
12;2025-12-28;4;0
12;2025-12-28;5;137
12;2025-12-28;6;556
12;2025-12-28;7;659
12;2025-12-28;8;753
12;2025-12-28;9;939
12;2025-12-28;10;1154
12;2025-12-28;11;1289
12;2025-12-28;12;1356
12;2025-12-28;13;1588
12;2025-12-28;14;1524
12;2025-12-28;15;1394
12;2025-12-28;16;1515
12;2025-12-28;17;1519
12;2025-12-28;18;1346
12;2025-12-28;19;1085
12;2025-12-28;20;821
12;2025-12-28;21;618
12;2025-12-28;22;423
12;2025-12-28;23;224
12;2025-12-29;0;0
12;2025-12-29;1;0
12;2025-12-29;2;0
12;2025-12-29;3;0
12;2025-12-29;4;0
12;2025-12-29;5;248
12;2025-12-29;6;1395
12;2025-12-29;7;2660
12;2025-12-29;8;3555
12;2025-12-29;9;2423
12;2025-12-29;10;1910
12;2025-12-29;11;1854
12;2025-12-29;12;1988
12;2025-12-29;13;1902
12;2025-12-29;14;1891
12;2025-12-29;15;2209
12;2025-12-29;16;2648
12;2025-12-29;17;2984
12;2025-12-29;18;3177
12;2025-12-29;19;2488
12;2025-12-29;20;1575
12;2025-12-29;21;918
12;2025-12-29;22;455
12;2025-12-29;23;232
12;2025-12-30;0;0
12;2025-12-30;1;0
12;2025-12-30;2;0
12;2025-12-30;3;0
12;2025-12-30;4;0
12;2025-12-30;5;261
12;2025-12-30;6;1413
12;2025-12-30;7;2794
12;2025-12-30;8;3689
12;2025-12-30;9;2500
12;2025-12-30;10;2024
12;2025-12-30;11;2021
12;2025-12-30;12;2033
12;2025-12-30;13;2039
12;2025-12-30;14;1970
12;2025-12-30;15;2216
12;2025-12-30;16;2651
12;2025-12-30;17;3060
12;2025-12-30;18;3256
12;2025-12-30;19;2527
12;2025-12-30;20;1525
12;2025-12-30;21;920
12;2025-12-30;22;478
12;2025-12-30;23;239
12;2025-12-31;0;0
12;2025-12-31;1;0
12;2025-12-31;2;0
12;2025-12-31;3;0
12;2025-12-31;4;0
12;2025-12-31;5;134
12;2025-12-31;6;544
12;2025-12-31;7;646
12;2025-12-31;8;737
12;2025-12-31;9;919
12;2025-12-31;10;1129
12;2025-12-31;11;1262
12;2025-12-31;12;1328
12;2025-12-31;13;1555
12;2025-12-31;14;1492
12;2025-12-31;15;1364
12;2025-12-31;16;1483
12;2025-12-31;17;1487
12;2025-12-31;18;1317
12;2025-12-31;19;1062
12;2025-12-31;20;803
12;2025-12-31;21;605
12;2025-12-31;22;414
12;2025-12-31;23;220
17;2025-11-01;0;0
17;2025-11-01;1;0
17;2025-11-01;2;0
17;2025-11-01;3;0
17;2025-11-01;4;0
17;2025-11-01;5;229
17;2025-11-01;6;1522
17;2025-11-01;7;4040
17;2025-11-01;8;5202
17;2025-11-01;9;3669
17;2025-11-01;10;2940
17;2025-11-01;11;2976
17;2025-11-01;12;3013
17;2025-11-01;13;3100
17;2025-11-01;14;3176
17;2025-11-01;15;3524
17;2025-11-01;16;4147
17;2025-11-01;17;4591
17;2025-11-01;18;4375
17;2025-11-01;19;3246
17;2025-11-01;20;2342
17;2025-11-01;21;1560
17;2025-11-01;22;898
17;2025-11-01;23;456
17;2025-11-02;0;0
17;2025-11-02;1;0
17;2025-11-02;2;0
17;2025-11-02;3;0
17;2025-11-02;4;0
17;2025-11-02;5;77
17;2025-11-02;6;441
17;2025-11-02;7;821
17;2025-11-02;8;1259
17;2025-11-02;9;1716
17;2025-11-02;10;1986
17;2025-11-02;11;2501
17;2025-11-02;12;2919
17;2025-11-02;13;3171
17;2025-11-02;14;3260
17;2025-11-02;15;3312
17;2025-11-02;16;3259
17;2025-11-02;17;3119
17;2025-11-02;18;2748
17;2025-11-02;19;2227
17;2025-11-02;20;1712
17;2025-11-02;21;1234
17;2025-11-02;22;796
17;2025-11-02;23;340
17;2025-11-03;0;0
17;2025-11-03;1;0
17;2025-11-03;2;0
17;2025-11-03;3;0
17;2025-11-03;4;0
17;2025-11-03;5;74
17;2025-11-03;6;423
17;2025-11-03;7;787
17;2025-11-03;8;1207
17;2025-11-03;9;1645
17;2025-11-03;10;1903
17;2025-11-03;11;2397
17;2025-11-03;12;2798
17;2025-11-03;13;3040
17;2025-11-03;14;3124
17;2025-11-03;15;3174
17;2025-11-03;16;3124
17;2025-11-03;17;2990
17;2025-11-03;18;2633
17;2025-11-03;19;2135
17;2025-11-03;20;1640
17;2025-11-03;21;1183
17;2025-11-03;22;763
17;2025-11-03;23;326
17;2025-11-04;0;0
17;2025-11-04;1;0
17;2025-11-04;2;0
17;2025-11-04;3;0
17;2025-11-04;4;0
17;2025-11-04;5;76
17;2025-11-04;6;436
17;2025-11-04;7;811
17;2025-11-04;8;1244
17;2025-11-04;9;1695
17;2025-11-04;10;1961
17;2025-11-04;11;2470
17;2025-11-04;12;2883
17;2025-11-04;13;3132
17;2025-11-04;14;3219
17;2025-11-04;15;3270
17;2025-11-04;16;3218
17;2025-11-04;17;3080
17;2025-11-04;18;2713
17;2025-11-04;19;2199
17;2025-11-04;20;1690
17;2025-11-04;21;1219
17;2025-11-04;22;786
17;2025-11-04;23;336
17;2025-11-05;0;0
17;2025-11-05;1;0
17;2025-11-05;2;0
17;2025-11-05;3;0
17;2025-11-05;4;0
17;2025-11-05;5;245
17;2025-11-05;6;1555
17;2025-11-05;7;4106
17;2025-11-05;8;5369
17;2025-11-05;9;3808
17;2025-11-05;10;3018
17;2025-11-05;11;2976
17;2025-11-05;12;3023
17;2025-11-05;13;3072
17;2025-11-05;14;3142
17;2025-11-05;15;3317
17;2025-11-05;16;3679
17;2025-11-05;17;4521
17;2025-11-05;18;4971
17;2025-11-05;19;3529
17;2025-11-05;20;2419
17;2025-11-05;21;1515
17;2025-11-05;22;830
17;2025-11-05;23;392
17;2025-11-06;0;0
17;2025-11-06;1;0
17;2025-11-06;2;0
17;2025-11-06;3;0
17;2025-11-06;4;0
17;2025-11-06;5;242
17;2025-11-06;6;1569
17;2025-11-06;7;4110
17;2025-11-06;8;5409
17;2025-11-06;9;3828
17;2025-11-06;10;3034
17;2025-11-06;11;2966
17;2025-11-06;12;3079
17;2025-11-06;13;3122
17;2025-11-06;14;3158
17;2025-11-06;15;3302
17;2025-11-06;16;3741
17;2025-11-06;17;4554
17;2025-11-06;18;5015
17;2025-11-06;19;3529
17;2025-11-06;20;2448
17;2025-11-06;21;1535
17;2025-11-06;22;843
17;2025-11-06;23;402
17;2025-11-07;0;0
17;2025-11-07;1;0
17;2025-11-07;2;0
17;2025-11-07;3;0
17;2025-11-07;4;0
17;2025-11-07;5;227
17;2025-11-07;6;1511
17;2025-11-07;7;4011
17;2025-11-07;8;5165
17;2025-11-07;9;3643
17;2025-11-07;10;2919
17;2025-11-07;11;2955
17;2025-11-07;12;2992
17;2025-11-07;13;3078
17;2025-11-07;14;3153
17;2025-11-07;15;3498
17;2025-11-07;16;4117
17;2025-11-07;17;4559
17;2025-11-07;18;4344
17;2025-11-07;19;3223
17;2025-11-07;20;2325
17;2025-11-07;21;1549
17;2025-11-07;22;891
17;2025-11-07;23;453
17;2025-11-08;0;0
17;2025-11-08;1;0
17;2025-11-08;2;0
17;2025-11-08;3;0
17;2025-11-08;4;0
17;2025-11-08;5;92
17;2025-11-08;6;540
17;2025-11-08;7;1144
17;2025-11-08;8;1658
17;2025-11-08;9;2108
17;2025-11-08;10;2329
17;2025-11-08;11;2777
17;2025-11-08;12;3100
17;2025-11-08;13;3254
17;2025-11-08;14;3287
17;2025-11-08;15;3326
17;2025-11-08;16;3298
17;2025-11-08;17;3129
17;2025-11-08;18;2888
17;2025-11-08;19;2354
17;2025-11-08;20;1822
17;2025-11-08;21;1331
17;2025-11-08;22;859
17;2025-11-08;23;432
17;2025-11-09;0;0
17;2025-11-09;1;0
17;2025-11-09;2;0
17;2025-11-09;3;0
17;2025-11-09;4;0
17;2025-11-09;5;77
17;2025-11-09;6;441
17;2025-11-09;7;821
17;2025-11-09;8;1259
17;2025-11-09;9;1716
17;2025-11-09;10;1986
17;2025-11-09;11;2501
17;2025-11-09;12;2919
17;2025-11-09;13;3171
17;2025-11-09;14;3260
17;2025-11-09;15;3312
17;2025-11-09;16;3259
17;2025-11-09;17;3119
17;2025-11-09;18;2748
17;2025-11-09;19;2227
17;2025-11-09;20;1712
17;2025-11-09;21;1234
17;2025-11-09;22;796
17;2025-11-09;23;340
17;2025-11-10;0;0
17;2025-11-10;1;0
17;2025-11-10;2;0
17;2025-11-10;3;0
17;2025-11-10;4;0
17;2025-11-10;5;231
17;2025-11-10;6;1538
17;2025-11-10;7;4122
17;2025-11-10;8;5427
17;2025-11-10;9;3780
17;2025-11-10;10;2906
17;2025-11-10;11;2854
17;2025-11-10;12;2910
17;2025-11-10;13;2953
17;2025-11-10;14;2976
17;2025-11-10;15;3211
17;2025-11-10;16;3619
17;2025-11-10;17;4443
17;2025-11-10;18;4989
17;2025-11-10;19;3518
17;2025-11-10;20;2350
17;2025-11-10;21;1406
17;2025-11-10;22;772
17;2025-11-10;23;332
17;2025-11-11;0;0
17;2025-11-11;1;0
17;2025-11-11;2;0
17;2025-11-11;3;0
17;2025-11-11;4;0
17;2025-11-11;5;234
17;2025-11-11;6;1587
17;2025-11-11;7;4239
17;2025-11-11;8;5567
17;2025-11-11;9;3921
17;2025-11-11;10;3031
17;2025-11-11;11;2929
17;2025-11-11;12;3019
17;2025-11-11;13;3037
17;2025-11-11;14;3183
17;2025-11-11;15;3268
17;2025-11-11;16;3639
17;2025-11-11;17;4591
17;2025-11-11;18;5053
17;2025-11-11;19;3594
17;2025-11-11;20;2450
17;2025-11-11;21;1484
17;2025-11-11;22;793
17;2025-11-11;23;362
17;2025-11-12;0;0
17;2025-11-12;1;0
17;2025-11-12;2;0
17;2025-11-12;3;0
17;2025-11-12;4;0
17;2025-11-12;5;245
17;2025-11-12;6;1555
17;2025-11-12;7;4106
17;2025-11-12;8;5369
17;2025-11-12;9;3808
17;2025-11-12;10;3018
17;2025-11-12;11;2976
17;2025-11-12;12;3023
17;2025-11-12;13;3072
17;2025-11-12;14;3142
17;2025-11-12;15;3317
17;2025-11-12;16;3679
17;2025-11-12;17;4521
17;2025-11-12;18;4971
17;2025-11-12;19;3529
17;2025-11-12;20;2419
17;2025-11-12;21;1515
17;2025-11-12;22;830
17;2025-11-12;23;392
17;2025-11-13;0;0
17;2025-11-13;1;0
17;2025-11-13;2;0
17;2025-11-13;3;0
17;2025-11-13;4;0
17;2025-11-13;5;242
17;2025-11-13;6;1569
17;2025-11-13;7;4110
17;2025-11-13;8;5409
17;2025-11-13;9;3828
17;2025-11-13;10;3034
17;2025-11-13;11;2966
17;2025-11-13;12;3079
17;2025-11-13;13;3122
17;2025-11-13;14;3158
17;2025-11-13;15;3302
17;2025-11-13;16;3741
17;2025-11-13;17;4554
17;2025-11-13;18;5015
17;2025-11-13;19;3529
17;2025-11-13;20;2448
17;2025-11-13;21;1535
17;2025-11-13;22;843
17;2025-11-13;23;402
17;2025-11-14;0;0
17;2025-11-14;1;0
17;2025-11-14;2;0
17;2025-11-14;3;0
17;2025-11-14;4;0
17;2025-11-14;5;227
17;2025-11-14;6;1511
17;2025-11-14;7;4011
17;2025-11-14;8;5165
17;2025-11-14;9;3643
17;2025-11-14;10;2919
17;2025-11-14;11;2955
17;2025-11-14;12;2992
17;2025-11-14;13;3078
17;2025-11-14;14;3153
17;2025-11-14;15;3498
17;2025-11-14;16;4117
17;2025-11-14;17;4559
17;2025-11-14;18;4344
17;2025-11-14;19;3223
17;2025-11-14;20;2325
17;2025-11-14;21;1549
17;2025-11-14;22;891
17;2025-11-14;23;453
17;2025-11-15;0;0
17;2025-11-15;1;0
17;2025-11-15;2;0
17;2025-11-15;3;0
17;2025-11-15;4;0
17;2025-11-15;5;92
17;2025-11-15;6;540
17;2025-11-15;7;1144
17;2025-11-15;8;1658
17;2025-11-15;9;2108
17;2025-11-15;10;2329
17;2025-11-15;11;2777
17;2025-11-15;12;3100
17;2025-11-15;13;3254
17;2025-11-15;14;3287
17;2025-11-15;15;3326
17;2025-11-15;16;3298
17;2025-11-15;17;3129
17;2025-11-15;18;2888
17;2025-11-15;19;2354
17;2025-11-15;20;1822
17;2025-11-15;21;1331
17;2025-11-15;22;859
17;2025-11-15;23;432
17;2025-11-16;0;0
17;2025-11-16;1;0
17;2025-11-16;2;0
17;2025-11-16;3;0
17;2025-11-16;4;0
17;2025-11-16;5;77
17;2025-11-16;6;441
17;2025-11-16;7;821
17;2025-11-16;8;1259
17;2025-11-16;9;1716
17;2025-11-16;10;1986
17;2025-11-16;11;2501
17;2025-11-16;12;2919
17;2025-11-16;13;3171
17;2025-11-16;14;3260
17;2025-11-16;15;3312
17;2025-11-16;16;3259
17;2025-11-16;17;3119
17;2025-11-16;18;2748
17;2025-11-16;19;2227
17;2025-11-16;20;1712
17;2025-11-16;21;1234
17;2025-11-16;22;796
17;2025-11-16;23;340
17;2025-11-17;0;0
17;2025-11-17;1;0
17;2025-11-17;2;0
17;2025-11-17;3;0
17;2025-11-17;4;0
17;2025-11-17;5;231
17;2025-11-17;6;1538
17;2025-11-17;7;4122
17;2025-11-17;8;5427
17;2025-11-17;9;3780
17;2025-11-17;10;2906
17;2025-11-17;11;2854
17;2025-11-17;12;2910
17;2025-11-17;13;2953
17;2025-11-17;14;2976
17;2025-11-17;15;3211
17;2025-11-17;16;3619
17;2025-11-17;17;4443
17;2025-11-17;18;4989
17;2025-11-17;19;3518
17;2025-11-17;20;2350
17;2025-11-17;21;1406
17;2025-11-17;22;772
17;2025-11-17;23;332
17;2025-11-18;0;0
17;2025-11-18;1;0
17;2025-11-18;2;0
17;2025-11-18;3;0
17;2025-11-18;4;0
17;2025-11-18;5;234
17;2025-11-18;6;1587
17;2025-11-18;7;4239
17;2025-11-18;8;5567
17;2025-11-18;9;3921
17;2025-11-18;10;3031
17;2025-11-18;11;2929
17;2025-11-18;12;3019
17;2025-11-18;13;3037
17;2025-11-18;14;3183
17;2025-11-18;15;3268
17;2025-11-18;16;3639
17;2025-11-18;17;4591
17;2025-11-18;18;5053
17;2025-11-18;19;3594
17;2025-11-18;20;2450
17;2025-11-18;21;1484
17;2025-11-18;22;793
17;2025-11-18;23;362
17;2025-11-19;0;0
17;2025-11-19;1;0
17;2025-11-19;2;0
17;2025-11-19;3;0
17;2025-11-19;4;0
17;2025-11-19;5;245
17;2025-11-19;6;1555
17;2025-11-19;7;4106
17;2025-11-19;8;5369
17;2025-11-19;9;3808
17;2025-11-19;10;3018
17;2025-11-19;11;2976
17;2025-11-19;12;3023
17;2025-11-19;13;3072
17;2025-11-19;14;3142
17;2025-11-19;15;3317
17;2025-11-19;16;3679
17;2025-11-19;17;4521
17;2025-11-19;18;4971
17;2025-11-19;19;3529
17;2025-11-19;20;2419
17;2025-11-19;21;1515
17;2025-11-19;22;830
17;2025-11-19;23;392
17;2025-11-20;0;0
17;2025-11-20;1;0
17;2025-11-20;2;0
17;2025-11-20;3;0
17;2025-11-20;4;0
17;2025-11-20;5;242
17;2025-11-20;6;1569
17;2025-11-20;7;4110
17;2025-11-20;8;5409
17;2025-11-20;9;3828
17;2025-11-20;10;3034
17;2025-11-20;11;2966
17;2025-11-20;12;3079
17;2025-11-20;13;3122
17;2025-11-20;14;3158
17;2025-11-20;15;3302
17;2025-11-20;16;3741
17;2025-11-20;17;4554
17;2025-11-20;18;5015
17;2025-11-20;19;3529
17;2025-11-20;20;2448
17;2025-11-20;21;1535
17;2025-11-20;22;843
17;2025-11-20;23;402
17;2025-11-21;0;0
17;2025-11-21;1;0
17;2025-11-21;2;0
17;2025-11-21;3;0
17;2025-11-21;4;0
17;2025-11-21;5;227
17;2025-11-21;6;1511
17;2025-11-21;7;4011
17;2025-11-21;8;5165
17;2025-11-21;9;3643
17;2025-11-21;10;2919
17;2025-11-21;11;2955
17;2025-11-21;12;2992
17;2025-11-21;13;3078
17;2025-11-21;14;3153
17;2025-11-21;15;3498
17;2025-11-21;16;4117
17;2025-11-21;17;4559
17;2025-11-21;18;4344
17;2025-11-21;19;3223
17;2025-11-21;20;2325
17;2025-11-21;21;1549
17;2025-11-21;22;891
17;2025-11-21;23;453
17;2025-11-22;0;0
17;2025-11-22;1;0
17;2025-11-22;2;0
17;2025-11-22;3;0
17;2025-11-22;4;0
17;2025-11-22;5;92
17;2025-11-22;6;540
17;2025-11-22;7;1144
17;2025-11-22;8;1658
17;2025-11-22;9;2108
17;2025-11-22;10;2329
17;2025-11-22;11;2777
17;2025-11-22;12;3100
17;2025-11-22;13;3254
17;2025-11-22;14;3287
17;2025-11-22;15;3326
17;2025-11-22;16;3298
17;2025-11-22;17;3129
17;2025-11-22;18;2888
17;2025-11-22;19;2354
17;2025-11-22;20;1822
17;2025-11-22;21;1331
17;2025-11-22;22;859
17;2025-11-22;23;432
17;2025-11-23;0;0
17;2025-11-23;1;0
17;2025-11-23;2;0
17;2025-11-23;3;0
17;2025-11-23;4;0
17;2025-11-23;5;77
17;2025-11-23;6;441
17;2025-11-23;7;821
17;2025-11-23;8;1259
17;2025-11-23;9;1716
17;2025-11-23;10;1986
17;2025-11-23;11;2501
17;2025-11-23;12;2919
17;2025-11-23;13;3171
17;2025-11-23;14;3260
17;2025-11-23;15;3312
17;2025-11-23;16;3259
17;2025-11-23;17;3119
17;2025-11-23;18;2748
17;2025-11-23;19;2227
17;2025-11-23;20;1712
17;2025-11-23;21;1234
17;2025-11-23;22;796
17;2025-11-23;23;340
17;2025-11-24;0;0
17;2025-11-24;1;0
17;2025-11-24;2;0
17;2025-11-24;3;0
17;2025-11-24;4;0
17;2025-11-24;5;231
17;2025-11-24;6;1538
17;2025-11-24;7;4122
17;2025-11-24;8;5427
17;2025-11-24;9;3780
17;2025-11-24;10;2906
17;2025-11-24;11;2854
17;2025-11-24;12;2910
17;2025-11-24;13;2953
17;2025-11-24;14;2976
17;2025-11-24;15;3211
17;2025-11-24;16;3619
17;2025-11-24;17;4443
17;2025-11-24;18;4989
17;2025-11-24;19;3518
17;2025-11-24;20;2350
17;2025-11-24;21;1406
17;2025-11-24;22;772
17;2025-11-24;23;332
17;2025-11-25;0;0
17;2025-11-25;1;0
17;2025-11-25;2;0
17;2025-11-25;3;0
17;2025-11-25;4;0
17;2025-11-25;5;234
17;2025-11-25;6;1587
17;2025-11-25;7;4239
17;2025-11-25;8;5567
17;2025-11-25;9;3921
17;2025-11-25;10;3031
17;2025-11-25;11;2929
17;2025-11-25;12;3019
17;2025-11-25;13;3037
17;2025-11-25;14;3183
17;2025-11-25;15;3268
17;2025-11-25;16;3639
17;2025-11-25;17;4591
17;2025-11-25;18;5053
17;2025-11-25;19;3594
17;2025-11-25;20;2450
17;2025-11-25;21;1484
17;2025-11-25;22;793
17;2025-11-25;23;362
17;2025-11-26;0;0
17;2025-11-26;1;0
17;2025-11-26;2;0
17;2025-11-26;3;0
17;2025-11-26;4;0
17;2025-11-26;5;245
17;2025-11-26;6;1555
17;2025-11-26;7;4106
17;2025-11-26;8;5369
17;2025-11-26;9;3808
17;2025-11-26;10;3018
17;2025-11-26;11;2976
17;2025-11-26;12;3023
17;2025-11-26;13;3072
17;2025-11-26;14;3142
17;2025-11-26;15;3317
17;2025-11-26;16;3679
17;2025-11-26;17;4521
17;2025-11-26;18;4971
17;2025-11-26;19;3529
17;2025-11-26;20;2419
17;2025-11-26;21;1515
17;2025-11-26;22;830
17;2025-11-26;23;392
17;2025-11-27;0;0
17;2025-11-27;1;0
17;2025-11-27;2;0
17;2025-11-27;3;0
17;2025-11-27;4;0
17;2025-11-27;5;242
17;2025-11-27;6;1569
17;2025-11-27;7;4110
17;2025-11-27;8;5409
17;2025-11-27;9;3828
17;2025-11-27;10;3034
17;2025-11-27;11;2966
17;2025-11-27;12;3079
17;2025-11-27;13;3122
17;2025-11-27;14;3158
17;2025-11-27;15;3302
17;2025-11-27;16;3741
17;2025-11-27;17;4554
17;2025-11-27;18;5015
17;2025-11-27;19;3529
17;2025-11-27;20;2448
17;2025-11-27;21;1535
17;2025-11-27;22;843
17;2025-11-27;23;402
17;2025-11-28;0;0
17;2025-11-28;1;0
17;2025-11-28;2;0
17;2025-11-28;3;0
17;2025-11-28;4;0
17;2025-11-28;5;227
17;2025-11-28;6;1511
17;2025-11-28;7;4011
17;2025-11-28;8;5165
17;2025-11-28;9;3643
17;2025-11-28;10;2919
17;2025-11-28;11;2955
17;2025-11-28;12;2992
17;2025-11-28;13;3078
17;2025-11-28;14;3153
17;2025-11-28;15;3498
17;2025-11-28;16;4117
17;2025-11-28;17;4559
17;2025-11-28;18;4344
17;2025-11-28;19;3223
17;2025-11-28;20;2325
17;2025-11-28;21;1549
17;2025-11-28;22;891
17;2025-11-28;23;453
17;2025-11-29;0;0
17;2025-11-29;1;0
17;2025-11-29;2;0
17;2025-11-29;3;0
17;2025-11-29;4;0
17;2025-11-29;5;92
17;2025-11-29;6;540
17;2025-11-29;7;1144
17;2025-11-29;8;1658
17;2025-11-29;9;2108
17;2025-11-29;10;2329
17;2025-11-29;11;2777
17;2025-11-29;12;3100
17;2025-11-29;13;3254
17;2025-11-29;14;3287
17;2025-11-29;15;3326
17;2025-11-29;16;3298
17;2025-11-29;17;3129
17;2025-11-29;18;2888
17;2025-11-29;19;2354
17;2025-11-29;20;1822
17;2025-11-29;21;1331
17;2025-11-29;22;859
17;2025-11-29;23;432
17;2025-11-30;0;0
17;2025-11-30;1;0
17;2025-11-30;2;0
17;2025-11-30;3;0
17;2025-11-30;4;0
17;2025-11-30;5;77
17;2025-11-30;6;441
17;2025-11-30;7;821
17;2025-11-30;8;1259
17;2025-11-30;9;1716
17;2025-11-30;10;1986
17;2025-11-30;11;2501
17;2025-11-30;12;2919
17;2025-11-30;13;3171
17;2025-11-30;14;3260
17;2025-11-30;15;3312
17;2025-11-30;16;3259
17;2025-11-30;17;3119
17;2025-11-30;18;2748
17;2025-11-30;19;2227
17;2025-11-30;20;1712
17;2025-11-30;21;1234
17;2025-11-30;22;796
17;2025-11-30;23;340
17;2025-12-01;0;0
17;2025-12-01;1;0
17;2025-12-01;2;0
17;2025-12-01;3;0
17;2025-12-01;4;0
17;2025-12-01;5;231
17;2025-12-01;6;1538
17;2025-12-01;7;4122
17;2025-12-01;8;5427
17;2025-12-01;9;3780
17;2025-12-01;10;2906
17;2025-12-01;11;2854
17;2025-12-01;12;2910
17;2025-12-01;13;2953
17;2025-12-01;14;2976
17;2025-12-01;15;3211
17;2025-12-01;16;3619
17;2025-12-01;17;4443
17;2025-12-01;18;4989
17;2025-12-01;19;3518
17;2025-12-01;20;2350
17;2025-12-01;21;1406
17;2025-12-01;22;772
17;2025-12-01;23;332
17;2025-12-02;0;0
17;2025-12-02;1;0
17;2025-12-02;2;0
17;2025-12-02;3;0
17;2025-12-02;4;0
17;2025-12-02;5;234
17;2025-12-02;6;1587
17;2025-12-02;7;4239
17;2025-12-02;8;5567
17;2025-12-02;9;3921
17;2025-12-02;10;3031
17;2025-12-02;11;2929
17;2025-12-02;12;3019
17;2025-12-02;13;3037
17;2025-12-02;14;3183
17;2025-12-02;15;3268
17;2025-12-02;16;3639
17;2025-12-02;17;4591
17;2025-12-02;18;5053
17;2025-12-02;19;3594
17;2025-12-02;20;2450
17;2025-12-02;21;1484
17;2025-12-02;22;793
17;2025-12-02;23;362
17;2025-12-03;0;0
17;2025-12-03;1;0
17;2025-12-03;2;0
17;2025-12-03;3;0
17;2025-12-03;4;0
17;2025-12-03;5;245
17;2025-12-03;6;1555
17;2025-12-03;7;4106
17;2025-12-03;8;5369
17;2025-12-03;9;3808
17;2025-12-03;10;3018
17;2025-12-03;11;2976
17;2025-12-03;12;3023
17;2025-12-03;13;3072
17;2025-12-03;14;3142
17;2025-12-03;15;3317
17;2025-12-03;16;3679
17;2025-12-03;17;4521
17;2025-12-03;18;4971
17;2025-12-03;19;3529
17;2025-12-03;20;2419
17;2025-12-03;21;1515
17;2025-12-03;22;830
17;2025-12-03;23;392
17;2025-12-04;0;0
17;2025-12-04;1;0
17;2025-12-04;2;0
17;2025-12-04;3;0
17;2025-12-04;4;0
17;2025-12-04;5;242
17;2025-12-04;6;1569
17;2025-12-04;7;4110
17;2025-12-04;8;5409
17;2025-12-04;9;3828
17;2025-12-04;10;3034
17;2025-12-04;11;2966
17;2025-12-04;12;3079
17;2025-12-04;13;3122
17;2025-12-04;14;3158
17;2025-12-04;15;3302
17;2025-12-04;16;3741
17;2025-12-04;17;4554
17;2025-12-04;18;5015
17;2025-12-04;19;3529
17;2025-12-04;20;2448
17;2025-12-04;21;1535
17;2025-12-04;22;843
17;2025-12-04;23;402
17;2025-12-05;0;0
17;2025-12-05;1;0
17;2025-12-05;2;0
17;2025-12-05;3;0
17;2025-12-05;4;0
17;2025-12-05;5;227
17;2025-12-05;6;1511
17;2025-12-05;7;4011
17;2025-12-05;8;5165
17;2025-12-05;9;3643
17;2025-12-05;10;2919
17;2025-12-05;11;2955
17;2025-12-05;12;2992
17;2025-12-05;13;3078
17;2025-12-05;14;3153
17;2025-12-05;15;3498
17;2025-12-05;16;4117
17;2025-12-05;17;4559
17;2025-12-05;18;4344
17;2025-12-05;19;3223
17;2025-12-05;20;2325
17;2025-12-05;21;1549
17;2025-12-05;22;891
17;2025-12-05;23;453
17;2025-12-06;0;0
17;2025-12-06;1;0
17;2025-12-06;2;0
17;2025-12-06;3;0
17;2025-12-06;4;0
17;2025-12-06;5;92
17;2025-12-06;6;540
17;2025-12-06;7;1144
17;2025-12-06;8;1658
17;2025-12-06;9;2108
17;2025-12-06;10;2329
17;2025-12-06;11;2777
17;2025-12-06;12;3100
17;2025-12-06;13;3254
17;2025-12-06;14;3287
17;2025-12-06;15;3326
17;2025-12-06;16;3298
17;2025-12-06;17;3129
17;2025-12-06;18;2888
17;2025-12-06;19;2354
17;2025-12-06;20;1822
17;2025-12-06;21;1331
17;2025-12-06;22;859
17;2025-12-06;23;432
17;2025-12-07;0;0
17;2025-12-07;1;0
17;2025-12-07;2;0
17;2025-12-07;3;0
17;2025-12-07;4;0
17;2025-12-07;5;77
17;2025-12-07;6;441
17;2025-12-07;7;821
17;2025-12-07;8;1259
17;2025-12-07;9;1716
17;2025-12-07;10;1986
17;2025-12-07;11;2501
17;2025-12-07;12;2919
17;2025-12-07;13;3171
17;2025-12-07;14;3260
17;2025-12-07;15;3312
17;2025-12-07;16;3259
17;2025-12-07;17;3119
17;2025-12-07;18;2748
17;2025-12-07;19;2227
17;2025-12-07;20;1712
17;2025-12-07;21;1234
17;2025-12-07;22;796
17;2025-12-07;23;340
17;2025-12-08;0;0
17;2025-12-08;1;0
17;2025-12-08;2;0
17;2025-12-08;3;0
17;2025-12-08;4;0
17;2025-12-08;5;231
17;2025-12-08;6;1538
17;2025-12-08;7;4122
17;2025-12-08;8;5427
17;2025-12-08;9;3780
17;2025-12-08;10;2906
17;2025-12-08;11;2854
17;2025-12-08;12;2910
17;2025-12-08;13;2953
17;2025-12-08;14;2976
17;2025-12-08;15;3211
17;2025-12-08;16;3619
17;2025-12-08;17;4443
17;2025-12-08;18;4989
17;2025-12-08;19;3518
17;2025-12-08;20;2350
17;2025-12-08;21;1406
17;2025-12-08;22;772
17;2025-12-08;23;332
17;2025-12-09;0;0
17;2025-12-09;1;0
17;2025-12-09;2;0
17;2025-12-09;3;0
17;2025-12-09;4;0
17;2025-12-09;5;234
17;2025-12-09;6;1587
17;2025-12-09;7;4239
17;2025-12-09;8;5567
17;2025-12-09;9;3921
17;2025-12-09;10;3031
17;2025-12-09;11;2929
17;2025-12-09;12;3019
17;2025-12-09;13;3037
17;2025-12-09;14;3183
17;2025-12-09;15;3268
17;2025-12-09;16;3639
17;2025-12-09;17;4591
17;2025-12-09;18;5053
17;2025-12-09;19;3594
17;2025-12-09;20;2450
17;2025-12-09;21;1484
17;2025-12-09;22;793
17;2025-12-09;23;362
17;2025-12-10;0;0
17;2025-12-10;1;0
17;2025-12-10;2;0
17;2025-12-10;3;0
17;2025-12-10;4;0
17;2025-12-10;5;245
17;2025-12-10;6;1555
17;2025-12-10;7;4106
17;2025-12-10;8;5369
17;2025-12-10;9;3808
17;2025-12-10;10;3018
17;2025-12-10;11;2976
17;2025-12-10;12;3023
17;2025-12-10;13;3072
17;2025-12-10;14;3142
17;2025-12-10;15;3317
17;2025-12-10;16;3679
17;2025-12-10;17;4521
17;2025-12-10;18;4971
17;2025-12-10;19;3529
17;2025-12-10;20;2419
17;2025-12-10;21;1515
17;2025-12-10;22;830
17;2025-12-10;23;392
17;2025-12-11;0;0
17;2025-12-11;1;0
17;2025-12-11;2;0
17;2025-12-11;3;0
17;2025-12-11;4;0
17;2025-12-11;5;242
17;2025-12-11;6;1569
17;2025-12-11;7;4110
17;2025-12-11;8;5409
17;2025-12-11;9;3828
17;2025-12-11;10;3034
17;2025-12-11;11;2966
17;2025-12-11;12;3079
17;2025-12-11;13;3122
17;2025-12-11;14;3158
17;2025-12-11;15;3302
17;2025-12-11;16;3741
17;2025-12-11;17;4554
17;2025-12-11;18;5015
17;2025-12-11;19;3529
17;2025-12-11;20;2448
17;2025-12-11;21;1535
17;2025-12-11;22;843
17;2025-12-11;23;402
17;2025-12-12;0;0
17;2025-12-12;1;0
17;2025-12-12;2;0
17;2025-12-12;3;0
17;2025-12-12;4;0
17;2025-12-12;5;227
17;2025-12-12;6;1511
17;2025-12-12;7;4011
17;2025-12-12;8;5165
17;2025-12-12;9;3643
17;2025-12-12;10;2919
17;2025-12-12;11;2955
17;2025-12-12;12;2992
17;2025-12-12;13;3078
17;2025-12-12;14;3153
17;2025-12-12;15;3498
17;2025-12-12;16;4117
17;2025-12-12;17;4559
17;2025-12-12;18;4344
17;2025-12-12;19;3223
17;2025-12-12;20;2325
17;2025-12-12;21;1549
17;2025-12-12;22;891
17;2025-12-12;23;453
17;2025-12-13;0;0
17;2025-12-13;1;0
17;2025-12-13;2;0
17;2025-12-13;3;0
17;2025-12-13;4;0
17;2025-12-13;5;92
17;2025-12-13;6;540
17;2025-12-13;7;1144
17;2025-12-13;8;1658
17;2025-12-13;9;2108
17;2025-12-13;10;2329
17;2025-12-13;11;2777
17;2025-12-13;12;3100
17;2025-12-13;13;3254
17;2025-12-13;14;3287
17;2025-12-13;15;3326
17;2025-12-13;16;3298
17;2025-12-13;17;3129
17;2025-12-13;18;2888
17;2025-12-13;19;2354
17;2025-12-13;20;1822
17;2025-12-13;21;1331
17;2025-12-13;22;859
17;2025-12-13;23;432
17;2025-12-14;0;0
17;2025-12-14;1;0
17;2025-12-14;2;0
17;2025-12-14;3;0
17;2025-12-14;4;0
17;2025-12-14;5;77
17;2025-12-14;6;441
17;2025-12-14;7;821
17;2025-12-14;8;1259
17;2025-12-14;9;1716
17;2025-12-14;10;1986
17;2025-12-14;11;2501
17;2025-12-14;12;2919
17;2025-12-14;13;3171
17;2025-12-14;14;3260
17;2025-12-14;15;3312
17;2025-12-14;16;3259
17;2025-12-14;17;3119
17;2025-12-14;18;2748
17;2025-12-14;19;2227
17;2025-12-14;20;1712
17;2025-12-14;21;1234
17;2025-12-14;22;796
17;2025-12-14;23;340
17;2025-12-15;0;0
17;2025-12-15;1;0
17;2025-12-15;2;0
17;2025-12-15;3;0
17;2025-12-15;4;0
17;2025-12-15;5;231
17;2025-12-15;6;1538
17;2025-12-15;7;4122
17;2025-12-15;8;5427
17;2025-12-15;9;3780
17;2025-12-15;10;2906
17;2025-12-15;11;2854
17;2025-12-15;12;2910
17;2025-12-15;13;2953
17;2025-12-15;14;2976
17;2025-12-15;15;3211
17;2025-12-15;16;3619
17;2025-12-15;17;4443
17;2025-12-15;18;4989
17;2025-12-15;19;3518
17;2025-12-15;20;2350
17;2025-12-15;21;1406
17;2025-12-15;22;772
17;2025-12-15;23;332
17;2025-12-16;0;0
17;2025-12-16;1;0
17;2025-12-16;2;0
17;2025-12-16;3;0
17;2025-12-16;4;0
17;2025-12-16;5;234
17;2025-12-16;6;1587
17;2025-12-16;7;4239
17;2025-12-16;8;5567
17;2025-12-16;9;3921
17;2025-12-16;10;3031
17;2025-12-16;11;2929
17;2025-12-16;12;3019
17;2025-12-16;13;3037
17;2025-12-16;14;3183
17;2025-12-16;15;3268
17;2025-12-16;16;3639
17;2025-12-16;17;4591
17;2025-12-16;18;5053
17;2025-12-16;19;3594
17;2025-12-16;20;2450
17;2025-12-16;21;1484
17;2025-12-16;22;793
17;2025-12-16;23;362
17;2025-12-17;0;0
17;2025-12-17;1;0
17;2025-12-17;2;0
17;2025-12-17;3;0
17;2025-12-17;4;0
17;2025-12-17;5;245
17;2025-12-17;6;1555
17;2025-12-17;7;4106
17;2025-12-17;8;5369
17;2025-12-17;9;3808
17;2025-12-17;10;3018
17;2025-12-17;11;2976
17;2025-12-17;12;3023
17;2025-12-17;13;3072
17;2025-12-17;14;3142
17;2025-12-17;15;3317
17;2025-12-17;16;3679
17;2025-12-17;17;4521
17;2025-12-17;18;4971
17;2025-12-17;19;3529
17;2025-12-17;20;2419
17;2025-12-17;21;1515
17;2025-12-17;22;830
17;2025-12-17;23;392
17;2025-12-18;0;0
17;2025-12-18;1;0
17;2025-12-18;2;0
17;2025-12-18;3;0
17;2025-12-18;4;0
17;2025-12-18;5;242
17;2025-12-18;6;1569
17;2025-12-18;7;4110
17;2025-12-18;8;5409
17;2025-12-18;9;3828
17;2025-12-18;10;3034
17;2025-12-18;11;2966
17;2025-12-18;12;3079
17;2025-12-18;13;3122
17;2025-12-18;14;3158
17;2025-12-18;15;3302
17;2025-12-18;16;3741
17;2025-12-18;17;4554
17;2025-12-18;18;5015
17;2025-12-18;19;3529
17;2025-12-18;20;2448
17;2025-12-18;21;1535
17;2025-12-18;22;843
17;2025-12-18;23;402
17;2025-12-19;0;0
17;2025-12-19;1;0
17;2025-12-19;2;0
17;2025-12-19;3;0
17;2025-12-19;4;0
17;2025-12-19;5;227
17;2025-12-19;6;1511
17;2025-12-19;7;4011
17;2025-12-19;8;5165
17;2025-12-19;9;3643
17;2025-12-19;10;2919
17;2025-12-19;11;2955
17;2025-12-19;12;2992
17;2025-12-19;13;3078
17;2025-12-19;14;3153
17;2025-12-19;15;3498
17;2025-12-19;16;4117
17;2025-12-19;17;4559
17;2025-12-19;18;4344
17;2025-12-19;19;3223
17;2025-12-19;20;2325
17;2025-12-19;21;1549
17;2025-12-19;22;891
17;2025-12-19;23;453
17;2025-12-20;0;0
17;2025-12-20;1;0
17;2025-12-20;2;0
17;2025-12-20;3;0
17;2025-12-20;4;0
17;2025-12-20;5;92
17;2025-12-20;6;540
17;2025-12-20;7;1144
17;2025-12-20;8;1658
17;2025-12-20;9;2108
17;2025-12-20;10;2329
17;2025-12-20;11;2777
17;2025-12-20;12;3100
17;2025-12-20;13;3254
17;2025-12-20;14;3287
17;2025-12-20;15;3326
17;2025-12-20;16;3298
17;2025-12-20;17;3129
17;2025-12-20;18;2888
17;2025-12-20;19;2354
17;2025-12-20;20;1822
17;2025-12-20;21;1331
17;2025-12-20;22;859
17;2025-12-20;23;432
17;2025-12-21;0;0
17;2025-12-21;1;0
17;2025-12-21;2;0
17;2025-12-21;3;0
17;2025-12-21;4;0
17;2025-12-21;5;77
17;2025-12-21;6;441
17;2025-12-21;7;821
17;2025-12-21;8;1259
17;2025-12-21;9;1716
17;2025-12-21;10;1986
17;2025-12-21;11;2501
17;2025-12-21;12;2919
17;2025-12-21;13;3171
17;2025-12-21;14;3260
17;2025-12-21;15;3312
17;2025-12-21;16;3259
17;2025-12-21;17;3119
17;2025-12-21;18;2748
17;2025-12-21;19;2227
17;2025-12-21;20;1712
17;2025-12-21;21;1234
17;2025-12-21;22;796
17;2025-12-21;23;340
17;2025-12-22;0;0
17;2025-12-22;1;0
17;2025-12-22;2;0
17;2025-12-22;3;0
17;2025-12-22;4;0
17;2025-12-22;5;231
17;2025-12-22;6;1538
17;2025-12-22;7;4122
17;2025-12-22;8;5427
17;2025-12-22;9;3780
17;2025-12-22;10;2906
17;2025-12-22;11;2854
17;2025-12-22;12;2910
17;2025-12-22;13;2953
17;2025-12-22;14;2976
17;2025-12-22;15;3211
17;2025-12-22;16;3619
17;2025-12-22;17;4443
17;2025-12-22;18;4989
17;2025-12-22;19;3518
17;2025-12-22;20;2350
17;2025-12-22;21;1406
17;2025-12-22;22;772
17;2025-12-22;23;332
17;2025-12-23;0;0
17;2025-12-23;1;0
17;2025-12-23;2;0
17;2025-12-23;3;0
17;2025-12-23;4;0
17;2025-12-23;5;234
17;2025-12-23;6;1587
17;2025-12-23;7;4239
17;2025-12-23;8;5567
17;2025-12-23;9;3921
17;2025-12-23;10;3031
17;2025-12-23;11;2929
17;2025-12-23;12;3019
17;2025-12-23;13;3037
17;2025-12-23;14;3183
17;2025-12-23;15;3268
17;2025-12-23;16;3639
17;2025-12-23;17;4591
17;2025-12-23;18;5053
17;2025-12-23;19;3594
17;2025-12-23;20;2450
17;2025-12-23;21;1484
17;2025-12-23;22;793
17;2025-12-23;23;362
17;2025-12-24;0;0
17;2025-12-24;1;0
17;2025-12-24;2;0
17;2025-12-24;3;0
17;2025-12-24;4;0
17;2025-12-24;5;245
17;2025-12-24;6;1555
17;2025-12-24;7;4106
17;2025-12-24;8;5369
17;2025-12-24;9;3808
17;2025-12-24;10;3018
17;2025-12-24;11;2976
17;2025-12-24;12;3023
17;2025-12-24;13;3072
17;2025-12-24;14;3142
17;2025-12-24;15;3317
17;2025-12-24;16;3679
17;2025-12-24;17;4521
17;2025-12-24;18;4971
17;2025-12-24;19;3529
17;2025-12-24;20;2419
17;2025-12-24;21;1515
17;2025-12-24;22;830
17;2025-12-24;23;392
17;2025-12-25;0;0
17;2025-12-25;1;0
17;2025-12-25;2;0
17;2025-12-25;3;0
17;2025-12-25;4;0
17;2025-12-25;5;242
17;2025-12-25;6;1569
17;2025-12-25;7;4110
17;2025-12-25;8;5409
17;2025-12-25;9;3828
17;2025-12-25;10;3034
17;2025-12-25;11;2966
17;2025-12-25;12;3079
17;2025-12-25;13;3122
17;2025-12-25;14;3158
17;2025-12-25;15;3302
17;2025-12-25;16;3741
17;2025-12-25;17;4554
17;2025-12-25;18;5015
17;2025-12-25;19;3529
17;2025-12-25;20;2448
17;2025-12-25;21;1535
17;2025-12-25;22;843
17;2025-12-25;23;402
17;2025-12-26;0;0
17;2025-12-26;1;0
17;2025-12-26;2;0
17;2025-12-26;3;0
17;2025-12-26;4;0
17;2025-12-26;5;227
17;2025-12-26;6;1511
17;2025-12-26;7;4011
17;2025-12-26;8;5165
17;2025-12-26;9;3643
17;2025-12-26;10;2919
17;2025-12-26;11;2955
17;2025-12-26;12;2992
17;2025-12-26;13;3078
17;2025-12-26;14;3153
17;2025-12-26;15;3498
17;2025-12-26;16;4117
17;2025-12-26;17;4559
17;2025-12-26;18;4344
17;2025-12-26;19;3223
17;2025-12-26;20;2325
17;2025-12-26;21;1549
17;2025-12-26;22;891
17;2025-12-26;23;453
17;2025-12-27;0;0
17;2025-12-27;1;0
17;2025-12-27;2;0
17;2025-12-27;3;0
17;2025-12-27;4;0
17;2025-12-27;5;92
17;2025-12-27;6;540
17;2025-12-27;7;1144
17;2025-12-27;8;1658
17;2025-12-27;9;2108
17;2025-12-27;10;2329
17;2025-12-27;11;2777
17;2025-12-27;12;3100
17;2025-12-27;13;3254
17;2025-12-27;14;3287
17;2025-12-27;15;3326
17;2025-12-27;16;3298
17;2025-12-27;17;3129
17;2025-12-27;18;2888
17;2025-12-27;19;2354
17;2025-12-27;20;1822
17;2025-12-27;21;1331
17;2025-12-27;22;859
17;2025-12-27;23;432
17;2025-12-28;0;0
17;2025-12-28;1;0
17;2025-12-28;2;0
17;2025-12-28;3;0
17;2025-12-28;4;0
17;2025-12-28;5;77
17;2025-12-28;6;441
17;2025-12-28;7;821
17;2025-12-28;8;1259
17;2025-12-28;9;1716
17;2025-12-28;10;1986
17;2025-12-28;11;2501
17;2025-12-28;12;2919
17;2025-12-28;13;3171
17;2025-12-28;14;3260
17;2025-12-28;15;3312
17;2025-12-28;16;3259
17;2025-12-28;17;3119
17;2025-12-28;18;2748
17;2025-12-28;19;2227
17;2025-12-28;20;1712
17;2025-12-28;21;1234
17;2025-12-28;22;796
17;2025-12-28;23;340
17;2025-12-29;0;0
17;2025-12-29;1;0
17;2025-12-29;2;0
17;2025-12-29;3;0
17;2025-12-29;4;0
17;2025-12-29;5;231
17;2025-12-29;6;1538
17;2025-12-29;7;4122
17;2025-12-29;8;5427
17;2025-12-29;9;3780
17;2025-12-29;10;2906
17;2025-12-29;11;2854
17;2025-12-29;12;2910
17;2025-12-29;13;2953
17;2025-12-29;14;2976
17;2025-12-29;15;3211
17;2025-12-29;16;3619
17;2025-12-29;17;4443
17;2025-12-29;18;4989
17;2025-12-29;19;3518
17;2025-12-29;20;2350
17;2025-12-29;21;1406
17;2025-12-29;22;772
17;2025-12-29;23;332
17;2025-12-30;0;0
17;2025-12-30;1;0
17;2025-12-30;2;0
17;2025-12-30;3;0
17;2025-12-30;4;0
17;2025-12-30;5;234
17;2025-12-30;6;1587
17;2025-12-30;7;4239
17;2025-12-30;8;5567
17;2025-12-30;9;3921
17;2025-12-30;10;3031
17;2025-12-30;11;2929
17;2025-12-30;12;3019
17;2025-12-30;13;3037
17;2025-12-30;14;3183
17;2025-12-30;15;3268
17;2025-12-30;16;3639
17;2025-12-30;17;4591
17;2025-12-30;18;5053
17;2025-12-30;19;3594
17;2025-12-30;20;2450
17;2025-12-30;21;1484
17;2025-12-30;22;793
17;2025-12-30;23;362
17;2025-12-31;0;0
17;2025-12-31;1;0
17;2025-12-31;2;0
17;2025-12-31;3;0
17;2025-12-31;4;0
17;2025-12-31;5;76
17;2025-12-31;6;432
17;2025-12-31;7;803
17;2025-12-31;8;1233
17;2025-12-31;9;1680
17;2025-12-31;10;1944
17;2025-12-31;11;2448
17;2025-12-31;12;2857
17;2025-12-31;13;3104
17;2025-12-31;14;3191
17;2025-12-31;15;3241
17;2025-12-31;16;3190
17;2025-12-31;17;3053
17;2025-12-31;18;2689
17;2025-12-31;19;2180
17;2025-12-31;20;1675
17;2025-12-31;21;1208
17;2025-12-31;22;780
17;2025-12-31;23;333
25;2025-11-01;0;0
25;2025-11-01;1;0
25;2025-11-01;2;0
25;2025-11-01;3;0
25;2025-11-01;4;0
25;2025-11-01;5;4
25;2025-11-01;6;186
25;2025-11-01;7;567
25;2025-11-01;8;898
25;2025-11-01;9;463
25;2025-11-01;10;377
25;2025-11-01;11;449
25;2025-11-01;12;443
25;2025-11-01;13;549
25;2025-11-01;14;519
25;2025-11-01;15;626
25;2025-11-01;16;788
25;2025-11-01;17;802
25;2025-11-01;18;702
25;2025-11-01;19;503
25;2025-11-01;20;326
25;2025-11-01;21;223
25;2025-11-01;22;138
25;2025-11-01;23;9
25;2025-11-02;0;0
25;2025-11-02;1;0
25;2025-11-02;2;0
25;2025-11-02;3;0
25;2025-11-02;4;0
25;2025-11-02;5;2
25;2025-11-02;6;53
25;2025-11-02;7;106
25;2025-11-02;8;197
25;2025-11-02;9;228
25;2025-11-02;10;233
25;2025-11-02;11;296
25;2025-11-02;12;360
25;2025-11-02;13;470
25;2025-11-02;14;509
25;2025-11-02;15;605
25;2025-11-02;16;532
25;2025-11-02;17;492
25;2025-11-02;18;453
25;2025-11-02;19;371
25;2025-11-02;20;257
25;2025-11-02;21;212
25;2025-11-02;22;126
25;2025-11-02;23;43
25;2025-11-03;0;0
25;2025-11-03;1;0
25;2025-11-03;2;0
25;2025-11-03;3;0
25;2025-11-03;4;0
25;2025-11-03;5;2
25;2025-11-03;6;51
25;2025-11-03;7;101
25;2025-11-03;8;189
25;2025-11-03;9;218
25;2025-11-03;10;223
25;2025-11-03;11;284
25;2025-11-03;12;345
25;2025-11-03;13;451
25;2025-11-03;14;488
25;2025-11-03;15;580
25;2025-11-03;16;510
25;2025-11-03;17;472
25;2025-11-03;18;434
25;2025-11-03;19;356
25;2025-11-03;20;247
25;2025-11-03;21;203
25;2025-11-03;22;121
25;2025-11-03;23;41
25;2025-11-04;0;0
25;2025-11-04;1;0
25;2025-11-04;2;0
25;2025-11-04;3;0
25;2025-11-04;4;0
25;2025-11-04;5;2
25;2025-11-04;6;52
25;2025-11-04;7;104
25;2025-11-04;8;194
25;2025-11-04;9;225
25;2025-11-04;10;230
25;2025-11-04;11;292
25;2025-11-04;12;355
25;2025-11-04;13;464
25;2025-11-04;14;503
25;2025-11-04;15;598
25;2025-11-04;16;525
25;2025-11-04;17;486
25;2025-11-04;18;447
25;2025-11-04;19;366
25;2025-11-04;20;254
25;2025-11-04;21;209
25;2025-11-04;22;124
25;2025-11-04;23;42
25;2025-11-05;0;0
25;2025-11-05;1;0
25;2025-11-05;2;0
25;2025-11-05;3;0
25;2025-11-05;4;0
25;2025-11-05;5;6
25;2025-11-05;6;174
25;2025-11-05;7;567
25;2025-11-05;8;950
25;2025-11-05;9;493
25;2025-11-05;10;379
25;2025-11-05;11;443
25;2025-11-05;12;440
25;2025-11-05;13;566
25;2025-11-05;14;474
25;2025-11-05;15;557
25;2025-11-05;16;687
25;2025-11-05;17;797
25;2025-11-05;18;859
25;2025-11-05;19;549
25;2025-11-05;20;358
25;2025-11-05;21;224
25;2025-11-05;22;120
25;2025-11-05;23;6
25;2025-11-06;0;0
25;2025-11-06;1;0
25;2025-11-06;2;0
25;2025-11-06;3;0
25;2025-11-06;4;0
25;2025-11-06;5;6
25;2025-11-06;6;180
25;2025-11-06;7;572
25;2025-11-06;8;992
25;2025-11-06;9;498
25;2025-11-06;10;393
25;2025-11-06;11;428
25;2025-11-06;12;429
25;2025-11-06;13;555
25;2025-11-06;14;517
25;2025-11-06;15;577
25;2025-11-06;16;712
25;2025-11-06;17;790
25;2025-11-06;18;824
25;2025-11-06;19;554
25;2025-11-06;20;326
25;2025-11-06;21;221
25;2025-11-06;22;129
25;2025-11-06;23;6
25;2025-11-07;0;0
25;2025-11-07;1;0
25;2025-11-07;2;0
25;2025-11-07;3;0
25;2025-11-07;4;0
25;2025-11-07;5;4
25;2025-11-07;6;185
25;2025-11-07;7;563
25;2025-11-07;8;892
25;2025-11-07;9;460
25;2025-11-07;10;374
25;2025-11-07;11;445
25;2025-11-07;12;440
25;2025-11-07;13;545
25;2025-11-07;14;516
25;2025-11-07;15;621
25;2025-11-07;16;783
25;2025-11-07;17;796
25;2025-11-07;18;697
25;2025-11-07;19;500
25;2025-11-07;20;323
25;2025-11-07;21;221
25;2025-11-07;22;137
25;2025-11-07;23;9
25;2025-11-08;0;0
25;2025-11-08;1;0
25;2025-11-08;2;0
25;2025-11-08;3;0
25;2025-11-08;4;0
25;2025-11-08;5;3
25;2025-11-08;6;63
25;2025-11-08;7;146
25;2025-11-08;8;330
25;2025-11-08;9;314
25;2025-11-08;10;310
25;2025-11-08;11;394
25;2025-11-08;12;409
25;2025-11-08;13;587
25;2025-11-08;14;594
25;2025-11-08;15;689
25;2025-11-08;16;599
25;2025-11-08;17;528
25;2025-11-08;18;505
25;2025-11-08;19;440
25;2025-11-08;20;281
25;2025-11-08;21;228
25;2025-11-08;22;143
25;2025-11-08;23;54
25;2025-11-09;0;0
25;2025-11-09;1;0
25;2025-11-09;2;0
25;2025-11-09;3;0
25;2025-11-09;4;0
25;2025-11-09;5;2
25;2025-11-09;6;53
25;2025-11-09;7;106
25;2025-11-09;8;197
25;2025-11-09;9;228
25;2025-11-09;10;233
25;2025-11-09;11;296
25;2025-11-09;12;360
25;2025-11-09;13;470
25;2025-11-09;14;509
25;2025-11-09;15;605
25;2025-11-09;16;532
25;2025-11-09;17;492
25;2025-11-09;18;453
25;2025-11-09;19;371
25;2025-11-09;20;257
25;2025-11-09;21;212
25;2025-11-09;22;126
25;2025-11-09;23;43
25;2025-11-10;0;0
25;2025-11-10;1;0
25;2025-11-10;2;0
25;2025-11-10;3;0
25;2025-11-10;4;0
25;2025-11-10;5;4
25;2025-11-10;6;182
25;2025-11-10;7;562
25;2025-11-10;8;1001
25;2025-11-10;9;512
25;2025-11-10;10;352
25;2025-11-10;11;403
25;2025-11-10;12;399
25;2025-11-10;13;547
25;2025-11-10;14;443
25;2025-11-10;15;530
25;2025-11-10;16;710
25;2025-11-10;17;753
25;2025-11-10;18;873
25;2025-11-10;19;544
25;2025-11-10;20;320
25;2025-11-10;21;217
25;2025-11-10;22;108
25;2025-11-10;23;8
25;2025-11-11;0;0
25;2025-11-11;1;0
25;2025-11-11;2;0
25;2025-11-11;3;0
25;2025-11-11;4;0
25;2025-11-11;5;5
25;2025-11-11;6;182
25;2025-11-11;7;598
25;2025-11-11;8;988
25;2025-11-11;9;527
25;2025-11-11;10;398
25;2025-11-11;11;469
25;2025-11-11;12;422
25;2025-11-11;13;513
25;2025-11-11;14;474
25;2025-11-11;15;572
25;2025-11-11;16;724
25;2025-11-11;17;769
25;2025-11-11;18;817
25;2025-11-11;19;567
25;2025-11-11;20;351
25;2025-11-11;21;222
25;2025-11-11;22;121
25;2025-11-11;23;7
25;2025-11-12;0;0
25;2025-11-12;1;0
25;2025-11-12;2;0
25;2025-11-12;3;0
25;2025-11-12;4;0
25;2025-11-12;5;6
25;2025-11-12;6;174
25;2025-11-12;7;567
25;2025-11-12;8;950
25;2025-11-12;9;493
25;2025-11-12;10;379
25;2025-11-12;11;443
25;2025-11-12;12;440
25;2025-11-12;13;566
25;2025-11-12;14;474
25;2025-11-12;15;557
25;2025-11-12;16;687
25;2025-11-12;17;797
25;2025-11-12;18;859
25;2025-11-12;19;549
25;2025-11-12;20;358
25;2025-11-12;21;224
25;2025-11-12;22;120
25;2025-11-12;23;6
25;2025-11-13;0;0
25;2025-11-13;1;0
25;2025-11-13;2;0
25;2025-11-13;3;0
25;2025-11-13;4;0
25;2025-11-13;5;6
25;2025-11-13;6;180
25;2025-11-13;7;572
25;2025-11-13;8;992
25;2025-11-13;9;498
25;2025-11-13;10;393
25;2025-11-13;11;428
25;2025-11-13;12;429
25;2025-11-13;13;555
25;2025-11-13;14;517
25;2025-11-13;15;577
25;2025-11-13;16;712
25;2025-11-13;17;790
25;2025-11-13;18;824
25;2025-11-13;19;554
25;2025-11-13;20;326
25;2025-11-13;21;221
25;2025-11-13;22;129
25;2025-11-13;23;6
25;2025-11-14;0;0
25;2025-11-14;1;0
25;2025-11-14;2;0
25;2025-11-14;3;0
25;2025-11-14;4;0
25;2025-11-14;5;4
25;2025-11-14;6;185
25;2025-11-14;7;563
25;2025-11-14;8;892
25;2025-11-14;9;460
25;2025-11-14;10;374
25;2025-11-14;11;445
25;2025-11-14;12;440
25;2025-11-14;13;545
25;2025-11-14;14;516
25;2025-11-14;15;621
25;2025-11-14;16;783
25;2025-11-14;17;796
25;2025-11-14;18;697
25;2025-11-14;19;500
25;2025-11-14;20;323
25;2025-11-14;21;221
25;2025-11-14;22;137
25;2025-11-14;23;9
25;2025-11-15;0;0
25;2025-11-15;1;0
25;2025-11-15;2;0
25;2025-11-15;3;0
25;2025-11-15;4;0
25;2025-11-15;5;3
25;2025-11-15;6;63
25;2025-11-15;7;146
25;2025-11-15;8;330
25;2025-11-15;9;314
25;2025-11-15;10;310
25;2025-11-15;11;394
25;2025-11-15;12;409
25;2025-11-15;13;587
25;2025-11-15;14;594
25;2025-11-15;15;689
25;2025-11-15;16;599
25;2025-11-15;17;528
25;2025-11-15;18;505
25;2025-11-15;19;440
25;2025-11-15;20;281
25;2025-11-15;21;228
25;2025-11-15;22;143
25;2025-11-15;23;54
25;2025-11-16;0;0
25;2025-11-16;1;0
25;2025-11-16;2;0
25;2025-11-16;3;0
25;2025-11-16;4;0
25;2025-11-16;5;2
25;2025-11-16;6;53
25;2025-11-16;7;106
25;2025-11-16;8;197
25;2025-11-16;9;228
25;2025-11-16;10;233
25;2025-11-16;11;296
25;2025-11-16;12;360
25;2025-11-16;13;470
25;2025-11-16;14;509
25;2025-11-16;15;605
25;2025-11-16;16;532
25;2025-11-16;17;492
25;2025-11-16;18;453
25;2025-11-16;19;371
25;2025-11-16;20;257
25;2025-11-16;21;212
25;2025-11-16;22;126
25;2025-11-16;23;43
25;2025-11-17;0;0
25;2025-11-17;1;0
25;2025-11-17;2;0
25;2025-11-17;3;0
25;2025-11-17;4;0
25;2025-11-17;5;4
25;2025-11-17;6;182
25;2025-11-17;7;562
25;2025-11-17;8;1001
25;2025-11-17;9;512
25;2025-11-17;10;352
25;2025-11-17;11;403
25;2025-11-17;12;399
25;2025-11-17;13;547
25;2025-11-17;14;443
25;2025-11-17;15;530
25;2025-11-17;16;710
25;2025-11-17;17;753
25;2025-11-17;18;873
25;2025-11-17;19;544
25;2025-11-17;20;320
25;2025-11-17;21;217
25;2025-11-17;22;108
25;2025-11-17;23;8
25;2025-11-18;0;0
25;2025-11-18;1;0
25;2025-11-18;2;0
25;2025-11-18;3;0
25;2025-11-18;4;0
25;2025-11-18;5;5
25;2025-11-18;6;182
25;2025-11-18;7;598
25;2025-11-18;8;988
25;2025-11-18;9;527
25;2025-11-18;10;398
25;2025-11-18;11;469
25;2025-11-18;12;422
25;2025-11-18;13;513
25;2025-11-18;14;474
25;2025-11-18;15;572
25;2025-11-18;16;724
25;2025-11-18;17;769
25;2025-11-18;18;817
25;2025-11-18;19;567
25;2025-11-18;20;351
25;2025-11-18;21;222
25;2025-11-18;22;121
25;2025-11-18;23;7
25;2025-11-19;0;0
25;2025-11-19;1;0
25;2025-11-19;2;0
25;2025-11-19;3;0
25;2025-11-19;4;0
25;2025-11-19;5;6
25;2025-11-19;6;174
25;2025-11-19;7;567
25;2025-11-19;8;950
25;2025-11-19;9;493
25;2025-11-19;10;379
25;2025-11-19;11;443
25;2025-11-19;12;440
25;2025-11-19;13;566
25;2025-11-19;14;474
25;2025-11-19;15;557
25;2025-11-19;16;687
25;2025-11-19;17;797
25;2025-11-19;18;859
25;2025-11-19;19;549
25;2025-11-19;20;358
25;2025-11-19;21;224
25;2025-11-19;22;120
25;2025-11-19;23;6
25;2025-11-20;0;0
25;2025-11-20;1;0
25;2025-11-20;2;0
25;2025-11-20;3;0
25;2025-11-20;4;0
25;2025-11-20;5;6
25;2025-11-20;6;180
25;2025-11-20;7;572
25;2025-11-20;8;992
25;2025-11-20;9;498
25;2025-11-20;10;393
25;2025-11-20;11;428
25;2025-11-20;12;429
25;2025-11-20;13;555
25;2025-11-20;14;517
25;2025-11-20;15;577
25;2025-11-20;16;712
25;2025-11-20;17;790
25;2025-11-20;18;824
25;2025-11-20;19;554
25;2025-11-20;20;326
25;2025-11-20;21;221
25;2025-11-20;22;129
25;2025-11-20;23;6
25;2025-11-21;0;0
25;2025-11-21;1;0
25;2025-11-21;2;0
25;2025-11-21;3;0
25;2025-11-21;4;0
25;2025-11-21;5;4
25;2025-11-21;6;185
25;2025-11-21;7;563
25;2025-11-21;8;892
25;2025-11-21;9;460
25;2025-11-21;10;374
25;2025-11-21;11;445
25;2025-11-21;12;440
25;2025-11-21;13;545
25;2025-11-21;14;516
25;2025-11-21;15;621
25;2025-11-21;16;783
25;2025-11-21;17;796
25;2025-11-21;18;697
25;2025-11-21;19;500
25;2025-11-21;20;323
25;2025-11-21;21;221
25;2025-11-21;22;137
25;2025-11-21;23;9
25;2025-11-22;0;0
25;2025-11-22;1;0
25;2025-11-22;2;0
25;2025-11-22;3;0
25;2025-11-22;4;0
25;2025-11-22;5;3
25;2025-11-22;6;63
25;2025-11-22;7;146
25;2025-11-22;8;330
25;2025-11-22;9;314
25;2025-11-22;10;310
25;2025-11-22;11;394
25;2025-11-22;12;409
25;2025-11-22;13;587
25;2025-11-22;14;594
25;2025-11-22;15;689
25;2025-11-22;16;599
25;2025-11-22;17;528
25;2025-11-22;18;505
25;2025-11-22;19;440
25;2025-11-22;20;281
25;2025-11-22;21;228
25;2025-11-22;22;143
25;2025-11-22;23;54
25;2025-11-23;0;0
25;2025-11-23;1;0
25;2025-11-23;2;0
25;2025-11-23;3;0
25;2025-11-23;4;0
25;2025-11-23;5;2
25;2025-11-23;6;53
25;2025-11-23;7;106
25;2025-11-23;8;197
25;2025-11-23;9;228
25;2025-11-23;10;233
25;2025-11-23;11;296
25;2025-11-23;12;360
25;2025-11-23;13;470
25;2025-11-23;14;509
25;2025-11-23;15;605
25;2025-11-23;16;532
25;2025-11-23;17;492
25;2025-11-23;18;453
25;2025-11-23;19;371
25;2025-11-23;20;257
25;2025-11-23;21;212
25;2025-11-23;22;126
25;2025-11-23;23;43
25;2025-11-24;0;0
25;2025-11-24;1;0
25;2025-11-24;2;0
25;2025-11-24;3;0
25;2025-11-24;4;0
25;2025-11-24;5;4
25;2025-11-24;6;182
25;2025-11-24;7;562
25;2025-11-24;8;1001
25;2025-11-24;9;512
25;2025-11-24;10;352
25;2025-11-24;11;403
25;2025-11-24;12;399
25;2025-11-24;13;547
25;2025-11-24;14;443
25;2025-11-24;15;530
25;2025-11-24;16;710
25;2025-11-24;17;753
25;2025-11-24;18;873
25;2025-11-24;19;544
25;2025-11-24;20;320
25;2025-11-24;21;217
25;2025-11-24;22;108
25;2025-11-24;23;8
25;2025-11-25;0;0
25;2025-11-25;1;0
25;2025-11-25;2;0
25;2025-11-25;3;0
25;2025-11-25;4;0
25;2025-11-25;5;5
25;2025-11-25;6;182
25;2025-11-25;7;598
25;2025-11-25;8;988
25;2025-11-25;9;527
25;2025-11-25;10;398
25;2025-11-25;11;469
25;2025-11-25;12;422
25;2025-11-25;13;513
25;2025-11-25;14;474
25;2025-11-25;15;572
25;2025-11-25;16;724
25;2025-11-25;17;769
25;2025-11-25;18;817
25;2025-11-25;19;567
25;2025-11-25;20;351
25;2025-11-25;21;222
25;2025-11-25;22;121
25;2025-11-25;23;7
25;2025-11-26;0;0
25;2025-11-26;1;0
25;2025-11-26;2;0
25;2025-11-26;3;0
25;2025-11-26;4;0
25;2025-11-26;5;6
25;2025-11-26;6;174
25;2025-11-26;7;567
25;2025-11-26;8;950
25;2025-11-26;9;493
25;2025-11-26;10;379
25;2025-11-26;11;443
25;2025-11-26;12;440
25;2025-11-26;13;566
25;2025-11-26;14;474
25;2025-11-26;15;557
25;2025-11-26;16;687
25;2025-11-26;17;797
25;2025-11-26;18;859
25;2025-11-26;19;549
25;2025-11-26;20;358
25;2025-11-26;21;224
25;2025-11-26;22;120
25;2025-11-26;23;6
25;2025-11-27;0;0
25;2025-11-27;1;0
25;2025-11-27;2;0
25;2025-11-27;3;0
25;2025-11-27;4;0
25;2025-11-27;5;6
25;2025-11-27;6;180
25;2025-11-27;7;572
25;2025-11-27;8;992
25;2025-11-27;9;498
25;2025-11-27;10;393
25;2025-11-27;11;428
25;2025-11-27;12;429
25;2025-11-27;13;555
25;2025-11-27;14;517
25;2025-11-27;15;577
25;2025-11-27;16;712
25;2025-11-27;17;790
25;2025-11-27;18;824
25;2025-11-27;19;554
25;2025-11-27;20;326
25;2025-11-27;21;221
25;2025-11-27;22;129
25;2025-11-27;23;6
25;2025-11-28;0;0
25;2025-11-28;1;0
25;2025-11-28;2;0
25;2025-11-28;3;0
25;2025-11-28;4;0
25;2025-11-28;5;4
25;2025-11-28;6;185
25;2025-11-28;7;563
25;2025-11-28;8;892
25;2025-11-28;9;460
25;2025-11-28;10;374
25;2025-11-28;11;445
25;2025-11-28;12;440
25;2025-11-28;13;545
25;2025-11-28;14;516
25;2025-11-28;15;621
25;2025-11-28;16;783
25;2025-11-28;17;796
25;2025-11-28;18;697
25;2025-11-28;19;500
25;2025-11-28;20;323
25;2025-11-28;21;221
25;2025-11-28;22;137
25;2025-11-28;23;9
25;2025-11-29;0;0
25;2025-11-29;1;0
25;2025-11-29;2;0
25;2025-11-29;3;0
25;2025-11-29;4;0
25;2025-11-29;5;3
25;2025-11-29;6;63
25;2025-11-29;7;146
25;2025-11-29;8;330
25;2025-11-29;9;314
25;2025-11-29;10;310
25;2025-11-29;11;394
25;2025-11-29;12;409
25;2025-11-29;13;587
25;2025-11-29;14;594
25;2025-11-29;15;689
25;2025-11-29;16;599
25;2025-11-29;17;528
25;2025-11-29;18;505
25;2025-11-29;19;440
25;2025-11-29;20;281
25;2025-11-29;21;228
25;2025-11-29;22;143
25;2025-11-29;23;54
25;2025-11-30;0;0
25;2025-11-30;1;0
25;2025-11-30;2;0
25;2025-11-30;3;0
25;2025-11-30;4;0
25;2025-11-30;5;2
25;2025-11-30;6;53
25;2025-11-30;7;106
25;2025-11-30;8;197
25;2025-11-30;9;228
25;2025-11-30;10;233
25;2025-11-30;11;296
25;2025-11-30;12;360
25;2025-11-30;13;470
25;2025-11-30;14;509
25;2025-11-30;15;605
25;2025-11-30;16;532
25;2025-11-30;17;492
25;2025-11-30;18;453
25;2025-11-30;19;371
25;2025-11-30;20;257
25;2025-11-30;21;212
25;2025-11-30;22;126
25;2025-11-30;23;43
25;2025-12-01;0;0
25;2025-12-01;1;0
25;2025-12-01;2;0
25;2025-12-01;3;0
25;2025-12-01;4;0
25;2025-12-01;5;4
25;2025-12-01;6;182
25;2025-12-01;7;562
25;2025-12-01;8;1001
25;2025-12-01;9;512
25;2025-12-01;10;352
25;2025-12-01;11;403
25;2025-12-01;12;399
25;2025-12-01;13;547
25;2025-12-01;14;443
25;2025-12-01;15;530
25;2025-12-01;16;710
25;2025-12-01;17;753
25;2025-12-01;18;873
25;2025-12-01;19;544
25;2025-12-01;20;320
25;2025-12-01;21;217
25;2025-12-01;22;108
25;2025-12-01;23;8
25;2025-12-02;0;0
25;2025-12-02;1;0
25;2025-12-02;2;0
25;2025-12-02;3;0
25;2025-12-02;4;0
25;2025-12-02;5;5
25;2025-12-02;6;182
25;2025-12-02;7;598
25;2025-12-02;8;988
25;2025-12-02;9;527
25;2025-12-02;10;398
25;2025-12-02;11;469
25;2025-12-02;12;422
25;2025-12-02;13;513
25;2025-12-02;14;474
25;2025-12-02;15;572
25;2025-12-02;16;724
25;2025-12-02;17;769
25;2025-12-02;18;817
25;2025-12-02;19;567
25;2025-12-02;20;351
25;2025-12-02;21;222
25;2025-12-02;22;121
25;2025-12-02;23;7
25;2025-12-03;0;0
25;2025-12-03;1;0
25;2025-12-03;2;0
25;2025-12-03;3;0
25;2025-12-03;4;0
25;2025-12-03;5;6
25;2025-12-03;6;174
25;2025-12-03;7;567
25;2025-12-03;8;950
25;2025-12-03;9;493
25;2025-12-03;10;379
25;2025-12-03;11;443
25;2025-12-03;12;440
25;2025-12-03;13;566
25;2025-12-03;14;474
25;2025-12-03;15;557
25;2025-12-03;16;687
25;2025-12-03;17;797
25;2025-12-03;18;859
25;2025-12-03;19;549
25;2025-12-03;20;358
25;2025-12-03;21;224
25;2025-12-03;22;120
25;2025-12-03;23;6
25;2025-12-04;0;0
25;2025-12-04;1;0
25;2025-12-04;2;0
25;2025-12-04;3;0
25;2025-12-04;4;0
25;2025-12-04;5;6
25;2025-12-04;6;180
25;2025-12-04;7;572
25;2025-12-04;8;992
25;2025-12-04;9;498
25;2025-12-04;10;393
25;2025-12-04;11;428
25;2025-12-04;12;429
25;2025-12-04;13;555
25;2025-12-04;14;517
25;2025-12-04;15;577
25;2025-12-04;16;712
25;2025-12-04;17;790
25;2025-12-04;18;824
25;2025-12-04;19;554
25;2025-12-04;20;326
25;2025-12-04;21;221
25;2025-12-04;22;129
25;2025-12-04;23;6
25;2025-12-05;0;0
25;2025-12-05;1;0
25;2025-12-05;2;0
25;2025-12-05;3;0
25;2025-12-05;4;0
25;2025-12-05;5;4
25;2025-12-05;6;185
25;2025-12-05;7;563
25;2025-12-05;8;892
25;2025-12-05;9;460
25;2025-12-05;10;374
25;2025-12-05;11;445
25;2025-12-05;12;440
25;2025-12-05;13;545
25;2025-12-05;14;516
25;2025-12-05;15;621
25;2025-12-05;16;783
25;2025-12-05;17;796
25;2025-12-05;18;697
25;2025-12-05;19;500
25;2025-12-05;20;323
25;2025-12-05;21;221
25;2025-12-05;22;137
25;2025-12-05;23;9
25;2025-12-06;0;0
25;2025-12-06;1;0
25;2025-12-06;2;0
25;2025-12-06;3;0
25;2025-12-06;4;0
25;2025-12-06;5;3
25;2025-12-06;6;63
25;2025-12-06;7;146
25;2025-12-06;8;330
25;2025-12-06;9;314
25;2025-12-06;10;310
25;2025-12-06;11;394
25;2025-12-06;12;409
25;2025-12-06;13;587
25;2025-12-06;14;594
25;2025-12-06;15;689
25;2025-12-06;16;599
25;2025-12-06;17;528
25;2025-12-06;18;505
25;2025-12-06;19;440
25;2025-12-06;20;281
25;2025-12-06;21;228
25;2025-12-06;22;143
25;2025-12-06;23;54
25;2025-12-07;0;0
25;2025-12-07;1;0
25;2025-12-07;2;0
25;2025-12-07;3;0
25;2025-12-07;4;0
25;2025-12-07;5;2
25;2025-12-07;6;53
25;2025-12-07;7;106
25;2025-12-07;8;197
25;2025-12-07;9;228
25;2025-12-07;10;233
25;2025-12-07;11;296
25;2025-12-07;12;360
25;2025-12-07;13;470
25;2025-12-07;14;509
25;2025-12-07;15;605
25;2025-12-07;16;532
25;2025-12-07;17;492
25;2025-12-07;18;453
25;2025-12-07;19;371
25;2025-12-07;20;257
25;2025-12-07;21;212
25;2025-12-07;22;126
25;2025-12-07;23;43
25;2025-12-08;0;0
25;2025-12-08;1;0
25;2025-12-08;2;0
25;2025-12-08;3;0
25;2025-12-08;4;0
25;2025-12-08;5;4
25;2025-12-08;6;182
25;2025-12-08;7;562
25;2025-12-08;8;1001
25;2025-12-08;9;512
25;2025-12-08;10;352
25;2025-12-08;11;403
25;2025-12-08;12;399
25;2025-12-08;13;547
25;2025-12-08;14;443
25;2025-12-08;15;530
25;2025-12-08;16;710
25;2025-12-08;17;753
25;2025-12-08;18;873
25;2025-12-08;19;544
25;2025-12-08;20;320
25;2025-12-08;21;217
25;2025-12-08;22;108
25;2025-12-08;23;8
25;2025-12-09;0;0
25;2025-12-09;1;0
25;2025-12-09;2;0
25;2025-12-09;3;0
25;2025-12-09;4;0
25;2025-12-09;5;5
25;2025-12-09;6;182
25;2025-12-09;7;598
25;2025-12-09;8;988
25;2025-12-09;9;527
25;2025-12-09;10;398
25;2025-12-09;11;469
25;2025-12-09;12;422
25;2025-12-09;13;513
25;2025-12-09;14;474
25;2025-12-09;15;572
25;2025-12-09;16;724
25;2025-12-09;17;769
25;2025-12-09;18;817
25;2025-12-09;19;567
25;2025-12-09;20;351
25;2025-12-09;21;222
25;2025-12-09;22;121
25;2025-12-09;23;7
25;2025-12-10;0;0
25;2025-12-10;1;0
25;2025-12-10;2;0
25;2025-12-10;3;0
25;2025-12-10;4;0
25;2025-12-10;5;6
25;2025-12-10;6;174
25;2025-12-10;7;567
25;2025-12-10;8;950
25;2025-12-10;9;493
25;2025-12-10;10;379
25;2025-12-10;11;443
25;2025-12-10;12;440
25;2025-12-10;13;566
25;2025-12-10;14;474
25;2025-12-10;15;557
25;2025-12-10;16;687
25;2025-12-10;17;797
25;2025-12-10;18;859
25;2025-12-10;19;549
25;2025-12-10;20;358
25;2025-12-10;21;224
25;2025-12-10;22;120
25;2025-12-10;23;6
25;2025-12-11;0;0
25;2025-12-11;1;0
25;2025-12-11;2;0
25;2025-12-11;3;0
25;2025-12-11;4;0
25;2025-12-11;5;6
25;2025-12-11;6;180
25;2025-12-11;7;572
25;2025-12-11;8;992
25;2025-12-11;9;498
25;2025-12-11;10;393
25;2025-12-11;11;428
25;2025-12-11;12;429
25;2025-12-11;13;555
25;2025-12-11;14;517
25;2025-12-11;15;577
25;2025-12-11;16;712
25;2025-12-11;17;790
25;2025-12-11;18;824
25;2025-12-11;19;554
25;2025-12-11;20;326
25;2025-12-11;21;221
25;2025-12-11;22;129
25;2025-12-11;23;6
25;2025-12-12;0;0
25;2025-12-12;1;0
25;2025-12-12;2;0
25;2025-12-12;3;0
25;2025-12-12;4;0
25;2025-12-12;5;4
25;2025-12-12;6;185
25;2025-12-12;7;563
25;2025-12-12;8;892
25;2025-12-12;9;460
25;2025-12-12;10;374
25;2025-12-12;11;445
25;2025-12-12;12;440
25;2025-12-12;13;545
25;2025-12-12;14;516
25;2025-12-12;15;621
25;2025-12-12;16;783
25;2025-12-12;17;796
25;2025-12-12;18;697
25;2025-12-12;19;500
25;2025-12-12;20;323
25;2025-12-12;21;221
25;2025-12-12;22;137
25;2025-12-12;23;9
25;2025-12-13;0;0
25;2025-12-13;1;0
25;2025-12-13;2;0
25;2025-12-13;3;0
25;2025-12-13;4;0
25;2025-12-13;5;3
25;2025-12-13;6;63
25;2025-12-13;7;146
25;2025-12-13;8;330
25;2025-12-13;9;314
25;2025-12-13;10;310
25;2025-12-13;11;394
25;2025-12-13;12;409
25;2025-12-13;13;587
25;2025-12-13;14;594
25;2025-12-13;15;689
25;2025-12-13;16;599
25;2025-12-13;17;528
25;2025-12-13;18;505
25;2025-12-13;19;440
25;2025-12-13;20;281
25;2025-12-13;21;228
25;2025-12-13;22;143
25;2025-12-13;23;54
25;2025-12-14;0;0
25;2025-12-14;1;0
25;2025-12-14;2;0
25;2025-12-14;3;0
25;2025-12-14;4;0
25;2025-12-14;5;2
25;2025-12-14;6;53
25;2025-12-14;7;106
25;2025-12-14;8;197
25;2025-12-14;9;228
25;2025-12-14;10;233
25;2025-12-14;11;296
25;2025-12-14;12;360
25;2025-12-14;13;470
25;2025-12-14;14;509
25;2025-12-14;15;605
25;2025-12-14;16;532
25;2025-12-14;17;492
25;2025-12-14;18;453
25;2025-12-14;19;371
25;2025-12-14;20;257
25;2025-12-14;21;212
25;2025-12-14;22;126
25;2025-12-14;23;43
25;2025-12-15;0;0
25;2025-12-15;1;0
25;2025-12-15;2;0
25;2025-12-15;3;0
25;2025-12-15;4;0
25;2025-12-15;5;4
25;2025-12-15;6;182
25;2025-12-15;7;562
25;2025-12-15;8;1001
25;2025-12-15;9;512
25;2025-12-15;10;352
25;2025-12-15;11;403
25;2025-12-15;12;399
25;2025-12-15;13;547
25;2025-12-15;14;443
25;2025-12-15;15;530
25;2025-12-15;16;710
25;2025-12-15;17;753
25;2025-12-15;18;873
25;2025-12-15;19;544
25;2025-12-15;20;320
25;2025-12-15;21;217
25;2025-12-15;22;108
25;2025-12-15;23;8
25;2025-12-16;0;0
25;2025-12-16;1;0
25;2025-12-16;2;0
25;2025-12-16;3;0
25;2025-12-16;4;0
25;2025-12-16;5;5
25;2025-12-16;6;182
25;2025-12-16;7;598
25;2025-12-16;8;988
25;2025-12-16;9;527
25;2025-12-16;10;398
25;2025-12-16;11;469
25;2025-12-16;12;422
25;2025-12-16;13;513
25;2025-12-16;14;474
25;2025-12-16;15;572
25;2025-12-16;16;724
25;2025-12-16;17;769
25;2025-12-16;18;817
25;2025-12-16;19;567
25;2025-12-16;20;351
25;2025-12-16;21;222
25;2025-12-16;22;121
25;2025-12-16;23;7
25;2025-12-17;0;0
25;2025-12-17;1;0
25;2025-12-17;2;0
25;2025-12-17;3;0
25;2025-12-17;4;0
25;2025-12-17;5;6
25;2025-12-17;6;174
25;2025-12-17;7;567
25;2025-12-17;8;950
25;2025-12-17;9;493
25;2025-12-17;10;379
25;2025-12-17;11;443
25;2025-12-17;12;440
25;2025-12-17;13;566
25;2025-12-17;14;474
25;2025-12-17;15;557
25;2025-12-17;16;687
25;2025-12-17;17;797
25;2025-12-17;18;859
25;2025-12-17;19;549
25;2025-12-17;20;358
25;2025-12-17;21;224
25;2025-12-17;22;120
25;2025-12-17;23;6
25;2025-12-18;0;0
25;2025-12-18;1;0
25;2025-12-18;2;0
25;2025-12-18;3;0
25;2025-12-18;4;0
25;2025-12-18;5;6
25;2025-12-18;6;180
25;2025-12-18;7;572
25;2025-12-18;8;992
25;2025-12-18;9;498
25;2025-12-18;10;393
25;2025-12-18;11;428
25;2025-12-18;12;429
25;2025-12-18;13;555
25;2025-12-18;14;517
25;2025-12-18;15;577
25;2025-12-18;16;712
25;2025-12-18;17;790
25;2025-12-18;18;824
25;2025-12-18;19;554
25;2025-12-18;20;326
25;2025-12-18;21;221
25;2025-12-18;22;129
25;2025-12-18;23;6
25;2025-12-19;0;0
25;2025-12-19;1;0
25;2025-12-19;2;0
25;2025-12-19;3;0
25;2025-12-19;4;0
25;2025-12-19;5;4
25;2025-12-19;6;185
25;2025-12-19;7;563
25;2025-12-19;8;892
25;2025-12-19;9;460
25;2025-12-19;10;374
25;2025-12-19;11;445
25;2025-12-19;12;440
25;2025-12-19;13;545
25;2025-12-19;14;516
25;2025-12-19;15;621
25;2025-12-19;16;783
25;2025-12-19;17;796
25;2025-12-19;18;697
25;2025-12-19;19;500
25;2025-12-19;20;323
25;2025-12-19;21;221
25;2025-12-19;22;137
25;2025-12-19;23;9
25;2025-12-20;0;0
25;2025-12-20;1;0
25;2025-12-20;2;0
25;2025-12-20;3;0
25;2025-12-20;4;0
25;2025-12-20;5;3
25;2025-12-20;6;63
25;2025-12-20;7;146
25;2025-12-20;8;330
25;2025-12-20;9;314
25;2025-12-20;10;310
25;2025-12-20;11;394
25;2025-12-20;12;409
25;2025-12-20;13;587
25;2025-12-20;14;594
25;2025-12-20;15;689
25;2025-12-20;16;599
25;2025-12-20;17;528
25;2025-12-20;18;505
25;2025-12-20;19;440
25;2025-12-20;20;281
25;2025-12-20;21;228
25;2025-12-20;22;143
25;2025-12-20;23;54
25;2025-12-21;0;0
25;2025-12-21;1;0
25;2025-12-21;2;0
25;2025-12-21;3;0
25;2025-12-21;4;0
25;2025-12-21;5;2
25;2025-12-21;6;53
25;2025-12-21;7;106
25;2025-12-21;8;197
25;2025-12-21;9;228
25;2025-12-21;10;233
25;2025-12-21;11;296
25;2025-12-21;12;360
25;2025-12-21;13;470
25;2025-12-21;14;509
25;2025-12-21;15;605
25;2025-12-21;16;532
25;2025-12-21;17;492
25;2025-12-21;18;453
25;2025-12-21;19;371
25;2025-12-21;20;257
25;2025-12-21;21;212
25;2025-12-21;22;126
25;2025-12-21;23;43
25;2025-12-22;0;0
25;2025-12-22;1;0
25;2025-12-22;2;0
25;2025-12-22;3;0
25;2025-12-22;4;0
25;2025-12-22;5;4
25;2025-12-22;6;182
25;2025-12-22;7;562
25;2025-12-22;8;1001
25;2025-12-22;9;512
25;2025-12-22;10;352
25;2025-12-22;11;403
25;2025-12-22;12;399
25;2025-12-22;13;547
25;2025-12-22;14;443
25;2025-12-22;15;530
25;2025-12-22;16;710
25;2025-12-22;17;753
25;2025-12-22;18;873
25;2025-12-22;19;544
25;2025-12-22;20;320
25;2025-12-22;21;217
25;2025-12-22;22;108
25;2025-12-22;23;8
25;2025-12-23;0;0
25;2025-12-23;1;0
25;2025-12-23;2;0
25;2025-12-23;3;0
25;2025-12-23;4;0
25;2025-12-23;5;5
25;2025-12-23;6;182
25;2025-12-23;7;598
25;2025-12-23;8;988
25;2025-12-23;9;527
25;2025-12-23;10;398
25;2025-12-23;11;469
25;2025-12-23;12;422
25;2025-12-23;13;513
25;2025-12-23;14;474
25;2025-12-23;15;572
25;2025-12-23;16;724
25;2025-12-23;17;769
25;2025-12-23;18;817
25;2025-12-23;19;567
25;2025-12-23;20;351
25;2025-12-23;21;222
25;2025-12-23;22;121
25;2025-12-23;23;7
25;2025-12-24;0;0
25;2025-12-24;1;0
25;2025-12-24;2;0
25;2025-12-24;3;0
25;2025-12-24;4;0
25;2025-12-24;5;6
25;2025-12-24;6;174
25;2025-12-24;7;567
25;2025-12-24;8;950
25;2025-12-24;9;493
25;2025-12-24;10;379
25;2025-12-24;11;443
25;2025-12-24;12;440
25;2025-12-24;13;566
25;2025-12-24;14;474
25;2025-12-24;15;557
25;2025-12-24;16;687
25;2025-12-24;17;797
25;2025-12-24;18;859
25;2025-12-24;19;549
25;2025-12-24;20;358
25;2025-12-24;21;224
25;2025-12-24;22;120
25;2025-12-24;23;6
25;2025-12-25;0;0
25;2025-12-25;1;0
25;2025-12-25;2;0
25;2025-12-25;3;0
25;2025-12-25;4;0
25;2025-12-25;5;6
25;2025-12-25;6;180
25;2025-12-25;7;572
25;2025-12-25;8;992
25;2025-12-25;9;498
25;2025-12-25;10;393
25;2025-12-25;11;428
25;2025-12-25;12;429
25;2025-12-25;13;555
25;2025-12-25;14;517
25;2025-12-25;15;577
25;2025-12-25;16;712
25;2025-12-25;17;790
25;2025-12-25;18;824
25;2025-12-25;19;554
25;2025-12-25;20;326
25;2025-12-25;21;221
25;2025-12-25;22;129
25;2025-12-25;23;6
25;2025-12-26;0;0
25;2025-12-26;1;0
25;2025-12-26;2;0
25;2025-12-26;3;0
25;2025-12-26;4;0
25;2025-12-26;5;4
25;2025-12-26;6;185
25;2025-12-26;7;563
25;2025-12-26;8;892
25;2025-12-26;9;460
25;2025-12-26;10;374
25;2025-12-26;11;445
25;2025-12-26;12;440
25;2025-12-26;13;545
25;2025-12-26;14;516
25;2025-12-26;15;621
25;2025-12-26;16;783
25;2025-12-26;17;796
25;2025-12-26;18;697
25;2025-12-26;19;500
25;2025-12-26;20;323
25;2025-12-26;21;221
25;2025-12-26;22;137
25;2025-12-26;23;9
25;2025-12-27;0;0
25;2025-12-27;1;0
25;2025-12-27;2;0
25;2025-12-27;3;0
25;2025-12-27;4;0
25;2025-12-27;5;3
25;2025-12-27;6;63
25;2025-12-27;7;146
25;2025-12-27;8;330
25;2025-12-27;9;314
25;2025-12-27;10;310
25;2025-12-27;11;394
25;2025-12-27;12;409
25;2025-12-27;13;587
25;2025-12-27;14;594
25;2025-12-27;15;689
25;2025-12-27;16;599
25;2025-12-27;17;528
25;2025-12-27;18;505
25;2025-12-27;19;440
25;2025-12-27;20;281
25;2025-12-27;21;228
25;2025-12-27;22;143
25;2025-12-27;23;54
25;2025-12-28;0;0
25;2025-12-28;1;0
25;2025-12-28;2;0
25;2025-12-28;3;0
25;2025-12-28;4;0
25;2025-12-28;5;2
25;2025-12-28;6;53
25;2025-12-28;7;106
25;2025-12-28;8;197
25;2025-12-28;9;228
25;2025-12-28;10;233
25;2025-12-28;11;296
25;2025-12-28;12;360
25;2025-12-28;13;470
25;2025-12-28;14;509
25;2025-12-28;15;605
25;2025-12-28;16;532
25;2025-12-28;17;492
25;2025-12-28;18;453
25;2025-12-28;19;371
25;2025-12-28;20;257
25;2025-12-28;21;212
25;2025-12-28;22;126
25;2025-12-28;23;43
25;2025-12-29;0;0
25;2025-12-29;1;0
25;2025-12-29;2;0
25;2025-12-29;3;0
25;2025-12-29;4;0
25;2025-12-29;5;4
25;2025-12-29;6;182
25;2025-12-29;7;562
25;2025-12-29;8;1001
25;2025-12-29;9;512
25;2025-12-29;10;352
25;2025-12-29;11;403
25;2025-12-29;12;399
25;2025-12-29;13;547
25;2025-12-29;14;443
25;2025-12-29;15;530
25;2025-12-29;16;710
25;2025-12-29;17;753
25;2025-12-29;18;873
25;2025-12-29;19;544
25;2025-12-29;20;320
25;2025-12-29;21;217
25;2025-12-29;22;108
25;2025-12-29;23;8
25;2025-12-30;0;0
25;2025-12-30;1;0
25;2025-12-30;2;0
25;2025-12-30;3;0
25;2025-12-30;4;0
25;2025-12-30;5;5
25;2025-12-30;6;182
25;2025-12-30;7;598
25;2025-12-30;8;988
25;2025-12-30;9;527
25;2025-12-30;10;398
25;2025-12-30;11;469
25;2025-12-30;12;422
25;2025-12-30;13;513
25;2025-12-30;14;474
25;2025-12-30;15;572
25;2025-12-30;16;724
25;2025-12-30;17;769
25;2025-12-30;18;817
25;2025-12-30;19;567
25;2025-12-30;20;351
25;2025-12-30;21;222
25;2025-12-30;22;121
25;2025-12-30;23;7
25;2025-12-31;0;0
25;2025-12-31;1;0
25;2025-12-31;2;0
25;2025-12-31;3;0
25;2025-12-31;4;0
25;2025-12-31;5;2
25;2025-12-31;6;52
25;2025-12-31;7;103
25;2025-12-31;8;193
25;2025-12-31;9;223
25;2025-12-31;10;228
25;2025-12-31;11;290
25;2025-12-31;12;352
25;2025-12-31;13;460
25;2025-12-31;14;499
25;2025-12-31;15;592
25;2025-12-31;16;520
25;2025-12-31;17;482
25;2025-12-31;18;443
25;2025-12-31;19;363
25;2025-12-31;20;252
25;2025-12-31;21;207
25;2025-12-31;22;123
25;2025-12-31;23;42
26;2025-11-01;0;0
26;2025-11-01;1;0
26;2025-11-01;2;0
26;2025-11-01;3;0
26;2025-11-01;4;0
26;2025-11-01;5;58
26;2025-11-01;6;516
26;2025-11-01;7;1085
26;2025-11-01;8;2086
26;2025-11-01;9;1424
26;2025-11-01;10;1246
26;2025-11-01;11;1091
26;2025-11-01;12;1146
26;2025-11-01;13;1212
26;2025-11-01;14;1272
26;2025-11-01;15;1415
26;2025-11-01;16;1671
26;2025-11-01;17;1747
26;2025-11-01;18;1453
26;2025-11-01;19;1107
26;2025-11-01;20;742
26;2025-11-01;21;484
26;2025-11-01;22;232
26;2025-11-01;23;163
26;2025-11-02;0;0
26;2025-11-02;1;0
26;2025-11-02;2;0
26;2025-11-02;3;0
26;2025-11-02;4;0
26;2025-11-02;5;23
26;2025-11-02;6;174
26;2025-11-02;7;272
26;2025-11-02;8;390
26;2025-11-02;9;532
26;2025-11-02;10;589
26;2025-11-02;11;796
26;2025-11-02;12;839
26;2025-11-02;13;899
26;2025-11-02;14;886
26;2025-11-02;15;822
26;2025-11-02;16;831
26;2025-11-02;17;822
26;2025-11-02;18;773
26;2025-11-02;19;605
26;2025-11-02;20;451
26;2025-11-02;21;309
26;2025-11-02;22;217
26;2025-11-02;23;116
26;2025-11-03;0;0
26;2025-11-03;1;0
26;2025-11-03;2;0
26;2025-11-03;3;0
26;2025-11-03;4;0
26;2025-11-03;5;22
26;2025-11-03;6;167
26;2025-11-03;7;261
26;2025-11-03;8;374
26;2025-11-03;9;510
26;2025-11-03;10;564
26;2025-11-03;11;763
26;2025-11-03;12;804
26;2025-11-03;13;861
26;2025-11-03;14;849
26;2025-11-03;15;788
26;2025-11-03;16;797
26;2025-11-03;17;788
26;2025-11-03;18;741
26;2025-11-03;19;580
26;2025-11-03;20;432
26;2025-11-03;21;296
26;2025-11-03;22;208
26;2025-11-03;23;111
26;2025-11-04;0;0
26;2025-11-04;1;0
26;2025-11-04;2;0
26;2025-11-04;3;0
26;2025-11-04;4;0
26;2025-11-04;5;23
26;2025-11-04;6;172
26;2025-11-04;7;269
26;2025-11-04;8;386
26;2025-11-04;9;526
26;2025-11-04;10;581
26;2025-11-04;11;786
26;2025-11-04;12;829
26;2025-11-04;13;887
26;2025-11-04;14;875
26;2025-11-04;15;812
26;2025-11-04;16;821
26;2025-11-04;17;811
26;2025-11-04;18;763
26;2025-11-04;19;598
26;2025-11-04;20;445
26;2025-11-04;21;305
26;2025-11-04;22;214
26;2025-11-04;23;115
26;2025-11-05;0;0
26;2025-11-05;1;0
26;2025-11-05;2;0
26;2025-11-05;3;0
26;2025-11-05;4;0
26;2025-11-05;5;66
26;2025-11-05;6;500
26;2025-11-05;7;1101
26;2025-11-05;8;2159
26;2025-11-05;9;1463
26;2025-11-05;10;1204
26;2025-11-05;11;1092
26;2025-11-05;12;1135
26;2025-11-05;13;1171
26;2025-11-05;14;1285
26;2025-11-05;15;1325
26;2025-11-05;16;1456
26;2025-11-05;17;1640
26;2025-11-05;18;1839
26;2025-11-05;19;1250
26;2025-11-05;20;778
26;2025-11-05;21;499
26;2025-11-05;22;236
26;2025-11-05;23;129
26;2025-11-06;0;0
26;2025-11-06;1;0
26;2025-11-06;2;0
26;2025-11-06;3;0
26;2025-11-06;4;0
26;2025-11-06;5;59
26;2025-11-06;6;496
26;2025-11-06;7;1087
26;2025-11-06;8;2153
26;2025-11-06;9;1492
26;2025-11-06;10;1182
26;2025-11-06;11;1130
26;2025-11-06;12;1136
26;2025-11-06;13;1169
26;2025-11-06;14;1232
26;2025-11-06;15;1338
26;2025-11-06;16;1500
26;2025-11-06;17;1681
26;2025-11-06;18;1918
26;2025-11-06;19;1280
26;2025-11-06;20;769
26;2025-11-06;21;476
26;2025-11-06;22;246
26;2025-11-06;23;131
26;2025-11-07;0;0
26;2025-11-07;1;0
26;2025-11-07;2;0
26;2025-11-07;3;0
26;2025-11-07;4;0
26;2025-11-07;5;57
26;2025-11-07;6;512
26;2025-11-07;7;1078
26;2025-11-07;8;2071
26;2025-11-07;9;1414
26;2025-11-07;10;1237
26;2025-11-07;11;1083
26;2025-11-07;12;1138
26;2025-11-07;13;1203
26;2025-11-07;14;1263
26;2025-11-07;15;1405
26;2025-11-07;16;1659
26;2025-11-07;17;1735
26;2025-11-07;18;1443
26;2025-11-07;19;1099
26;2025-11-07;20;737
26;2025-11-07;21;480
26;2025-11-07;22;231
26;2025-11-07;23;162
26;2025-11-08;0;0
26;2025-11-08;1;0
26;2025-11-08;2;0
26;2025-11-08;3;0
26;2025-11-08;4;0
26;2025-11-08;5;39
26;2025-11-08;6;266
26;2025-11-08;7;378
26;2025-11-08;8;596
26;2025-11-08;9;696
26;2025-11-08;10;824
26;2025-11-08;11;1004
26;2025-11-08;12;1048
26;2025-11-08;13;1048
26;2025-11-08;14;1042
26;2025-11-08;15;994
26;2025-11-08;16;994
26;2025-11-08;17;932
26;2025-11-08;18;888
26;2025-11-08;19;820
26;2025-11-08;20;557
26;2025-11-08;21;372
26;2025-11-08;22;227
26;2025-11-08;23;147
26;2025-11-09;0;0
26;2025-11-09;1;0
26;2025-11-09;2;0
26;2025-11-09;3;0
26;2025-11-09;4;0
26;2025-11-09;5;23
26;2025-11-09;6;174
26;2025-11-09;7;272
26;2025-11-09;8;390
26;2025-11-09;9;532
26;2025-11-09;10;589
26;2025-11-09;11;796
26;2025-11-09;12;839
26;2025-11-09;13;899
26;2025-11-09;14;886
26;2025-11-09;15;822
26;2025-11-09;16;831
26;2025-11-09;17;822
26;2025-11-09;18;773
26;2025-11-09;19;605
26;2025-11-09;20;451
26;2025-11-09;21;309
26;2025-11-09;22;217
26;2025-11-09;23;116
26;2025-11-10;0;0
26;2025-11-10;1;0
26;2025-11-10;2;0
26;2025-11-10;3;0
26;2025-11-10;4;0
26;2025-11-10;5;64
26;2025-11-10;6;515
26;2025-11-10;7;1095
26;2025-11-10;8;2091
26;2025-11-10;9;1443
26;2025-11-10;10;1184
26;2025-11-10;11;1042
26;2025-11-10;12;1067
26;2025-11-10;13;1163
26;2025-11-10;14;1183
26;2025-11-10;15;1288
26;2025-11-10;16;1467
26;2025-11-10;17;1667
26;2025-11-10;18;1870
26;2025-11-10;19;1233
26;2025-11-10;20;770
26;2025-11-10;21;441
26;2025-11-10;22;217
26;2025-11-10;23;105
26;2025-11-11;0;0
26;2025-11-11;1;0
26;2025-11-11;2;0
26;2025-11-11;3;0
26;2025-11-11;4;0
26;2025-11-11;5;61
26;2025-11-11;6;511
26;2025-11-11;7;1107
26;2025-11-11;8;2219
26;2025-11-11;9;1466
26;2025-11-11;10;1202
26;2025-11-11;11;1112
26;2025-11-11;12;1135
26;2025-11-11;13;1155
26;2025-11-11;14;1188
26;2025-11-11;15;1304
26;2025-11-11;16;1470
26;2025-11-11;17;1749
26;2025-11-11;18;1889
26;2025-11-11;19;1338
26;2025-11-11;20;785
26;2025-11-11;21;475
26;2025-11-11;22;226
26;2025-11-11;23;115
26;2025-11-12;0;0
26;2025-11-12;1;0
26;2025-11-12;2;0
26;2025-11-12;3;0
26;2025-11-12;4;0
26;2025-11-12;5;66
26;2025-11-12;6;500
26;2025-11-12;7;1101
26;2025-11-12;8;2159
26;2025-11-12;9;1463
26;2025-11-12;10;1204
26;2025-11-12;11;1092
26;2025-11-12;12;1135
26;2025-11-12;13;1171
26;2025-11-12;14;1285
26;2025-11-12;15;1325
26;2025-11-12;16;1456
26;2025-11-12;17;1640
26;2025-11-12;18;1839
26;2025-11-12;19;1250
26;2025-11-12;20;778
26;2025-11-12;21;499
26;2025-11-12;22;236
26;2025-11-12;23;129
26;2025-11-13;0;0
26;2025-11-13;1;0
26;2025-11-13;2;0
26;2025-11-13;3;0
26;2025-11-13;4;0
26;2025-11-13;5;59
26;2025-11-13;6;496
26;2025-11-13;7;1087
26;2025-11-13;8;2153
26;2025-11-13;9;1492
26;2025-11-13;10;1182
26;2025-11-13;11;1130
26;2025-11-13;12;1136
26;2025-11-13;13;1169
26;2025-11-13;14;1232
26;2025-11-13;15;1338
26;2025-11-13;16;1500
26;2025-11-13;17;1681
26;2025-11-13;18;1918
26;2025-11-13;19;1280
26;2025-11-13;20;769
26;2025-11-13;21;476
26;2025-11-13;22;246
26;2025-11-13;23;131
26;2025-11-14;0;0
26;2025-11-14;1;0
26;2025-11-14;2;0
26;2025-11-14;3;0
26;2025-11-14;4;0
26;2025-11-14;5;57
26;2025-11-14;6;512
26;2025-11-14;7;1078
26;2025-11-14;8;2071
26;2025-11-14;9;1414
26;2025-11-14;10;1237
26;2025-11-14;11;1083
26;2025-11-14;12;1138
26;2025-11-14;13;1203
26;2025-11-14;14;1263
26;2025-11-14;15;1405
26;2025-11-14;16;1659
26;2025-11-14;17;1735
26;2025-11-14;18;1443
26;2025-11-14;19;1099
26;2025-11-14;20;737
26;2025-11-14;21;480
26;2025-11-14;22;231
26;2025-11-14;23;162
26;2025-11-15;0;0
26;2025-11-15;1;0
26;2025-11-15;2;0
26;2025-11-15;3;0
26;2025-11-15;4;0
26;2025-11-15;5;39
26;2025-11-15;6;266
26;2025-11-15;7;378
26;2025-11-15;8;596
26;2025-11-15;9;696
26;2025-11-15;10;824
26;2025-11-15;11;1004
26;2025-11-15;12;1048
26;2025-11-15;13;1048
26;2025-11-15;14;1042
26;2025-11-15;15;994
26;2025-11-15;16;994
26;2025-11-15;17;932
26;2025-11-15;18;888
26;2025-11-15;19;820
26;2025-11-15;20;557
26;2025-11-15;21;372
26;2025-11-15;22;227
26;2025-11-15;23;147
26;2025-11-16;0;0
26;2025-11-16;1;0
26;2025-11-16;2;0
26;2025-11-16;3;0
26;2025-11-16;4;0
26;2025-11-16;5;23
26;2025-11-16;6;174
26;2025-11-16;7;272
26;2025-11-16;8;390
26;2025-11-16;9;532
26;2025-11-16;10;589
26;2025-11-16;11;796
26;2025-11-16;12;839
26;2025-11-16;13;899
26;2025-11-16;14;886
26;2025-11-16;15;822
26;2025-11-16;16;831
26;2025-11-16;17;822
26;2025-11-16;18;773
26;2025-11-16;19;605
26;2025-11-16;20;451
26;2025-11-16;21;309
26;2025-11-16;22;217
26;2025-11-16;23;116
26;2025-11-17;0;0
26;2025-11-17;1;0
26;2025-11-17;2;0
26;2025-11-17;3;0
26;2025-11-17;4;0
26;2025-11-17;5;64
26;2025-11-17;6;515
26;2025-11-17;7;1095
26;2025-11-17;8;2091
26;2025-11-17;9;1443
26;2025-11-17;10;1184
26;2025-11-17;11;1042
26;2025-11-17;12;1067
26;2025-11-17;13;1163
26;2025-11-17;14;1183
26;2025-11-17;15;1288
26;2025-11-17;16;1467
26;2025-11-17;17;1667
26;2025-11-17;18;1870
26;2025-11-17;19;1233
26;2025-11-17;20;770
26;2025-11-17;21;441
26;2025-11-17;22;217
26;2025-11-17;23;105
26;2025-11-18;0;0
26;2025-11-18;1;0
26;2025-11-18;2;0
26;2025-11-18;3;0
26;2025-11-18;4;0
26;2025-11-18;5;61
26;2025-11-18;6;511
26;2025-11-18;7;1107
26;2025-11-18;8;2219
26;2025-11-18;9;1466
26;2025-11-18;10;1202
26;2025-11-18;11;1112
26;2025-11-18;12;1135
26;2025-11-18;13;1155
26;2025-11-18;14;1188
26;2025-11-18;15;1304
26;2025-11-18;16;1470
26;2025-11-18;17;1749
26;2025-11-18;18;1889
26;2025-11-18;19;1338
26;2025-11-18;20;785
26;2025-11-18;21;475
26;2025-11-18;22;226
26;2025-11-18;23;115
26;2025-11-19;0;0
26;2025-11-19;1;0
26;2025-11-19;2;0
26;2025-11-19;3;0
26;2025-11-19;4;0
26;2025-11-19;5;66
26;2025-11-19;6;500
26;2025-11-19;7;1101
26;2025-11-19;8;2159
26;2025-11-19;9;1463
26;2025-11-19;10;1204
26;2025-11-19;11;1092
26;2025-11-19;12;1135
26;2025-11-19;13;1171
26;2025-11-19;14;1285
26;2025-11-19;15;1325
26;2025-11-19;16;1456
26;2025-11-19;17;1640
26;2025-11-19;18;1839
26;2025-11-19;19;1250
26;2025-11-19;20;778
26;2025-11-19;21;499
26;2025-11-19;22;236
26;2025-11-19;23;129
26;2025-11-20;0;0
26;2025-11-20;1;0
26;2025-11-20;2;0
26;2025-11-20;3;0
26;2025-11-20;4;0
26;2025-11-20;5;59
26;2025-11-20;6;496
26;2025-11-20;7;1087
26;2025-11-20;8;2153
26;2025-11-20;9;1492
26;2025-11-20;10;1182
26;2025-11-20;11;1130
26;2025-11-20;12;1136
26;2025-11-20;13;1169
26;2025-11-20;14;1232
26;2025-11-20;15;1338
26;2025-11-20;16;1500
26;2025-11-20;17;1681
26;2025-11-20;18;1918
26;2025-11-20;19;1280
26;2025-11-20;20;769
26;2025-11-20;21;476
26;2025-11-20;22;246
26;2025-11-20;23;131
26;2025-11-21;0;0
26;2025-11-21;1;0
26;2025-11-21;2;0
26;2025-11-21;3;0
26;2025-11-21;4;0
26;2025-11-21;5;57
26;2025-11-21;6;512
26;2025-11-21;7;1078
26;2025-11-21;8;2071
26;2025-11-21;9;1414
26;2025-11-21;10;1237
26;2025-11-21;11;1083
26;2025-11-21;12;1138
26;2025-11-21;13;1203
26;2025-11-21;14;1263
26;2025-11-21;15;1405
26;2025-11-21;16;1659
26;2025-11-21;17;1735
26;2025-11-21;18;1443
26;2025-11-21;19;1099
26;2025-11-21;20;737
26;2025-11-21;21;480
26;2025-11-21;22;231
26;2025-11-21;23;162
26;2025-11-22;0;0
26;2025-11-22;1;0
26;2025-11-22;2;0
26;2025-11-22;3;0
26;2025-11-22;4;0
26;2025-11-22;5;39
26;2025-11-22;6;266
26;2025-11-22;7;378
26;2025-11-22;8;596
26;2025-11-22;9;696
26;2025-11-22;10;824
26;2025-11-22;11;1004
26;2025-11-22;12;1048
26;2025-11-22;13;1048
26;2025-11-22;14;1042
26;2025-11-22;15;994
26;2025-11-22;16;994
26;2025-11-22;17;932
26;2025-11-22;18;888
26;2025-11-22;19;820
26;2025-11-22;20;557
26;2025-11-22;21;372
26;2025-11-22;22;227
26;2025-11-22;23;147
26;2025-11-23;0;0
26;2025-11-23;1;0
26;2025-11-23;2;0
26;2025-11-23;3;0
26;2025-11-23;4;0
26;2025-11-23;5;23
26;2025-11-23;6;174
26;2025-11-23;7;272
26;2025-11-23;8;390
26;2025-11-23;9;532
26;2025-11-23;10;589
26;2025-11-23;11;796
26;2025-11-23;12;839
26;2025-11-23;13;899
26;2025-11-23;14;886
26;2025-11-23;15;822
26;2025-11-23;16;831
26;2025-11-23;17;822
26;2025-11-23;18;773
26;2025-11-23;19;605
26;2025-11-23;20;451
26;2025-11-23;21;309
26;2025-11-23;22;217
26;2025-11-23;23;116
26;2025-11-24;0;0
26;2025-11-24;1;0
26;2025-11-24;2;0
26;2025-11-24;3;0
26;2025-11-24;4;0
26;2025-11-24;5;64
26;2025-11-24;6;515
26;2025-11-24;7;1095
26;2025-11-24;8;2091
26;2025-11-24;9;1443
26;2025-11-24;10;1184
26;2025-11-24;11;1042
26;2025-11-24;12;1067
26;2025-11-24;13;1163
26;2025-11-24;14;1183
26;2025-11-24;15;1288
26;2025-11-24;16;1467
26;2025-11-24;17;1667
26;2025-11-24;18;1870
26;2025-11-24;19;1233
26;2025-11-24;20;770
26;2025-11-24;21;441
26;2025-11-24;22;217
26;2025-11-24;23;105
26;2025-11-25;0;0
26;2025-11-25;1;0
26;2025-11-25;2;0
26;2025-11-25;3;0
26;2025-11-25;4;0
26;2025-11-25;5;61
26;2025-11-25;6;511
26;2025-11-25;7;1107
26;2025-11-25;8;2219
26;2025-11-25;9;1466
26;2025-11-25;10;1202
26;2025-11-25;11;1112
26;2025-11-25;12;1135
26;2025-11-25;13;1155
26;2025-11-25;14;1188
26;2025-11-25;15;1304
26;2025-11-25;16;1470
26;2025-11-25;17;1749
26;2025-11-25;18;1889
26;2025-11-25;19;1338
26;2025-11-25;20;785
26;2025-11-25;21;475
26;2025-11-25;22;226
26;2025-11-25;23;115
26;2025-11-26;0;0
26;2025-11-26;1;0
26;2025-11-26;2;0
26;2025-11-26;3;0
26;2025-11-26;4;0
26;2025-11-26;5;66
26;2025-11-26;6;500
26;2025-11-26;7;1101
26;2025-11-26;8;2159
26;2025-11-26;9;1463
26;2025-11-26;10;1204
26;2025-11-26;11;1092
26;2025-11-26;12;1135
26;2025-11-26;13;1171
26;2025-11-26;14;1285
26;2025-11-26;15;1325
26;2025-11-26;16;1456
26;2025-11-26;17;1640
26;2025-11-26;18;1839
26;2025-11-26;19;1250
26;2025-11-26;20;778
26;2025-11-26;21;499
26;2025-11-26;22;236
26;2025-11-26;23;129
26;2025-11-27;0;0
26;2025-11-27;1;0
26;2025-11-27;2;0
26;2025-11-27;3;0
26;2025-11-27;4;0
26;2025-11-27;5;59
26;2025-11-27;6;496
26;2025-11-27;7;1087
26;2025-11-27;8;2153
26;2025-11-27;9;1492
26;2025-11-27;10;1182
26;2025-11-27;11;1130
26;2025-11-27;12;1136
26;2025-11-27;13;1169
26;2025-11-27;14;1232
26;2025-11-27;15;1338
26;2025-11-27;16;1500
26;2025-11-27;17;1681
26;2025-11-27;18;1918
26;2025-11-27;19;1280
26;2025-11-27;20;769
26;2025-11-27;21;476
26;2025-11-27;22;246
26;2025-11-27;23;131
26;2025-11-28;0;0
26;2025-11-28;1;0
26;2025-11-28;2;0
26;2025-11-28;3;0
26;2025-11-28;4;0
26;2025-11-28;5;57
26;2025-11-28;6;512
26;2025-11-28;7;1078
26;2025-11-28;8;2071
26;2025-11-28;9;1414
26;2025-11-28;10;1237
26;2025-11-28;11;1083
26;2025-11-28;12;1138
26;2025-11-28;13;1203
26;2025-11-28;14;1263
26;2025-11-28;15;1405
26;2025-11-28;16;1659
26;2025-11-28;17;1735
26;2025-11-28;18;1443
26;2025-11-28;19;1099
26;2025-11-28;20;737
26;2025-11-28;21;480
26;2025-11-28;22;231
26;2025-11-28;23;162
26;2025-11-29;0;0
26;2025-11-29;1;0
26;2025-11-29;2;0
26;2025-11-29;3;0
26;2025-11-29;4;0
26;2025-11-29;5;39
26;2025-11-29;6;266
26;2025-11-29;7;378
26;2025-11-29;8;596
26;2025-11-29;9;696
26;2025-11-29;10;824
26;2025-11-29;11;1004
26;2025-11-29;12;1048
26;2025-11-29;13;1048
26;2025-11-29;14;1042
26;2025-11-29;15;994
26;2025-11-29;16;994
26;2025-11-29;17;932
26;2025-11-29;18;888
26;2025-11-29;19;820
26;2025-11-29;20;557
26;2025-11-29;21;372
26;2025-11-29;22;227
26;2025-11-29;23;147
26;2025-11-30;0;0
26;2025-11-30;1;0
26;2025-11-30;2;0
26;2025-11-30;3;0
26;2025-11-30;4;0
26;2025-11-30;5;23
26;2025-11-30;6;174
26;2025-11-30;7;272
26;2025-11-30;8;390
26;2025-11-30;9;532
26;2025-11-30;10;589
26;2025-11-30;11;796
26;2025-11-30;12;839
26;2025-11-30;13;899
26;2025-11-30;14;886
26;2025-11-30;15;822
26;2025-11-30;16;831
26;2025-11-30;17;822
26;2025-11-30;18;773
26;2025-11-30;19;605
26;2025-11-30;20;451
26;2025-11-30;21;309
26;2025-11-30;22;217
26;2025-11-30;23;116
26;2025-12-01;0;0
26;2025-12-01;1;0
26;2025-12-01;2;0
26;2025-12-01;3;0
26;2025-12-01;4;0
26;2025-12-01;5;64
26;2025-12-01;6;515
26;2025-12-01;7;1095
26;2025-12-01;8;2091
26;2025-12-01;9;1443
26;2025-12-01;10;1184
26;2025-12-01;11;1042
26;2025-12-01;12;1067
26;2025-12-01;13;1163
26;2025-12-01;14;1183
26;2025-12-01;15;1288
26;2025-12-01;16;1467
26;2025-12-01;17;1667
26;2025-12-01;18;1870
26;2025-12-01;19;1233
26;2025-12-01;20;770
26;2025-12-01;21;441
26;2025-12-01;22;217
26;2025-12-01;23;105
26;2025-12-02;0;0
26;2025-12-02;1;0
26;2025-12-02;2;0
26;2025-12-02;3;0
26;2025-12-02;4;0
26;2025-12-02;5;61
26;2025-12-02;6;511
26;2025-12-02;7;1107
26;2025-12-02;8;2219
26;2025-12-02;9;1466
26;2025-12-02;10;1202
26;2025-12-02;11;1112
26;2025-12-02;12;1135
26;2025-12-02;13;1155
26;2025-12-02;14;1188
26;2025-12-02;15;1304
26;2025-12-02;16;1470
26;2025-12-02;17;1749
26;2025-12-02;18;1889
26;2025-12-02;19;1338
26;2025-12-02;20;785
26;2025-12-02;21;475
26;2025-12-02;22;226
26;2025-12-02;23;115
26;2025-12-03;0;0
26;2025-12-03;1;0
26;2025-12-03;2;0
26;2025-12-03;3;0
26;2025-12-03;4;0
26;2025-12-03;5;66
26;2025-12-03;6;500
26;2025-12-03;7;1101
26;2025-12-03;8;2159
26;2025-12-03;9;1463
26;2025-12-03;10;1204
26;2025-12-03;11;1092
26;2025-12-03;12;1135
26;2025-12-03;13;1171
26;2025-12-03;14;1285
26;2025-12-03;15;1325
26;2025-12-03;16;1456
26;2025-12-03;17;1640
26;2025-12-03;18;1839
26;2025-12-03;19;1250
26;2025-12-03;20;778
26;2025-12-03;21;499
26;2025-12-03;22;236
26;2025-12-03;23;129
26;2025-12-04;0;0
26;2025-12-04;1;0
26;2025-12-04;2;0
26;2025-12-04;3;0
26;2025-12-04;4;0
26;2025-12-04;5;59
26;2025-12-04;6;496
26;2025-12-04;7;1087
26;2025-12-04;8;2153
26;2025-12-04;9;1492
26;2025-12-04;10;1182
26;2025-12-04;11;1130
26;2025-12-04;12;1136
26;2025-12-04;13;1169
26;2025-12-04;14;1232
26;2025-12-04;15;1338
26;2025-12-04;16;1500
26;2025-12-04;17;1681
26;2025-12-04;18;1918
26;2025-12-04;19;1280
26;2025-12-04;20;769
26;2025-12-04;21;476
26;2025-12-04;22;246
26;2025-12-04;23;131
26;2025-12-05;0;0
26;2025-12-05;1;0
26;2025-12-05;2;0
26;2025-12-05;3;0
26;2025-12-05;4;0
26;2025-12-05;5;57
26;2025-12-05;6;512
26;2025-12-05;7;1078
26;2025-12-05;8;2071
26;2025-12-05;9;1414
26;2025-12-05;10;1237
26;2025-12-05;11;1083
26;2025-12-05;12;1138
26;2025-12-05;13;1203
26;2025-12-05;14;1263
26;2025-12-05;15;1405
26;2025-12-05;16;1659
26;2025-12-05;17;1735
26;2025-12-05;18;1443
26;2025-12-05;19;1099
26;2025-12-05;20;737
26;2025-12-05;21;480
26;2025-12-05;22;231
26;2025-12-05;23;162
26;2025-12-06;0;0
26;2025-12-06;1;0
26;2025-12-06;2;0
26;2025-12-06;3;0
26;2025-12-06;4;0
26;2025-12-06;5;39
26;2025-12-06;6;266
26;2025-12-06;7;378
26;2025-12-06;8;596
26;2025-12-06;9;696
26;2025-12-06;10;824
26;2025-12-06;11;1004
26;2025-12-06;12;1048
26;2025-12-06;13;1048
26;2025-12-06;14;1042
26;2025-12-06;15;994
26;2025-12-06;16;994
26;2025-12-06;17;932
26;2025-12-06;18;888
26;2025-12-06;19;820
26;2025-12-06;20;557
26;2025-12-06;21;372
26;2025-12-06;22;227
26;2025-12-06;23;147
26;2025-12-07;0;0
26;2025-12-07;1;0
26;2025-12-07;2;0
26;2025-12-07;3;0
26;2025-12-07;4;0
26;2025-12-07;5;23
26;2025-12-07;6;174
26;2025-12-07;7;272
26;2025-12-07;8;390
26;2025-12-07;9;532
26;2025-12-07;10;589
26;2025-12-07;11;796
26;2025-12-07;12;839
26;2025-12-07;13;899
26;2025-12-07;14;886
26;2025-12-07;15;822
26;2025-12-07;16;831
26;2025-12-07;17;822
26;2025-12-07;18;773
26;2025-12-07;19;605
26;2025-12-07;20;451
26;2025-12-07;21;309
26;2025-12-07;22;217
26;2025-12-07;23;116
26;2025-12-08;0;0
26;2025-12-08;1;0
26;2025-12-08;2;0
26;2025-12-08;3;0
26;2025-12-08;4;0
26;2025-12-08;5;64
26;2025-12-08;6;515
26;2025-12-08;7;1095
26;2025-12-08;8;2091
26;2025-12-08;9;1443
26;2025-12-08;10;1184
26;2025-12-08;11;1042
26;2025-12-08;12;1067
26;2025-12-08;13;1163
26;2025-12-08;14;1183
26;2025-12-08;15;1288
26;2025-12-08;16;1467
26;2025-12-08;17;1667
26;2025-12-08;18;1870
26;2025-12-08;19;1233
26;2025-12-08;20;770
26;2025-12-08;21;441
26;2025-12-08;22;217
26;2025-12-08;23;105
26;2025-12-09;0;0
26;2025-12-09;1;0
26;2025-12-09;2;0
26;2025-12-09;3;0
26;2025-12-09;4;0
26;2025-12-09;5;61
26;2025-12-09;6;511
26;2025-12-09;7;1107
26;2025-12-09;8;2219
26;2025-12-09;9;1466
26;2025-12-09;10;1202
26;2025-12-09;11;1112
26;2025-12-09;12;1135
26;2025-12-09;13;1155
26;2025-12-09;14;1188
26;2025-12-09;15;1304
26;2025-12-09;16;1470
26;2025-12-09;17;1749
26;2025-12-09;18;1889
26;2025-12-09;19;1338
26;2025-12-09;20;785
26;2025-12-09;21;475
26;2025-12-09;22;226
26;2025-12-09;23;115
26;2025-12-10;0;0
26;2025-12-10;1;0
26;2025-12-10;2;0
26;2025-12-10;3;0
26;2025-12-10;4;0
26;2025-12-10;5;66
26;2025-12-10;6;500
26;2025-12-10;7;1101
26;2025-12-10;8;2159
26;2025-12-10;9;1463
26;2025-12-10;10;1204
26;2025-12-10;11;1092
26;2025-12-10;12;1135
26;2025-12-10;13;1171
26;2025-12-10;14;1285
26;2025-12-10;15;1325
26;2025-12-10;16;1456
26;2025-12-10;17;1640
26;2025-12-10;18;1839
26;2025-12-10;19;1250
26;2025-12-10;20;778
26;2025-12-10;21;499
26;2025-12-10;22;236
26;2025-12-10;23;129
26;2025-12-11;0;0
26;2025-12-11;1;0
26;2025-12-11;2;0
26;2025-12-11;3;0
26;2025-12-11;4;0
26;2025-12-11;5;59
26;2025-12-11;6;496
26;2025-12-11;7;1087
26;2025-12-11;8;2153
26;2025-12-11;9;1492
26;2025-12-11;10;1182
26;2025-12-11;11;1130
26;2025-12-11;12;1136
26;2025-12-11;13;1169
26;2025-12-11;14;1232
26;2025-12-11;15;1338
26;2025-12-11;16;1500
26;2025-12-11;17;1681
26;2025-12-11;18;1918
26;2025-12-11;19;1280
26;2025-12-11;20;769
26;2025-12-11;21;476
26;2025-12-11;22;246
26;2025-12-11;23;131
26;2025-12-12;0;0
26;2025-12-12;1;0
26;2025-12-12;2;0
26;2025-12-12;3;0
26;2025-12-12;4;0
26;2025-12-12;5;57
26;2025-12-12;6;512
26;2025-12-12;7;1078
26;2025-12-12;8;2071
26;2025-12-12;9;1414
26;2025-12-12;10;1237
26;2025-12-12;11;1083
26;2025-12-12;12;1138
26;2025-12-12;13;1203
26;2025-12-12;14;1263
26;2025-12-12;15;1405
26;2025-12-12;16;1659
26;2025-12-12;17;1735
26;2025-12-12;18;1443
26;2025-12-12;19;1099
26;2025-12-12;20;737
26;2025-12-12;21;480
26;2025-12-12;22;231
26;2025-12-12;23;162
26;2025-12-13;0;0
26;2025-12-13;1;0
26;2025-12-13;2;0
26;2025-12-13;3;0
26;2025-12-13;4;0
26;2025-12-13;5;39
26;2025-12-13;6;266
26;2025-12-13;7;378
26;2025-12-13;8;596
26;2025-12-13;9;696
26;2025-12-13;10;824
26;2025-12-13;11;1004
26;2025-12-13;12;1048
26;2025-12-13;13;1048
26;2025-12-13;14;1042
26;2025-12-13;15;994
26;2025-12-13;16;994
26;2025-12-13;17;932
26;2025-12-13;18;888
26;2025-12-13;19;820
26;2025-12-13;20;557
26;2025-12-13;21;372
26;2025-12-13;22;227
26;2025-12-13;23;147
26;2025-12-14;0;0
26;2025-12-14;1;0
26;2025-12-14;2;0
26;2025-12-14;3;0
26;2025-12-14;4;0
26;2025-12-14;5;23
26;2025-12-14;6;174
26;2025-12-14;7;272
26;2025-12-14;8;390
26;2025-12-14;9;532
26;2025-12-14;10;589
26;2025-12-14;11;796
26;2025-12-14;12;839
26;2025-12-14;13;899
26;2025-12-14;14;886
26;2025-12-14;15;822
26;2025-12-14;16;831
26;2025-12-14;17;822
26;2025-12-14;18;773
26;2025-12-14;19;605
26;2025-12-14;20;451
26;2025-12-14;21;309
26;2025-12-14;22;217
26;2025-12-14;23;116
26;2025-12-15;0;0
26;2025-12-15;1;0
26;2025-12-15;2;0
26;2025-12-15;3;0
26;2025-12-15;4;0
26;2025-12-15;5;64
26;2025-12-15;6;515
26;2025-12-15;7;1095
26;2025-12-15;8;2091
26;2025-12-15;9;1443
26;2025-12-15;10;1184
26;2025-12-15;11;1042
26;2025-12-15;12;1067
26;2025-12-15;13;1163
26;2025-12-15;14;1183
26;2025-12-15;15;1288
26;2025-12-15;16;1467
26;2025-12-15;17;1667
26;2025-12-15;18;1870
26;2025-12-15;19;1233
26;2025-12-15;20;770
26;2025-12-15;21;441
26;2025-12-15;22;217
26;2025-12-15;23;105
26;2025-12-16;0;0
26;2025-12-16;1;0
26;2025-12-16;2;0
26;2025-12-16;3;0
26;2025-12-16;4;0
26;2025-12-16;5;61
26;2025-12-16;6;511
26;2025-12-16;7;1107
26;2025-12-16;8;2219
26;2025-12-16;9;1466
26;2025-12-16;10;1202
26;2025-12-16;11;1112
26;2025-12-16;12;1135
26;2025-12-16;13;1155
26;2025-12-16;14;1188
26;2025-12-16;15;1304
26;2025-12-16;16;1470
26;2025-12-16;17;1749
26;2025-12-16;18;1889
26;2025-12-16;19;1338
26;2025-12-16;20;785
26;2025-12-16;21;475
26;2025-12-16;22;226
26;2025-12-16;23;115
26;2025-12-17;0;0
26;2025-12-17;1;0
26;2025-12-17;2;0
26;2025-12-17;3;0
26;2025-12-17;4;0
26;2025-12-17;5;66
26;2025-12-17;6;500
26;2025-12-17;7;1101
26;2025-12-17;8;2159
26;2025-12-17;9;1463
26;2025-12-17;10;1204
26;2025-12-17;11;1092
26;2025-12-17;12;1135
26;2025-12-17;13;1171
26;2025-12-17;14;1285
26;2025-12-17;15;1325
26;2025-12-17;16;1456
26;2025-12-17;17;1640
26;2025-12-17;18;1839
26;2025-12-17;19;1250
26;2025-12-17;20;778
26;2025-12-17;21;499
26;2025-12-17;22;236
26;2025-12-17;23;129
26;2025-12-18;0;0
26;2025-12-18;1;0
26;2025-12-18;2;0
26;2025-12-18;3;0
26;2025-12-18;4;0
26;2025-12-18;5;59
26;2025-12-18;6;496
26;2025-12-18;7;1087
26;2025-12-18;8;2153
26;2025-12-18;9;1492
26;2025-12-18;10;1182
26;2025-12-18;11;1130
26;2025-12-18;12;1136
26;2025-12-18;13;1169
26;2025-12-18;14;1232
26;2025-12-18;15;1338
26;2025-12-18;16;1500
26;2025-12-18;17;1681
26;2025-12-18;18;1918
26;2025-12-18;19;1280
26;2025-12-18;20;769
26;2025-12-18;21;476
26;2025-12-18;22;246
26;2025-12-18;23;131
26;2025-12-19;0;0
26;2025-12-19;1;0
26;2025-12-19;2;0
26;2025-12-19;3;0
26;2025-12-19;4;0
26;2025-12-19;5;57
26;2025-12-19;6;512
26;2025-12-19;7;1078
26;2025-12-19;8;2071
26;2025-12-19;9;1414
26;2025-12-19;10;1237
26;2025-12-19;11;1083
26;2025-12-19;12;1138
26;2025-12-19;13;1203
26;2025-12-19;14;1263
26;2025-12-19;15;1405
26;2025-12-19;16;1659
26;2025-12-19;17;1735
26;2025-12-19;18;1443
26;2025-12-19;19;1099
26;2025-12-19;20;737
26;2025-12-19;21;480
26;2025-12-19;22;231
26;2025-12-19;23;162
26;2025-12-20;0;0
26;2025-12-20;1;0
26;2025-12-20;2;0
26;2025-12-20;3;0
26;2025-12-20;4;0
26;2025-12-20;5;39
26;2025-12-20;6;266
26;2025-12-20;7;378
26;2025-12-20;8;596
26;2025-12-20;9;696
26;2025-12-20;10;824
26;2025-12-20;11;1004
26;2025-12-20;12;1048
26;2025-12-20;13;1048
26;2025-12-20;14;1042
26;2025-12-20;15;994
26;2025-12-20;16;994
26;2025-12-20;17;932
26;2025-12-20;18;888
26;2025-12-20;19;820
26;2025-12-20;20;557
26;2025-12-20;21;372
26;2025-12-20;22;227
26;2025-12-20;23;147
26;2025-12-21;0;0
26;2025-12-21;1;0
26;2025-12-21;2;0
26;2025-12-21;3;0
26;2025-12-21;4;0
26;2025-12-21;5;23
26;2025-12-21;6;174
26;2025-12-21;7;272
26;2025-12-21;8;390
26;2025-12-21;9;532
26;2025-12-21;10;589
26;2025-12-21;11;796
26;2025-12-21;12;839
26;2025-12-21;13;899
26;2025-12-21;14;886
26;2025-12-21;15;822
26;2025-12-21;16;831
26;2025-12-21;17;822
26;2025-12-21;18;773
26;2025-12-21;19;605
26;2025-12-21;20;451
26;2025-12-21;21;309
26;2025-12-21;22;217
26;2025-12-21;23;116
26;2025-12-22;0;0
26;2025-12-22;1;0
26;2025-12-22;2;0
26;2025-12-22;3;0
26;2025-12-22;4;0
26;2025-12-22;5;64
26;2025-12-22;6;515
26;2025-12-22;7;1095
26;2025-12-22;8;2091
26;2025-12-22;9;1443
26;2025-12-22;10;1184
26;2025-12-22;11;1042
26;2025-12-22;12;1067
26;2025-12-22;13;1163
26;2025-12-22;14;1183
26;2025-12-22;15;1288
26;2025-12-22;16;1467
26;2025-12-22;17;1667
26;2025-12-22;18;1870
26;2025-12-22;19;1233
26;2025-12-22;20;770
26;2025-12-22;21;441
26;2025-12-22;22;217
26;2025-12-22;23;105
26;2025-12-23;0;0
26;2025-12-23;1;0
26;2025-12-23;2;0
26;2025-12-23;3;0
26;2025-12-23;4;0
26;2025-12-23;5;61
26;2025-12-23;6;511
26;2025-12-23;7;1107
26;2025-12-23;8;2219
26;2025-12-23;9;1466
26;2025-12-23;10;1202
26;2025-12-23;11;1112
26;2025-12-23;12;1135
26;2025-12-23;13;1155
26;2025-12-23;14;1188
26;2025-12-23;15;1304
26;2025-12-23;16;1470
26;2025-12-23;17;1749
26;2025-12-23;18;1889
26;2025-12-23;19;1338
26;2025-12-23;20;785
26;2025-12-23;21;475
26;2025-12-23;22;226
26;2025-12-23;23;115
26;2025-12-24;0;0
26;2025-12-24;1;0
26;2025-12-24;2;0
26;2025-12-24;3;0
26;2025-12-24;4;0
26;2025-12-24;5;66
26;2025-12-24;6;500
26;2025-12-24;7;1101
26;2025-12-24;8;2159
26;2025-12-24;9;1463
26;2025-12-24;10;1204
26;2025-12-24;11;1092
26;2025-12-24;12;1135
26;2025-12-24;13;1171
26;2025-12-24;14;1285
26;2025-12-24;15;1325
26;2025-12-24;16;1456
26;2025-12-24;17;1640
26;2025-12-24;18;1839
26;2025-12-24;19;1250
26;2025-12-24;20;778
26;2025-12-24;21;499
26;2025-12-24;22;236
26;2025-12-24;23;129
26;2025-12-25;0;0
26;2025-12-25;1;0
26;2025-12-25;2;0
26;2025-12-25;3;0
26;2025-12-25;4;0
26;2025-12-25;5;59
26;2025-12-25;6;496
26;2025-12-25;7;1087
26;2025-12-25;8;2153
26;2025-12-25;9;1492
26;2025-12-25;10;1182
26;2025-12-25;11;1130
26;2025-12-25;12;1136
26;2025-12-25;13;1169
26;2025-12-25;14;1232
26;2025-12-25;15;1338
26;2025-12-25;16;1500
26;2025-12-25;17;1681
26;2025-12-25;18;1918
26;2025-12-25;19;1280
26;2025-12-25;20;769
26;2025-12-25;21;476
26;2025-12-25;22;246
26;2025-12-25;23;131
26;2025-12-26;0;0
26;2025-12-26;1;0
26;2025-12-26;2;0
26;2025-12-26;3;0
26;2025-12-26;4;0
26;2025-12-26;5;57
26;2025-12-26;6;512
26;2025-12-26;7;1078
26;2025-12-26;8;2071
26;2025-12-26;9;1414
26;2025-12-26;10;1237
26;2025-12-26;11;1083
26;2025-12-26;12;1138
26;2025-12-26;13;1203
26;2025-12-26;14;1263
26;2025-12-26;15;1405
26;2025-12-26;16;1659
26;2025-12-26;17;1735
26;2025-12-26;18;1443
26;2025-12-26;19;1099
26;2025-12-26;20;737
26;2025-12-26;21;480
26;2025-12-26;22;231
26;2025-12-26;23;162
26;2025-12-27;0;0
26;2025-12-27;1;0
26;2025-12-27;2;0
26;2025-12-27;3;0
26;2025-12-27;4;0
26;2025-12-27;5;39
26;2025-12-27;6;266
26;2025-12-27;7;378
26;2025-12-27;8;596
26;2025-12-27;9;696
26;2025-12-27;10;824
26;2025-12-27;11;1004
26;2025-12-27;12;1048
26;2025-12-27;13;1048
26;2025-12-27;14;1042
26;2025-12-27;15;994
26;2025-12-27;16;994
26;2025-12-27;17;932
26;2025-12-27;18;888
26;2025-12-27;19;820
26;2025-12-27;20;557
26;2025-12-27;21;372
26;2025-12-27;22;227
26;2025-12-27;23;147
26;2025-12-28;0;0
26;2025-12-28;1;0
26;2025-12-28;2;0
26;2025-12-28;3;0
26;2025-12-28;4;0
26;2025-12-28;5;23
26;2025-12-28;6;174
26;2025-12-28;7;272
26;2025-12-28;8;390
26;2025-12-28;9;532
26;2025-12-28;10;589
26;2025-12-28;11;796
26;2025-12-28;12;839
26;2025-12-28;13;899
26;2025-12-28;14;886
26;2025-12-28;15;822
26;2025-12-28;16;831
26;2025-12-28;17;822
26;2025-12-28;18;773
26;2025-12-28;19;605
26;2025-12-28;20;451
26;2025-12-28;21;309
26;2025-12-28;22;217
26;2025-12-28;23;116
26;2025-12-29;0;0
26;2025-12-29;1;0
26;2025-12-29;2;0
26;2025-12-29;3;0
26;2025-12-29;4;0
26;2025-12-29;5;64
26;2025-12-29;6;515
26;2025-12-29;7;1095
26;2025-12-29;8;2091
26;2025-12-29;9;1443
26;2025-12-29;10;1184
26;2025-12-29;11;1042
26;2025-12-29;12;1067
26;2025-12-29;13;1163
26;2025-12-29;14;1183
26;2025-12-29;15;1288
26;2025-12-29;16;1467
26;2025-12-29;17;1667
26;2025-12-29;18;1870
26;2025-12-29;19;1233
26;2025-12-29;20;770
26;2025-12-29;21;441
26;2025-12-29;22;217
26;2025-12-29;23;105
26;2025-12-30;0;0
26;2025-12-30;1;0
26;2025-12-30;2;0
26;2025-12-30;3;0
26;2025-12-30;4;0
26;2025-12-30;5;61
26;2025-12-30;6;511
26;2025-12-30;7;1107
26;2025-12-30;8;2219
26;2025-12-30;9;1466
26;2025-12-30;10;1202
26;2025-12-30;11;1112
26;2025-12-30;12;1135
26;2025-12-30;13;1155
26;2025-12-30;14;1188
26;2025-12-30;15;1304
26;2025-12-30;16;1470
26;2025-12-30;17;1749
26;2025-12-30;18;1889
26;2025-12-30;19;1338
26;2025-12-30;20;785
26;2025-12-30;21;475
26;2025-12-30;22;226
26;2025-12-30;23;115
26;2025-12-31;0;0
26;2025-12-31;1;0
26;2025-12-31;2;0
26;2025-12-31;3;0
26;2025-12-31;4;0
26;2025-12-31;5;22
26;2025-12-31;6;171
26;2025-12-31;7;266
26;2025-12-31;8;382
26;2025-12-31;9;521
26;2025-12-31;10;576
26;2025-12-31;11;779
26;2025-12-31;12;821
26;2025-12-31;13;880
26;2025-12-31;14;867
26;2025-12-31;15;805
26;2025-12-31;16;814
26;2025-12-31;17;804
26;2025-12-31;18;757
26;2025-12-31;19;592
26;2025-12-31;20;441
26;2025-12-31;21;303
26;2025-12-31;22;213
26;2025-12-31;23;114
28;2025-11-01;0;0
28;2025-11-01;1;0
28;2025-11-01;2;0
28;2025-11-01;3;0
28;2025-11-01;4;0
28;2025-11-01;5;56
28;2025-11-01;6;268
28;2025-11-01;7;797
28;2025-11-01;8;1241
28;2025-11-01;9;825
28;2025-11-01;10;601
28;2025-11-01;11;570
28;2025-11-01;12;717
28;2025-11-01;13;721
28;2025-11-01;14;697
28;2025-11-01;15;753
28;2025-11-01;16;949
28;2025-11-01;17;991
28;2025-11-01;18;844
28;2025-11-01;19;641
28;2025-11-01;20;480
28;2025-11-01;21;327
28;2025-11-01;22;146
28;2025-11-01;23;19
28;2025-11-02;0;0
28;2025-11-02;1;0
28;2025-11-02;2;0
28;2025-11-02;3;0
28;2025-11-02;4;0
28;2025-11-02;5;23
28;2025-11-02;6;89
28;2025-11-02;7;162
28;2025-11-02;8;256
28;2025-11-02;9;335
28;2025-11-02;10;383
28;2025-11-02;11;417
28;2025-11-02;12;475
28;2025-11-02;13;529
28;2025-11-02;14;535
28;2025-11-02;15;541
28;2025-11-02;16;499
28;2025-11-02;17;507
28;2025-11-02;18;443
28;2025-11-02;19;378
28;2025-11-02;20;315
28;2025-11-02;21;258
28;2025-11-02;22;119
28;2025-11-02;23;13
28;2025-11-03;0;0
28;2025-11-03;1;0
28;2025-11-03;2;0
28;2025-11-03;3;0
28;2025-11-03;4;0
28;2025-11-03;5;22
28;2025-11-03;6;85
28;2025-11-03;7;155
28;2025-11-03;8;245
28;2025-11-03;9;321
28;2025-11-03;10;367
28;2025-11-03;11;400
28;2025-11-03;12;455
28;2025-11-03;13;507
28;2025-11-03;14;513
28;2025-11-03;15;519
28;2025-11-03;16;478
28;2025-11-03;17;485
28;2025-11-03;18;424
28;2025-11-03;19;363
28;2025-11-03;20;302
28;2025-11-03;21;248
28;2025-11-03;22;114
28;2025-11-03;23;12
28;2025-11-04;0;0
28;2025-11-04;1;0
28;2025-11-04;2;0
28;2025-11-04;3;0
28;2025-11-04;4;0
28;2025-11-04;5;23
28;2025-11-04;6;88
28;2025-11-04;7;160
28;2025-11-04;8;252
28;2025-11-04;9;331
28;2025-11-04;10;379
28;2025-11-04;11;412
28;2025-11-04;12;469
28;2025-11-04;13;523
28;2025-11-04;14;529
28;2025-11-04;15;535
28;2025-11-04;16;493
28;2025-11-04;17;500
28;2025-11-04;18;437
28;2025-11-04;19;374
28;2025-11-04;20;311
28;2025-11-04;21;255
28;2025-11-04;22;118
28;2025-11-04;23;13
28;2025-11-05;0;0
28;2025-11-05;1;0
28;2025-11-05;2;0
28;2025-11-05;3;0
28;2025-11-05;4;0
28;2025-11-05;5;60
28;2025-11-05;6;277
28;2025-11-05;7;787
28;2025-11-05;8;1218
28;2025-11-05;9;838
28;2025-11-05;10;627
28;2025-11-05;11;590
28;2025-11-05;12;696
28;2025-11-05;13;741
28;2025-11-05;14;652
28;2025-11-05;15;708
28;2025-11-05;16;898
28;2025-11-05;17;972
28;2025-11-05;18;966
28;2025-11-05;19;730
28;2025-11-05;20;508
28;2025-11-05;21;324
28;2025-11-05;22;137
28;2025-11-05;23;15
28;2025-11-06;0;0
28;2025-11-06;1;0
28;2025-11-06;2;0
28;2025-11-06;3;0
28;2025-11-06;4;0
28;2025-11-06;5;56
28;2025-11-06;6;273
28;2025-11-06;7;807
28;2025-11-06;8;1277
28;2025-11-06;9;848
28;2025-11-06;10;612
28;2025-11-06;11;548
28;2025-11-06;12;682
28;2025-11-06;13;721
28;2025-11-06;14;654
28;2025-11-06;15;701
28;2025-11-06;16;870
28;2025-11-06;17;1000
28;2025-11-06;18;1015
28;2025-11-06;19;751
28;2025-11-06;20;535
28;2025-11-06;21;323
28;2025-11-06;22;140
28;2025-11-06;23;15
28;2025-11-07;0;0
28;2025-11-07;1;0
28;2025-11-07;2;0
28;2025-11-07;3;0
28;2025-11-07;4;0
28;2025-11-07;5;55
28;2025-11-07;6;266
28;2025-11-07;7;791
28;2025-11-07;8;1232
28;2025-11-07;9;819
28;2025-11-07;10;597
28;2025-11-07;11;566
28;2025-11-07;12;712
28;2025-11-07;13;716
28;2025-11-07;14;692
28;2025-11-07;15;748
28;2025-11-07;16;942
28;2025-11-07;17;984
28;2025-11-07;18;838
28;2025-11-07;19;636
28;2025-11-07;20;476
28;2025-11-07;21;324
28;2025-11-07;22;145
28;2025-11-07;23;19
28;2025-11-08;0;0
28;2025-11-08;1;0
28;2025-11-08;2;0
28;2025-11-08;3;0
28;2025-11-08;4;0
28;2025-11-08;5;25
28;2025-11-08;6;104
28;2025-11-08;7;232
28;2025-11-08;8;397
28;2025-11-08;9;474
28;2025-11-08;10;484
28;2025-11-08;11;504
28;2025-11-08;12;581
28;2025-11-08;13;620
28;2025-11-08;14;624
28;2025-11-08;15;593
28;2025-11-08;16;556
28;2025-11-08;17;569
28;2025-11-08;18;504
28;2025-11-08;19;437
28;2025-11-08;20;325
28;2025-11-08;21;277
28;2025-11-08;22;138
28;2025-11-08;23;19
28;2025-11-09;0;0
28;2025-11-09;1;0
28;2025-11-09;2;0
28;2025-11-09;3;0
28;2025-11-09;4;0
28;2025-11-09;5;23
28;2025-11-09;6;89
28;2025-11-09;7;162
28;2025-11-09;8;256
28;2025-11-09;9;335
28;2025-11-09;10;383
28;2025-11-09;11;417
28;2025-11-09;12;475
28;2025-11-09;13;529
28;2025-11-09;14;535
28;2025-11-09;15;541
28;2025-11-09;16;499
28;2025-11-09;17;507
28;2025-11-09;18;443
28;2025-11-09;19;378
28;2025-11-09;20;315
28;2025-11-09;21;258
28;2025-11-09;22;119
28;2025-11-09;23;13
28;2025-11-10;0;0
28;2025-11-10;1;0
28;2025-11-10;2;0
28;2025-11-10;3;0
28;2025-11-10;4;0
28;2025-11-10;5;58
28;2025-11-10;6;274
28;2025-11-10;7;819
28;2025-11-10;8;1243
28;2025-11-10;9;859
28;2025-11-10;10;601
28;2025-11-10;11;530
28;2025-11-10;12;667
28;2025-11-10;13;678
28;2025-11-10;14;632
28;2025-11-10;15;664
28;2025-11-10;16;881
28;2025-11-10;17;967
28;2025-11-10;18;955
28;2025-11-10;19;721
28;2025-11-10;20;506
28;2025-11-10;21;309
28;2025-11-10;22;125
28;2025-11-10;23;12
28;2025-11-11;0;0
28;2025-11-11;1;0
28;2025-11-11;2;0
28;2025-11-11;3;0
28;2025-11-11;4;0
28;2025-11-11;5;54
28;2025-11-11;6;266
28;2025-11-11;7;845
28;2025-11-11;8;1277
28;2025-11-11;9;876
28;2025-11-11;10;677
28;2025-11-11;11;580
28;2025-11-11;12;683
28;2025-11-11;13;734
28;2025-11-11;14;675
28;2025-11-11;15;703
28;2025-11-11;16;827
28;2025-11-11;17;982
28;2025-11-11;18;948
28;2025-11-11;19;727
28;2025-11-11;20;530
28;2025-11-11;21;320
28;2025-11-11;22;129
28;2025-11-11;23;16
28;2025-11-12;0;0
28;2025-11-12;1;0
28;2025-11-12;2;0
28;2025-11-12;3;0
28;2025-11-12;4;0
28;2025-11-12;5;60
28;2025-11-12;6;277
28;2025-11-12;7;787
28;2025-11-12;8;1218
28;2025-11-12;9;838
28;2025-11-12;10;627
28;2025-11-12;11;590
28;2025-11-12;12;696
28;2025-11-12;13;741
28;2025-11-12;14;652
28;2025-11-12;15;708
28;2025-11-12;16;898
28;2025-11-12;17;972
28;2025-11-12;18;966
28;2025-11-12;19;730
28;2025-11-12;20;508
28;2025-11-12;21;324
28;2025-11-12;22;137
28;2025-11-12;23;15
28;2025-11-13;0;0
28;2025-11-13;1;0
28;2025-11-13;2;0
28;2025-11-13;3;0
28;2025-11-13;4;0
28;2025-11-13;5;56
28;2025-11-13;6;273
28;2025-11-13;7;807
28;2025-11-13;8;1277
28;2025-11-13;9;848
28;2025-11-13;10;612
28;2025-11-13;11;548
28;2025-11-13;12;682
28;2025-11-13;13;721
28;2025-11-13;14;654
28;2025-11-13;15;701
28;2025-11-13;16;870
28;2025-11-13;17;1000
28;2025-11-13;18;1015
28;2025-11-13;19;751
28;2025-11-13;20;535
28;2025-11-13;21;323
28;2025-11-13;22;140
28;2025-11-13;23;15
28;2025-11-14;0;0
28;2025-11-14;1;0
28;2025-11-14;2;0
28;2025-11-14;3;0
28;2025-11-14;4;0
28;2025-11-14;5;55
28;2025-11-14;6;266
28;2025-11-14;7;791
28;2025-11-14;8;1232
28;2025-11-14;9;819
28;2025-11-14;10;597
28;2025-11-14;11;566
28;2025-11-14;12;712
28;2025-11-14;13;716
28;2025-11-14;14;692
28;2025-11-14;15;748
28;2025-11-14;16;942
28;2025-11-14;17;984
28;2025-11-14;18;838
28;2025-11-14;19;636
28;2025-11-14;20;476
28;2025-11-14;21;324
28;2025-11-14;22;145
28;2025-11-14;23;19
28;2025-11-15;0;0
28;2025-11-15;1;0
28;2025-11-15;2;0
28;2025-11-15;3;0
28;2025-11-15;4;0
28;2025-11-15;5;25
28;2025-11-15;6;104
28;2025-11-15;7;232
28;2025-11-15;8;397
28;2025-11-15;9;474
28;2025-11-15;10;484
28;2025-11-15;11;504
28;2025-11-15;12;581
28;2025-11-15;13;620
28;2025-11-15;14;624
28;2025-11-15;15;593
28;2025-11-15;16;556
28;2025-11-15;17;569
28;2025-11-15;18;504
28;2025-11-15;19;437
28;2025-11-15;20;325
28;2025-11-15;21;277
28;2025-11-15;22;138
28;2025-11-15;23;19
28;2025-11-16;0;0
28;2025-11-16;1;0
28;2025-11-16;2;0
28;2025-11-16;3;0
28;2025-11-16;4;0
28;2025-11-16;5;23
28;2025-11-16;6;89
28;2025-11-16;7;162
28;2025-11-16;8;256
28;2025-11-16;9;335
28;2025-11-16;10;383
28;2025-11-16;11;417
28;2025-11-16;12;475
28;2025-11-16;13;529
28;2025-11-16;14;535
28;2025-11-16;15;541
28;2025-11-16;16;499
28;2025-11-16;17;507
28;2025-11-16;18;443
28;2025-11-16;19;378
28;2025-11-16;20;315
28;2025-11-16;21;258
28;2025-11-16;22;119
28;2025-11-16;23;13
28;2025-11-17;0;0
28;2025-11-17;1;0
28;2025-11-17;2;0
28;2025-11-17;3;0
28;2025-11-17;4;0
28;2025-11-17;5;58
28;2025-11-17;6;274
28;2025-11-17;7;819
28;2025-11-17;8;1243
28;2025-11-17;9;859
28;2025-11-17;10;601
28;2025-11-17;11;530
28;2025-11-17;12;667
28;2025-11-17;13;678
28;2025-11-17;14;632
28;2025-11-17;15;664
28;2025-11-17;16;881
28;2025-11-17;17;967
28;2025-11-17;18;955
28;2025-11-17;19;721
28;2025-11-17;20;506
28;2025-11-17;21;309
28;2025-11-17;22;125
28;2025-11-17;23;12
28;2025-11-18;0;0
28;2025-11-18;1;0
28;2025-11-18;2;0
28;2025-11-18;3;0
28;2025-11-18;4;0
28;2025-11-18;5;54
28;2025-11-18;6;266
28;2025-11-18;7;845
28;2025-11-18;8;1277
28;2025-11-18;9;876
28;2025-11-18;10;677
28;2025-11-18;11;580
28;2025-11-18;12;683
28;2025-11-18;13;734
28;2025-11-18;14;675
28;2025-11-18;15;703
28;2025-11-18;16;827
28;2025-11-18;17;982
28;2025-11-18;18;948
28;2025-11-18;19;727
28;2025-11-18;20;530
28;2025-11-18;21;320
28;2025-11-18;22;129
28;2025-11-18;23;16
28;2025-11-19;0;0
28;2025-11-19;1;0
28;2025-11-19;2;0
28;2025-11-19;3;0
28;2025-11-19;4;0
28;2025-11-19;5;60
28;2025-11-19;6;277
28;2025-11-19;7;787
28;2025-11-19;8;1218
28;2025-11-19;9;838
28;2025-11-19;10;627
28;2025-11-19;11;590
28;2025-11-19;12;696
28;2025-11-19;13;741
28;2025-11-19;14;652
28;2025-11-19;15;708
28;2025-11-19;16;898
28;2025-11-19;17;972
28;2025-11-19;18;966
28;2025-11-19;19;730
28;2025-11-19;20;508
28;2025-11-19;21;324
28;2025-11-19;22;137
28;2025-11-19;23;15
28;2025-11-20;0;0
28;2025-11-20;1;0
28;2025-11-20;2;0
28;2025-11-20;3;0
28;2025-11-20;4;0
28;2025-11-20;5;56
28;2025-11-20;6;273
28;2025-11-20;7;807
28;2025-11-20;8;1277
28;2025-11-20;9;848
28;2025-11-20;10;612
28;2025-11-20;11;548
28;2025-11-20;12;682
28;2025-11-20;13;721
28;2025-11-20;14;654
28;2025-11-20;15;701
28;2025-11-20;16;870
28;2025-11-20;17;1000
28;2025-11-20;18;1015
28;2025-11-20;19;751
28;2025-11-20;20;535
28;2025-11-20;21;323
28;2025-11-20;22;140
28;2025-11-20;23;15
28;2025-11-21;0;0
28;2025-11-21;1;0
28;2025-11-21;2;0
28;2025-11-21;3;0
28;2025-11-21;4;0
28;2025-11-21;5;55
28;2025-11-21;6;266
28;2025-11-21;7;791
28;2025-11-21;8;1232
28;2025-11-21;9;819
28;2025-11-21;10;597
28;2025-11-21;11;566
28;2025-11-21;12;712
28;2025-11-21;13;716
28;2025-11-21;14;692
28;2025-11-21;15;748
28;2025-11-21;16;942
28;2025-11-21;17;984
28;2025-11-21;18;838
28;2025-11-21;19;636
28;2025-11-21;20;476
28;2025-11-21;21;324
28;2025-11-21;22;145
28;2025-11-21;23;19
28;2025-11-22;0;0
28;2025-11-22;1;0
28;2025-11-22;2;0
28;2025-11-22;3;0
28;2025-11-22;4;0
28;2025-11-22;5;25
28;2025-11-22;6;104
28;2025-11-22;7;232
28;2025-11-22;8;397
28;2025-11-22;9;474
28;2025-11-22;10;484
28;2025-11-22;11;504
28;2025-11-22;12;581
28;2025-11-22;13;620
28;2025-11-22;14;624
28;2025-11-22;15;593
28;2025-11-22;16;556
28;2025-11-22;17;569
28;2025-11-22;18;504
28;2025-11-22;19;437
28;2025-11-22;20;325
28;2025-11-22;21;277
28;2025-11-22;22;138
28;2025-11-22;23;19
28;2025-11-23;0;0
28;2025-11-23;1;0
28;2025-11-23;2;0
28;2025-11-23;3;0
28;2025-11-23;4;0
28;2025-11-23;5;23
28;2025-11-23;6;89
28;2025-11-23;7;162
28;2025-11-23;8;256
28;2025-11-23;9;335
28;2025-11-23;10;383
28;2025-11-23;11;417
28;2025-11-23;12;475
28;2025-11-23;13;529
28;2025-11-23;14;535
28;2025-11-23;15;541
28;2025-11-23;16;499
28;2025-11-23;17;507
28;2025-11-23;18;443
28;2025-11-23;19;378
28;2025-11-23;20;315
28;2025-11-23;21;258
28;2025-11-23;22;119
28;2025-11-23;23;13
28;2025-11-24;0;0
28;2025-11-24;1;0
28;2025-11-24;2;0
28;2025-11-24;3;0
28;2025-11-24;4;0
28;2025-11-24;5;58
28;2025-11-24;6;274
28;2025-11-24;7;819
28;2025-11-24;8;1243
28;2025-11-24;9;859
28;2025-11-24;10;601
28;2025-11-24;11;530
28;2025-11-24;12;667
28;2025-11-24;13;678
28;2025-11-24;14;632
28;2025-11-24;15;664
28;2025-11-24;16;881
28;2025-11-24;17;967
28;2025-11-24;18;955
28;2025-11-24;19;721
28;2025-11-24;20;506
28;2025-11-24;21;309
28;2025-11-24;22;125
28;2025-11-24;23;12
28;2025-11-25;0;0
28;2025-11-25;1;0
28;2025-11-25;2;0
28;2025-11-25;3;0
28;2025-11-25;4;0
28;2025-11-25;5;54
28;2025-11-25;6;266
28;2025-11-25;7;845
28;2025-11-25;8;1277
28;2025-11-25;9;876
28;2025-11-25;10;677
28;2025-11-25;11;580
28;2025-11-25;12;683
28;2025-11-25;13;734
28;2025-11-25;14;675
28;2025-11-25;15;703
28;2025-11-25;16;827
28;2025-11-25;17;982
28;2025-11-25;18;948
28;2025-11-25;19;727
28;2025-11-25;20;530
28;2025-11-25;21;320
28;2025-11-25;22;129
28;2025-11-25;23;16
28;2025-11-26;0;0
28;2025-11-26;1;0
28;2025-11-26;2;0
28;2025-11-26;3;0
28;2025-11-26;4;0
28;2025-11-26;5;60
28;2025-11-26;6;277
28;2025-11-26;7;787
28;2025-11-26;8;1218
28;2025-11-26;9;838
28;2025-11-26;10;627
28;2025-11-26;11;590
28;2025-11-26;12;696
28;2025-11-26;13;741
28;2025-11-26;14;652
28;2025-11-26;15;708
28;2025-11-26;16;898
28;2025-11-26;17;972
28;2025-11-26;18;966
28;2025-11-26;19;730
28;2025-11-26;20;508
28;2025-11-26;21;324
28;2025-11-26;22;137
28;2025-11-26;23;15
28;2025-11-27;0;0
28;2025-11-27;1;0
28;2025-11-27;2;0
28;2025-11-27;3;0
28;2025-11-27;4;0
28;2025-11-27;5;56
28;2025-11-27;6;273
28;2025-11-27;7;807
28;2025-11-27;8;1277
28;2025-11-27;9;848
28;2025-11-27;10;612
28;2025-11-27;11;548
28;2025-11-27;12;682
28;2025-11-27;13;721
28;2025-11-27;14;654
28;2025-11-27;15;701
28;2025-11-27;16;870
28;2025-11-27;17;1000
28;2025-11-27;18;1015
28;2025-11-27;19;751
28;2025-11-27;20;535
28;2025-11-27;21;323
28;2025-11-27;22;140
28;2025-11-27;23;15
28;2025-11-28;0;0
28;2025-11-28;1;0
28;2025-11-28;2;0
28;2025-11-28;3;0
28;2025-11-28;4;0
28;2025-11-28;5;55
28;2025-11-28;6;266
28;2025-11-28;7;791
28;2025-11-28;8;1232
28;2025-11-28;9;819
28;2025-11-28;10;597
28;2025-11-28;11;566
28;2025-11-28;12;712
28;2025-11-28;13;716
28;2025-11-28;14;692
28;2025-11-28;15;748
28;2025-11-28;16;942
28;2025-11-28;17;984
28;2025-11-28;18;838
28;2025-11-28;19;636
28;2025-11-28;20;476
28;2025-11-28;21;324
28;2025-11-28;22;145
28;2025-11-28;23;19
28;2025-11-29;0;0
28;2025-11-29;1;0
28;2025-11-29;2;0
28;2025-11-29;3;0
28;2025-11-29;4;0
28;2025-11-29;5;25
28;2025-11-29;6;104
28;2025-11-29;7;232
28;2025-11-29;8;397
28;2025-11-29;9;474
28;2025-11-29;10;484
28;2025-11-29;11;504
28;2025-11-29;12;581
28;2025-11-29;13;620
28;2025-11-29;14;624
28;2025-11-29;15;593
28;2025-11-29;16;556
28;2025-11-29;17;569
28;2025-11-29;18;504
28;2025-11-29;19;437
28;2025-11-29;20;325
28;2025-11-29;21;277
28;2025-11-29;22;138
28;2025-11-29;23;19
28;2025-11-30;0;0
28;2025-11-30;1;0
28;2025-11-30;2;0
28;2025-11-30;3;0
28;2025-11-30;4;0
28;2025-11-30;5;23
28;2025-11-30;6;89
28;2025-11-30;7;162
28;2025-11-30;8;256
28;2025-11-30;9;335
28;2025-11-30;10;383
28;2025-11-30;11;417
28;2025-11-30;12;475
28;2025-11-30;13;529
28;2025-11-30;14;535
28;2025-11-30;15;541
28;2025-11-30;16;499
28;2025-11-30;17;507
28;2025-11-30;18;443
28;2025-11-30;19;378
28;2025-11-30;20;315
28;2025-11-30;21;258
28;2025-11-30;22;119
28;2025-11-30;23;13
28;2025-12-01;0;0
28;2025-12-01;1;0
28;2025-12-01;2;0
28;2025-12-01;3;0
28;2025-12-01;4;0
28;2025-12-01;5;58
28;2025-12-01;6;274
28;2025-12-01;7;819
28;2025-12-01;8;1243
28;2025-12-01;9;859
28;2025-12-01;10;601
28;2025-12-01;11;530
28;2025-12-01;12;667
28;2025-12-01;13;678
28;2025-12-01;14;632
28;2025-12-01;15;664
28;2025-12-01;16;881
28;2025-12-01;17;967
28;2025-12-01;18;955
28;2025-12-01;19;721
28;2025-12-01;20;506
28;2025-12-01;21;309
28;2025-12-01;22;125
28;2025-12-01;23;12
28;2025-12-02;0;0
28;2025-12-02;1;0
28;2025-12-02;2;0
28;2025-12-02;3;0
28;2025-12-02;4;0
28;2025-12-02;5;54
28;2025-12-02;6;266
28;2025-12-02;7;845
28;2025-12-02;8;1277
28;2025-12-02;9;876
28;2025-12-02;10;677
28;2025-12-02;11;580
28;2025-12-02;12;683
28;2025-12-02;13;734
28;2025-12-02;14;675
28;2025-12-02;15;703
28;2025-12-02;16;827
28;2025-12-02;17;982
28;2025-12-02;18;948
28;2025-12-02;19;727
28;2025-12-02;20;530
28;2025-12-02;21;320
28;2025-12-02;22;129
28;2025-12-02;23;16
28;2025-12-03;0;0
28;2025-12-03;1;0
28;2025-12-03;2;0
28;2025-12-03;3;0
28;2025-12-03;4;0
28;2025-12-03;5;60
28;2025-12-03;6;277
28;2025-12-03;7;787
28;2025-12-03;8;1218
28;2025-12-03;9;838
28;2025-12-03;10;627
28;2025-12-03;11;590
28;2025-12-03;12;696
28;2025-12-03;13;741
28;2025-12-03;14;652
28;2025-12-03;15;708
28;2025-12-03;16;898
28;2025-12-03;17;972
28;2025-12-03;18;966
28;2025-12-03;19;730
28;2025-12-03;20;508
28;2025-12-03;21;324
28;2025-12-03;22;137
28;2025-12-03;23;15
28;2025-12-04;0;0
28;2025-12-04;1;0
28;2025-12-04;2;0
28;2025-12-04;3;0
28;2025-12-04;4;0
28;2025-12-04;5;56
28;2025-12-04;6;273
28;2025-12-04;7;807
28;2025-12-04;8;1277
28;2025-12-04;9;848
28;2025-12-04;10;612
28;2025-12-04;11;548
28;2025-12-04;12;682
28;2025-12-04;13;721
28;2025-12-04;14;654
28;2025-12-04;15;701
28;2025-12-04;16;870
28;2025-12-04;17;1000
28;2025-12-04;18;1015
28;2025-12-04;19;751
28;2025-12-04;20;535
28;2025-12-04;21;323
28;2025-12-04;22;140
28;2025-12-04;23;15
28;2025-12-05;0;0
28;2025-12-05;1;0
28;2025-12-05;2;0
28;2025-12-05;3;0
28;2025-12-05;4;0
28;2025-12-05;5;55
28;2025-12-05;6;266
28;2025-12-05;7;791
28;2025-12-05;8;1232
28;2025-12-05;9;819
28;2025-12-05;10;597
28;2025-12-05;11;566
28;2025-12-05;12;712
28;2025-12-05;13;716
28;2025-12-05;14;692
28;2025-12-05;15;748
28;2025-12-05;16;942
28;2025-12-05;17;984
28;2025-12-05;18;838
28;2025-12-05;19;636
28;2025-12-05;20;476
28;2025-12-05;21;324
28;2025-12-05;22;145
28;2025-12-05;23;19
28;2025-12-06;0;0
28;2025-12-06;1;0
28;2025-12-06;2;0
28;2025-12-06;3;0
28;2025-12-06;4;0
28;2025-12-06;5;25
28;2025-12-06;6;104
28;2025-12-06;7;232
28;2025-12-06;8;397
28;2025-12-06;9;474
28;2025-12-06;10;484
28;2025-12-06;11;504
28;2025-12-06;12;581
28;2025-12-06;13;620
28;2025-12-06;14;624
28;2025-12-06;15;593
28;2025-12-06;16;556
28;2025-12-06;17;569
28;2025-12-06;18;504
28;2025-12-06;19;437
28;2025-12-06;20;325
28;2025-12-06;21;277
28;2025-12-06;22;138
28;2025-12-06;23;19
28;2025-12-07;0;0
28;2025-12-07;1;0
28;2025-12-07;2;0
28;2025-12-07;3;0
28;2025-12-07;4;0
28;2025-12-07;5;23
28;2025-12-07;6;89
28;2025-12-07;7;162
28;2025-12-07;8;256
28;2025-12-07;9;335
28;2025-12-07;10;383
28;2025-12-07;11;417
28;2025-12-07;12;475
28;2025-12-07;13;529
28;2025-12-07;14;535
28;2025-12-07;15;541
28;2025-12-07;16;499
28;2025-12-07;17;507
28;2025-12-07;18;443
28;2025-12-07;19;378
28;2025-12-07;20;315
28;2025-12-07;21;258
28;2025-12-07;22;119
28;2025-12-07;23;13
28;2025-12-08;0;0
28;2025-12-08;1;0
28;2025-12-08;2;0
28;2025-12-08;3;0
28;2025-12-08;4;0
28;2025-12-08;5;58
28;2025-12-08;6;274
28;2025-12-08;7;819
28;2025-12-08;8;1243
28;2025-12-08;9;859
28;2025-12-08;10;601
28;2025-12-08;11;530
28;2025-12-08;12;667
28;2025-12-08;13;678
28;2025-12-08;14;632
28;2025-12-08;15;664
28;2025-12-08;16;881
28;2025-12-08;17;967
28;2025-12-08;18;955
28;2025-12-08;19;721
28;2025-12-08;20;506
28;2025-12-08;21;309
28;2025-12-08;22;125
28;2025-12-08;23;12
28;2025-12-09;0;0
28;2025-12-09;1;0
28;2025-12-09;2;0
28;2025-12-09;3;0
28;2025-12-09;4;0
28;2025-12-09;5;54
28;2025-12-09;6;266
28;2025-12-09;7;845
28;2025-12-09;8;1277
28;2025-12-09;9;876
28;2025-12-09;10;677
28;2025-12-09;11;580
28;2025-12-09;12;683
28;2025-12-09;13;734
28;2025-12-09;14;675
28;2025-12-09;15;703
28;2025-12-09;16;827
28;2025-12-09;17;982
28;2025-12-09;18;948
28;2025-12-09;19;727
28;2025-12-09;20;530
28;2025-12-09;21;320
28;2025-12-09;22;129
28;2025-12-09;23;16
28;2025-12-10;0;0
28;2025-12-10;1;0
28;2025-12-10;2;0
28;2025-12-10;3;0
28;2025-12-10;4;0
28;2025-12-10;5;60
28;2025-12-10;6;277
28;2025-12-10;7;787
28;2025-12-10;8;1218
28;2025-12-10;9;838
28;2025-12-10;10;627
28;2025-12-10;11;590
28;2025-12-10;12;696
28;2025-12-10;13;741
28;2025-12-10;14;652
28;2025-12-10;15;708
28;2025-12-10;16;898
28;2025-12-10;17;972
28;2025-12-10;18;966
28;2025-12-10;19;730
28;2025-12-10;20;508
28;2025-12-10;21;324
28;2025-12-10;22;137
28;2025-12-10;23;15
28;2025-12-11;0;0
28;2025-12-11;1;0
28;2025-12-11;2;0
28;2025-12-11;3;0
28;2025-12-11;4;0
28;2025-12-11;5;56
28;2025-12-11;6;273
28;2025-12-11;7;807
28;2025-12-11;8;1277
28;2025-12-11;9;848
28;2025-12-11;10;612
28;2025-12-11;11;548
28;2025-12-11;12;682
28;2025-12-11;13;721
28;2025-12-11;14;654
28;2025-12-11;15;701
28;2025-12-11;16;870
28;2025-12-11;17;1000
28;2025-12-11;18;1015
28;2025-12-11;19;751
28;2025-12-11;20;535
28;2025-12-11;21;323
28;2025-12-11;22;140
28;2025-12-11;23;15
28;2025-12-12;0;0
28;2025-12-12;1;0
28;2025-12-12;2;0
28;2025-12-12;3;0
28;2025-12-12;4;0
28;2025-12-12;5;55
28;2025-12-12;6;266
28;2025-12-12;7;791
28;2025-12-12;8;1232
28;2025-12-12;9;819
28;2025-12-12;10;597
28;2025-12-12;11;566
28;2025-12-12;12;712
28;2025-12-12;13;716
28;2025-12-12;14;692
28;2025-12-12;15;748
28;2025-12-12;16;942
28;2025-12-12;17;984
28;2025-12-12;18;838
28;2025-12-12;19;636
28;2025-12-12;20;476
28;2025-12-12;21;324
28;2025-12-12;22;145
28;2025-12-12;23;19
28;2025-12-13;0;0
28;2025-12-13;1;0
28;2025-12-13;2;0
28;2025-12-13;3;0
28;2025-12-13;4;0
28;2025-12-13;5;25
28;2025-12-13;6;104
28;2025-12-13;7;232
28;2025-12-13;8;397
28;2025-12-13;9;474
28;2025-12-13;10;484
28;2025-12-13;11;504
28;2025-12-13;12;581
28;2025-12-13;13;620
28;2025-12-13;14;624
28;2025-12-13;15;593
28;2025-12-13;16;556
28;2025-12-13;17;569
28;2025-12-13;18;504
28;2025-12-13;19;437
28;2025-12-13;20;325
28;2025-12-13;21;277
28;2025-12-13;22;138
28;2025-12-13;23;19
28;2025-12-14;0;0
28;2025-12-14;1;0
28;2025-12-14;2;0
28;2025-12-14;3;0
28;2025-12-14;4;0
28;2025-12-14;5;23
28;2025-12-14;6;89
28;2025-12-14;7;162
28;2025-12-14;8;256
28;2025-12-14;9;335
28;2025-12-14;10;383
28;2025-12-14;11;417
28;2025-12-14;12;475
28;2025-12-14;13;529
28;2025-12-14;14;535
28;2025-12-14;15;541
28;2025-12-14;16;499
28;2025-12-14;17;507
28;2025-12-14;18;443
28;2025-12-14;19;378
28;2025-12-14;20;315
28;2025-12-14;21;258
28;2025-12-14;22;119
28;2025-12-14;23;13
28;2025-12-15;0;0
28;2025-12-15;1;0
28;2025-12-15;2;0
28;2025-12-15;3;0
28;2025-12-15;4;0
28;2025-12-15;5;58
28;2025-12-15;6;274
28;2025-12-15;7;819
28;2025-12-15;8;1243
28;2025-12-15;9;859
28;2025-12-15;10;601
28;2025-12-15;11;530
28;2025-12-15;12;667
28;2025-12-15;13;678
28;2025-12-15;14;632
28;2025-12-15;15;664
28;2025-12-15;16;881
28;2025-12-15;17;967
28;2025-12-15;18;955
28;2025-12-15;19;721
28;2025-12-15;20;506
28;2025-12-15;21;309
28;2025-12-15;22;125
28;2025-12-15;23;12
28;2025-12-16;0;0
28;2025-12-16;1;0
28;2025-12-16;2;0
28;2025-12-16;3;0
28;2025-12-16;4;0
28;2025-12-16;5;54
28;2025-12-16;6;266
28;2025-12-16;7;845
28;2025-12-16;8;1277
28;2025-12-16;9;876
28;2025-12-16;10;677
28;2025-12-16;11;580
28;2025-12-16;12;683
28;2025-12-16;13;734
28;2025-12-16;14;675
28;2025-12-16;15;703
28;2025-12-16;16;827
28;2025-12-16;17;982
28;2025-12-16;18;948
28;2025-12-16;19;727
28;2025-12-16;20;530
28;2025-12-16;21;320
28;2025-12-16;22;129
28;2025-12-16;23;16
28;2025-12-17;0;0
28;2025-12-17;1;0
28;2025-12-17;2;0
28;2025-12-17;3;0
28;2025-12-17;4;0
28;2025-12-17;5;60
28;2025-12-17;6;277
28;2025-12-17;7;787
28;2025-12-17;8;1218
28;2025-12-17;9;838
28;2025-12-17;10;627
28;2025-12-17;11;590
28;2025-12-17;12;696
28;2025-12-17;13;741
28;2025-12-17;14;652
28;2025-12-17;15;708
28;2025-12-17;16;898
28;2025-12-17;17;972
28;2025-12-17;18;966
28;2025-12-17;19;730
28;2025-12-17;20;508
28;2025-12-17;21;324
28;2025-12-17;22;137
28;2025-12-17;23;15
28;2025-12-18;0;0
28;2025-12-18;1;0
28;2025-12-18;2;0
28;2025-12-18;3;0
28;2025-12-18;4;0
28;2025-12-18;5;56
28;2025-12-18;6;273
28;2025-12-18;7;807
28;2025-12-18;8;1277
28;2025-12-18;9;848
28;2025-12-18;10;612
28;2025-12-18;11;548
28;2025-12-18;12;682
28;2025-12-18;13;721
28;2025-12-18;14;654
28;2025-12-18;15;701
28;2025-12-18;16;870
28;2025-12-18;17;1000
28;2025-12-18;18;1015
28;2025-12-18;19;751
28;2025-12-18;20;535
28;2025-12-18;21;323
28;2025-12-18;22;140
28;2025-12-18;23;15
28;2025-12-19;0;0
28;2025-12-19;1;0
28;2025-12-19;2;0
28;2025-12-19;3;0
28;2025-12-19;4;0
28;2025-12-19;5;55
28;2025-12-19;6;266
28;2025-12-19;7;791
28;2025-12-19;8;1232
28;2025-12-19;9;819
28;2025-12-19;10;597
28;2025-12-19;11;566
28;2025-12-19;12;712
28;2025-12-19;13;716
28;2025-12-19;14;692
28;2025-12-19;15;748
28;2025-12-19;16;942
28;2025-12-19;17;984
28;2025-12-19;18;838
28;2025-12-19;19;636
28;2025-12-19;20;476
28;2025-12-19;21;324
28;2025-12-19;22;145
28;2025-12-19;23;19
28;2025-12-20;0;0
28;2025-12-20;1;0
28;2025-12-20;2;0
28;2025-12-20;3;0
28;2025-12-20;4;0
28;2025-12-20;5;25
28;2025-12-20;6;104
28;2025-12-20;7;232
28;2025-12-20;8;397
28;2025-12-20;9;474
28;2025-12-20;10;484
28;2025-12-20;11;504
28;2025-12-20;12;581
28;2025-12-20;13;620
28;2025-12-20;14;624
28;2025-12-20;15;593
28;2025-12-20;16;556
28;2025-12-20;17;569
28;2025-12-20;18;504
28;2025-12-20;19;437
28;2025-12-20;20;325
28;2025-12-20;21;277
28;2025-12-20;22;138
28;2025-12-20;23;19
28;2025-12-21;0;0
28;2025-12-21;1;0
28;2025-12-21;2;0
28;2025-12-21;3;0
28;2025-12-21;4;0
28;2025-12-21;5;23
28;2025-12-21;6;89
28;2025-12-21;7;162
28;2025-12-21;8;256
28;2025-12-21;9;335
28;2025-12-21;10;383
28;2025-12-21;11;417
28;2025-12-21;12;475
28;2025-12-21;13;529
28;2025-12-21;14;535
28;2025-12-21;15;541
28;2025-12-21;16;499
28;2025-12-21;17;507
28;2025-12-21;18;443
28;2025-12-21;19;378
28;2025-12-21;20;315
28;2025-12-21;21;258
28;2025-12-21;22;119
28;2025-12-21;23;13
28;2025-12-22;0;0
28;2025-12-22;1;0
28;2025-12-22;2;0
28;2025-12-22;3;0
28;2025-12-22;4;0
28;2025-12-22;5;58
28;2025-12-22;6;274
28;2025-12-22;7;819
28;2025-12-22;8;1243
28;2025-12-22;9;859
28;2025-12-22;10;601
28;2025-12-22;11;530
28;2025-12-22;12;667
28;2025-12-22;13;678
28;2025-12-22;14;632
28;2025-12-22;15;664
28;2025-12-22;16;881
28;2025-12-22;17;967
28;2025-12-22;18;955
28;2025-12-22;19;721
28;2025-12-22;20;506
28;2025-12-22;21;309
28;2025-12-22;22;125
28;2025-12-22;23;12
28;2025-12-23;0;0
28;2025-12-23;1;0
28;2025-12-23;2;0
28;2025-12-23;3;0
28;2025-12-23;4;0
28;2025-12-23;5;54
28;2025-12-23;6;266
28;2025-12-23;7;845
28;2025-12-23;8;1277
28;2025-12-23;9;876
28;2025-12-23;10;677
28;2025-12-23;11;580
28;2025-12-23;12;683
28;2025-12-23;13;734
28;2025-12-23;14;675
28;2025-12-23;15;703
28;2025-12-23;16;827
28;2025-12-23;17;982
28;2025-12-23;18;948
28;2025-12-23;19;727
28;2025-12-23;20;530
28;2025-12-23;21;320
28;2025-12-23;22;129
28;2025-12-23;23;16
28;2025-12-24;0;0
28;2025-12-24;1;0
28;2025-12-24;2;0
28;2025-12-24;3;0
28;2025-12-24;4;0
28;2025-12-24;5;60
28;2025-12-24;6;277
28;2025-12-24;7;787
28;2025-12-24;8;1218
28;2025-12-24;9;838
28;2025-12-24;10;627
28;2025-12-24;11;590
28;2025-12-24;12;696
28;2025-12-24;13;741
28;2025-12-24;14;652
28;2025-12-24;15;708
28;2025-12-24;16;898
28;2025-12-24;17;972
28;2025-12-24;18;966
28;2025-12-24;19;730
28;2025-12-24;20;508
28;2025-12-24;21;324
28;2025-12-24;22;137
28;2025-12-24;23;15
28;2025-12-25;0;0
28;2025-12-25;1;0
28;2025-12-25;2;0
28;2025-12-25;3;0
28;2025-12-25;4;0
28;2025-12-25;5;56
28;2025-12-25;6;273
28;2025-12-25;7;807
28;2025-12-25;8;1277
28;2025-12-25;9;848
28;2025-12-25;10;612
28;2025-12-25;11;548
28;2025-12-25;12;682
28;2025-12-25;13;721
28;2025-12-25;14;654
28;2025-12-25;15;701
28;2025-12-25;16;870
28;2025-12-25;17;1000
28;2025-12-25;18;1015
28;2025-12-25;19;751
28;2025-12-25;20;535
28;2025-12-25;21;323
28;2025-12-25;22;140
28;2025-12-25;23;15
28;2025-12-26;0;0
28;2025-12-26;1;0
28;2025-12-26;2;0
28;2025-12-26;3;0
28;2025-12-26;4;0
28;2025-12-26;5;55
28;2025-12-26;6;266
28;2025-12-26;7;791
28;2025-12-26;8;1232
28;2025-12-26;9;819
28;2025-12-26;10;597
28;2025-12-26;11;566
28;2025-12-26;12;712
28;2025-12-26;13;716
28;2025-12-26;14;692
28;2025-12-26;15;748
28;2025-12-26;16;942
28;2025-12-26;17;984
28;2025-12-26;18;838
28;2025-12-26;19;636
28;2025-12-26;20;476
28;2025-12-26;21;324
28;2025-12-26;22;145
28;2025-12-26;23;19
28;2025-12-27;0;0
28;2025-12-27;1;0
28;2025-12-27;2;0
28;2025-12-27;3;0
28;2025-12-27;4;0
28;2025-12-27;5;25
28;2025-12-27;6;104
28;2025-12-27;7;232
28;2025-12-27;8;397
28;2025-12-27;9;474
28;2025-12-27;10;484
28;2025-12-27;11;504
28;2025-12-27;12;581
28;2025-12-27;13;620
28;2025-12-27;14;624
28;2025-12-27;15;593
28;2025-12-27;16;556
28;2025-12-27;17;569
28;2025-12-27;18;504
28;2025-12-27;19;437
28;2025-12-27;20;325
28;2025-12-27;21;277
28;2025-12-27;22;138
28;2025-12-27;23;19
28;2025-12-28;0;0
28;2025-12-28;1;0
28;2025-12-28;2;0
28;2025-12-28;3;0
28;2025-12-28;4;0
28;2025-12-28;5;23
28;2025-12-28;6;89
28;2025-12-28;7;162
28;2025-12-28;8;256
28;2025-12-28;9;335
28;2025-12-28;10;383
28;2025-12-28;11;417
28;2025-12-28;12;475
28;2025-12-28;13;529
28;2025-12-28;14;535
28;2025-12-28;15;541
28;2025-12-28;16;499
28;2025-12-28;17;507
28;2025-12-28;18;443
28;2025-12-28;19;378
28;2025-12-28;20;315
28;2025-12-28;21;258
28;2025-12-28;22;119
28;2025-12-28;23;13
28;2025-12-29;0;0
28;2025-12-29;1;0
28;2025-12-29;2;0
28;2025-12-29;3;0
28;2025-12-29;4;0
28;2025-12-29;5;58
28;2025-12-29;6;274
28;2025-12-29;7;819
28;2025-12-29;8;1243
28;2025-12-29;9;859
28;2025-12-29;10;601
28;2025-12-29;11;530
28;2025-12-29;12;667
28;2025-12-29;13;678
28;2025-12-29;14;632
28;2025-12-29;15;664
28;2025-12-29;16;881
28;2025-12-29;17;967
28;2025-12-29;18;955
28;2025-12-29;19;721
28;2025-12-29;20;506
28;2025-12-29;21;309
28;2025-12-29;22;125
28;2025-12-29;23;12
28;2025-12-30;0;0
28;2025-12-30;1;0
28;2025-12-30;2;0
28;2025-12-30;3;0
28;2025-12-30;4;0
28;2025-12-30;5;54
28;2025-12-30;6;266
28;2025-12-30;7;845
28;2025-12-30;8;1277
28;2025-12-30;9;876
28;2025-12-30;10;677
28;2025-12-30;11;580
28;2025-12-30;12;683
28;2025-12-30;13;734
28;2025-12-30;14;675
28;2025-12-30;15;703
28;2025-12-30;16;827
28;2025-12-30;17;982
28;2025-12-30;18;948
28;2025-12-30;19;727
28;2025-12-30;20;530
28;2025-12-30;21;320
28;2025-12-30;22;129
28;2025-12-30;23;16
28;2025-12-31;0;0
28;2025-12-31;1;0
28;2025-12-31;2;0
28;2025-12-31;3;0
28;2025-12-31;4;0
28;2025-12-31;5;22
28;2025-12-31;6;87
28;2025-12-31;7;159
28;2025-12-31;8;250
28;2025-12-31;9;328
28;2025-12-31;10;375
28;2025-12-31;11;408
28;2025-12-31;12;465
28;2025-12-31;13;518
28;2025-12-31;14;524
28;2025-12-31;15;530
28;2025-12-31;16;488
28;2025-12-31;17;496
28;2025-12-31;18;433
28;2025-12-31;19;370
28;2025-12-31;20;309
28;2025-12-31;21;253
28;2025-12-31;22;117
28;2025-12-31;23;12
50;2025-11-01;0;0
50;2025-11-01;1;0
50;2025-11-01;2;0
50;2025-11-01;3;0
50;2025-11-01;4;0
50;2025-11-01;5;0
50;2025-11-01;6;0
50;2025-11-01;7;0
50;2025-11-01;8;0
50;2025-11-01;9;2
50;2025-11-01;10;4
50;2025-11-01;11;5
50;2025-11-01;12;10
50;2025-11-01;13;8
50;2025-11-01;14;6
50;2025-11-01;15;4
50;2025-11-01;16;6
50;2025-11-01;17;9
50;2025-11-01;18;8
50;2025-11-01;19;0
50;2025-11-01;20;2
50;2025-11-01;21;0
50;2025-11-01;22;1
50;2025-11-01;23;0
50;2025-11-02;0;0
50;2025-11-02;1;0
50;2025-11-02;2;0
50;2025-11-02;3;0
50;2025-11-02;4;0
50;2025-11-02;5;0
50;2025-11-02;6;0
50;2025-11-02;7;0
50;2025-11-02;8;0
50;2025-11-02;9;2
50;2025-11-02;10;4
50;2025-11-02;11;5
50;2025-11-02;12;10
50;2025-11-02;13;8
50;2025-11-02;14;6
50;2025-11-02;15;4
50;2025-11-02;16;6
50;2025-11-02;17;9
50;2025-11-02;18;8
50;2025-11-02;19;0
50;2025-11-02;20;2
50;2025-11-02;21;0
50;2025-11-02;22;1
50;2025-11-02;23;0
50;2025-11-03;0;0
50;2025-11-03;1;0
50;2025-11-03;2;0
50;2025-11-03;3;0
50;2025-11-03;4;0
50;2025-11-03;5;22
50;2025-11-03;6;142
50;2025-11-03;7;267
50;2025-11-03;8;385
50;2025-11-03;9;484
50;2025-11-03;10;523
50;2025-11-03;11;659
50;2025-11-03;12;761
50;2025-11-03;13;802
50;2025-11-03;14;822
50;2025-11-03;15;774
50;2025-11-03;16;774
50;2025-11-03;17;761
50;2025-11-03;18;701
50;2025-11-03;19;592
50;2025-11-03;20;487
50;2025-11-03;21;388
50;2025-11-03;22;237
50;2025-11-03;23;125
50;2025-11-04;0;0
50;2025-11-04;1;0
50;2025-11-04;2;0
50;2025-11-04;3;0
50;2025-11-04;4;0
50;2025-11-04;5;22
50;2025-11-04;6;146
50;2025-11-04;7;275
50;2025-11-04;8;397
50;2025-11-04;9;499
50;2025-11-04;10;539
50;2025-11-04;11;679
50;2025-11-04;12;784
50;2025-11-04;13;826
50;2025-11-04;14;847
50;2025-11-04;15;797
50;2025-11-04;16;797
50;2025-11-04;17;784
50;2025-11-04;18;722
50;2025-11-04;19;610
50;2025-11-04;20;502
50;2025-11-04;21;399
50;2025-11-04;22;244
50;2025-11-04;23;129
50;2025-11-05;0;0
50;2025-11-05;1;0
50;2025-11-05;2;0
50;2025-11-05;3;0
50;2025-11-05;4;0
50;2025-11-05;5;51
50;2025-11-05;6;528
50;2025-11-05;7;1738
50;2025-11-05;8;2764
50;2025-11-05;9;2104
50;2025-11-05;10;1615
50;2025-11-05;11;1556
50;2025-11-05;12;1431
50;2025-11-05;13;1462
50;2025-11-05;14;1426
50;2025-11-05;15;1662
50;2025-11-05;16;1698
50;2025-11-05;17;2330
50;2025-11-05;18;2430
50;2025-11-05;19;1543
50;2025-11-05;20;915
50;2025-11-05;21;638
50;2025-11-05;22;294
50;2025-11-05;23;137
50;2025-11-06;0;0
50;2025-11-06;1;0
50;2025-11-06;2;0
50;2025-11-06;3;0
50;2025-11-06;4;0
50;2025-11-06;5;54
50;2025-11-06;6;537
50;2025-11-06;7;1765
50;2025-11-06;8;2692
50;2025-11-06;9;2149
50;2025-11-06;10;1671
50;2025-11-06;11;1576
50;2025-11-06;12;1469
50;2025-11-06;13;1419
50;2025-11-06;14;1416
50;2025-11-06;15;1637
50;2025-11-06;16;1726
50;2025-11-06;17;2347
50;2025-11-06;18;2503
50;2025-11-06;19;1465
50;2025-11-06;20;951
50;2025-11-06;21;685
50;2025-11-06;22;292
50;2025-11-06;23;157
50;2025-11-07;0;0
50;2025-11-07;1;0
50;2025-11-07;2;0
50;2025-11-07;3;0
50;2025-11-07;4;0
50;2025-11-07;5;51
50;2025-11-07;6;556
50;2025-11-07;7;1751
50;2025-11-07;8;2703
50;2025-11-07;9;2075
50;2025-11-07;10;1579
50;2025-11-07;11;1627
50;2025-11-07;12;1537
50;2025-11-07;13;1511
50;2025-11-07;14;1476
50;2025-11-07;15;1761
50;2025-11-07;16;2139
50;2025-11-07;17;2169
50;2025-11-07;18;1795
50;2025-11-07;19;1268
50;2025-11-07;20;840
50;2025-11-07;21;579
50;2025-11-07;22;311
50;2025-11-07;23;179
50;2025-11-08;0;0
50;2025-11-08;1;0
50;2025-11-08;2;0
50;2025-11-08;3;0
50;2025-11-08;4;0
50;2025-11-08;5;0
50;2025-11-08;6;0
50;2025-11-08;7;0
50;2025-11-08;8;0
50;2025-11-08;9;2
50;2025-11-08;10;4
50;2025-11-08;11;5
50;2025-11-08;12;10
50;2025-11-08;13;8
50;2025-11-08;14;6
50;2025-11-08;15;4
50;2025-11-08;16;6
50;2025-11-08;17;9
50;2025-11-08;18;8
50;2025-11-08;19;0
50;2025-11-08;20;2
50;2025-11-08;21;0
50;2025-11-08;22;1
50;2025-11-08;23;0
50;2025-11-09;0;0
50;2025-11-09;1;0
50;2025-11-09;2;0
50;2025-11-09;3;0
50;2025-11-09;4;0
50;2025-11-09;5;0
50;2025-11-09;6;0
50;2025-11-09;7;0
50;2025-11-09;8;0
50;2025-11-09;9;2
50;2025-11-09;10;4
50;2025-11-09;11;5
50;2025-11-09;12;10
50;2025-11-09;13;8
50;2025-11-09;14;6
50;2025-11-09;15;4
50;2025-11-09;16;6
50;2025-11-09;17;9
50;2025-11-09;18;8
50;2025-11-09;19;0
50;2025-11-09;20;2
50;2025-11-09;21;0
50;2025-11-09;22;1
50;2025-11-09;23;0
50;2025-11-10;0;0
50;2025-11-10;1;0
50;2025-11-10;2;0
50;2025-11-10;3;0
50;2025-11-10;4;0
50;2025-11-10;5;50
50;2025-11-10;6;524
50;2025-11-10;7;1737
50;2025-11-10;8;2738
50;2025-11-10;9;2156
50;2025-11-10;10;1615
50;2025-11-10;11;1519
50;2025-11-10;12;1357
50;2025-11-10;13;1431
50;2025-11-10;14;1354
50;2025-11-10;15;1602
50;2025-11-10;16;1615
50;2025-11-10;17;2243
50;2025-11-10;18;2493
50;2025-11-10;19;1459
50;2025-11-10;20;894
50;2025-11-10;21;605
50;2025-11-10;22;262
50;2025-11-10;23;121
50;2025-11-11;0;0
50;2025-11-11;1;0
50;2025-11-11;2;0
50;2025-11-11;3;0
50;2025-11-11;4;0
50;2025-11-11;5;52
50;2025-11-11;6;572
50;2025-11-11;7;1820
50;2025-11-11;8;2819
50;2025-11-11;9;2176
50;2025-11-11;10;1666
50;2025-11-11;11;1518
50;2025-11-11;12;1466
50;2025-11-11;13;1468
50;2025-11-11;14;1389
50;2025-11-11;15;1662
50;2025-11-11;16;1655
50;2025-11-11;17;2376
50;2025-11-11;18;2502
50;2025-11-11;19;1468
50;2025-11-11;20;921
50;2025-11-11;21;622
50;2025-11-11;22;269
50;2025-11-11;23;134
50;2025-11-12;0;0
50;2025-11-12;1;0
50;2025-11-12;2;0
50;2025-11-12;3;0
50;2025-11-12;4;0
50;2025-11-12;5;51
50;2025-11-12;6;528
50;2025-11-12;7;1738
50;2025-11-12;8;2764
50;2025-11-12;9;2104
50;2025-11-12;10;1615
50;2025-11-12;11;1556
50;2025-11-12;12;1431
50;2025-11-12;13;1462
50;2025-11-12;14;1426
50;2025-11-12;15;1662
50;2025-11-12;16;1698
50;2025-11-12;17;2330
50;2025-11-12;18;2430
50;2025-11-12;19;1543
50;2025-11-12;20;915
50;2025-11-12;21;638
50;2025-11-12;22;294
50;2025-11-12;23;137
50;2025-11-13;0;0
50;2025-11-13;1;0
50;2025-11-13;2;0
50;2025-11-13;3;0
50;2025-11-13;4;0
50;2025-11-13;5;54
50;2025-11-13;6;537
50;2025-11-13;7;1765
50;2025-11-13;8;2692
50;2025-11-13;9;2149
50;2025-11-13;10;1671
50;2025-11-13;11;1576
50;2025-11-13;12;1469
50;2025-11-13;13;1419
50;2025-11-13;14;1416
50;2025-11-13;15;1637
50;2025-11-13;16;1726
50;2025-11-13;17;2347
50;2025-11-13;18;2503
50;2025-11-13;19;1465
50;2025-11-13;20;951
50;2025-11-13;21;685
50;2025-11-13;22;292
50;2025-11-13;23;157
50;2025-11-14;0;0
50;2025-11-14;1;0
50;2025-11-14;2;0
50;2025-11-14;3;0
50;2025-11-14;4;0
50;2025-11-14;5;51
50;2025-11-14;6;556
50;2025-11-14;7;1751
50;2025-11-14;8;2703
50;2025-11-14;9;2075
50;2025-11-14;10;1579
50;2025-11-14;11;1627
50;2025-11-14;12;1537
50;2025-11-14;13;1511
50;2025-11-14;14;1476
50;2025-11-14;15;1761
50;2025-11-14;16;2139
50;2025-11-14;17;2169
50;2025-11-14;18;1795
50;2025-11-14;19;1268
50;2025-11-14;20;840
50;2025-11-14;21;579
50;2025-11-14;22;311
50;2025-11-14;23;179
50;2025-11-15;0;0
50;2025-11-15;1;0
50;2025-11-15;2;0
50;2025-11-15;3;0
50;2025-11-15;4;0
50;2025-11-15;5;0
50;2025-11-15;6;0
50;2025-11-15;7;0
50;2025-11-15;8;0
50;2025-11-15;9;2
50;2025-11-15;10;4
50;2025-11-15;11;5
50;2025-11-15;12;10
50;2025-11-15;13;8
50;2025-11-15;14;6
50;2025-11-15;15;4
50;2025-11-15;16;6
50;2025-11-15;17;9
50;2025-11-15;18;8
50;2025-11-15;19;0
50;2025-11-15;20;2
50;2025-11-15;21;0
50;2025-11-15;22;1
50;2025-11-15;23;0
50;2025-11-16;0;0
50;2025-11-16;1;0
50;2025-11-16;2;0
50;2025-11-16;3;0
50;2025-11-16;4;0
50;2025-11-16;5;0
50;2025-11-16;6;0
50;2025-11-16;7;0
50;2025-11-16;8;0
50;2025-11-16;9;2
50;2025-11-16;10;4
50;2025-11-16;11;5
50;2025-11-16;12;10
50;2025-11-16;13;8
50;2025-11-16;14;6
50;2025-11-16;15;4
50;2025-11-16;16;6
50;2025-11-16;17;9
50;2025-11-16;18;8
50;2025-11-16;19;0
50;2025-11-16;20;2
50;2025-11-16;21;0
50;2025-11-16;22;1
50;2025-11-16;23;0
50;2025-11-17;0;0
50;2025-11-17;1;0
50;2025-11-17;2;0
50;2025-11-17;3;0
50;2025-11-17;4;0
50;2025-11-17;5;50
50;2025-11-17;6;524
50;2025-11-17;7;1737
50;2025-11-17;8;2738
50;2025-11-17;9;2156
50;2025-11-17;10;1615
50;2025-11-17;11;1519
50;2025-11-17;12;1357
50;2025-11-17;13;1431
50;2025-11-17;14;1354
50;2025-11-17;15;1602
50;2025-11-17;16;1615
50;2025-11-17;17;2243
50;2025-11-17;18;2493
50;2025-11-17;19;1459
50;2025-11-17;20;894
50;2025-11-17;21;605
50;2025-11-17;22;262
50;2025-11-17;23;121
50;2025-11-18;0;0
50;2025-11-18;1;0
50;2025-11-18;2;0
50;2025-11-18;3;0
50;2025-11-18;4;0
50;2025-11-18;5;52
50;2025-11-18;6;572
50;2025-11-18;7;1820
50;2025-11-18;8;2819
50;2025-11-18;9;2176
50;2025-11-18;10;1666
50;2025-11-18;11;1518
50;2025-11-18;12;1466
50;2025-11-18;13;1468
50;2025-11-18;14;1389
50;2025-11-18;15;1662
50;2025-11-18;16;1655
50;2025-11-18;17;2376
50;2025-11-18;18;2502
50;2025-11-18;19;1468
50;2025-11-18;20;921
50;2025-11-18;21;622
50;2025-11-18;22;269
50;2025-11-18;23;134
50;2025-11-19;0;0
50;2025-11-19;1;0
50;2025-11-19;2;0
50;2025-11-19;3;0
50;2025-11-19;4;0
50;2025-11-19;5;51
50;2025-11-19;6;528
50;2025-11-19;7;1738
50;2025-11-19;8;2764
50;2025-11-19;9;2104
50;2025-11-19;10;1615
50;2025-11-19;11;1556
50;2025-11-19;12;1431
50;2025-11-19;13;1462
50;2025-11-19;14;1426
50;2025-11-19;15;1662
50;2025-11-19;16;1698
50;2025-11-19;17;2330
50;2025-11-19;18;2430
50;2025-11-19;19;1543
50;2025-11-19;20;915
50;2025-11-19;21;638
50;2025-11-19;22;294
50;2025-11-19;23;137
50;2025-11-20;0;0
50;2025-11-20;1;0
50;2025-11-20;2;0
50;2025-11-20;3;0
50;2025-11-20;4;0
50;2025-11-20;5;54
50;2025-11-20;6;537
50;2025-11-20;7;1765
50;2025-11-20;8;2692
50;2025-11-20;9;2149
50;2025-11-20;10;1671
50;2025-11-20;11;1576
50;2025-11-20;12;1469
50;2025-11-20;13;1419
50;2025-11-20;14;1416
50;2025-11-20;15;1637
50;2025-11-20;16;1726
50;2025-11-20;17;2347
50;2025-11-20;18;2503
50;2025-11-20;19;1465
50;2025-11-20;20;951
50;2025-11-20;21;685
50;2025-11-20;22;292
50;2025-11-20;23;157
50;2025-11-21;0;0
50;2025-11-21;1;0
50;2025-11-21;2;0
50;2025-11-21;3;0
50;2025-11-21;4;0
50;2025-11-21;5;51
50;2025-11-21;6;556
50;2025-11-21;7;1751
50;2025-11-21;8;2703
50;2025-11-21;9;2075
50;2025-11-21;10;1579
50;2025-11-21;11;1627
50;2025-11-21;12;1537
50;2025-11-21;13;1511
50;2025-11-21;14;1476
50;2025-11-21;15;1761
50;2025-11-21;16;2139
50;2025-11-21;17;2169
50;2025-11-21;18;1795
50;2025-11-21;19;1268
50;2025-11-21;20;840
50;2025-11-21;21;579
50;2025-11-21;22;311
50;2025-11-21;23;179
50;2025-11-22;0;0
50;2025-11-22;1;0
50;2025-11-22;2;0
50;2025-11-22;3;0
50;2025-11-22;4;0
50;2025-11-22;5;0
50;2025-11-22;6;0
50;2025-11-22;7;0
50;2025-11-22;8;0
50;2025-11-22;9;2
50;2025-11-22;10;4
50;2025-11-22;11;5
50;2025-11-22;12;10
50;2025-11-22;13;8
50;2025-11-22;14;6
50;2025-11-22;15;4
50;2025-11-22;16;6
50;2025-11-22;17;9
50;2025-11-22;18;8
50;2025-11-22;19;0
50;2025-11-22;20;2
50;2025-11-22;21;0
50;2025-11-22;22;1
50;2025-11-22;23;0
50;2025-11-23;0;0
50;2025-11-23;1;0
50;2025-11-23;2;0
50;2025-11-23;3;0
50;2025-11-23;4;0
50;2025-11-23;5;0
50;2025-11-23;6;0
50;2025-11-23;7;0
50;2025-11-23;8;0
50;2025-11-23;9;2
50;2025-11-23;10;4
50;2025-11-23;11;5
50;2025-11-23;12;10
50;2025-11-23;13;8
50;2025-11-23;14;6
50;2025-11-23;15;4
50;2025-11-23;16;6
50;2025-11-23;17;9
50;2025-11-23;18;8
50;2025-11-23;19;0
50;2025-11-23;20;2
50;2025-11-23;21;0
50;2025-11-23;22;1
50;2025-11-23;23;0
50;2025-11-24;0;0
50;2025-11-24;1;0
50;2025-11-24;2;0
50;2025-11-24;3;0
50;2025-11-24;4;0
50;2025-11-24;5;50
50;2025-11-24;6;524
50;2025-11-24;7;1737
50;2025-11-24;8;2738
50;2025-11-24;9;2156
50;2025-11-24;10;1615
50;2025-11-24;11;1519
50;2025-11-24;12;1357
50;2025-11-24;13;1431
50;2025-11-24;14;1354
50;2025-11-24;15;1602
50;2025-11-24;16;1615
50;2025-11-24;17;2243
50;2025-11-24;18;2493
50;2025-11-24;19;1459
50;2025-11-24;20;894
50;2025-11-24;21;605
50;2025-11-24;22;262
50;2025-11-24;23;121
50;2025-11-25;0;0
50;2025-11-25;1;0
50;2025-11-25;2;0
50;2025-11-25;3;0
50;2025-11-25;4;0
50;2025-11-25;5;52
50;2025-11-25;6;572
50;2025-11-25;7;1820
50;2025-11-25;8;2819
50;2025-11-25;9;2176
50;2025-11-25;10;1666
50;2025-11-25;11;1518
50;2025-11-25;12;1466
50;2025-11-25;13;1468
50;2025-11-25;14;1389
50;2025-11-25;15;1662
50;2025-11-25;16;1655
50;2025-11-25;17;2376
50;2025-11-25;18;2502
50;2025-11-25;19;1468
50;2025-11-25;20;921
50;2025-11-25;21;622
50;2025-11-25;22;269
50;2025-11-25;23;134
50;2025-11-26;0;0
50;2025-11-26;1;0
50;2025-11-26;2;0
50;2025-11-26;3;0
50;2025-11-26;4;0
50;2025-11-26;5;51
50;2025-11-26;6;528
50;2025-11-26;7;1738
50;2025-11-26;8;2764
50;2025-11-26;9;2104
50;2025-11-26;10;1615
50;2025-11-26;11;1556
50;2025-11-26;12;1431
50;2025-11-26;13;1462
50;2025-11-26;14;1426
50;2025-11-26;15;1662
50;2025-11-26;16;1698
50;2025-11-26;17;2330
50;2025-11-26;18;2430
50;2025-11-26;19;1543
50;2025-11-26;20;915
50;2025-11-26;21;638
50;2025-11-26;22;294
50;2025-11-26;23;137
50;2025-11-27;0;0
50;2025-11-27;1;0
50;2025-11-27;2;0
50;2025-11-27;3;0
50;2025-11-27;4;0
50;2025-11-27;5;54
50;2025-11-27;6;537
50;2025-11-27;7;1765
50;2025-11-27;8;2692
50;2025-11-27;9;2149
50;2025-11-27;10;1671
50;2025-11-27;11;1576
50;2025-11-27;12;1469
50;2025-11-27;13;1419
50;2025-11-27;14;1416
50;2025-11-27;15;1637
50;2025-11-27;16;1726
50;2025-11-27;17;2347
50;2025-11-27;18;2503
50;2025-11-27;19;1465
50;2025-11-27;20;951
50;2025-11-27;21;685
50;2025-11-27;22;292
50;2025-11-27;23;157
50;2025-11-28;0;0
50;2025-11-28;1;0
50;2025-11-28;2;0
50;2025-11-28;3;0
50;2025-11-28;4;0
50;2025-11-28;5;51
50;2025-11-28;6;556
50;2025-11-28;7;1751
50;2025-11-28;8;2703
50;2025-11-28;9;2075
50;2025-11-28;10;1579
50;2025-11-28;11;1627
50;2025-11-28;12;1537
50;2025-11-28;13;1511
50;2025-11-28;14;1476
50;2025-11-28;15;1761
50;2025-11-28;16;2139
50;2025-11-28;17;2169
50;2025-11-28;18;1795
50;2025-11-28;19;1268
50;2025-11-28;20;840
50;2025-11-28;21;579
50;2025-11-28;22;311
50;2025-11-28;23;179
50;2025-11-29;0;0
50;2025-11-29;1;0
50;2025-11-29;2;0
50;2025-11-29;3;0
50;2025-11-29;4;0
50;2025-11-29;5;0
50;2025-11-29;6;0
50;2025-11-29;7;0
50;2025-11-29;8;0
50;2025-11-29;9;2
50;2025-11-29;10;4
50;2025-11-29;11;5
50;2025-11-29;12;10
50;2025-11-29;13;8
50;2025-11-29;14;6
50;2025-11-29;15;4
50;2025-11-29;16;6
50;2025-11-29;17;9
50;2025-11-29;18;8
50;2025-11-29;19;0
50;2025-11-29;20;2
50;2025-11-29;21;0
50;2025-11-29;22;1
50;2025-11-29;23;0
50;2025-11-30;0;0
50;2025-11-30;1;0
50;2025-11-30;2;0
50;2025-11-30;3;0
50;2025-11-30;4;0
50;2025-11-30;5;0
50;2025-11-30;6;0
50;2025-11-30;7;0
50;2025-11-30;8;0
50;2025-11-30;9;2
50;2025-11-30;10;4
50;2025-11-30;11;5
50;2025-11-30;12;10
50;2025-11-30;13;8
50;2025-11-30;14;6
50;2025-11-30;15;4
50;2025-11-30;16;6
50;2025-11-30;17;9
50;2025-11-30;18;8
50;2025-11-30;19;0
50;2025-11-30;20;2
50;2025-11-30;21;0
50;2025-11-30;22;1
50;2025-11-30;23;0
50;2025-12-01;0;0
50;2025-12-01;1;0
50;2025-12-01;2;0
50;2025-12-01;3;0
50;2025-12-01;4;0
50;2025-12-01;5;50
50;2025-12-01;6;524
50;2025-12-01;7;1737
50;2025-12-01;8;2738
50;2025-12-01;9;2156
50;2025-12-01;10;1615
50;2025-12-01;11;1519
50;2025-12-01;12;1357
50;2025-12-01;13;1431
50;2025-12-01;14;1354
50;2025-12-01;15;1602
50;2025-12-01;16;1615
50;2025-12-01;17;2243
50;2025-12-01;18;2493
50;2025-12-01;19;1459
50;2025-12-01;20;894
50;2025-12-01;21;605
50;2025-12-01;22;262
50;2025-12-01;23;121
50;2025-12-02;0;0
50;2025-12-02;1;0
50;2025-12-02;2;0
50;2025-12-02;3;0
50;2025-12-02;4;0
50;2025-12-02;5;52
50;2025-12-02;6;572
50;2025-12-02;7;1820
50;2025-12-02;8;2819
50;2025-12-02;9;2176
50;2025-12-02;10;1666
50;2025-12-02;11;1518
50;2025-12-02;12;1466
50;2025-12-02;13;1468
50;2025-12-02;14;1389
50;2025-12-02;15;1662
50;2025-12-02;16;1655
50;2025-12-02;17;2376
50;2025-12-02;18;2502
50;2025-12-02;19;1468
50;2025-12-02;20;921
50;2025-12-02;21;622
50;2025-12-02;22;269
50;2025-12-02;23;134
50;2025-12-03;0;0
50;2025-12-03;1;0
50;2025-12-03;2;0
50;2025-12-03;3;0
50;2025-12-03;4;0
50;2025-12-03;5;51
50;2025-12-03;6;528
50;2025-12-03;7;1738
50;2025-12-03;8;2764
50;2025-12-03;9;2104
50;2025-12-03;10;1615
50;2025-12-03;11;1556
50;2025-12-03;12;1431
50;2025-12-03;13;1462
50;2025-12-03;14;1426
50;2025-12-03;15;1662
50;2025-12-03;16;1698
50;2025-12-03;17;2330
50;2025-12-03;18;2430
50;2025-12-03;19;1543
50;2025-12-03;20;915
50;2025-12-03;21;638
50;2025-12-03;22;294
50;2025-12-03;23;137
50;2025-12-04;0;0
50;2025-12-04;1;0
50;2025-12-04;2;0
50;2025-12-04;3;0
50;2025-12-04;4;0
50;2025-12-04;5;54
50;2025-12-04;6;537
50;2025-12-04;7;1765
50;2025-12-04;8;2692
50;2025-12-04;9;2149
50;2025-12-04;10;1671
50;2025-12-04;11;1576
50;2025-12-04;12;1469
50;2025-12-04;13;1419
50;2025-12-04;14;1416
50;2025-12-04;15;1637
50;2025-12-04;16;1726
50;2025-12-04;17;2347
50;2025-12-04;18;2503
50;2025-12-04;19;1465
50;2025-12-04;20;951
50;2025-12-04;21;685
50;2025-12-04;22;292
50;2025-12-04;23;157
50;2025-12-05;0;0
50;2025-12-05;1;0
50;2025-12-05;2;0
50;2025-12-05;3;0
50;2025-12-05;4;0
50;2025-12-05;5;51
50;2025-12-05;6;556
50;2025-12-05;7;1751
50;2025-12-05;8;2703
50;2025-12-05;9;2075
50;2025-12-05;10;1579
50;2025-12-05;11;1627
50;2025-12-05;12;1537
50;2025-12-05;13;1511
50;2025-12-05;14;1476
50;2025-12-05;15;1761
50;2025-12-05;16;2139
50;2025-12-05;17;2169
50;2025-12-05;18;1795
50;2025-12-05;19;1268
50;2025-12-05;20;840
50;2025-12-05;21;579
50;2025-12-05;22;311
50;2025-12-05;23;179
50;2025-12-06;0;0
50;2025-12-06;1;0
50;2025-12-06;2;0
50;2025-12-06;3;0
50;2025-12-06;4;0
50;2025-12-06;5;0
50;2025-12-06;6;0
50;2025-12-06;7;0
50;2025-12-06;8;0
50;2025-12-06;9;2
50;2025-12-06;10;4
50;2025-12-06;11;5
50;2025-12-06;12;10
50;2025-12-06;13;8
50;2025-12-06;14;6
50;2025-12-06;15;4
50;2025-12-06;16;6
50;2025-12-06;17;9
50;2025-12-06;18;8
50;2025-12-06;19;0
50;2025-12-06;20;2
50;2025-12-06;21;0
50;2025-12-06;22;1
50;2025-12-06;23;0
50;2025-12-07;0;0
50;2025-12-07;1;0
50;2025-12-07;2;0
50;2025-12-07;3;0
50;2025-12-07;4;0
50;2025-12-07;5;0
50;2025-12-07;6;0
50;2025-12-07;7;0
50;2025-12-07;8;0
50;2025-12-07;9;2
50;2025-12-07;10;4
50;2025-12-07;11;5
50;2025-12-07;12;10
50;2025-12-07;13;8
50;2025-12-07;14;6
50;2025-12-07;15;4
50;2025-12-07;16;6
50;2025-12-07;17;9
50;2025-12-07;18;8
50;2025-12-07;19;0
50;2025-12-07;20;2
50;2025-12-07;21;0
50;2025-12-07;22;1
50;2025-12-07;23;0
50;2025-12-08;0;0
50;2025-12-08;1;0
50;2025-12-08;2;0
50;2025-12-08;3;0
50;2025-12-08;4;0
50;2025-12-08;5;50
50;2025-12-08;6;524
50;2025-12-08;7;1737
50;2025-12-08;8;2738
50;2025-12-08;9;2156
50;2025-12-08;10;1615
50;2025-12-08;11;1519
50;2025-12-08;12;1357
50;2025-12-08;13;1431
50;2025-12-08;14;1354
50;2025-12-08;15;1602
50;2025-12-08;16;1615
50;2025-12-08;17;2243
50;2025-12-08;18;2493
50;2025-12-08;19;1459
50;2025-12-08;20;894
50;2025-12-08;21;605
50;2025-12-08;22;262
50;2025-12-08;23;121
50;2025-12-09;0;0
50;2025-12-09;1;0
50;2025-12-09;2;0
50;2025-12-09;3;0
50;2025-12-09;4;0
50;2025-12-09;5;52
50;2025-12-09;6;572
50;2025-12-09;7;1820
50;2025-12-09;8;2819
50;2025-12-09;9;2176
50;2025-12-09;10;1666
50;2025-12-09;11;1518
50;2025-12-09;12;1466
50;2025-12-09;13;1468
50;2025-12-09;14;1389
50;2025-12-09;15;1662
50;2025-12-09;16;1655
50;2025-12-09;17;2376
50;2025-12-09;18;2502
50;2025-12-09;19;1468
50;2025-12-09;20;921
50;2025-12-09;21;622
50;2025-12-09;22;269
50;2025-12-09;23;134
50;2025-12-10;0;0
50;2025-12-10;1;0
50;2025-12-10;2;0
50;2025-12-10;3;0
50;2025-12-10;4;0
50;2025-12-10;5;51
50;2025-12-10;6;528
50;2025-12-10;7;1738
50;2025-12-10;8;2764
50;2025-12-10;9;2104
50;2025-12-10;10;1615
50;2025-12-10;11;1556
50;2025-12-10;12;1431
50;2025-12-10;13;1462
50;2025-12-10;14;1426
50;2025-12-10;15;1662
50;2025-12-10;16;1698
50;2025-12-10;17;2330
50;2025-12-10;18;2430
50;2025-12-10;19;1543
50;2025-12-10;20;915
50;2025-12-10;21;638
50;2025-12-10;22;294
50;2025-12-10;23;137
50;2025-12-11;0;0
50;2025-12-11;1;0
50;2025-12-11;2;0
50;2025-12-11;3;0
50;2025-12-11;4;0
50;2025-12-11;5;54
50;2025-12-11;6;537
50;2025-12-11;7;1765
50;2025-12-11;8;2692
50;2025-12-11;9;2149
50;2025-12-11;10;1671
50;2025-12-11;11;1576
50;2025-12-11;12;1469
50;2025-12-11;13;1419
50;2025-12-11;14;1416
50;2025-12-11;15;1637
50;2025-12-11;16;1726
50;2025-12-11;17;2347
50;2025-12-11;18;2503
50;2025-12-11;19;1465
50;2025-12-11;20;951
50;2025-12-11;21;685
50;2025-12-11;22;292
50;2025-12-11;23;157
50;2025-12-12;0;0
50;2025-12-12;1;0
50;2025-12-12;2;0
50;2025-12-12;3;0
50;2025-12-12;4;0
50;2025-12-12;5;51
50;2025-12-12;6;556
50;2025-12-12;7;1751
50;2025-12-12;8;2703
50;2025-12-12;9;2075
50;2025-12-12;10;1579
50;2025-12-12;11;1627
50;2025-12-12;12;1537
50;2025-12-12;13;1511
50;2025-12-12;14;1476
50;2025-12-12;15;1761
50;2025-12-12;16;2139
50;2025-12-12;17;2169
50;2025-12-12;18;1795
50;2025-12-12;19;1268
50;2025-12-12;20;840
50;2025-12-12;21;579
50;2025-12-12;22;311
50;2025-12-12;23;179
50;2025-12-13;0;0
50;2025-12-13;1;0
50;2025-12-13;2;0
50;2025-12-13;3;0
50;2025-12-13;4;0
50;2025-12-13;5;0
50;2025-12-13;6;0
50;2025-12-13;7;0
50;2025-12-13;8;0
50;2025-12-13;9;2
50;2025-12-13;10;4
50;2025-12-13;11;5
50;2025-12-13;12;10
50;2025-12-13;13;8
50;2025-12-13;14;6
50;2025-12-13;15;4
50;2025-12-13;16;6
50;2025-12-13;17;9
50;2025-12-13;18;8
50;2025-12-13;19;0
50;2025-12-13;20;2
50;2025-12-13;21;0
50;2025-12-13;22;1
50;2025-12-13;23;0
50;2025-12-14;0;0
50;2025-12-14;1;0
50;2025-12-14;2;0
50;2025-12-14;3;0
50;2025-12-14;4;0
50;2025-12-14;5;0
50;2025-12-14;6;0
50;2025-12-14;7;0
50;2025-12-14;8;0
50;2025-12-14;9;2
50;2025-12-14;10;4
50;2025-12-14;11;5
50;2025-12-14;12;10
50;2025-12-14;13;8
50;2025-12-14;14;6
50;2025-12-14;15;4
50;2025-12-14;16;6
50;2025-12-14;17;9
50;2025-12-14;18;8
50;2025-12-14;19;0
50;2025-12-14;20;2
50;2025-12-14;21;0
50;2025-12-14;22;1
50;2025-12-14;23;0
50;2025-12-15;0;0
50;2025-12-15;1;0
50;2025-12-15;2;0
50;2025-12-15;3;0
50;2025-12-15;4;0
50;2025-12-15;5;50
50;2025-12-15;6;524
50;2025-12-15;7;1737
50;2025-12-15;8;2738
50;2025-12-15;9;2156
50;2025-12-15;10;1615
50;2025-12-15;11;1519
50;2025-12-15;12;1357
50;2025-12-15;13;1431
50;2025-12-15;14;1354
50;2025-12-15;15;1602
50;2025-12-15;16;1615
50;2025-12-15;17;2243
50;2025-12-15;18;2493
50;2025-12-15;19;1459
50;2025-12-15;20;894
50;2025-12-15;21;605
50;2025-12-15;22;262
50;2025-12-15;23;121
50;2025-12-16;0;0
50;2025-12-16;1;0
50;2025-12-16;2;0
50;2025-12-16;3;0
50;2025-12-16;4;0
50;2025-12-16;5;52
50;2025-12-16;6;572
50;2025-12-16;7;1820
50;2025-12-16;8;2819
50;2025-12-16;9;2176
50;2025-12-16;10;1666
50;2025-12-16;11;1518
50;2025-12-16;12;1466
50;2025-12-16;13;1468
50;2025-12-16;14;1389
50;2025-12-16;15;1662
50;2025-12-16;16;1655
50;2025-12-16;17;2376
50;2025-12-16;18;2502
50;2025-12-16;19;1468
50;2025-12-16;20;921
50;2025-12-16;21;622
50;2025-12-16;22;269
50;2025-12-16;23;134
50;2025-12-17;0;0
50;2025-12-17;1;0
50;2025-12-17;2;0
50;2025-12-17;3;0
50;2025-12-17;4;0
50;2025-12-17;5;51
50;2025-12-17;6;528
50;2025-12-17;7;1738
50;2025-12-17;8;2764
50;2025-12-17;9;2104
50;2025-12-17;10;1615
50;2025-12-17;11;1556
50;2025-12-17;12;1431
50;2025-12-17;13;1462
50;2025-12-17;14;1426
50;2025-12-17;15;1662
50;2025-12-17;16;1698
50;2025-12-17;17;2330
50;2025-12-17;18;2430
50;2025-12-17;19;1543
50;2025-12-17;20;915
50;2025-12-17;21;638
50;2025-12-17;22;294
50;2025-12-17;23;137
50;2025-12-18;0;0
50;2025-12-18;1;0
50;2025-12-18;2;0
50;2025-12-18;3;0
50;2025-12-18;4;0
50;2025-12-18;5;54
50;2025-12-18;6;537
50;2025-12-18;7;1765
50;2025-12-18;8;2692
50;2025-12-18;9;2149
50;2025-12-18;10;1671
50;2025-12-18;11;1576
50;2025-12-18;12;1469
50;2025-12-18;13;1419
50;2025-12-18;14;1416
50;2025-12-18;15;1637
50;2025-12-18;16;1726
50;2025-12-18;17;2347
50;2025-12-18;18;2503
50;2025-12-18;19;1465
50;2025-12-18;20;951
50;2025-12-18;21;685
50;2025-12-18;22;292
50;2025-12-18;23;157
50;2025-12-19;0;0
50;2025-12-19;1;0
50;2025-12-19;2;0
50;2025-12-19;3;0
50;2025-12-19;4;0
50;2025-12-19;5;51
50;2025-12-19;6;556
50;2025-12-19;7;1751
50;2025-12-19;8;2703
50;2025-12-19;9;2075
50;2025-12-19;10;1579
50;2025-12-19;11;1627
50;2025-12-19;12;1537
50;2025-12-19;13;1511
50;2025-12-19;14;1476
50;2025-12-19;15;1761
50;2025-12-19;16;2139
50;2025-12-19;17;2169
50;2025-12-19;18;1795
50;2025-12-19;19;1268
50;2025-12-19;20;840
50;2025-12-19;21;579
50;2025-12-19;22;311
50;2025-12-19;23;179
50;2025-12-20;0;0
50;2025-12-20;1;0
50;2025-12-20;2;0
50;2025-12-20;3;0
50;2025-12-20;4;0
50;2025-12-20;5;0
50;2025-12-20;6;0
50;2025-12-20;7;0
50;2025-12-20;8;0
50;2025-12-20;9;2
50;2025-12-20;10;4
50;2025-12-20;11;5
50;2025-12-20;12;10
50;2025-12-20;13;8
50;2025-12-20;14;6
50;2025-12-20;15;4
50;2025-12-20;16;6
50;2025-12-20;17;9
50;2025-12-20;18;8
50;2025-12-20;19;0
50;2025-12-20;20;2
50;2025-12-20;21;0
50;2025-12-20;22;1
50;2025-12-20;23;0
50;2025-12-21;0;0
50;2025-12-21;1;0
50;2025-12-21;2;0
50;2025-12-21;3;0
50;2025-12-21;4;0
50;2025-12-21;5;0
50;2025-12-21;6;0
50;2025-12-21;7;0
50;2025-12-21;8;0
50;2025-12-21;9;2
50;2025-12-21;10;4
50;2025-12-21;11;5
50;2025-12-21;12;10
50;2025-12-21;13;8
50;2025-12-21;14;6
50;2025-12-21;15;4
50;2025-12-21;16;6
50;2025-12-21;17;9
50;2025-12-21;18;8
50;2025-12-21;19;0
50;2025-12-21;20;2
50;2025-12-21;21;0
50;2025-12-21;22;1
50;2025-12-21;23;0
50;2025-12-22;0;0
50;2025-12-22;1;0
50;2025-12-22;2;0
50;2025-12-22;3;0
50;2025-12-22;4;0
50;2025-12-22;5;50
50;2025-12-22;6;524
50;2025-12-22;7;1737
50;2025-12-22;8;2738
50;2025-12-22;9;2156
50;2025-12-22;10;1615
50;2025-12-22;11;1519
50;2025-12-22;12;1357
50;2025-12-22;13;1431
50;2025-12-22;14;1354
50;2025-12-22;15;1602
50;2025-12-22;16;1615
50;2025-12-22;17;2243
50;2025-12-22;18;2493
50;2025-12-22;19;1459
50;2025-12-22;20;894
50;2025-12-22;21;605
50;2025-12-22;22;262
50;2025-12-22;23;121
50;2025-12-23;0;0
50;2025-12-23;1;0
50;2025-12-23;2;0
50;2025-12-23;3;0
50;2025-12-23;4;0
50;2025-12-23;5;52
50;2025-12-23;6;572
50;2025-12-23;7;1820
50;2025-12-23;8;2819
50;2025-12-23;9;2176
50;2025-12-23;10;1666
50;2025-12-23;11;1518
50;2025-12-23;12;1466
50;2025-12-23;13;1468
50;2025-12-23;14;1389
50;2025-12-23;15;1662
50;2025-12-23;16;1655
50;2025-12-23;17;2376
50;2025-12-23;18;2502
50;2025-12-23;19;1468
50;2025-12-23;20;921
50;2025-12-23;21;622
50;2025-12-23;22;269
50;2025-12-23;23;134
50;2025-12-24;0;0
50;2025-12-24;1;0
50;2025-12-24;2;0
50;2025-12-24;3;0
50;2025-12-24;4;0
50;2025-12-24;5;51
50;2025-12-24;6;528
50;2025-12-24;7;1738
50;2025-12-24;8;2764
50;2025-12-24;9;2104
50;2025-12-24;10;1615
50;2025-12-24;11;1556
50;2025-12-24;12;1431
50;2025-12-24;13;1462
50;2025-12-24;14;1426
50;2025-12-24;15;1662
50;2025-12-24;16;1698
50;2025-12-24;17;2330
50;2025-12-24;18;2430
50;2025-12-24;19;1543
50;2025-12-24;20;915
50;2025-12-24;21;638
50;2025-12-24;22;294
50;2025-12-24;23;137
50;2025-12-25;0;0
50;2025-12-25;1;0
50;2025-12-25;2;0
50;2025-12-25;3;0
50;2025-12-25;4;0
50;2025-12-25;5;54
50;2025-12-25;6;537
50;2025-12-25;7;1765
50;2025-12-25;8;2692
50;2025-12-25;9;2149
50;2025-12-25;10;1671
50;2025-12-25;11;1576
50;2025-12-25;12;1469
50;2025-12-25;13;1419
50;2025-12-25;14;1416
50;2025-12-25;15;1637
50;2025-12-25;16;1726
50;2025-12-25;17;2347
50;2025-12-25;18;2503
50;2025-12-25;19;1465
50;2025-12-25;20;951
50;2025-12-25;21;685
50;2025-12-25;22;292
50;2025-12-25;23;157
50;2025-12-26;0;0
50;2025-12-26;1;0
50;2025-12-26;2;0
50;2025-12-26;3;0
50;2025-12-26;4;0
50;2025-12-26;5;51
50;2025-12-26;6;556
50;2025-12-26;7;1751
50;2025-12-26;8;2703
50;2025-12-26;9;2075
50;2025-12-26;10;1579
50;2025-12-26;11;1627
50;2025-12-26;12;1537
50;2025-12-26;13;1511
50;2025-12-26;14;1476
50;2025-12-26;15;1761
50;2025-12-26;16;2139
50;2025-12-26;17;2169
50;2025-12-26;18;1795
50;2025-12-26;19;1268
50;2025-12-26;20;840
50;2025-12-26;21;579
50;2025-12-26;22;311
50;2025-12-26;23;179
50;2025-12-27;0;0
50;2025-12-27;1;0
50;2025-12-27;2;0
50;2025-12-27;3;0
50;2025-12-27;4;0
50;2025-12-27;5;0
50;2025-12-27;6;0
50;2025-12-27;7;0
50;2025-12-27;8;0
50;2025-12-27;9;2
50;2025-12-27;10;4
50;2025-12-27;11;5
50;2025-12-27;12;10
50;2025-12-27;13;8
50;2025-12-27;14;6
50;2025-12-27;15;4
50;2025-12-27;16;6
50;2025-12-27;17;9
50;2025-12-27;18;8
50;2025-12-27;19;0
50;2025-12-27;20;2
50;2025-12-27;21;0
50;2025-12-27;22;1
50;2025-12-27;23;0
50;2025-12-28;0;0
50;2025-12-28;1;0
50;2025-12-28;2;0
50;2025-12-28;3;0
50;2025-12-28;4;0
50;2025-12-28;5;0
50;2025-12-28;6;0
50;2025-12-28;7;0
50;2025-12-28;8;0
50;2025-12-28;9;2
50;2025-12-28;10;4
50;2025-12-28;11;5
50;2025-12-28;12;10
50;2025-12-28;13;8
50;2025-12-28;14;6
50;2025-12-28;15;4
50;2025-12-28;16;6
50;2025-12-28;17;9
50;2025-12-28;18;8
50;2025-12-28;19;0
50;2025-12-28;20;2
50;2025-12-28;21;0
50;2025-12-28;22;1
50;2025-12-28;23;0
50;2025-12-29;0;0
50;2025-12-29;1;0
50;2025-12-29;2;0
50;2025-12-29;3;0
50;2025-12-29;4;0
50;2025-12-29;5;50
50;2025-12-29;6;524
50;2025-12-29;7;1737
50;2025-12-29;8;2738
50;2025-12-29;9;2156
50;2025-12-29;10;1615
50;2025-12-29;11;1519
50;2025-12-29;12;1357
50;2025-12-29;13;1431
50;2025-12-29;14;1354
50;2025-12-29;15;1602
50;2025-12-29;16;1615
50;2025-12-29;17;2243
50;2025-12-29;18;2493
50;2025-12-29;19;1459
50;2025-12-29;20;894
50;2025-12-29;21;605
50;2025-12-29;22;262
50;2025-12-29;23;121
50;2025-12-30;0;0
50;2025-12-30;1;0
50;2025-12-30;2;0
50;2025-12-30;3;0
50;2025-12-30;4;0
50;2025-12-30;5;52
50;2025-12-30;6;572
50;2025-12-30;7;1820
50;2025-12-30;8;2819
50;2025-12-30;9;2176
50;2025-12-30;10;1666
50;2025-12-30;11;1518
50;2025-12-30;12;1466
50;2025-12-30;13;1468
50;2025-12-30;14;1389
50;2025-12-30;15;1662
50;2025-12-30;16;1655
50;2025-12-30;17;2376
50;2025-12-30;18;2502
50;2025-12-30;19;1468
50;2025-12-30;20;921
50;2025-12-30;21;622
50;2025-12-30;22;269
50;2025-12-30;23;134
50;2025-12-31;0;0
50;2025-12-31;1;0
50;2025-12-31;2;0
50;2025-12-31;3;0
50;2025-12-31;4;0
50;2025-12-31;5;22
50;2025-12-31;6;145
50;2025-12-31;7;273
50;2025-12-31;8;393
50;2025-12-31;9;494
50;2025-12-31;10;534
50;2025-12-31;11;673
50;2025-12-31;12;777
50;2025-12-31;13;819
50;2025-12-31;14;839
50;2025-12-31;15;790
50;2025-12-31;16;790
50;2025-12-31;17;777
50;2025-12-31;18;716
50;2025-12-31;19;605
50;2025-12-31;20;497
50;2025-12-31;21;396
50;2025-12-31;22;242
50;2025-12-31;23;128
