route;date;hour;prediction
1;2025-11-01;0;5
1;2025-11-01;1;0
1;2025-11-01;2;0
1;2025-11-01;3;0
1;2025-11-01;4;8
1;2025-11-01;5;143
1;2025-11-01;6;565
1;2025-11-01;7;1644
1;2025-11-01;8;2040
1;2025-11-01;9;1536
1;2025-11-01;10;1434
1;2025-11-01;11;1516
1;2025-11-01;12;1486
1;2025-11-01;13;1550
1;2025-11-01;14;1477
1;2025-11-01;15;1651
1;2025-11-01;16;1736
1;2025-11-01;17;1925
1;2025-11-01;18;1713
1;2025-11-01;19;1306
1;2025-11-01;20;888
1;2025-11-01;21;546
1;2025-11-01;22;272
1;2025-11-01;23;58
1;2025-11-02;0;0
1;2025-11-02;1;0
1;2025-11-02;2;0
1;2025-11-02;3;0
1;2025-11-02;4;0
1;2025-11-02;5;29
1;2025-11-02;6;140
1;2025-11-02;7;278
1;2025-11-02;8;379
1;2025-11-02;9;640
1;2025-11-02;10;726
1;2025-11-02;11;713
1;2025-11-02;12;895
1;2025-11-02;13;932
1;2025-11-02;14;835
1;2025-11-02;15;775
1;2025-11-02;16;714
1;2025-11-02;17;661
1;2025-11-02;18;598
1;2025-11-02;19;514
1;2025-11-02;20;387
1;2025-11-02;21;297
1;2025-11-02;22;122
1;2025-11-02;23;34
1;2025-11-03;0;0
1;2025-11-03;1;0
1;2025-11-03;2;0
1;2025-11-03;3;0
1;2025-11-03;4;0
1;2025-11-03;5;28
1;2025-11-03;6;132
1;2025-11-03;7;261
1;2025-11-03;8;356
1;2025-11-03;9;601
1;2025-11-03;10;683
1;2025-11-03;11;671
1;2025-11-03;12;841
1;2025-11-03;13;876
1;2025-11-03;14;785
1;2025-11-03;15;728
1;2025-11-03;16;671
1;2025-11-03;17;621
1;2025-11-03;18;563
1;2025-11-03;19;483
1;2025-11-03;20;363
1;2025-11-03;21;280
1;2025-11-03;22;114
1;2025-11-03;23;32
1;2025-11-04;0;0
1;2025-11-04;1;0
1;2025-11-04;2;0
1;2025-11-04;3;0
1;2025-11-04;4;0
1;2025-11-04;5;28
1;2025-11-04;6;132
1;2025-11-04;7;261
1;2025-11-04;8;356
1;2025-11-04;9;601
1;2025-11-04;10;683
1;2025-11-04;11;671
1;2025-11-04;12;841
1;2025-11-04;13;876
1;2025-11-04;14;785
1;2025-11-04;15;728
1;2025-11-04;16;671
1;2025-11-04;17;621
1;2025-11-04;18;563
1;2025-11-04;19;483
1;2025-11-04;20;363
1;2025-11-04;21;280
1;2025-11-04;22;114
1;2025-11-04;23;32
1;2025-11-05;0;4
1;2025-11-05;1;0
1;2025-11-05;2;0
1;2025-11-05;3;0
1;2025-11-05;4;9
1;2025-11-05;5;139
1;2025-11-05;6;561
1;2025-11-05;7;1540
1;2025-11-05;8;1961
1;2025-11-05;9;1450
1;2025-11-05;10;1330
1;2025-11-05;11;1349
1;2025-11-05;12;1375
1;2025-11-05;13;1446
1;2025-11-05;14;1375
1;2025-11-05;15;1499
1;2025-11-05;16;1511
1;2025-11-05;17;1799
1;2025-11-05;18;1818
1;2025-11-05;19;1396
1;2025-11-05;20;925
1;2025-11-05;21;495
1;2025-11-05;22;252
1;2025-11-05;23;45
1;2025-11-06;0;5
1;2025-11-06;1;0
1;2025-11-06;2;0
1;2025-11-06;3;0
1;2025-11-06;4;8
1;2025-11-06;5;131
1;2025-11-06;6;526
1;2025-11-06;7;1520
1;2025-11-06;8;1999
1;2025-11-06;9;1475
1;2025-11-06;10;1348
1;2025-11-06;11;1353
1;2025-11-06;12;1415
1;2025-11-06;13;1443
1;2025-11-06;14;1409
1;2025-11-06;15;1543
1;2025-11-06;16;1555
1;2025-11-06;17;1810
1;2025-11-06;18;1827
1;2025-11-06;19;1374
1;2025-11-06;20;910
1;2025-11-06;21;496
1;2025-11-06;22;238
1;2025-11-06;23;52
1;2025-11-07;0;5
1;2025-11-07;1;0
1;2025-11-07;2;0
1;2025-11-07;3;0
1;2025-11-07;4;8
1;2025-11-07;5;142
1;2025-11-07;6;527
1;2025-11-07;7;1533
1;2025-11-07;8;1903
1;2025-11-07;9;1433
1;2025-11-07;10;1337
1;2025-11-07;11;1414
1;2025-11-07;12;1386
1;2025-11-07;13;1446
1;2025-11-07;14;1378
1;2025-11-07;15;1540
1;2025-11-07;16;1620
1;2025-11-07;17;1796
1;2025-11-07;18;1598
1;2025-11-07;19;1218
1;2025-11-07;20;828
1;2025-11-07;21;509
1;2025-11-07;22;254
1;2025-11-07;23;54
1;2025-11-08;0;5
1;2025-11-08;1;0
1;2025-11-08;2;0
1;2025-11-08;3;0
1;2025-11-08;4;0
1;2025-11-08;5;33
1;2025-11-08;6;175
1;2025-11-08;7;343
1;2025-11-08;8;483
1;2025-11-08;9;747
1;2025-11-08;10;881
1;2025-11-08;11;818
1;2025-11-08;12;994
1;2025-11-08;13;1036
1;2025-11-08;14;963
1;2025-11-08;15;835
1;2025-11-08;16;769
1;2025-11-08;17;714
1;2025-11-08;18;650
1;2025-11-08;19;590
1;2025-11-08;20;434
1;2025-11-08;21;318
1;2025-11-08;22;146
1;2025-11-08;23;33
1;2025-11-09;0;0
1;2025-11-09;1;0
1;2025-11-09;2;0
1;2025-11-09;3;0
1;2025-11-09;4;0
1;2025-11-09;5;29
1;2025-11-09;6;140
1;2025-11-09;7;278
1;2025-11-09;8;379
1;2025-11-09;9;640
1;2025-11-09;10;726
1;2025-11-09;11;713
1;2025-11-09;12;895
1;2025-11-09;13;932
1;2025-11-09;14;835
1;2025-11-09;15;775
1;2025-11-09;16;714
1;2025-11-09;17;661
1;2025-11-09;18;598
1;2025-11-09;19;514
1;2025-11-09;20;387
1;2025-11-09;21;297
1;2025-11-09;22;122
1;2025-11-09;23;34
1;2025-11-10;0;0
1;2025-11-10;1;0
1;2025-11-10;2;0
1;2025-11-10;3;0
1;2025-11-10;4;9
1;2025-11-10;5;135
1;2025-11-10;6;539
1;2025-11-10;7;1493
1;2025-11-10;8;1905
1;2025-11-10;9;1408
1;2025-11-10;10;1241
1;2025-11-10;11;1282
1;2025-11-10;12;1331
1;2025-11-10;13;1353
1;2025-11-10;14;1328
1;2025-11-10;15;1472
1;2025-11-10;16;1554
1;2025-11-10;17;1799
1;2025-11-10;18;1901
1;2025-11-10;19;1428
1;2025-11-10;20;899
1;2025-11-10;21;483
1;2025-11-10;22;216
1;2025-11-10;23;39
1;2025-11-11;0;3
1;2025-11-11;1;0
1;2025-11-11;2;0
1;2025-11-11;3;0
1;2025-11-11;4;7
1;2025-11-11;5;137
1;2025-11-11;6;565
1;2025-11-11;7;1612
1;2025-11-11;8;1974
1;2025-11-11;9;1526
1;2025-11-11;10;1361
1;2025-11-11;11;1367
1;2025-11-11;12;1402
1;2025-11-11;13;1425
1;2025-11-11;14;1354
1;2025-11-11;15;1474
1;2025-11-11;16;1490
1;2025-11-11;17;1792
1;2025-11-11;18;1828
1;2025-11-11;19;1453
1;2025-11-11;20;922
1;2025-11-11;21;498
1;2025-11-11;22;241
1;2025-11-11;23;44
1;2025-11-12;0;4
1;2025-11-12;1;0
1;2025-11-12;2;0
1;2025-11-12;3;0
1;2025-11-12;4;9
1;2025-11-12;5;139
1;2025-11-12;6;561
1;2025-11-12;7;1540
1;2025-11-12;8;1961
1;2025-11-12;9;1450
1;2025-11-12;10;1330
1;2025-11-12;11;1349
1;2025-11-12;12;1375
1;2025-11-12;13;1446
1;2025-11-12;14;1375
1;2025-11-12;15;1499
1;2025-11-12;16;1511
1;2025-11-12;17;1799
1;2025-11-12;18;1818
1;2025-11-12;19;1396
1;2025-11-12;20;925
1;2025-11-12;21;495
1;2025-11-12;22;252
1;2025-11-12;23;45
1;2025-11-13;0;5
1;2025-11-13;1;0
1;2025-11-13;2;0
1;2025-11-13;3;0
1;2025-11-13;4;8
1;2025-11-13;5;131
1;2025-11-13;6;526
1;2025-11-13;7;1520
1;2025-11-13;8;1999
1;2025-11-13;9;1475
1;2025-11-13;10;1348
1;2025-11-13;11;1353
1;2025-11-13;12;1415
1;2025-11-13;13;1443
1;2025-11-13;14;1409
1;2025-11-13;15;1543
1;2025-11-13;16;1555
1;2025-11-13;17;1810
1;2025-11-13;18;1827
1;2025-11-13;19;1374
1;2025-11-13;20;910
1;2025-11-13;21;496
1;2025-11-13;22;238
1;2025-11-13;23;52
1;2025-11-14;0;5
1;2025-11-14;1;0
1;2025-11-14;2;0
1;2025-11-14;3;0
1;2025-11-14;4;8
1;2025-11-14;5;142
1;2025-11-14;6;527
1;2025-11-14;7;1533
1;2025-11-14;8;1903
1;2025-11-14;9;1433
1;2025-11-14;10;1337
1;2025-11-14;11;1414
1;2025-11-14;12;1386
1;2025-11-14;13;1446
1;2025-11-14;14;1378
1;2025-11-14;15;1540
1;2025-11-14;16;1620
1;2025-11-14;17;1796
1;2025-11-14;18;1598
1;2025-11-14;19;1218
1;2025-11-14;20;828
1;2025-11-14;21;509
1;2025-11-14;22;254
1;2025-11-14;23;54
1;2025-11-15;0;5
1;2025-11-15;1;0
1;2025-11-15;2;0
1;2025-11-15;3;0
1;2025-11-15;4;0
1;2025-11-15;5;33
1;2025-11-15;6;175
1;2025-11-15;7;343
1;2025-11-15;8;483
1;2025-11-15;9;747
1;2025-11-15;10;881
1;2025-11-15;11;818
1;2025-11-15;12;994
1;2025-11-15;13;1036
1;2025-11-15;14;963
1;2025-11-15;15;835
1;2025-11-15;16;769
1;2025-11-15;17;714
1;2025-11-15;18;650
1;2025-11-15;19;590
1;2025-11-15;20;434
1;2025-11-15;21;318
1;2025-11-15;22;146
1;2025-11-15;23;33
1;2025-11-16;0;0
1;2025-11-16;1;0
1;2025-11-16;2;0
1;2025-11-16;3;0
1;2025-11-16;4;0
1;2025-11-16;5;29
1;2025-11-16;6;140
1;2025-11-16;7;278
1;2025-11-16;8;379
1;2025-11-16;9;640
1;2025-11-16;10;726
1;2025-11-16;11;713
1;2025-11-16;12;895
1;2025-11-16;13;932
1;2025-11-16;14;835
1;2025-11-16;15;775
1;2025-11-16;16;714
1;2025-11-16;17;661
1;2025-11-16;18;598
1;2025-11-16;19;514
1;2025-11-16;20;387
1;2025-11-16;21;297
1;2025-11-16;22;122
1;2025-11-16;23;34
1;2025-11-17;0;0
1;2025-11-17;1;0
1;2025-11-17;2;0
1;2025-11-17;3;0
1;2025-11-17;4;9
1;2025-11-17;5;135
1;2025-11-17;6;539
1;2025-11-17;7;1493
1;2025-11-17;8;1905
1;2025-11-17;9;1408
1;2025-11-17;10;1241
1;2025-11-17;11;1282
1;2025-11-17;12;1331
1;2025-11-17;13;1353
1;2025-11-17;14;1328
1;2025-11-17;15;1472
1;2025-11-17;16;1554
1;2025-11-17;17;1799
1;2025-11-17;18;1901
1;2025-11-17;19;1428
1;2025-11-17;20;899
1;2025-11-17;21;483
1;2025-11-17;22;216
1;2025-11-17;23;39
1;2025-11-18;0;3
1;2025-11-18;1;0
1;2025-11-18;2;0
1;2025-11-18;3;0
1;2025-11-18;4;7
1;2025-11-18;5;137
1;2025-11-18;6;565
1;2025-11-18;7;1612
1;2025-11-18;8;1974
1;2025-11-18;9;1526
1;2025-11-18;10;1361
1;2025-11-18;11;1367
1;2025-11-18;12;1402
1;2025-11-18;13;1425
1;2025-11-18;14;1354
1;2025-11-18;15;1474
1;2025-11-18;16;1490
1;2025-11-18;17;1792
1;2025-11-18;18;1828
1;2025-11-18;19;1453
1;2025-11-18;20;922
1;2025-11-18;21;498
1;2025-11-18;22;241
1;2025-11-18;23;44
1;2025-11-19;0;4
1;2025-11-19;1;0
1;2025-11-19;2;0
1;2025-11-19;3;0
1;2025-11-19;4;9
1;2025-11-19;5;139
1;2025-11-19;6;561
1;2025-11-19;7;1540
1;2025-11-19;8;1961
1;2025-11-19;9;1450
1;2025-11-19;10;1330
1;2025-11-19;11;1349
1;2025-11-19;12;1375
1;2025-11-19;13;1446
1;2025-11-19;14;1375
1;2025-11-19;15;1499
1;2025-11-19;16;1511
1;2025-11-19;17;1799
1;2025-11-19;18;1818
1;2025-11-19;19;1396
1;2025-11-19;20;925
1;2025-11-19;21;495
1;2025-11-19;22;252
1;2025-11-19;23;45
1;2025-11-20;0;5
1;2025-11-20;1;0
1;2025-11-20;2;0
1;2025-11-20;3;0
1;2025-11-20;4;8
1;2025-11-20;5;131
1;2025-11-20;6;526
1;2025-11-20;7;1520
1;2025-11-20;8;1999
1;2025-11-20;9;1475
1;2025-11-20;10;1348
1;2025-11-20;11;1353
1;2025-11-20;12;1415
1;2025-11-20;13;1443
1;2025-11-20;14;1409
1;2025-11-20;15;1543
1;2025-11-20;16;1555
1;2025-11-20;17;1810
1;2025-11-20;18;1827
1;2025-11-20;19;1374
1;2025-11-20;20;910
1;2025-11-20;21;496
1;2025-11-20;22;238
1;2025-11-20;23;52
1;2025-11-21;0;5
1;2025-11-21;1;0
1;2025-11-21;2;0
1;2025-11-21;3;0
1;2025-11-21;4;8
1;2025-11-21;5;142
1;2025-11-21;6;527
1;2025-11-21;7;1533
1;2025-11-21;8;1903
1;2025-11-21;9;1433
1;2025-11-21;10;1337
1;2025-11-21;11;1414
1;2025-11-21;12;1386
1;2025-11-21;13;1446
1;2025-11-21;14;1378
1;2025-11-21;15;1540
1;2025-11-21;16;1620
1;2025-11-21;17;1796
1;2025-11-21;18;1598
1;2025-11-21;19;1218
1;2025-11-21;20;828
1;2025-11-21;21;509
1;2025-11-21;22;254
1;2025-11-21;23;54
1;2025-11-22;0;5
1;2025-11-22;1;0
1;2025-11-22;2;0
1;2025-11-22;3;0
1;2025-11-22;4;0
1;2025-11-22;5;33
1;2025-11-22;6;175
1;2025-11-22;7;343
1;2025-11-22;8;483
1;2025-11-22;9;747
1;2025-11-22;10;881
1;2025-11-22;11;818
1;2025-11-22;12;994
1;2025-11-22;13;1036
1;2025-11-22;14;963
1;2025-11-22;15;835
1;2025-11-22;16;769
1;2025-11-22;17;714
1;2025-11-22;18;650
1;2025-11-22;19;590
1;2025-11-22;20;434
1;2025-11-22;21;318
1;2025-11-22;22;146
1;2025-11-22;23;33
1;2025-11-23;0;0
1;2025-11-23;1;0
1;2025-11-23;2;0
1;2025-11-23;3;0
1;2025-11-23;4;0
1;2025-11-23;5;29
1;2025-11-23;6;140
1;2025-11-23;7;278
1;2025-11-23;8;379
1;2025-11-23;9;640
1;2025-11-23;10;726
1;2025-11-23;11;713
1;2025-11-23;12;895
1;2025-11-23;13;932
1;2025-11-23;14;835
1;2025-11-23;15;775
1;2025-11-23;16;714
1;2025-11-23;17;661
1;2025-11-23;18;598
1;2025-11-23;19;514
1;2025-11-23;20;387
1;2025-11-23;21;297
1;2025-11-23;22;122
1;2025-11-23;23;34
1;2025-11-24;0;0
1;2025-11-24;1;0
1;2025-11-24;2;0
1;2025-11-24;3;0
1;2025-11-24;4;9
1;2025-11-24;5;135
1;2025-11-24;6;539
1;2025-11-24;7;1493
1;2025-11-24;8;1905
1;2025-11-24;9;1408
1;2025-11-24;10;1241
1;2025-11-24;11;1282
1;2025-11-24;12;1331
1;2025-11-24;13;1353
1;2025-11-24;14;1328
1;2025-11-24;15;1472
1;2025-11-24;16;1554
1;2025-11-24;17;1799
1;2025-11-24;18;1901
1;2025-11-24;19;1428
1;2025-11-24;20;899
1;2025-11-24;21;483
1;2025-11-24;22;216
1;2025-11-24;23;39
1;2025-11-25;0;3
1;2025-11-25;1;0
1;2025-11-25;2;0
1;2025-11-25;3;0
1;2025-11-25;4;7
1;2025-11-25;5;137
1;2025-11-25;6;565
1;2025-11-25;7;1612
1;2025-11-25;8;1974
1;2025-11-25;9;1526
1;2025-11-25;10;1361
1;2025-11-25;11;1367
1;2025-11-25;12;1402
1;2025-11-25;13;1425
1;2025-11-25;14;1354
1;2025-11-25;15;1474
1;2025-11-25;16;1490
1;2025-11-25;17;1792
1;2025-11-25;18;1828
1;2025-11-25;19;1453
1;2025-11-25;20;922
1;2025-11-25;21;498
1;2025-11-25;22;241
1;2025-11-25;23;44
1;2025-11-26;0;4
1;2025-11-26;1;0
1;2025-11-26;2;0
1;2025-11-26;3;0
1;2025-11-26;4;9
1;2025-11-26;5;139
1;2025-11-26;6;561
1;2025-11-26;7;1540
1;2025-11-26;8;1961
1;2025-11-26;9;1450
1;2025-11-26;10;1330
1;2025-11-26;11;1349
1;2025-11-26;12;1375
1;2025-11-26;13;1446
1;2025-11-26;14;1375
1;2025-11-26;15;1499
1;2025-11-26;16;1511
1;2025-11-26;17;1799
1;2025-11-26;18;1818
1;2025-11-26;19;1396
1;2025-11-26;20;925
1;2025-11-26;21;495
1;2025-11-26;22;252
1;2025-11-26;23;45
1;2025-11-27;0;5
1;2025-11-27;1;0
1;2025-11-27;2;0
1;2025-11-27;3;0
1;2025-11-27;4;8
1;2025-11-27;5;131
1;2025-11-27;6;526
1;2025-11-27;7;1520
1;2025-11-27;8;1999
1;2025-11-27;9;1475
1;2025-11-27;10;1348
1;2025-11-27;11;1353
1;2025-11-27;12;1415
1;2025-11-27;13;1443
1;2025-11-27;14;1409
1;2025-11-27;15;1543
1;2025-11-27;16;1555
1;2025-11-27;17;1810
1;2025-11-27;18;1827
1;2025-11-27;19;1374
1;2025-11-27;20;910
1;2025-11-27;21;496
1;2025-11-27;22;238
1;2025-11-27;23;52
1;2025-11-28;0;5
1;2025-11-28;1;0
1;2025-11-28;2;0
1;2025-11-28;3;0
1;2025-11-28;4;8
1;2025-11-28;5;142
1;2025-11-28;6;527
1;2025-11-28;7;1533
1;2025-11-28;8;1903
1;2025-11-28;9;1433
1;2025-11-28;10;1337
1;2025-11-28;11;1414
1;2025-11-28;12;1386
1;2025-11-28;13;1446
1;2025-11-28;14;1378
1;2025-11-28;15;1540
1;2025-11-28;16;1620
1;2025-11-28;17;1796
1;2025-11-28;18;1598
1;2025-11-28;19;1218
1;2025-11-28;20;828
1;2025-11-28;21;509
1;2025-11-28;22;254
1;2025-11-28;23;54
1;2025-11-29;0;5
1;2025-11-29;1;0
1;2025-11-29;2;0
1;2025-11-29;3;0
1;2025-11-29;4;0
1;2025-11-29;5;33
1;2025-11-29;6;175
1;2025-11-29;7;343
1;2025-11-29;8;483
1;2025-11-29;9;747
1;2025-11-29;10;881
1;2025-11-29;11;818
1;2025-11-29;12;994
1;2025-11-29;13;1036
1;2025-11-29;14;963
1;2025-11-29;15;835
1;2025-11-29;16;769
1;2025-11-29;17;714
1;2025-11-29;18;650
1;2025-11-29;19;590
1;2025-11-29;20;434
1;2025-11-29;21;318
1;2025-11-29;22;146
1;2025-11-29;23;33
1;2025-11-30;0;0
1;2025-11-30;1;0
1;2025-11-30;2;0
1;2025-11-30;3;0
1;2025-11-30;4;0
1;2025-11-30;5;29
1;2025-11-30;6;140
1;2025-11-30;7;278
1;2025-11-30;8;379
1;2025-11-30;9;640
1;2025-11-30;10;726
1;2025-11-30;11;713
1;2025-11-30;12;895
1;2025-11-30;13;932
1;2025-11-30;14;835
1;2025-11-30;15;775
1;2025-11-30;16;714
1;2025-11-30;17;661
1;2025-11-30;18;598
1;2025-11-30;19;514
1;2025-11-30;20;387
1;2025-11-30;21;297
1;2025-11-30;22;122
1;2025-11-30;23;34
1;2025-12-01;0;0
1;2025-12-01;1;0
1;2025-12-01;2;0
1;2025-12-01;3;0
1;2025-12-01;4;9
1;2025-12-01;5;135
1;2025-12-01;6;539
1;2025-12-01;7;1493
1;2025-12-01;8;1905
1;2025-12-01;9;1408
1;2025-12-01;10;1241
1;2025-12-01;11;1282
1;2025-12-01;12;1331
1;2025-12-01;13;1353
1;2025-12-01;14;1328
1;2025-12-01;15;1472
1;2025-12-01;16;1554
1;2025-12-01;17;1799
1;2025-12-01;18;1901
1;2025-12-01;19;1428
1;2025-12-01;20;899
1;2025-12-01;21;483
1;2025-12-01;22;216
1;2025-12-01;23;39
1;2025-12-02;0;3
1;2025-12-02;1;0
1;2025-12-02;2;0
1;2025-12-02;3;0
1;2025-12-02;4;7
1;2025-12-02;5;137
1;2025-12-02;6;565
1;2025-12-02;7;1612
1;2025-12-02;8;1974
1;2025-12-02;9;1526
1;2025-12-02;10;1361
1;2025-12-02;11;1367
1;2025-12-02;12;1402
1;2025-12-02;13;1425
1;2025-12-02;14;1354
1;2025-12-02;15;1474
1;2025-12-02;16;1490
1;2025-12-02;17;1792
1;2025-12-02;18;1828
1;2025-12-02;19;1453
1;2025-12-02;20;922
1;2025-12-02;21;498
1;2025-12-02;22;241
1;2025-12-02;23;44
1;2025-12-03;0;4
1;2025-12-03;1;0
1;2025-12-03;2;0
1;2025-12-03;3;0
1;2025-12-03;4;9
1;2025-12-03;5;139
1;2025-12-03;6;561
1;2025-12-03;7;1540
1;2025-12-03;8;1961
1;2025-12-03;9;1450
1;2025-12-03;10;1330
1;2025-12-03;11;1349
1;2025-12-03;12;1375
1;2025-12-03;13;1446
1;2025-12-03;14;1375
1;2025-12-03;15;1499
1;2025-12-03;16;1511
1;2025-12-03;17;1799
1;2025-12-03;18;1818
1;2025-12-03;19;1396
1;2025-12-03;20;925
1;2025-12-03;21;495
1;2025-12-03;22;252
1;2025-12-03;23;45
1;2025-12-04;0;5
1;2025-12-04;1;0
1;2025-12-04;2;0
1;2025-12-04;3;0
1;2025-12-04;4;8
1;2025-12-04;5;131
1;2025-12-04;6;526
1;2025-12-04;7;1520
1;2025-12-04;8;1999
1;2025-12-04;9;1475
1;2025-12-04;10;1348
1;2025-12-04;11;1353
1;2025-12-04;12;1415
1;2025-12-04;13;1443
1;2025-12-04;14;1409
1;2025-12-04;15;1543
1;2025-12-04;16;1555
1;2025-12-04;17;1810
1;2025-12-04;18;1827
1;2025-12-04;19;1374
1;2025-12-04;20;910
1;2025-12-04;21;496
1;2025-12-04;22;238
1;2025-12-04;23;52
1;2025-12-05;0;5
1;2025-12-05;1;0
1;2025-12-05;2;0
1;2025-12-05;3;0
1;2025-12-05;4;8
1;2025-12-05;5;142
1;2025-12-05;6;527
1;2025-12-05;7;1533
1;2025-12-05;8;1903
1;2025-12-05;9;1433
1;2025-12-05;10;1337
1;2025-12-05;11;1414
1;2025-12-05;12;1386
1;2025-12-05;13;1446
1;2025-12-05;14;1378
1;2025-12-05;15;1540
1;2025-12-05;16;1620
1;2025-12-05;17;1796
1;2025-12-05;18;1598
1;2025-12-05;19;1218
1;2025-12-05;20;828
1;2025-12-05;21;509
1;2025-12-05;22;254
1;2025-12-05;23;54
1;2025-12-06;0;5
1;2025-12-06;1;0
1;2025-12-06;2;0
1;2025-12-06;3;0
1;2025-12-06;4;0
1;2025-12-06;5;33
1;2025-12-06;6;175
1;2025-12-06;7;343
1;2025-12-06;8;483
1;2025-12-06;9;747
1;2025-12-06;10;881
1;2025-12-06;11;818
1;2025-12-06;12;994
1;2025-12-06;13;1036
1;2025-12-06;14;963
1;2025-12-06;15;835
1;2025-12-06;16;769
1;2025-12-06;17;714
1;2025-12-06;18;650
1;2025-12-06;19;590
1;2025-12-06;20;434
1;2025-12-06;21;318
1;2025-12-06;22;146
1;2025-12-06;23;33
1;2025-12-07;0;0
1;2025-12-07;1;0
1;2025-12-07;2;0
1;2025-12-07;3;0
1;2025-12-07;4;0
1;2025-12-07;5;29
1;2025-12-07;6;140
1;2025-12-07;7;278
1;2025-12-07;8;379
1;2025-12-07;9;640
1;2025-12-07;10;726
1;2025-12-07;11;713
1;2025-12-07;12;895
1;2025-12-07;13;932
1;2025-12-07;14;835
1;2025-12-07;15;775
1;2025-12-07;16;714
1;2025-12-07;17;661
1;2025-12-07;18;598
1;2025-12-07;19;514
1;2025-12-07;20;387
1;2025-12-07;21;297
1;2025-12-07;22;122
1;2025-12-07;23;34
1;2025-12-08;0;0
1;2025-12-08;1;0
1;2025-12-08;2;0
1;2025-12-08;3;0
1;2025-12-08;4;9
1;2025-12-08;5;135
1;2025-12-08;6;539
1;2025-12-08;7;1493
1;2025-12-08;8;1905
1;2025-12-08;9;1408
1;2025-12-08;10;1241
1;2025-12-08;11;1282
1;2025-12-08;12;1331
1;2025-12-08;13;1353
1;2025-12-08;14;1328
1;2025-12-08;15;1472
1;2025-12-08;16;1554
1;2025-12-08;17;1799
1;2025-12-08;18;1901
1;2025-12-08;19;1428
1;2025-12-08;20;899
1;2025-12-08;21;483
1;2025-12-08;22;216
1;2025-12-08;23;39
1;2025-12-09;0;3
1;2025-12-09;1;0
1;2025-12-09;2;0
1;2025-12-09;3;0
1;2025-12-09;4;7
1;2025-12-09;5;137
1;2025-12-09;6;565
1;2025-12-09;7;1612
1;2025-12-09;8;1974
1;2025-12-09;9;1526
1;2025-12-09;10;1361
1;2025-12-09;11;1367
1;2025-12-09;12;1402
1;2025-12-09;13;1425
1;2025-12-09;14;1354
1;2025-12-09;15;1474
1;2025-12-09;16;1490
1;2025-12-09;17;1792
1;2025-12-09;18;1828
1;2025-12-09;19;1453
1;2025-12-09;20;922
1;2025-12-09;21;498
1;2025-12-09;22;241
1;2025-12-09;23;44
1;2025-12-10;0;4
1;2025-12-10;1;0
1;2025-12-10;2;0
1;2025-12-10;3;0
1;2025-12-10;4;9
1;2025-12-10;5;139
1;2025-12-10;6;561
1;2025-12-10;7;1540
1;2025-12-10;8;1961
1;2025-12-10;9;1450
1;2025-12-10;10;1330
1;2025-12-10;11;1349
1;2025-12-10;12;1375
1;2025-12-10;13;1446
1;2025-12-10;14;1375
1;2025-12-10;15;1499
1;2025-12-10;16;1511
1;2025-12-10;17;1799
1;2025-12-10;18;1818
1;2025-12-10;19;1396
1;2025-12-10;20;925
1;2025-12-10;21;495
1;2025-12-10;22;252
1;2025-12-10;23;45
1;2025-12-11;0;5
1;2025-12-11;1;0
1;2025-12-11;2;0
1;2025-12-11;3;0
1;2025-12-11;4;8
1;2025-12-11;5;131
1;2025-12-11;6;526
1;2025-12-11;7;1520
1;2025-12-11;8;1999
1;2025-12-11;9;1475
1;2025-12-11;10;1348
1;2025-12-11;11;1353
1;2025-12-11;12;1415
1;2025-12-11;13;1443
1;2025-12-11;14;1409
1;2025-12-11;15;1543
1;2025-12-11;16;1555
1;2025-12-11;17;1810
1;2025-12-11;18;1827
1;2025-12-11;19;1374
1;2025-12-11;20;910
1;2025-12-11;21;496
1;2025-12-11;22;238
1;2025-12-11;23;52
1;2025-12-12;0;5
1;2025-12-12;1;0
1;2025-12-12;2;0
1;2025-12-12;3;0
1;2025-12-12;4;8
1;2025-12-12;5;142
1;2025-12-12;6;527
1;2025-12-12;7;1533
1;2025-12-12;8;1903
1;2025-12-12;9;1433
1;2025-12-12;10;1337
1;2025-12-12;11;1414
1;2025-12-12;12;1386
1;2025-12-12;13;1446
1;2025-12-12;14;1378
1;2025-12-12;15;1540
1;2025-12-12;16;1620
1;2025-12-12;17;1796
1;2025-12-12;18;1598
1;2025-12-12;19;1218
1;2025-12-12;20;828
1;2025-12-12;21;509
1;2025-12-12;22;254
1;2025-12-12;23;54
1;2025-12-13;0;5
1;2025-12-13;1;0
1;2025-12-13;2;0
1;2025-12-13;3;0
1;2025-12-13;4;0
1;2025-12-13;5;33
1;2025-12-13;6;175
1;2025-12-13;7;343
1;2025-12-13;8;483
1;2025-12-13;9;747
1;2025-12-13;10;881
1;2025-12-13;11;818
1;2025-12-13;12;994
1;2025-12-13;13;1036
1;2025-12-13;14;963
1;2025-12-13;15;835
1;2025-12-13;16;769
1;2025-12-13;17;714
1;2025-12-13;18;650
1;2025-12-13;19;590
1;2025-12-13;20;434
1;2025-12-13;21;318
1;2025-12-13;22;146
1;2025-12-13;23;33
1;2025-12-14;0;0
1;2025-12-14;1;0
1;2025-12-14;2;0
1;2025-12-14;3;0
1;2025-12-14;4;0
1;2025-12-14;5;29
1;2025-12-14;6;140
1;2025-12-14;7;278
1;2025-12-14;8;379
1;2025-12-14;9;640
1;2025-12-14;10;726
1;2025-12-14;11;713
1;2025-12-14;12;895
1;2025-12-14;13;932
1;2025-12-14;14;835
1;2025-12-14;15;775
1;2025-12-14;16;714
1;2025-12-14;17;661
1;2025-12-14;18;598
1;2025-12-14;19;514
1;2025-12-14;20;387
1;2025-12-14;21;297
1;2025-12-14;22;122
1;2025-12-14;23;34
1;2025-12-15;0;0
1;2025-12-15;1;0
1;2025-12-15;2;0
1;2025-12-15;3;0
1;2025-12-15;4;9
1;2025-12-15;5;135
1;2025-12-15;6;539
1;2025-12-15;7;1493
1;2025-12-15;8;1905
1;2025-12-15;9;1408
1;2025-12-15;10;1241
1;2025-12-15;11;1282
1;2025-12-15;12;1331
1;2025-12-15;13;1353
1;2025-12-15;14;1328
1;2025-12-15;15;1472
1;2025-12-15;16;1554
1;2025-12-15;17;1799
1;2025-12-15;18;1901
1;2025-12-15;19;1428
1;2025-12-15;20;899
1;2025-12-15;21;483
1;2025-12-15;22;216
1;2025-12-15;23;39
1;2025-12-16;0;3
1;2025-12-16;1;0
1;2025-12-16;2;0
1;2025-12-16;3;0
1;2025-12-16;4;7
1;2025-12-16;5;137
1;2025-12-16;6;565
1;2025-12-16;7;1612
1;2025-12-16;8;1974
1;2025-12-16;9;1526
1;2025-12-16;10;1361
1;2025-12-16;11;1367
1;2025-12-16;12;1402
1;2025-12-16;13;1425
1;2025-12-16;14;1354
1;2025-12-16;15;1474
1;2025-12-16;16;1490
1;2025-12-16;17;1792
1;2025-12-16;18;1828
1;2025-12-16;19;1453
1;2025-12-16;20;922
1;2025-12-16;21;498
1;2025-12-16;22;241
1;2025-12-16;23;44
1;2025-12-17;0;4
1;2025-12-17;1;0
1;2025-12-17;2;0
1;2025-12-17;3;0
1;2025-12-17;4;9
1;2025-12-17;5;139
1;2025-12-17;6;561
1;2025-12-17;7;1540
1;2025-12-17;8;1961
1;2025-12-17;9;1450
1;2025-12-17;10;1330
1;2025-12-17;11;1349
1;2025-12-17;12;1375
1;2025-12-17;13;1446
1;2025-12-17;14;1375
1;2025-12-17;15;1499
1;2025-12-17;16;1511
1;2025-12-17;17;1799
1;2025-12-17;18;1818
1;2025-12-17;19;1396
1;2025-12-17;20;925
1;2025-12-17;21;495
1;2025-12-17;22;252
1;2025-12-17;23;45
1;2025-12-18;0;5
1;2025-12-18;1;0
1;2025-12-18;2;0
1;2025-12-18;3;0
1;2025-12-18;4;8
1;2025-12-18;5;131
1;2025-12-18;6;526
1;2025-12-18;7;1520
1;2025-12-18;8;1999
1;2025-12-18;9;1475
1;2025-12-18;10;1348
1;2025-12-18;11;1353
1;2025-12-18;12;1415
1;2025-12-18;13;1443
1;2025-12-18;14;1409
1;2025-12-18;15;1543
1;2025-12-18;16;1555
1;2025-12-18;17;1810
1;2025-12-18;18;1827
1;2025-12-18;19;1374
1;2025-12-18;20;910
1;2025-12-18;21;496
1;2025-12-18;22;238
1;2025-12-18;23;52
1;2025-12-19;0;5
1;2025-12-19;1;0
1;2025-12-19;2;0
1;2025-12-19;3;0
1;2025-12-19;4;8
1;2025-12-19;5;142
1;2025-12-19;6;527
1;2025-12-19;7;1533
1;2025-12-19;8;1903
1;2025-12-19;9;1433
1;2025-12-19;10;1337
1;2025-12-19;11;1414
1;2025-12-19;12;1386
1;2025-12-19;13;1446
1;2025-12-19;14;1378
1;2025-12-19;15;1540
1;2025-12-19;16;1620
1;2025-12-19;17;1796
1;2025-12-19;18;1598
1;2025-12-19;19;1218
1;2025-12-19;20;828
1;2025-12-19;21;509
1;2025-12-19;22;254
1;2025-12-19;23;54
1;2025-12-20;0;5
1;2025-12-20;1;0
1;2025-12-20;2;0
1;2025-12-20;3;0
1;2025-12-20;4;0
1;2025-12-20;5;33
1;2025-12-20;6;175
1;2025-12-20;7;343
1;2025-12-20;8;483
1;2025-12-20;9;747
1;2025-12-20;10;881
1;2025-12-20;11;818
1;2025-12-20;12;994
1;2025-12-20;13;1036
1;2025-12-20;14;963
1;2025-12-20;15;835
1;2025-12-20;16;769
1;2025-12-20;17;714
1;2025-12-20;18;650
1;2025-12-20;19;590
1;2025-12-20;20;434
1;2025-12-20;21;318
1;2025-12-20;22;146
1;2025-12-20;23;33
1;2025-12-21;0;0
1;2025-12-21;1;0
1;2025-12-21;2;0
1;2025-12-21;3;0
1;2025-12-21;4;0
1;2025-12-21;5;29
1;2025-12-21;6;140
1;2025-12-21;7;278
1;2025-12-21;8;379
1;2025-12-21;9;640
1;2025-12-21;10;726
1;2025-12-21;11;713
1;2025-12-21;12;895
1;2025-12-21;13;932
1;2025-12-21;14;835
1;2025-12-21;15;775
1;2025-12-21;16;714
1;2025-12-21;17;661
1;2025-12-21;18;598
1;2025-12-21;19;514
1;2025-12-21;20;387
1;2025-12-21;21;297
1;2025-12-21;22;122
1;2025-12-21;23;34
1;2025-12-22;0;0
1;2025-12-22;1;0
1;2025-12-22;2;0
1;2025-12-22;3;0
1;2025-12-22;4;9
1;2025-12-22;5;135
1;2025-12-22;6;539
1;2025-12-22;7;1493
1;2025-12-22;8;1905
1;2025-12-22;9;1408
1;2025-12-22;10;1241
1;2025-12-22;11;1282
1;2025-12-22;12;1331
1;2025-12-22;13;1353
1;2025-12-22;14;1328
1;2025-12-22;15;1472
1;2025-12-22;16;1554
1;2025-12-22;17;1799
1;2025-12-22;18;1901
1;2025-12-22;19;1428
1;2025-12-22;20;899
1;2025-12-22;21;483
1;2025-12-22;22;216
1;2025-12-22;23;39
1;2025-12-23;0;3
1;2025-12-23;1;0
1;2025-12-23;2;0
1;2025-12-23;3;0
1;2025-12-23;4;7
1;2025-12-23;5;137
1;2025-12-23;6;565
1;2025-12-23;7;1612
1;2025-12-23;8;1974
1;2025-12-23;9;1526
1;2025-12-23;10;1361
1;2025-12-23;11;1367
1;2025-12-23;12;1402
1;2025-12-23;13;1425
1;2025-12-23;14;1354
1;2025-12-23;15;1474
1;2025-12-23;16;1490
1;2025-12-23;17;1792
1;2025-12-23;18;1828
1;2025-12-23;19;1453
1;2025-12-23;20;922
1;2025-12-23;21;498
1;2025-12-23;22;241
1;2025-12-23;23;44
1;2025-12-24;0;4
1;2025-12-24;1;0
1;2025-12-24;2;0
1;2025-12-24;3;0
1;2025-12-24;4;9
1;2025-12-24;5;139
1;2025-12-24;6;561
1;2025-12-24;7;1540
1;2025-12-24;8;1961
1;2025-12-24;9;1450
1;2025-12-24;10;1330
1;2025-12-24;11;1349
1;2025-12-24;12;1375
1;2025-12-24;13;1446
1;2025-12-24;14;1375
1;2025-12-24;15;1499
1;2025-12-24;16;1511
1;2025-12-24;17;1799
1;2025-12-24;18;1818
1;2025-12-24;19;1396
1;2025-12-24;20;925
1;2025-12-24;21;495
1;2025-12-24;22;252
1;2025-12-24;23;45
1;2025-12-25;0;5
1;2025-12-25;1;0
1;2025-12-25;2;0
1;2025-12-25;3;0
1;2025-12-25;4;8
1;2025-12-25;5;131
1;2025-12-25;6;526
1;2025-12-25;7;1520
1;2025-12-25;8;1999
1;2025-12-25;9;1475
1;2025-12-25;10;1348
1;2025-12-25;11;1353
1;2025-12-25;12;1415
1;2025-12-25;13;1443
1;2025-12-25;14;1409
1;2025-12-25;15;1543
1;2025-12-25;16;1555
1;2025-12-25;17;1810
1;2025-12-25;18;1827
1;2025-12-25;19;1374
1;2025-12-25;20;910
1;2025-12-25;21;496
1;2025-12-25;22;238
1;2025-12-25;23;52
1;2025-12-26;0;5
1;2025-12-26;1;0
1;2025-12-26;2;0
1;2025-12-26;3;0
1;2025-12-26;4;8
1;2025-12-26;5;142
1;2025-12-26;6;527
1;2025-12-26;7;1533
1;2025-12-26;8;1903
1;2025-12-26;9;1433
1;2025-12-26;10;1337
1;2025-12-26;11;1414
1;2025-12-26;12;1386
1;2025-12-26;13;1446
1;2025-12-26;14;1378
1;2025-12-26;15;1540
1;2025-12-26;16;1620
1;2025-12-26;17;1796
1;2025-12-26;18;1598
1;2025-12-26;19;1218
1;2025-12-26;20;828
1;2025-12-26;21;509
1;2025-12-26;22;254
1;2025-12-26;23;54
1;2025-12-27;0;5
1;2025-12-27;1;0
1;2025-12-27;2;0
1;2025-12-27;3;0
1;2025-12-27;4;0
1;2025-12-27;5;33
1;2025-12-27;6;175
1;2025-12-27;7;343
1;2025-12-27;8;483
1;2025-12-27;9;747
1;2025-12-27;10;881
1;2025-12-27;11;818
1;2025-12-27;12;994
1;2025-12-27;13;1036
1;2025-12-27;14;963
1;2025-12-27;15;835
1;2025-12-27;16;769
1;2025-12-27;17;714
1;2025-12-27;18;650
1;2025-12-27;19;590
1;2025-12-27;20;434
1;2025-12-27;21;318
1;2025-12-27;22;146
1;2025-12-27;23;33
1;2025-12-28;0;0
1;2025-12-28;1;0
1;2025-12-28;2;0
1;2025-12-28;3;0
1;2025-12-28;4;0
1;2025-12-28;5;29
1;2025-12-28;6;140
1;2025-12-28;7;278
1;2025-12-28;8;379
1;2025-12-28;9;640
1;2025-12-28;10;726
1;2025-12-28;11;713
1;2025-12-28;12;895
1;2025-12-28;13;932
1;2025-12-28;14;835
1;2025-12-28;15;775
1;2025-12-28;16;714
1;2025-12-28;17;661
1;2025-12-28;18;598
1;2025-12-28;19;514
1;2025-12-28;20;387
1;2025-12-28;21;297
1;2025-12-28;22;122
1;2025-12-28;23;34
1;2025-12-29;0;0
1;2025-12-29;1;0
1;2025-12-29;2;0
1;2025-12-29;3;0
1;2025-12-29;4;9
1;2025-12-29;5;135
1;2025-12-29;6;539
1;2025-12-29;7;1493
1;2025-12-29;8;1905
1;2025-12-29;9;1408
1;2025-12-29;10;1241
1;2025-12-29;11;1282
1;2025-12-29;12;1331
1;2025-12-29;13;1353
1;2025-12-29;14;1328
1;2025-12-29;15;1472
1;2025-12-29;16;1554
1;2025-12-29;17;1799
1;2025-12-29;18;1901
1;2025-12-29;19;1428
1;2025-12-29;20;899
1;2025-12-29;21;483
1;2025-12-29;22;216
1;2025-12-29;23;39
1;2025-12-30;0;3
1;2025-12-30;1;0
1;2025-12-30;2;0
1;2025-12-30;3;0
1;2025-12-30;4;7
1;2025-12-30;5;137
1;2025-12-30;6;565
1;2025-12-30;7;1612
1;2025-12-30;8;1974
1;2025-12-30;9;1526
1;2025-12-30;10;1361
1;2025-12-30;11;1367
1;2025-12-30;12;1402
1;2025-12-30;13;1425
1;2025-12-30;14;1354
1;2025-12-30;15;1474
1;2025-12-30;16;1490
1;2025-12-30;17;1792
1;2025-12-30;18;1828
1;2025-12-30;19;1453
1;2025-12-30;20;922
1;2025-12-30;21;498
1;2025-12-30;22;241
1;2025-12-30;23;44
1;2025-12-31;0;0
1;2025-12-31;1;0
1;2025-12-31;2;0
1;2025-12-31;3;0
1;2025-12-31;4;0
1;2025-12-31;5;28
1;2025-12-31;6;132
1;2025-12-31;7;261
1;2025-12-31;8;356
1;2025-12-31;9;601
1;2025-12-31;10;683
1;2025-12-31;11;671
1;2025-12-31;12;841
1;2025-12-31;13;876
1;2025-12-31;14;785
1;2025-12-31;15;728
1;2025-12-31;16;671
1;2025-12-31;17;621
1;2025-12-31;18;563
1;2025-12-31;19;483
1;2025-12-31;20;363
1;2025-12-31;21;280
1;2025-12-31;22;114
1;2025-12-31;23;32
5;2025-11-01;0;0
5;2025-11-01;1;0
5;2025-11-01;2;0
5;2025-11-01;3;0
5;2025-11-01;4;0
5;2025-11-01;5;0
5;2025-11-01;6;0
5;2025-11-01;7;0
5;2025-11-01;8;0
5;2025-11-01;9;0
5;2025-11-01;10;0
5;2025-11-01;11;0
5;2025-11-01;12;0
5;2025-11-01;13;0
5;2025-11-01;14;0
5;2025-11-01;15;0
5;2025-11-01;16;0
5;2025-11-01;17;0
5;2025-11-01;18;0
5;2025-11-01;19;0
5;2025-11-01;20;0
5;2025-11-01;21;0
5;2025-11-01;22;0
5;2025-11-01;23;0
5;2025-11-02;0;0
5;2025-11-02;1;0
5;2025-11-02;2;0
5;2025-11-02;3;0
5;2025-11-02;4;0
5;2025-11-02;5;0
5;2025-11-02;6;0
5;2025-11-02;7;0
5;2025-11-02;8;0
5;2025-11-02;9;0
5;2025-11-02;10;0
5;2025-11-02;11;0
5;2025-11-02;12;0
5;2025-11-02;13;0
5;2025-11-02;14;0
5;2025-11-02;15;0
5;2025-11-02;16;0
5;2025-11-02;17;0
5;2025-11-02;18;0
5;2025-11-02;19;0
5;2025-11-02;20;0
5;2025-11-02;21;0
5;2025-11-02;22;0
5;2025-11-02;23;0
5;2025-11-03;0;0
5;2025-11-03;1;0
5;2025-11-03;2;0
5;2025-11-03;3;0
5;2025-11-03;4;0
5;2025-11-03;5;0
5;2025-11-03;6;0
5;2025-11-03;7;0
5;2025-11-03;8;0
5;2025-11-03;9;0
5;2025-11-03;10;0
5;2025-11-03;11;0
5;2025-11-03;12;0
5;2025-11-03;13;0
5;2025-11-03;14;0
5;2025-11-03;15;0
5;2025-11-03;16;0
5;2025-11-03;17;0
5;2025-11-03;18;0
5;2025-11-03;19;0
5;2025-11-03;20;0
5;2025-11-03;21;0
5;2025-11-03;22;0
5;2025-11-03;23;0
5;2025-11-04;0;0
5;2025-11-04;1;0
5;2025-11-04;2;0
5;2025-11-04;3;0
5;2025-11-04;4;0
5;2025-11-04;5;0
5;2025-11-04;6;0
5;2025-11-04;7;0
5;2025-11-04;8;0
5;2025-11-04;9;0
5;2025-11-04;10;0
5;2025-11-04;11;0
5;2025-11-04;12;0
5;2025-11-04;13;0
5;2025-11-04;14;0
5;2025-11-04;15;0
5;2025-11-04;16;0
5;2025-11-04;17;0
5;2025-11-04;18;0
5;2025-11-04;19;0
5;2025-11-04;20;0
5;2025-11-04;21;0
5;2025-11-04;22;0
5;2025-11-04;23;0
5;2025-11-05;0;0
5;2025-11-05;1;0
5;2025-11-05;2;0
5;2025-11-05;3;0
5;2025-11-05;4;0
5;2025-11-05;5;0
5;2025-11-05;6;0
5;2025-11-05;7;0
5;2025-11-05;8;0
5;2025-11-05;9;0
5;2025-11-05;10;0
5;2025-11-05;11;0
5;2025-11-05;12;0
5;2025-11-05;13;0
5;2025-11-05;14;0
5;2025-11-05;15;0
5;2025-11-05;16;0
5;2025-11-05;17;0
5;2025-11-05;18;0
5;2025-11-05;19;0
5;2025-11-05;20;0
5;2025-11-05;21;0
5;2025-11-05;22;0
5;2025-11-05;23;0
5;2025-11-06;0;0
5;2025-11-06;1;0
5;2025-11-06;2;0
5;2025-11-06;3;0
5;2025-11-06;4;0
5;2025-11-06;5;0
5;2025-11-06;6;0
5;2025-11-06;7;0
5;2025-11-06;8;0
5;2025-11-06;9;0
5;2025-11-06;10;0
5;2025-11-06;11;0
5;2025-11-06;12;0
5;2025-11-06;13;0
5;2025-11-06;14;0
5;2025-11-06;15;0
5;2025-11-06;16;0
5;2025-11-06;17;0
5;2025-11-06;18;0
5;2025-11-06;19;0
5;2025-11-06;20;0
5;2025-11-06;21;0
5;2025-11-06;22;0
5;2025-11-06;23;0
5;2025-11-07;0;0
5;2025-11-07;1;0
5;2025-11-07;2;0
5;2025-11-07;3;0
5;2025-11-07;4;0
5;2025-11-07;5;0
5;2025-11-07;6;0
5;2025-11-07;7;0
5;2025-11-07;8;0
5;2025-11-07;9;0
5;2025-11-07;10;0
5;2025-11-07;11;0
5;2025-11-07;12;0
5;2025-11-07;13;0
5;2025-11-07;14;0
5;2025-11-07;15;0
5;2025-11-07;16;0
5;2025-11-07;17;0
5;2025-11-07;18;0
5;2025-11-07;19;0
5;2025-11-07;20;0
5;2025-11-07;21;0
5;2025-11-07;22;0
5;2025-11-07;23;0
5;2025-11-08;0;0
5;2025-11-08;1;0
5;2025-11-08;2;0
5;2025-11-08;3;0
5;2025-11-08;4;0
5;2025-11-08;5;0
5;2025-11-08;6;0
5;2025-11-08;7;0
5;2025-11-08;8;0
5;2025-11-08;9;0
5;2025-11-08;10;0
5;2025-11-08;11;0
5;2025-11-08;12;0
5;2025-11-08;13;0
5;2025-11-08;14;0
5;2025-11-08;15;0
5;2025-11-08;16;0
5;2025-11-08;17;0
5;2025-11-08;18;0
5;2025-11-08;19;0
5;2025-11-08;20;0
5;2025-11-08;21;0
5;2025-11-08;22;0
5;2025-11-08;23;0
5;2025-11-09;0;0
5;2025-11-09;1;0
5;2025-11-09;2;0
5;2025-11-09;3;0
5;2025-11-09;4;0
5;2025-11-09;5;0
5;2025-11-09;6;0
5;2025-11-09;7;0
5;2025-11-09;8;0
5;2025-11-09;9;0
5;2025-11-09;10;0
5;2025-11-09;11;0
5;2025-11-09;12;0
5;2025-11-09;13;0
5;2025-11-09;14;0
5;2025-11-09;15;0
5;2025-11-09;16;0
5;2025-11-09;17;0
5;2025-11-09;18;0
5;2025-11-09;19;0
5;2025-11-09;20;0
5;2025-11-09;21;0
5;2025-11-09;22;0
5;2025-11-09;23;0
5;2025-11-10;0;0
5;2025-11-10;1;0
5;2025-11-10;2;0
5;2025-11-10;3;0
5;2025-11-10;4;0
5;2025-11-10;5;0
5;2025-11-10;6;0
5;2025-11-10;7;0
5;2025-11-10;8;0
5;2025-11-10;9;0
5;2025-11-10;10;0
5;2025-11-10;11;0
5;2025-11-10;12;0
5;2025-11-10;13;0
5;2025-11-10;14;0
5;2025-11-10;15;0
5;2025-11-10;16;0
5;2025-11-10;17;0
5;2025-11-10;18;0
5;2025-11-10;19;0
5;2025-11-10;20;0
5;2025-11-10;21;0
5;2025-11-10;22;0
5;2025-11-10;23;0
5;2025-11-11;0;0
5;2025-11-11;1;0
5;2025-11-11;2;0
5;2025-11-11;3;0
5;2025-11-11;4;0
5;2025-11-11;5;0
5;2025-11-11;6;0
5;2025-11-11;7;0
5;2025-11-11;8;0
5;2025-11-11;9;0
5;2025-11-11;10;0
5;2025-11-11;11;0
5;2025-11-11;12;0
5;2025-11-11;13;0
5;2025-11-11;14;0
5;2025-11-11;15;0
5;2025-11-11;16;0
5;2025-11-11;17;0
5;2025-11-11;18;0
5;2025-11-11;19;0
5;2025-11-11;20;0
5;2025-11-11;21;0
5;2025-11-11;22;0
5;2025-11-11;23;0
5;2025-11-12;0;0
5;2025-11-12;1;0
5;2025-11-12;2;0
5;2025-11-12;3;0
5;2025-11-12;4;0
5;2025-11-12;5;0
5;2025-11-12;6;0
5;2025-11-12;7;0
5;2025-11-12;8;0
5;2025-11-12;9;0
5;2025-11-12;10;0
5;2025-11-12;11;0
5;2025-11-12;12;0
5;2025-11-12;13;0
5;2025-11-12;14;0
5;2025-11-12;15;0
5;2025-11-12;16;0
5;2025-11-12;17;0
5;2025-11-12;18;0
5;2025-11-12;19;0
5;2025-11-12;20;0
5;2025-11-12;21;0
5;2025-11-12;22;0
5;2025-11-12;23;0
5;2025-11-13;0;0
5;2025-11-13;1;0
5;2025-11-13;2;0
5;2025-11-13;3;0
5;2025-11-13;4;0
5;2025-11-13;5;0
5;2025-11-13;6;0
5;2025-11-13;7;0
5;2025-11-13;8;0
5;2025-11-13;9;0
5;2025-11-13;10;0
5;2025-11-13;11;0
5;2025-11-13;12;0
5;2025-11-13;13;0
5;2025-11-13;14;0
5;2025-11-13;15;0
5;2025-11-13;16;0
5;2025-11-13;17;0
5;2025-11-13;18;0
5;2025-11-13;19;0
5;2025-11-13;20;0
5;2025-11-13;21;0
5;2025-11-13;22;0
5;2025-11-13;23;0
5;2025-11-14;0;0
5;2025-11-14;1;0
5;2025-11-14;2;0
5;2025-11-14;3;0
5;2025-11-14;4;0
5;2025-11-14;5;0
5;2025-11-14;6;0
5;2025-11-14;7;0
5;2025-11-14;8;0
5;2025-11-14;9;0
5;2025-11-14;10;0
5;2025-11-14;11;0
5;2025-11-14;12;0
5;2025-11-14;13;0
5;2025-11-14;14;0
5;2025-11-14;15;0
5;2025-11-14;16;0
5;2025-11-14;17;0
5;2025-11-14;18;0
5;2025-11-14;19;0
5;2025-11-14;20;0
5;2025-11-14;21;0
5;2025-11-14;22;0
5;2025-11-14;23;0
5;2025-11-15;0;0
5;2025-11-15;1;0
5;2025-11-15;2;0
5;2025-11-15;3;0
5;2025-11-15;4;0
5;2025-11-15;5;0
5;2025-11-15;6;0
5;2025-11-15;7;0
5;2025-11-15;8;0
5;2025-11-15;9;0
5;2025-11-15;10;0
5;2025-11-15;11;0
5;2025-11-15;12;0
5;2025-11-15;13;0
5;2025-11-15;14;0
5;2025-11-15;15;0
5;2025-11-15;16;0
5;2025-11-15;17;0
5;2025-11-15;18;0
5;2025-11-15;19;0
5;2025-11-15;20;0
5;2025-11-15;21;0
5;2025-11-15;22;0
5;2025-11-15;23;0
5;2025-11-16;0;0
5;2025-11-16;1;0
5;2025-11-16;2;0
5;2025-11-16;3;0
5;2025-11-16;4;0
5;2025-11-16;5;0
5;2025-11-16;6;0
5;2025-11-16;7;0
5;2025-11-16;8;0
5;2025-11-16;9;0
5;2025-11-16;10;0
5;2025-11-16;11;0
5;2025-11-16;12;0
5;2025-11-16;13;0
5;2025-11-16;14;0
5;2025-11-16;15;0
5;2025-11-16;16;0
5;2025-11-16;17;0
5;2025-11-16;18;0
5;2025-11-16;19;0
5;2025-11-16;20;0
5;2025-11-16;21;0
5;2025-11-16;22;0
5;2025-11-16;23;0
5;2025-11-17;0;0
5;2025-11-17;1;0
5;2025-11-17;2;0
5;2025-11-17;3;0
5;2025-11-17;4;0
5;2025-11-17;5;0
5;2025-11-17;6;0
5;2025-11-17;7;0
5;2025-11-17;8;0
5;2025-11-17;9;0
5;2025-11-17;10;0
5;2025-11-17;11;0
5;2025-11-17;12;0
5;2025-11-17;13;0
5;2025-11-17;14;0
5;2025-11-17;15;0
5;2025-11-17;16;0
5;2025-11-17;17;0
5;2025-11-17;18;0
5;2025-11-17;19;0
5;2025-11-17;20;0
5;2025-11-17;21;0
5;2025-11-17;22;0
5;2025-11-17;23;0
5;2025-11-18;0;0
5;2025-11-18;1;0
5;2025-11-18;2;0
5;2025-11-18;3;0
5;2025-11-18;4;0
5;2025-11-18;5;0
5;2025-11-18;6;0
5;2025-11-18;7;0
5;2025-11-18;8;0
5;2025-11-18;9;0
5;2025-11-18;10;0
5;2025-11-18;11;0
5;2025-11-18;12;0
5;2025-11-18;13;0
5;2025-11-18;14;0
5;2025-11-18;15;0
5;2025-11-18;16;0
5;2025-11-18;17;0
5;2025-11-18;18;0
5;2025-11-18;19;0
5;2025-11-18;20;0
5;2025-11-18;21;0
5;2025-11-18;22;0
5;2025-11-18;23;0
5;2025-11-19;0;0
5;2025-11-19;1;0
5;2025-11-19;2;0
5;2025-11-19;3;0
5;2025-11-19;4;0
5;2025-11-19;5;0
5;2025-11-19;6;0
5;2025-11-19;7;0
5;2025-11-19;8;0
5;2025-11-19;9;0
5;2025-11-19;10;0
5;2025-11-19;11;0
5;2025-11-19;12;0
5;2025-11-19;13;0
5;2025-11-19;14;0
5;2025-11-19;15;0
5;2025-11-19;16;0
5;2025-11-19;17;0
5;2025-11-19;18;0
5;2025-11-19;19;0
5;2025-11-19;20;0
5;2025-11-19;21;0
5;2025-11-19;22;0
5;2025-11-19;23;0
5;2025-11-20;0;0
5;2025-11-20;1;0
5;2025-11-20;2;0
5;2025-11-20;3;0
5;2025-11-20;4;0
5;2025-11-20;5;0
5;2025-11-20;6;0
5;2025-11-20;7;0
5;2025-11-20;8;0
5;2025-11-20;9;0
5;2025-11-20;10;0
5;2025-11-20;11;0
5;2025-11-20;12;0
5;2025-11-20;13;0
5;2025-11-20;14;0
5;2025-11-20;15;0
5;2025-11-20;16;0
5;2025-11-20;17;0
5;2025-11-20;18;0
5;2025-11-20;19;0
5;2025-11-20;20;0
5;2025-11-20;21;0
5;2025-11-20;22;0
5;2025-11-20;23;0
5;2025-11-21;0;0
5;2025-11-21;1;0
5;2025-11-21;2;0
5;2025-11-21;3;0
5;2025-11-21;4;0
5;2025-11-21;5;0
5;2025-11-21;6;0
5;2025-11-21;7;0
5;2025-11-21;8;0
5;2025-11-21;9;0
5;2025-11-21;10;0
5;2025-11-21;11;0
5;2025-11-21;12;0
5;2025-11-21;13;0
5;2025-11-21;14;0
5;2025-11-21;15;0
5;2025-11-21;16;0
5;2025-11-21;17;0
5;2025-11-21;18;0
5;2025-11-21;19;0
5;2025-11-21;20;0
5;2025-11-21;21;0
5;2025-11-21;22;0
5;2025-11-21;23;0
5;2025-11-22;0;0
5;2025-11-22;1;0
5;2025-11-22;2;0
5;2025-11-22;3;0
5;2025-11-22;4;0
5;2025-11-22;5;0
5;2025-11-22;6;0
5;2025-11-22;7;0
5;2025-11-22;8;0
5;2025-11-22;9;0
5;2025-11-22;10;0
5;2025-11-22;11;0
5;2025-11-22;12;0
5;2025-11-22;13;0
5;2025-11-22;14;0
5;2025-11-22;15;0
5;2025-11-22;16;0
5;2025-11-22;17;0
5;2025-11-22;18;0
5;2025-11-22;19;0
5;2025-11-22;20;0
5;2025-11-22;21;0
5;2025-11-22;22;0
5;2025-11-22;23;0
5;2025-11-23;0;0
5;2025-11-23;1;0
5;2025-11-23;2;0
5;2025-11-23;3;0
5;2025-11-23;4;0
5;2025-11-23;5;0
5;2025-11-23;6;0
5;2025-11-23;7;0
5;2025-11-23;8;0
5;2025-11-23;9;0
5;2025-11-23;10;0
5;2025-11-23;11;0
5;2025-11-23;12;0
5;2025-11-23;13;0
5;2025-11-23;14;0
5;2025-11-23;15;0
5;2025-11-23;16;0
5;2025-11-23;17;0
5;2025-11-23;18;0
5;2025-11-23;19;0
5;2025-11-23;20;0
5;2025-11-23;21;0
5;2025-11-23;22;0
5;2025-11-23;23;0
5;2025-11-24;0;0
5;2025-11-24;1;0
5;2025-11-24;2;0
5;2025-11-24;3;0
5;2025-11-24;4;0
5;2025-11-24;5;0
5;2025-11-24;6;0
5;2025-11-24;7;0
5;2025-11-24;8;0
5;2025-11-24;9;0
5;2025-11-24;10;0
5;2025-11-24;11;0
5;2025-11-24;12;0
5;2025-11-24;13;0
5;2025-11-24;14;0
5;2025-11-24;15;0
5;2025-11-24;16;0
5;2025-11-24;17;0
5;2025-11-24;18;0
5;2025-11-24;19;0
5;2025-11-24;20;0
5;2025-11-24;21;0
5;2025-11-24;22;0
5;2025-11-24;23;0
5;2025-11-25;0;0
5;2025-11-25;1;0
5;2025-11-25;2;0
5;2025-11-25;3;0
5;2025-11-25;4;0
5;2025-11-25;5;0
5;2025-11-25;6;0
5;2025-11-25;7;0
5;2025-11-25;8;0
5;2025-11-25;9;0
5;2025-11-25;10;0
5;2025-11-25;11;0
5;2025-11-25;12;0
5;2025-11-25;13;0
5;2025-11-25;14;0
5;2025-11-25;15;0
5;2025-11-25;16;0
5;2025-11-25;17;0
5;2025-11-25;18;0
5;2025-11-25;19;0
5;2025-11-25;20;0
5;2025-11-25;21;0
5;2025-11-25;22;0
5;2025-11-25;23;0
5;2025-11-26;0;0
5;2025-11-26;1;0
5;2025-11-26;2;0
5;2025-11-26;3;0
5;2025-11-26;4;0
5;2025-11-26;5;0
5;2025-11-26;6;0
5;2025-11-26;7;0
5;2025-11-26;8;0
5;2025-11-26;9;0
5;2025-11-26;10;0
5;2025-11-26;11;0
5;2025-11-26;12;0
5;2025-11-26;13;0
5;2025-11-26;14;0
5;2025-11-26;15;0
5;2025-11-26;16;0
5;2025-11-26;17;0
5;2025-11-26;18;0
5;2025-11-26;19;0
5;2025-11-26;20;0
5;2025-11-26;21;0
5;2025-11-26;22;0
5;2025-11-26;23;0
5;2025-11-27;0;0
5;2025-11-27;1;0
5;2025-11-27;2;0
5;2025-11-27;3;0
5;2025-11-27;4;0
5;2025-11-27;5;0
5;2025-11-27;6;0
5;2025-11-27;7;0
5;2025-11-27;8;0
5;2025-11-27;9;0
5;2025-11-27;10;0
5;2025-11-27;11;0
5;2025-11-27;12;0
5;2025-11-27;13;0
5;2025-11-27;14;0
5;2025-11-27;15;0
5;2025-11-27;16;0
5;2025-11-27;17;0
5;2025-11-27;18;0
5;2025-11-27;19;0
5;2025-11-27;20;0
5;2025-11-27;21;0
5;2025-11-27;22;0
5;2025-11-27;23;0
5;2025-11-28;0;0
5;2025-11-28;1;0
5;2025-11-28;2;0
5;2025-11-28;3;0
5;2025-11-28;4;0
5;2025-11-28;5;0
5;2025-11-28;6;0
5;2025-11-28;7;0
5;2025-11-28;8;0
5;2025-11-28;9;0
5;2025-11-28;10;0
5;2025-11-28;11;0
5;2025-11-28;12;0
5;2025-11-28;13;0
5;2025-11-28;14;0
5;2025-11-28;15;0
5;2025-11-28;16;0
5;2025-11-28;17;0
5;2025-11-28;18;0
5;2025-11-28;19;0
5;2025-11-28;20;0
5;2025-11-28;21;0
5;2025-11-28;22;0
5;2025-11-28;23;0
5;2025-11-29;0;0
5;2025-11-29;1;0
5;2025-11-29;2;0
5;2025-11-29;3;0
5;2025-11-29;4;0
5;2025-11-29;5;0
5;2025-11-29;6;0
5;2025-11-29;7;0
5;2025-11-29;8;0
5;2025-11-29;9;0
5;2025-11-29;10;0
5;2025-11-29;11;0
5;2025-11-29;12;0
5;2025-11-29;13;0
5;2025-11-29;14;0
5;2025-11-29;15;0
5;2025-11-29;16;0
5;2025-11-29;17;0
5;2025-11-29;18;0
5;2025-11-29;19;0
5;2025-11-29;20;0
5;2025-11-29;21;0
5;2025-11-29;22;0
5;2025-11-29;23;0
5;2025-11-30;0;0
5;2025-11-30;1;0
5;2025-11-30;2;0
5;2025-11-30;3;0
5;2025-11-30;4;0
5;2025-11-30;5;0
5;2025-11-30;6;0
5;2025-11-30;7;0
5;2025-11-30;8;0
5;2025-11-30;9;0
5;2025-11-30;10;0
5;2025-11-30;11;0
5;2025-11-30;12;0
5;2025-11-30;13;0
5;2025-11-30;14;0
5;2025-11-30;15;0
5;2025-11-30;16;0
5;2025-11-30;17;0
5;2025-11-30;18;0
5;2025-11-30;19;0
5;2025-11-30;20;0
5;2025-11-30;21;0
5;2025-11-30;22;0
5;2025-11-30;23;0
5;2025-12-01;0;0
5;2025-12-01;1;0
5;2025-12-01;2;0
5;2025-12-01;3;0
5;2025-12-01;4;0
5;2025-12-01;5;0
5;2025-12-01;6;0
5;2025-12-01;7;0
5;2025-12-01;8;0
5;2025-12-01;9;0
5;2025-12-01;10;0
5;2025-12-01;11;0
5;2025-12-01;12;0
5;2025-12-01;13;0
5;2025-12-01;14;0
5;2025-12-01;15;0
5;2025-12-01;16;0
5;2025-12-01;17;0
5;2025-12-01;18;0
5;2025-12-01;19;0
5;2025-12-01;20;0
5;2025-12-01;21;0
5;2025-12-01;22;0
5;2025-12-01;23;0
5;2025-12-02;0;0
5;2025-12-02;1;0
5;2025-12-02;2;0
5;2025-12-02;3;0
5;2025-12-02;4;0
5;2025-12-02;5;0
5;2025-12-02;6;0
5;2025-12-02;7;0
5;2025-12-02;8;0
5;2025-12-02;9;0
5;2025-12-02;10;0
5;2025-12-02;11;0
5;2025-12-02;12;0
5;2025-12-02;13;0
5;2025-12-02;14;0
5;2025-12-02;15;0
5;2025-12-02;16;0
5;2025-12-02;17;0
5;2025-12-02;18;0
5;2025-12-02;19;0
5;2025-12-02;20;0
5;2025-12-02;21;0
5;2025-12-02;22;0
5;2025-12-02;23;0
5;2025-12-03;0;0
5;2025-12-03;1;0
5;2025-12-03;2;0
5;2025-12-03;3;0
5;2025-12-03;4;0
5;2025-12-03;5;0
5;2025-12-03;6;0
5;2025-12-03;7;0
5;2025-12-03;8;0
5;2025-12-03;9;0
5;2025-12-03;10;0
5;2025-12-03;11;0
5;2025-12-03;12;0
5;2025-12-03;13;0
5;2025-12-03;14;0
5;2025-12-03;15;0
5;2025-12-03;16;0
5;2025-12-03;17;0
5;2025-12-03;18;0
5;2025-12-03;19;0
5;2025-12-03;20;0
5;2025-12-03;21;0
5;2025-12-03;22;0
5;2025-12-03;23;0
5;2025-12-04;0;0
5;2025-12-04;1;0
5;2025-12-04;2;0
5;2025-12-04;3;0
5;2025-12-04;4;0
5;2025-12-04;5;0
5;2025-12-04;6;0
5;2025-12-04;7;0
5;2025-12-04;8;0
5;2025-12-04;9;0
5;2025-12-04;10;0
5;2025-12-04;11;0
5;2025-12-04;12;0
5;2025-12-04;13;0
5;2025-12-04;14;0
5;2025-12-04;15;0
5;2025-12-04;16;0
5;2025-12-04;17;0
5;2025-12-04;18;0
5;2025-12-04;19;0
5;2025-12-04;20;0
5;2025-12-04;21;0
5;2025-12-04;22;0
5;2025-12-04;23;0
5;2025-12-05;0;0
5;2025-12-05;1;0
5;2025-12-05;2;0
5;2025-12-05;3;0
5;2025-12-05;4;0
5;2025-12-05;5;0
5;2025-12-05;6;0
5;2025-12-05;7;0
5;2025-12-05;8;0
5;2025-12-05;9;0
5;2025-12-05;10;0
5;2025-12-05;11;0
5;2025-12-05;12;0
5;2025-12-05;13;0
5;2025-12-05;14;0
5;2025-12-05;15;0
5;2025-12-05;16;0
5;2025-12-05;17;0
5;2025-12-05;18;0
5;2025-12-05;19;0
5;2025-12-05;20;0
5;2025-12-05;21;0
5;2025-12-05;22;0
5;2025-12-05;23;0
5;2025-12-06;0;0
5;2025-12-06;1;0
5;2025-12-06;2;0
5;2025-12-06;3;0
5;2025-12-06;4;0
5;2025-12-06;5;0
5;2025-12-06;6;0
5;2025-12-06;7;0
5;2025-12-06;8;0
5;2025-12-06;9;0
5;2025-12-06;10;0
5;2025-12-06;11;0
5;2025-12-06;12;0
5;2025-12-06;13;0
5;2025-12-06;14;0
5;2025-12-06;15;0
5;2025-12-06;16;0
5;2025-12-06;17;0
5;2025-12-06;18;0
5;2025-12-06;19;0
5;2025-12-06;20;0
5;2025-12-06;21;0
5;2025-12-06;22;0
5;2025-12-06;23;0
5;2025-12-07;0;0
5;2025-12-07;1;0
5;2025-12-07;2;0
5;2025-12-07;3;0
5;2025-12-07;4;0
5;2025-12-07;5;0
5;2025-12-07;6;0
5;2025-12-07;7;0
5;2025-12-07;8;0
5;2025-12-07;9;0
5;2025-12-07;10;0
5;2025-12-07;11;0
5;2025-12-07;12;0
5;2025-12-07;13;0
5;2025-12-07;14;0
5;2025-12-07;15;0
5;2025-12-07;16;0
5;2025-12-07;17;0
5;2025-12-07;18;0
5;2025-12-07;19;0
5;2025-12-07;20;0
5;2025-12-07;21;0
5;2025-12-07;22;0
5;2025-12-07;23;0
5;2025-12-08;0;0
5;2025-12-08;1;0
5;2025-12-08;2;0
5;2025-12-08;3;0
5;2025-12-08;4;0
5;2025-12-08;5;0
5;2025-12-08;6;0
5;2025-12-08;7;0
5;2025-12-08;8;0
5;2025-12-08;9;0
5;2025-12-08;10;0
5;2025-12-08;11;0
5;2025-12-08;12;0
5;2025-12-08;13;0
5;2025-12-08;14;0
5;2025-12-08;15;0
5;2025-12-08;16;0
5;2025-12-08;17;0
5;2025-12-08;18;0
5;2025-12-08;19;0
5;2025-12-08;20;0
5;2025-12-08;21;0
5;2025-12-08;22;0
5;2025-12-08;23;0
5;2025-12-09;0;0
5;2025-12-09;1;0
5;2025-12-09;2;0
5;2025-12-09;3;0
5;2025-12-09;4;0
5;2025-12-09;5;0
5;2025-12-09;6;0
5;2025-12-09;7;0
5;2025-12-09;8;0
5;2025-12-09;9;0
5;2025-12-09;10;0
5;2025-12-09;11;0
5;2025-12-09;12;0
5;2025-12-09;13;0
5;2025-12-09;14;0
5;2025-12-09;15;0
5;2025-12-09;16;0
5;2025-12-09;17;0
5;2025-12-09;18;0
5;2025-12-09;19;0
5;2025-12-09;20;0
5;2025-12-09;21;0
5;2025-12-09;22;0
5;2025-12-09;23;0
5;2025-12-10;0;0
5;2025-12-10;1;0
5;2025-12-10;2;0
5;2025-12-10;3;0
5;2025-12-10;4;0
5;2025-12-10;5;0
5;2025-12-10;6;0
5;2025-12-10;7;0
5;2025-12-10;8;0
5;2025-12-10;9;0
5;2025-12-10;10;0
5;2025-12-10;11;0
5;2025-12-10;12;0
5;2025-12-10;13;0
5;2025-12-10;14;0
5;2025-12-10;15;0
5;2025-12-10;16;0
5;2025-12-10;17;0
5;2025-12-10;18;0
5;2025-12-10;19;0
5;2025-12-10;20;0
5;2025-12-10;21;0
5;2025-12-10;22;0
5;2025-12-10;23;0
5;2025-12-11;0;0
5;2025-12-11;1;0
5;2025-12-11;2;0
5;2025-12-11;3;0
5;2025-12-11;4;0
5;2025-12-11;5;0
5;2025-12-11;6;0
5;2025-12-11;7;0
5;2025-12-11;8;0
5;2025-12-11;9;0
5;2025-12-11;10;0
5;2025-12-11;11;0
5;2025-12-11;12;0
5;2025-12-11;13;0
5;2025-12-11;14;0
5;2025-12-11;15;0
5;2025-12-11;16;0
5;2025-12-11;17;0
5;2025-12-11;18;0
5;2025-12-11;19;0
5;2025-12-11;20;0
5;2025-12-11;21;0
5;2025-12-11;22;0
5;2025-12-11;23;0
5;2025-12-12;0;0
5;2025-12-12;1;0
5;2025-12-12;2;0
5;2025-12-12;3;0
5;2025-12-12;4;0
5;2025-12-12;5;0
5;2025-12-12;6;0
5;2025-12-12;7;0
5;2025-12-12;8;0
5;2025-12-12;9;0
5;2025-12-12;10;0
5;2025-12-12;11;0
5;2025-12-12;12;0
5;2025-12-12;13;0
5;2025-12-12;14;0
5;2025-12-12;15;0
5;2025-12-12;16;0
5;2025-12-12;17;0
5;2025-12-12;18;0
5;2025-12-12;19;0
5;2025-12-12;20;0
5;2025-12-12;21;0
5;2025-12-12;22;0
5;2025-12-12;23;0
5;2025-12-13;0;0
5;2025-12-13;1;0
5;2025-12-13;2;0
5;2025-12-13;3;0
5;2025-12-13;4;0
5;2025-12-13;5;0
5;2025-12-13;6;0
5;2025-12-13;7;0
5;2025-12-13;8;0
5;2025-12-13;9;0
5;2025-12-13;10;0
5;2025-12-13;11;0
5;2025-12-13;12;0
5;2025-12-13;13;0
5;2025-12-13;14;0
5;2025-12-13;15;0
5;2025-12-13;16;0
5;2025-12-13;17;0
5;2025-12-13;18;0
5;2025-12-13;19;0
5;2025-12-13;20;0
5;2025-12-13;21;0
5;2025-12-13;22;0
5;2025-12-13;23;0
5;2025-12-14;0;0
5;2025-12-14;1;0
5;2025-12-14;2;0
5;2025-12-14;3;0
5;2025-12-14;4;0
5;2025-12-14;5;0
5;2025-12-14;6;0
5;2025-12-14;7;0
5;2025-12-14;8;0
5;2025-12-14;9;0
5;2025-12-14;10;0
5;2025-12-14;11;0
5;2025-12-14;12;0
5;2025-12-14;13;0
5;2025-12-14;14;0
5;2025-12-14;15;0
5;2025-12-14;16;0
5;2025-12-14;17;0
5;2025-12-14;18;0
5;2025-12-14;19;0
5;2025-12-14;20;0
5;2025-12-14;21;0
5;2025-12-14;22;0
5;2025-12-14;23;0
5;2025-12-15;0;0
5;2025-12-15;1;0
5;2025-12-15;2;0
5;2025-12-15;3;0
5;2025-12-15;4;0
5;2025-12-15;5;0
5;2025-12-15;6;0
5;2025-12-15;7;0
5;2025-12-15;8;0
5;2025-12-15;9;0
5;2025-12-15;10;0
5;2025-12-15;11;0
5;2025-12-15;12;0
5;2025-12-15;13;0
5;2025-12-15;14;0
5;2025-12-15;15;0
5;2025-12-15;16;0
5;2025-12-15;17;0
5;2025-12-15;18;0
5;2025-12-15;19;0
5;2025-12-15;20;0
5;2025-12-15;21;0
5;2025-12-15;22;0
5;2025-12-15;23;0
5;2025-12-16;0;0
5;2025-12-16;1;0
5;2025-12-16;2;0
5;2025-12-16;3;0
5;2025-12-16;4;0
5;2025-12-16;5;0
5;2025-12-16;6;0
5;2025-12-16;7;0
5;2025-12-16;8;0
5;2025-12-16;9;0
5;2025-12-16;10;0
5;2025-12-16;11;0
5;2025-12-16;12;0
5;2025-12-16;13;0
5;2025-12-16;14;0
5;2025-12-16;15;0
5;2025-12-16;16;0
5;2025-12-16;17;0
5;2025-12-16;18;0
5;2025-12-16;19;0
5;2025-12-16;20;0
5;2025-12-16;21;0
5;2025-12-16;22;0
5;2025-12-16;23;0
5;2025-12-17;0;0
5;2025-12-17;1;0
5;2025-12-17;2;0
5;2025-12-17;3;0
5;2025-12-17;4;0
5;2025-12-17;5;0
5;2025-12-17;6;0
5;2025-12-17;7;0
5;2025-12-17;8;0
5;2025-12-17;9;0
5;2025-12-17;10;0
5;2025-12-17;11;0
5;2025-12-17;12;0
5;2025-12-17;13;0
5;2025-12-17;14;0
5;2025-12-17;15;0
5;2025-12-17;16;0
5;2025-12-17;17;0
5;2025-12-17;18;0
5;2025-12-17;19;0
5;2025-12-17;20;0
5;2025-12-17;21;0
5;2025-12-17;22;0
5;2025-12-17;23;0
5;2025-12-18;0;0
5;2025-12-18;1;0
5;2025-12-18;2;0
5;2025-12-18;3;0
5;2025-12-18;4;0
5;2025-12-18;5;0
5;2025-12-18;6;0
5;2025-12-18;7;0
5;2025-12-18;8;0
5;2025-12-18;9;0
5;2025-12-18;10;0
5;2025-12-18;11;0
5;2025-12-18;12;0
5;2025-12-18;13;0
5;2025-12-18;14;0
5;2025-12-18;15;0
5;2025-12-18;16;0
5;2025-12-18;17;0
5;2025-12-18;18;0
5;2025-12-18;19;0
5;2025-12-18;20;0
5;2025-12-18;21;0
5;2025-12-18;22;0
5;2025-12-18;23;0
5;2025-12-19;0;0
5;2025-12-19;1;0
5;2025-12-19;2;0
5;2025-12-19;3;0
5;2025-12-19;4;0
5;2025-12-19;5;0
5;2025-12-19;6;0
5;2025-12-19;7;0
5;2025-12-19;8;0
5;2025-12-19;9;0
5;2025-12-19;10;0
5;2025-12-19;11;0
5;2025-12-19;12;0
5;2025-12-19;13;0
5;2025-12-19;14;0
5;2025-12-19;15;0
5;2025-12-19;16;0
5;2025-12-19;17;0
5;2025-12-19;18;0
5;2025-12-19;19;0
5;2025-12-19;20;0
5;2025-12-19;21;0
5;2025-12-19;22;0
5;2025-12-19;23;0
5;2025-12-20;0;0
5;2025-12-20;1;0
5;2025-12-20;2;0
5;2025-12-20;3;0
5;2025-12-20;4;0
5;2025-12-20;5;0
5;2025-12-20;6;0
5;2025-12-20;7;0
5;2025-12-20;8;0
5;2025-12-20;9;0
5;2025-12-20;10;0
5;2025-12-20;11;0
5;2025-12-20;12;0
5;2025-12-20;13;0
5;2025-12-20;14;0
5;2025-12-20;15;0
5;2025-12-20;16;0
5;2025-12-20;17;0
5;2025-12-20;18;0
5;2025-12-20;19;0
5;2025-12-20;20;0
5;2025-12-20;21;0
5;2025-12-20;22;0
5;2025-12-20;23;0
5;2025-12-21;0;0
5;2025-12-21;1;0
5;2025-12-21;2;0
5;2025-12-21;3;0
5;2025-12-21;4;0
5;2025-12-21;5;0
5;2025-12-21;6;0
5;2025-12-21;7;0
5;2025-12-21;8;0
5;2025-12-21;9;0
5;2025-12-21;10;0
5;2025-12-21;11;0
5;2025-12-21;12;0
5;2025-12-21;13;0
5;2025-12-21;14;0
5;2025-12-21;15;0
5;2025-12-21;16;0
5;2025-12-21;17;0
5;2025-12-21;18;0
5;2025-12-21;19;0
5;2025-12-21;20;0
5;2025-12-21;21;0
5;2025-12-21;22;0
5;2025-12-21;23;0
5;2025-12-22;0;0
5;2025-12-22;1;0
5;2025-12-22;2;0
5;2025-12-22;3;0
5;2025-12-22;4;0
5;2025-12-22;5;0
5;2025-12-22;6;0
5;2025-12-22;7;0
5;2025-12-22;8;0
5;2025-12-22;9;0
5;2025-12-22;10;0
5;2025-12-22;11;0
5;2025-12-22;12;0
5;2025-12-22;13;0
5;2025-12-22;14;0
5;2025-12-22;15;0
5;2025-12-22;16;0
5;2025-12-22;17;0
5;2025-12-22;18;0
5;2025-12-22;19;0
5;2025-12-22;20;0
5;2025-12-22;21;0
5;2025-12-22;22;0
5;2025-12-22;23;0
5;2025-12-23;0;0
5;2025-12-23;1;0
5;2025-12-23;2;0
5;2025-12-23;3;0
5;2025-12-23;4;0
5;2025-12-23;5;0
5;2025-12-23;6;0
5;2025-12-23;7;0
5;2025-12-23;8;0
5;2025-12-23;9;0
5;2025-12-23;10;0
5;2025-12-23;11;0
5;2025-12-23;12;0
5;2025-12-23;13;0
5;2025-12-23;14;0
5;2025-12-23;15;0
5;2025-12-23;16;0
5;2025-12-23;17;0
5;2025-12-23;18;0
5;2025-12-23;19;0
5;2025-12-23;20;0
5;2025-12-23;21;0
5;2025-12-23;22;0
5;2025-12-23;23;0
5;2025-12-24;0;0
5;2025-12-24;1;0
5;2025-12-24;2;0
5;2025-12-24;3;0
5;2025-12-24;4;0
5;2025-12-24;5;0
5;2025-12-24;6;0
5;2025-12-24;7;0
5;2025-12-24;8;0
5;2025-12-24;9;0
5;2025-12-24;10;0
5;2025-12-24;11;0
5;2025-12-24;12;0
5;2025-12-24;13;0
5;2025-12-24;14;0
5;2025-12-24;15;0
5;2025-12-24;16;0
5;2025-12-24;17;0
5;2025-12-24;18;0
5;2025-12-24;19;0
5;2025-12-24;20;0
5;2025-12-24;21;0
5;2025-12-24;22;0
5;2025-12-24;23;0
5;2025-12-25;0;0
5;2025-12-25;1;0
5;2025-12-25;2;0
5;2025-12-25;3;0
5;2025-12-25;4;0
5;2025-12-25;5;0
5;2025-12-25;6;0
5;2025-12-25;7;0
5;2025-12-25;8;0
5;2025-12-25;9;0
5;2025-12-25;10;0
5;2025-12-25;11;0
5;2025-12-25;12;0
5;2025-12-25;13;0
5;2025-12-25;14;0
5;2025-12-25;15;0
5;2025-12-25;16;0
5;2025-12-25;17;0
5;2025-12-25;18;0
5;2025-12-25;19;0
5;2025-12-25;20;0
5;2025-12-25;21;0
5;2025-12-25;22;0
5;2025-12-25;23;0
5;2025-12-26;0;0
5;2025-12-26;1;0
5;2025-12-26;2;0
5;2025-12-26;3;0
5;2025-12-26;4;0
5;2025-12-26;5;0
5;2025-12-26;6;0
5;2025-12-26;7;0
5;2025-12-26;8;0
5;2025-12-26;9;0
5;2025-12-26;10;0
5;2025-12-26;11;0
5;2025-12-26;12;0
5;2025-12-26;13;0
5;2025-12-26;14;0
5;2025-12-26;15;0
5;2025-12-26;16;0
5;2025-12-26;17;0
5;2025-12-26;18;0
5;2025-12-26;19;0
5;2025-12-26;20;0
5;2025-12-26;21;0
5;2025-12-26;22;0
5;2025-12-26;23;0
5;2025-12-27;0;0
5;2025-12-27;1;0
5;2025-12-27;2;0
5;2025-12-27;3;0
5;2025-12-27;4;0
5;2025-12-27;5;0
5;2025-12-27;6;0
5;2025-12-27;7;0
5;2025-12-27;8;0
5;2025-12-27;9;0
5;2025-12-27;10;0
5;2025-12-27;11;0
5;2025-12-27;12;0
5;2025-12-27;13;0
5;2025-12-27;14;0
5;2025-12-27;15;0
5;2025-12-27;16;0
5;2025-12-27;17;0
5;2025-12-27;18;0
5;2025-12-27;19;0
5;2025-12-27;20;0
5;2025-12-27;21;0
5;2025-12-27;22;0
5;2025-12-27;23;0
5;2025-12-28;0;0
5;2025-12-28;1;0
5;2025-12-28;2;0
5;2025-12-28;3;0
5;2025-12-28;4;0
5;2025-12-28;5;0
5;2025-12-28;6;0
5;2025-12-28;7;0
5;2025-12-28;8;0
5;2025-12-28;9;0
5;2025-12-28;10;0
5;2025-12-28;11;0
5;2025-12-28;12;0
5;2025-12-28;13;0
5;2025-12-28;14;0
5;2025-12-28;15;0
5;2025-12-28;16;0
5;2025-12-28;17;0
5;2025-12-28;18;0
5;2025-12-28;19;0
5;2025-12-28;20;0
5;2025-12-28;21;0
5;2025-12-28;22;0
5;2025-12-28;23;0
5;2025-12-29;0;0
5;2025-12-29;1;0
5;2025-12-29;2;0
5;2025-12-29;3;0
5;2025-12-29;4;0
5;2025-12-29;5;0
5;2025-12-29;6;0
5;2025-12-29;7;0
5;2025-12-29;8;0
5;2025-12-29;9;0
5;2025-12-29;10;0
5;2025-12-29;11;0
5;2025-12-29;12;0
5;2025-12-29;13;0
5;2025-12-29;14;0
5;2025-12-29;15;0
5;2025-12-29;16;0
5;2025-12-29;17;0
5;2025-12-29;18;0
5;2025-12-29;19;0
5;2025-12-29;20;0
5;2025-12-29;21;0
5;2025-12-29;22;0
5;2025-12-29;23;0
5;2025-12-30;0;0
5;2025-12-30;1;0
5;2025-12-30;2;0
5;2025-12-30;3;0
5;2025-12-30;4;0
5;2025-12-30;5;0
5;2025-12-30;6;0
5;2025-12-30;7;0
5;2025-12-30;8;0
5;2025-12-30;9;0
5;2025-12-30;10;0
5;2025-12-30;11;0
5;2025-12-30;12;0
5;2025-12-30;13;0
5;2025-12-30;14;0
5;2025-12-30;15;0
5;2025-12-30;16;0
5;2025-12-30;17;0
5;2025-12-30;18;0
5;2025-12-30;19;0
5;2025-12-30;20;0
5;2025-12-30;21;0
5;2025-12-30;22;0
5;2025-12-30;23;0
5;2025-12-31;0;0
5;2025-12-31;1;0
5;2025-12-31;2;0
5;2025-12-31;3;0
5;2025-12-31;4;0
5;2025-12-31;5;0
5;2025-12-31;6;0
5;2025-12-31;7;0
5;2025-12-31;8;0
5;2025-12-31;9;0
5;2025-12-31;10;0
5;2025-12-31;11;0
5;2025-12-31;12;0
5;2025-12-31;13;0
5;2025-12-31;14;0
5;2025-12-31;15;0
5;2025-12-31;16;0
5;2025-12-31;17;0
5;2025-12-31;18;0
5;2025-12-31;19;0
5;2025-12-31;20;0
5;2025-12-31;21;0
5;2025-12-31;22;0
5;2025-12-31;23;0
7;2025-11-01;0;66
7;2025-11-01;1;12
7;2025-11-01;2;0
7;2025-11-01;3;0
7;2025-11-01;4;1
7;2025-11-01;5;188
7;2025-11-01;6;229
7;2025-11-01;7;307
7;2025-11-01;8;681
7;2025-11-01;9;582
7;2025-11-01;10;534
7;2025-11-01;11;618
7;2025-11-01;12;836
7;2025-11-01;13;768
7;2025-11-01;14;791
7;2025-11-01;15;774
7;2025-11-01;16;745
7;2025-11-01;17;710
7;2025-11-01;18;722
7;2025-11-01;19;617
7;2025-11-01;20;440
7;2025-11-01;21;333
7;2025-11-01;22;186
7;2025-11-01;23;138
7;2025-11-02;0;106
7;2025-11-02;1;20
7;2025-11-02;2;0
7;2025-11-02;3;0
7;2025-11-02;4;0
7;2025-11-02;5;42
7;2025-11-02;6;136
7;2025-11-02;7;187
7;2025-11-02;8;381
7;2025-11-02;9;510
7;2025-11-02;10;392
7;2025-11-02;11;528
7;2025-11-02;12;664
7;2025-11-02;13;624
7;2025-11-02;14;686
7;2025-11-02;15;626
7;2025-11-02;16;584
7;2025-11-02;17;625
7;2025-11-02;18;653
7;2025-11-02;19;495
7;2025-11-02;20;405
7;2025-11-02;21;294
7;2025-11-02;22;166
7;2025-11-02;23;122
7;2025-11-03;0;101
7;2025-11-03;1;19
7;2025-11-03;2;0
7;2025-11-03;3;0
7;2025-11-03;4;0
7;2025-11-03;5;40
7;2025-11-03;6;215
7;2025-11-03;7;330
7;2025-11-03;8;519
7;2025-11-03;9;645
7;2025-11-03;10;743
7;2025-11-03;11;911
7;2025-11-03;12;1059
7;2025-11-03;13;1112
7;2025-11-03;14;1172
7;2025-11-03;15;1104
7;2025-11-03;16;1058
7;2025-11-03;17;1016
7;2025-11-03;18;927
7;2025-11-03;19;850
7;2025-11-03;20;640
7;2025-11-03;21;524
7;2025-11-03;22;316
7;2025-11-03;23;164
7;2025-11-04;0;104
7;2025-11-04;1;20
7;2025-11-04;2;0
7;2025-11-04;3;0
7;2025-11-04;4;0
7;2025-11-04;5;41
7;2025-11-04;6;215
7;2025-11-04;7;330
7;2025-11-04;8;519
7;2025-11-04;9;645
7;2025-11-04;10;743
7;2025-11-04;11;911
7;2025-11-04;12;1059
7;2025-11-04;13;1112
7;2025-11-04;14;1172
7;2025-11-04;15;1104
7;2025-11-04;16;1058
7;2025-11-04;17;1016
7;2025-11-04;18;927
7;2025-11-04;19;850
7;2025-11-04;20;640
7;2025-11-04;21;524
7;2025-11-04;22;316
7;2025-11-04;23;164
7;2025-11-05;0;59
7;2025-11-05;1;9
7;2025-11-05;2;0
7;2025-11-05;3;0
7;2025-11-05;4;2
7;2025-11-05;5;201
7;2025-11-05;6;662
7;2025-11-05;7;1556
7;2025-11-05;8;2493
7;2025-11-05;9;1846
7;2025-11-05;10;1634
7;2025-11-05;11;1406
7;2025-11-05;12;1519
7;2025-11-05;13;1489
7;2025-11-05;14;1602
7;2025-11-05;15;1760
7;2025-11-05;16;1821
7;2025-11-05;17;2323
7;2025-11-05;18;2539
7;2025-11-05;19;1714
7;2025-11-05;20;1088
7;2025-11-05;21;640
7;2025-11-05;22;329
7;2025-11-05;23;190
7;2025-11-06;0;63
7;2025-11-06;1;12
7;2025-11-06;2;0
7;2025-11-06;3;0
7;2025-11-06;4;1
7;2025-11-06;5;195
7;2025-11-06;6;722
7;2025-11-06;7;1646
7;2025-11-06;8;2516
7;2025-11-06;9;1839
7;2025-11-06;10;1560
7;2025-11-06;11;1463
7;2025-11-06;12;1504
7;2025-11-06;13;1505
7;2025-11-06;14;1638
7;2025-11-06;15;1706
7;2025-11-06;16;1822
7;2025-11-06;17;2284
7;2025-11-06;18;2678
7;2025-11-06;19;1679
7;2025-11-06;20;1084
7;2025-11-06;21;651
7;2025-11-06;22;312
7;2025-11-06;23;194
7;2025-11-07;0;66
7;2025-11-07;1;12
7;2025-11-07;2;0
7;2025-11-07;3;0
7;2025-11-07;4;1
7;2025-11-07;5;186
7;2025-11-07;6;664
7;2025-11-07;7;1552
7;2025-11-07;8;2319
7;2025-11-07;9;1767
7;2025-11-07;10;1549
7;2025-11-07;11;1479
7;2025-11-07;12;1570
7;2025-11-07;13;1654
7;2025-11-07;14;1713
7;2025-11-07;15;1836
7;2025-11-07;16;2035
7;2025-11-07;17;2226
7;2025-11-07;18;2103
7;2025-11-07;19;1495
7;2025-11-07;20;1035
7;2025-11-07;21;614
7;2025-11-07;22;357
7;2025-11-07;23;229
7;2025-11-08;0;103
7;2025-11-08;1;22
7;2025-11-08;2;0
7;2025-11-08;3;0
7;2025-11-08;4;0
7;2025-11-08;5;59
7;2025-11-08;6;229
7;2025-11-08;7;307
7;2025-11-08;8;681
7;2025-11-08;9;582
7;2025-11-08;10;534
7;2025-11-08;11;618
7;2025-11-08;12;836
7;2025-11-08;13;768
7;2025-11-08;14;791
7;2025-11-08;15;774
7;2025-11-08;16;745
7;2025-11-08;17;710
7;2025-11-08;18;722
7;2025-11-08;19;617
7;2025-11-08;20;440
7;2025-11-08;21;333
7;2025-11-08;22;186
7;2025-11-08;23;138
7;2025-11-09;0;106
7;2025-11-09;1;20
7;2025-11-09;2;0
7;2025-11-09;3;0
7;2025-11-09;4;0
7;2025-11-09;5;42
7;2025-11-09;6;136
7;2025-11-09;7;187
7;2025-11-09;8;381
7;2025-11-09;9;510
7;2025-11-09;10;392
7;2025-11-09;11;528
7;2025-11-09;12;664
7;2025-11-09;13;624
7;2025-11-09;14;686
7;2025-11-09;15;626
7;2025-11-09;16;584
7;2025-11-09;17;625
7;2025-11-09;18;653
7;2025-11-09;19;495
7;2025-11-09;20;405
7;2025-11-09;21;294
7;2025-11-09;22;166
7;2025-11-09;23;122
7;2025-11-10;0;65
7;2025-11-10;1;13
7;2025-11-10;2;0
7;2025-11-10;3;0
7;2025-11-10;4;1
7;2025-11-10;5;196
7;2025-11-10;6;702
7;2025-11-10;7;1635
7;2025-11-10;8;2449
7;2025-11-10;9;1806
7;2025-11-10;10;1528
7;2025-11-10;11;1341
7;2025-11-10;12;1473
7;2025-11-10;13;1468
7;2025-11-10;14;1490
7;2025-11-10;15;1693
7;2025-11-10;16;1775
7;2025-11-10;17;2273
7;2025-11-10;18;2557
7;2025-11-10;19;1735
7;2025-11-10;20;1094
7;2025-11-10;21;571
7;2025-11-10;22;304
7;2025-11-10;23;155
7;2025-11-11;0;50
7;2025-11-11;1;10
7;2025-11-11;2;0
7;2025-11-11;3;0
7;2025-11-11;4;2
7;2025-11-11;5;202
7;2025-11-11;6;694
7;2025-11-11;7;1652
7;2025-11-11;8;2469
7;2025-11-11;9;1819
7;2025-11-11;10;1583
7;2025-11-11;11;1468
7;2025-11-11;12;1539
7;2025-11-11;13;1541
7;2025-11-11;14;1581
7;2025-11-11;15;1786
7;2025-11-11;16;1794
7;2025-11-11;17;2327
7;2025-11-11;18;2566
7;2025-11-11;19;1790
7;2025-11-11;20;1096
7;2025-11-11;21;649
7;2025-11-11;22;309
7;2025-11-11;23;179
7;2025-11-12;0;59
7;2025-11-12;1;9
7;2025-11-12;2;0
7;2025-11-12;3;0
7;2025-11-12;4;2
7;2025-11-12;5;201
7;2025-11-12;6;662
7;2025-11-12;7;1556
7;2025-11-12;8;2493
7;2025-11-12;9;1846
7;2025-11-12;10;1634
7;2025-11-12;11;1406
7;2025-11-12;12;1519
7;2025-11-12;13;1489
7;2025-11-12;14;1602
7;2025-11-12;15;1760
7;2025-11-12;16;1821
7;2025-11-12;17;2323
7;2025-11-12;18;2539
7;2025-11-12;19;1714
7;2025-11-12;20;1088
7;2025-11-12;21;640
7;2025-11-12;22;329
7;2025-11-12;23;190
7;2025-11-13;0;63
7;2025-11-13;1;12
7;2025-11-13;2;0
7;2025-11-13;3;0
7;2025-11-13;4;1
7;2025-11-13;5;195
7;2025-11-13;6;722
7;2025-11-13;7;1646
7;2025-11-13;8;2516
7;2025-11-13;9;1839
7;2025-11-13;10;1560
7;2025-11-13;11;1463
7;2025-11-13;12;1504
7;2025-11-13;13;1505
7;2025-11-13;14;1638
7;2025-11-13;15;1706
7;2025-11-13;16;1822
7;2025-11-13;17;2284
7;2025-11-13;18;2678
7;2025-11-13;19;1679
7;2025-11-13;20;1084
7;2025-11-13;21;651
7;2025-11-13;22;312
7;2025-11-13;23;194
7;2025-11-14;0;66
7;2025-11-14;1;12
7;2025-11-14;2;0
7;2025-11-14;3;0
7;2025-11-14;4;1
7;2025-11-14;5;186
7;2025-11-14;6;664
7;2025-11-14;7;1552
7;2025-11-14;8;2319
7;2025-11-14;9;1767
7;2025-11-14;10;1549
7;2025-11-14;11;1479
7;2025-11-14;12;1570
7;2025-11-14;13;1654
7;2025-11-14;14;1713
7;2025-11-14;15;1836
7;2025-11-14;16;2035
7;2025-11-14;17;2226
7;2025-11-14;18;2103
7;2025-11-14;19;1495
7;2025-11-14;20;1035
7;2025-11-14;21;614
7;2025-11-14;22;357
7;2025-11-14;23;229
7;2025-11-15;0;103
7;2025-11-15;1;22
7;2025-11-15;2;0
7;2025-11-15;3;0
7;2025-11-15;4;0
7;2025-11-15;5;59
7;2025-11-15;6;295
7;2025-11-15;7;463
7;2025-11-15;8;763
7;2025-11-15;9;886
7;2025-11-15;10;997
7;2025-11-15;11;1158
7;2025-11-15;12;1285
7;2025-11-15;13;1292
7;2025-11-15;14;1424
7;2025-11-15;15;1263
7;2025-11-15;16;1210
7;2025-11-15;17;1142
7;2025-11-15;18;1085
7;2025-11-15;19;1088
7;2025-11-15;20;818
7;2025-11-15;21;641
7;2025-11-15;22;357
7;2025-11-15;23;225
7;2025-11-16;0;106
7;2025-11-16;1;20
7;2025-11-16;2;0
7;2025-11-16;3;0
7;2025-11-16;4;0
7;2025-11-16;5;42
7;2025-11-16;6;230
7;2025-11-16;7;353
7;2025-11-16;8;555
7;2025-11-16;9;689
7;2025-11-16;10;793
7;2025-11-16;11;974
7;2025-11-16;12;1132
7;2025-11-16;13;1188
7;2025-11-16;14;1252
7;2025-11-16;15;1180
7;2025-11-16;16;1131
7;2025-11-16;17;1085
7;2025-11-16;18;991
7;2025-11-16;19;908
7;2025-11-16;20;684
7;2025-11-16;21;560
7;2025-11-16;22;338
7;2025-11-16;23;176
7;2025-11-17;0;65
7;2025-11-17;1;13
7;2025-11-17;2;0
7;2025-11-17;3;0
7;2025-11-17;4;1
7;2025-11-17;5;196
7;2025-11-17;6;702
7;2025-11-17;7;1635
7;2025-11-17;8;2449
7;2025-11-17;9;1806
7;2025-11-17;10;1528
7;2025-11-17;11;1341
7;2025-11-17;12;1473
7;2025-11-17;13;1468
7;2025-11-17;14;1490
7;2025-11-17;15;1693
7;2025-11-17;16;1775
7;2025-11-17;17;2273
7;2025-11-17;18;2557
7;2025-11-17;19;1735
7;2025-11-17;20;1094
7;2025-11-17;21;571
7;2025-11-17;22;304
7;2025-11-17;23;155
7;2025-11-18;0;50
7;2025-11-18;1;10
7;2025-11-18;2;0
7;2025-11-18;3;0
7;2025-11-18;4;2
7;2025-11-18;5;202
7;2025-11-18;6;694
7;2025-11-18;7;1652
7;2025-11-18;8;2469
7;2025-11-18;9;1819
7;2025-11-18;10;1583
7;2025-11-18;11;1468
7;2025-11-18;12;1539
7;2025-11-18;13;1541
7;2025-11-18;14;1581
7;2025-11-18;15;1786
7;2025-11-18;16;1794
7;2025-11-18;17;2327
7;2025-11-18;18;2566
7;2025-11-18;19;1790
7;2025-11-18;20;1096
7;2025-11-18;21;649
7;2025-11-18;22;309
7;2025-11-18;23;179
7;2025-11-19;0;59
7;2025-11-19;1;9
7;2025-11-19;2;0
7;2025-11-19;3;0
7;2025-11-19;4;2
7;2025-11-19;5;201
7;2025-11-19;6;662
7;2025-11-19;7;1556
7;2025-11-19;8;2493
7;2025-11-19;9;1846
7;2025-11-19;10;1634
7;2025-11-19;11;1406
7;2025-11-19;12;1519
7;2025-11-19;13;1489
7;2025-11-19;14;1602
7;2025-11-19;15;1760
7;2025-11-19;16;1821
7;2025-11-19;17;2323
7;2025-11-19;18;2539
7;2025-11-19;19;1714
7;2025-11-19;20;1088
7;2025-11-19;21;640
7;2025-11-19;22;329
7;2025-11-19;23;190
7;2025-11-20;0;63
7;2025-11-20;1;12
7;2025-11-20;2;0
7;2025-11-20;3;0
7;2025-11-20;4;1
7;2025-11-20;5;195
7;2025-11-20;6;722
7;2025-11-20;7;1646
7;2025-11-20;8;2516
7;2025-11-20;9;1839
7;2025-11-20;10;1560
7;2025-11-20;11;1463
7;2025-11-20;12;1504
7;2025-11-20;13;1505
7;2025-11-20;14;1638
7;2025-11-20;15;1706
7;2025-11-20;16;1822
7;2025-11-20;17;2284
7;2025-11-20;18;2678
7;2025-11-20;19;1679
7;2025-11-20;20;1084
7;2025-11-20;21;651
7;2025-11-20;22;312
7;2025-11-20;23;194
7;2025-11-21;0;66
7;2025-11-21;1;12
7;2025-11-21;2;0
7;2025-11-21;3;0
7;2025-11-21;4;1
7;2025-11-21;5;186
7;2025-11-21;6;664
7;2025-11-21;7;1552
7;2025-11-21;8;2319
7;2025-11-21;9;1767
7;2025-11-21;10;1549
7;2025-11-21;11;1479
7;2025-11-21;12;1570
7;2025-11-21;13;1654
7;2025-11-21;14;1713
7;2025-11-21;15;1836
7;2025-11-21;16;2035
7;2025-11-21;17;2226
7;2025-11-21;18;2103
7;2025-11-21;19;1495
7;2025-11-21;20;1035
7;2025-11-21;21;614
7;2025-11-21;22;357
7;2025-11-21;23;229
7;2025-11-22;0;103
7;2025-11-22;1;22
7;2025-11-22;2;0
7;2025-11-22;3;0
7;2025-11-22;4;0
7;2025-11-22;5;59
7;2025-11-22;6;295
7;2025-11-22;7;463
7;2025-11-22;8;763
7;2025-11-22;9;886
7;2025-11-22;10;997
7;2025-11-22;11;1158
7;2025-11-22;12;1285
7;2025-11-22;13;1292
7;2025-11-22;14;1424
7;2025-11-22;15;1263
7;2025-11-22;16;1210
7;2025-11-22;17;1142
7;2025-11-22;18;1085
7;2025-11-22;19;1088
7;2025-11-22;20;818
7;2025-11-22;21;641
7;2025-11-22;22;357
7;2025-11-22;23;225
7;2025-11-23;0;106
7;2025-11-23;1;20
7;2025-11-23;2;0
7;2025-11-23;3;0
7;2025-11-23;4;0
7;2025-11-23;5;42
7;2025-11-23;6;230
7;2025-11-23;7;353
7;2025-11-23;8;555
7;2025-11-23;9;689
7;2025-11-23;10;793
7;2025-11-23;11;974
7;2025-11-23;12;1132
7;2025-11-23;13;1188
7;2025-11-23;14;1252
7;2025-11-23;15;1180
7;2025-11-23;16;1131
7;2025-11-23;17;1085
7;2025-11-23;18;991
7;2025-11-23;19;908
7;2025-11-23;20;684
7;2025-11-23;21;560
7;2025-11-23;22;338
7;2025-11-23;23;176
7;2025-11-24;0;65
7;2025-11-24;1;13
7;2025-11-24;2;0
7;2025-11-24;3;0
7;2025-11-24;4;1
7;2025-11-24;5;196
7;2025-11-24;6;702
7;2025-11-24;7;1635
7;2025-11-24;8;2449
7;2025-11-24;9;1806
7;2025-11-24;10;1528
7;2025-11-24;11;1341
7;2025-11-24;12;1473
7;2025-11-24;13;1468
7;2025-11-24;14;1490
7;2025-11-24;15;1693
7;2025-11-24;16;1775
7;2025-11-24;17;2273
7;2025-11-24;18;2557
7;2025-11-24;19;1735
7;2025-11-24;20;1094
7;2025-11-24;21;571
7;2025-11-24;22;304
7;2025-11-24;23;155
7;2025-11-25;0;50
7;2025-11-25;1;10
7;2025-11-25;2;0
7;2025-11-25;3;0
7;2025-11-25;4;2
7;2025-11-25;5;202
7;2025-11-25;6;694
7;2025-11-25;7;1652
7;2025-11-25;8;2469
7;2025-11-25;9;1819
7;2025-11-25;10;1583
7;2025-11-25;11;1468
7;2025-11-25;12;1539
7;2025-11-25;13;1541
7;2025-11-25;14;1581
7;2025-11-25;15;1786
7;2025-11-25;16;1794
7;2025-11-25;17;2327
7;2025-11-25;18;2566
7;2025-11-25;19;1790
7;2025-11-25;20;1096
7;2025-11-25;21;649
7;2025-11-25;22;309
7;2025-11-25;23;179
7;2025-11-26;0;59
7;2025-11-26;1;9
7;2025-11-26;2;0
7;2025-11-26;3;0
7;2025-11-26;4;2
7;2025-11-26;5;201
7;2025-11-26;6;662
7;2025-11-26;7;1556
7;2025-11-26;8;2493
7;2025-11-26;9;1846
7;2025-11-26;10;1634
7;2025-11-26;11;1406
7;2025-11-26;12;1519
7;2025-11-26;13;1489
7;2025-11-26;14;1602
7;2025-11-26;15;1760
7;2025-11-26;16;1821
7;2025-11-26;17;2323
7;2025-11-26;18;2539
7;2025-11-26;19;1714
7;2025-11-26;20;1088
7;2025-11-26;21;640
7;2025-11-26;22;329
7;2025-11-26;23;190
7;2025-11-27;0;63
7;2025-11-27;1;12
7;2025-11-27;2;0
7;2025-11-27;3;0
7;2025-11-27;4;1
7;2025-11-27;5;195
7;2025-11-27;6;722
7;2025-11-27;7;1646
7;2025-11-27;8;2516
7;2025-11-27;9;1839
7;2025-11-27;10;1560
7;2025-11-27;11;1463
7;2025-11-27;12;1504
7;2025-11-27;13;1505
7;2025-11-27;14;1638
7;2025-11-27;15;1706
7;2025-11-27;16;1822
7;2025-11-27;17;2284
7;2025-11-27;18;2678
7;2025-11-27;19;1679
7;2025-11-27;20;1084
7;2025-11-27;21;651
7;2025-11-27;22;312
7;2025-11-27;23;194
7;2025-11-28;0;66
7;2025-11-28;1;12
7;2025-11-28;2;0
7;2025-11-28;3;0
7;2025-11-28;4;1
7;2025-11-28;5;186
7;2025-11-28;6;664
7;2025-11-28;7;1552
7;2025-11-28;8;2319
7;2025-11-28;9;1767
7;2025-11-28;10;1549
7;2025-11-28;11;1479
7;2025-11-28;12;1570
7;2025-11-28;13;1654
7;2025-11-28;14;1713
7;2025-11-28;15;1836
7;2025-11-28;16;2035
7;2025-11-28;17;2226
7;2025-11-28;18;2103
7;2025-11-28;19;1495
7;2025-11-28;20;1035
7;2025-11-28;21;614
7;2025-11-28;22;357
7;2025-11-28;23;229
7;2025-11-29;0;103
7;2025-11-29;1;22
7;2025-11-29;2;0
7;2025-11-29;3;0
7;2025-11-29;4;0
7;2025-11-29;5;59
7;2025-11-29;6;295
7;2025-11-29;7;463
7;2025-11-29;8;763
7;2025-11-29;9;886
7;2025-11-29;10;997
7;2025-11-29;11;1158
7;2025-11-29;12;1285
7;2025-11-29;13;1292
7;2025-11-29;14;1424
7;2025-11-29;15;1263
7;2025-11-29;16;1210
7;2025-11-29;17;1142
7;2025-11-29;18;1085
7;2025-11-29;19;1088
7;2025-11-29;20;818
7;2025-11-29;21;641
7;2025-11-29;22;357
7;2025-11-29;23;225
7;2025-11-30;0;106
7;2025-11-30;1;20
7;2025-11-30;2;0
7;2025-11-30;3;0
7;2025-11-30;4;0
7;2025-11-30;5;42
7;2025-11-30;6;230
7;2025-11-30;7;353
7;2025-11-30;8;555
7;2025-11-30;9;689
7;2025-11-30;10;793
7;2025-11-30;11;974
7;2025-11-30;12;1132
7;2025-11-30;13;1188
7;2025-11-30;14;1252
7;2025-11-30;15;1180
7;2025-11-30;16;1131
7;2025-11-30;17;1085
7;2025-11-30;18;991
7;2025-11-30;19;908
7;2025-11-30;20;684
7;2025-11-30;21;560
7;2025-11-30;22;338
7;2025-11-30;23;176
7;2025-12-01;0;65
7;2025-12-01;1;13
7;2025-12-01;2;0
7;2025-12-01;3;0
7;2025-12-01;4;1
7;2025-12-01;5;196
7;2025-12-01;6;702
7;2025-12-01;7;1635
7;2025-12-01;8;2449
7;2025-12-01;9;1806
7;2025-12-01;10;1528
7;2025-12-01;11;1341
7;2025-12-01;12;1473
7;2025-12-01;13;1468
7;2025-12-01;14;1490
7;2025-12-01;15;1693
7;2025-12-01;16;1775
7;2025-12-01;17;2273
7;2025-12-01;18;2557
7;2025-12-01;19;1735
7;2025-12-01;20;1094
7;2025-12-01;21;571
7;2025-12-01;22;304
7;2025-12-01;23;155
7;2025-12-02;0;50
7;2025-12-02;1;10
7;2025-12-02;2;0
7;2025-12-02;3;0
7;2025-12-02;4;2
7;2025-12-02;5;202
7;2025-12-02;6;694
7;2025-12-02;7;1652
7;2025-12-02;8;2469
7;2025-12-02;9;1819
7;2025-12-02;10;1583
7;2025-12-02;11;1468
7;2025-12-02;12;1539
7;2025-12-02;13;1541
7;2025-12-02;14;1581
7;2025-12-02;15;1786
7;2025-12-02;16;1794
7;2025-12-02;17;2327
7;2025-12-02;18;2566
7;2025-12-02;19;1790
7;2025-12-02;20;1096
7;2025-12-02;21;649
7;2025-12-02;22;309
7;2025-12-02;23;179
7;2025-12-03;0;59
7;2025-12-03;1;9
7;2025-12-03;2;0
7;2025-12-03;3;0
7;2025-12-03;4;2
7;2025-12-03;5;201
7;2025-12-03;6;662
7;2025-12-03;7;1556
7;2025-12-03;8;2493
7;2025-12-03;9;1846
7;2025-12-03;10;1634
7;2025-12-03;11;1406
7;2025-12-03;12;1519
7;2025-12-03;13;1489
7;2025-12-03;14;1602
7;2025-12-03;15;1760
7;2025-12-03;16;1821
7;2025-12-03;17;2323
7;2025-12-03;18;2539
7;2025-12-03;19;1714
7;2025-12-03;20;1088
7;2025-12-03;21;640
7;2025-12-03;22;329
7;2025-12-03;23;190
7;2025-12-04;0;63
7;2025-12-04;1;12
7;2025-12-04;2;0
7;2025-12-04;3;0
7;2025-12-04;4;1
7;2025-12-04;5;195
7;2025-12-04;6;722
7;2025-12-04;7;1646
7;2025-12-04;8;2516
7;2025-12-04;9;1839
7;2025-12-04;10;1560
7;2025-12-04;11;1463
7;2025-12-04;12;1504
7;2025-12-04;13;1505
7;2025-12-04;14;1638
7;2025-12-04;15;1706
7;2025-12-04;16;1822
7;2025-12-04;17;2284
7;2025-12-04;18;2678
7;2025-12-04;19;1679
7;2025-12-04;20;1084
7;2025-12-04;21;651
7;2025-12-04;22;312
7;2025-12-04;23;194
7;2025-12-05;0;66
7;2025-12-05;1;12
7;2025-12-05;2;0
7;2025-12-05;3;0
7;2025-12-05;4;1
7;2025-12-05;5;186
7;2025-12-05;6;664
7;2025-12-05;7;1552
7;2025-12-05;8;2319
7;2025-12-05;9;1767
7;2025-12-05;10;1549
7;2025-12-05;11;1479
7;2025-12-05;12;1570
7;2025-12-05;13;1654
7;2025-12-05;14;1713
7;2025-12-05;15;1836
7;2025-12-05;16;2035
7;2025-12-05;17;2226
7;2025-12-05;18;2103
7;2025-12-05;19;1495
7;2025-12-05;20;1035
7;2025-12-05;21;614
7;2025-12-05;22;357
7;2025-12-05;23;229
7;2025-12-06;0;103
7;2025-12-06;1;22
7;2025-12-06;2;0
7;2025-12-06;3;0
7;2025-12-06;4;0
7;2025-12-06;5;59
7;2025-12-06;6;295
7;2025-12-06;7;463
7;2025-12-06;8;763
7;2025-12-06;9;886
7;2025-12-06;10;997
7;2025-12-06;11;1158
7;2025-12-06;12;1285
7;2025-12-06;13;1292
7;2025-12-06;14;1424
7;2025-12-06;15;1263
7;2025-12-06;16;1210
7;2025-12-06;17;1142
7;2025-12-06;18;1085
7;2025-12-06;19;1088
7;2025-12-06;20;818
7;2025-12-06;21;641
7;2025-12-06;22;357
7;2025-12-06;23;225
7;2025-12-07;0;106
7;2025-12-07;1;20
7;2025-12-07;2;0
7;2025-12-07;3;0
7;2025-12-07;4;0
7;2025-12-07;5;42
7;2025-12-07;6;230
7;2025-12-07;7;353
7;2025-12-07;8;555
7;2025-12-07;9;689
7;2025-12-07;10;793
7;2025-12-07;11;974
7;2025-12-07;12;1132
7;2025-12-07;13;1188
7;2025-12-07;14;1252
7;2025-12-07;15;1180
7;2025-12-07;16;1131
7;2025-12-07;17;1085
7;2025-12-07;18;991
7;2025-12-07;19;908
7;2025-12-07;20;684
7;2025-12-07;21;560
7;2025-12-07;22;338
7;2025-12-07;23;176
7;2025-12-08;0;65
7;2025-12-08;1;13
7;2025-12-08;2;0
7;2025-12-08;3;0
7;2025-12-08;4;1
7;2025-12-08;5;196
7;2025-12-08;6;702
7;2025-12-08;7;1635
7;2025-12-08;8;2449
7;2025-12-08;9;1806
7;2025-12-08;10;1528
7;2025-12-08;11;1341
7;2025-12-08;12;1473
7;2025-12-08;13;1468
7;2025-12-08;14;1490
7;2025-12-08;15;1693
7;2025-12-08;16;1775
7;2025-12-08;17;2273
7;2025-12-08;18;2557
7;2025-12-08;19;1735
7;2025-12-08;20;1094
7;2025-12-08;21;571
7;2025-12-08;22;304
7;2025-12-08;23;155
7;2025-12-09;0;50
7;2025-12-09;1;10
7;2025-12-09;2;0
7;2025-12-09;3;0
7;2025-12-09;4;2
7;2025-12-09;5;202
7;2025-12-09;6;694
7;2025-12-09;7;1652
7;2025-12-09;8;2469
7;2025-12-09;9;1819
7;2025-12-09;10;1583
7;2025-12-09;11;1468
7;2025-12-09;12;1539
7;2025-12-09;13;1541
7;2025-12-09;14;1581
7;2025-12-09;15;1786
7;2025-12-09;16;1794
7;2025-12-09;17;2327
7;2025-12-09;18;2566
7;2025-12-09;19;1790
7;2025-12-09;20;1096
7;2025-12-09;21;649
7;2025-12-09;22;309
7;2025-12-09;23;179
7;2025-12-10;0;59
7;2025-12-10;1;9
7;2025-12-10;2;0
7;2025-12-10;3;0
7;2025-12-10;4;2
7;2025-12-10;5;201
7;2025-12-10;6;662
7;2025-12-10;7;1556
7;2025-12-10;8;2493
7;2025-12-10;9;1846
7;2025-12-10;10;1634
7;2025-12-10;11;1406
7;2025-12-10;12;1519
7;2025-12-10;13;1489
7;2025-12-10;14;1602
7;2025-12-10;15;1760
7;2025-12-10;16;1821
7;2025-12-10;17;2323
7;2025-12-10;18;2539
7;2025-12-10;19;1714
7;2025-12-10;20;1088
7;2025-12-10;21;640
7;2025-12-10;22;329
7;2025-12-10;23;190
7;2025-12-11;0;63
7;2025-12-11;1;12
7;2025-12-11;2;0
7;2025-12-11;3;0
7;2025-12-11;4;1
7;2025-12-11;5;195
7;2025-12-11;6;722
7;2025-12-11;7;1646
7;2025-12-11;8;2516
7;2025-12-11;9;1839
7;2025-12-11;10;1560
7;2025-12-11;11;1463
7;2025-12-11;12;1504
7;2025-12-11;13;1505
7;2025-12-11;14;1638
7;2025-12-11;15;1706
7;2025-12-11;16;1822
7;2025-12-11;17;2284
7;2025-12-11;18;2678
7;2025-12-11;19;1679
7;2025-12-11;20;1084
7;2025-12-11;21;651
7;2025-12-11;22;312
7;2025-12-11;23;194
7;2025-12-12;0;66
7;2025-12-12;1;12
7;2025-12-12;2;0
7;2025-12-12;3;0
7;2025-12-12;4;1
7;2025-12-12;5;186
7;2025-12-12;6;664
7;2025-12-12;7;1552
7;2025-12-12;8;2319
7;2025-12-12;9;1767
7;2025-12-12;10;1549
7;2025-12-12;11;1479
7;2025-12-12;12;1570
7;2025-12-12;13;1654
7;2025-12-12;14;1713
7;2025-12-12;15;1836
7;2025-12-12;16;2035
7;2025-12-12;17;2226
7;2025-12-12;18;2103
7;2025-12-12;19;1495
7;2025-12-12;20;1035
7;2025-12-12;21;614
7;2025-12-12;22;357
7;2025-12-12;23;229
7;2025-12-13;0;103
7;2025-12-13;1;22
7;2025-12-13;2;0
7;2025-12-13;3;0
7;2025-12-13;4;0
7;2025-12-13;5;59
7;2025-12-13;6;295
7;2025-12-13;7;463
7;2025-12-13;8;763
7;2025-12-13;9;886
7;2025-12-13;10;997
7;2025-12-13;11;1158
7;2025-12-13;12;1285
7;2025-12-13;13;1292
7;2025-12-13;14;1424
7;2025-12-13;15;1263
7;2025-12-13;16;1210
7;2025-12-13;17;1142
7;2025-12-13;18;1085
7;2025-12-13;19;1088
7;2025-12-13;20;818
7;2025-12-13;21;641
7;2025-12-13;22;357
7;2025-12-13;23;225
7;2025-12-14;0;106
7;2025-12-14;1;20
7;2025-12-14;2;0
7;2025-12-14;3;0
7;2025-12-14;4;0
7;2025-12-14;5;42
7;2025-12-14;6;230
7;2025-12-14;7;353
7;2025-12-14;8;555
7;2025-12-14;9;689
7;2025-12-14;10;793
7;2025-12-14;11;974
7;2025-12-14;12;1132
7;2025-12-14;13;1188
7;2025-12-14;14;1252
7;2025-12-14;15;1180
7;2025-12-14;16;1131
7;2025-12-14;17;1085
7;2025-12-14;18;991
7;2025-12-14;19;908
7;2025-12-14;20;684
7;2025-12-14;21;560
7;2025-12-14;22;338
7;2025-12-14;23;176
7;2025-12-15;0;65
7;2025-12-15;1;13
7;2025-12-15;2;0
7;2025-12-15;3;0
7;2025-12-15;4;1
7;2025-12-15;5;196
7;2025-12-15;6;702
7;2025-12-15;7;1635
7;2025-12-15;8;2449
7;2025-12-15;9;1806
7;2025-12-15;10;1528
7;2025-12-15;11;1341
7;2025-12-15;12;1473
7;2025-12-15;13;1468
7;2025-12-15;14;1490
7;2025-12-15;15;1693
7;2025-12-15;16;1775
7;2025-12-15;17;2273
7;2025-12-15;18;2557
7;2025-12-15;19;1735
7;2025-12-15;20;1094
7;2025-12-15;21;571
7;2025-12-15;22;304
7;2025-12-15;23;155
7;2025-12-16;0;50
7;2025-12-16;1;10
7;2025-12-16;2;0
7;2025-12-16;3;0
7;2025-12-16;4;2
7;2025-12-16;5;202
7;2025-12-16;6;694
7;2025-12-16;7;1652
7;2025-12-16;8;2469
7;2025-12-16;9;1819
7;2025-12-16;10;1583
7;2025-12-16;11;1468
7;2025-12-16;12;1539
7;2025-12-16;13;1541
7;2025-12-16;14;1581
7;2025-12-16;15;1786
7;2025-12-16;16;1794
7;2025-12-16;17;2327
7;2025-12-16;18;2566
7;2025-12-16;19;1790
7;2025-12-16;20;1096
7;2025-12-16;21;649
7;2025-12-16;22;309
7;2025-12-16;23;179
7;2025-12-17;0;59
7;2025-12-17;1;9
7;2025-12-17;2;0
7;2025-12-17;3;0
7;2025-12-17;4;2
7;2025-12-17;5;201
7;2025-12-17;6;662
7;2025-12-17;7;1556
7;2025-12-17;8;2493
7;2025-12-17;9;1846
7;2025-12-17;10;1634
7;2025-12-17;11;1406
7;2025-12-17;12;1519
7;2025-12-17;13;1489
7;2025-12-17;14;1602
7;2025-12-17;15;1760
7;2025-12-17;16;1821
7;2025-12-17;17;2323
7;2025-12-17;18;2539
7;2025-12-17;19;1714
7;2025-12-17;20;1088
7;2025-12-17;21;640
7;2025-12-17;22;329
7;2025-12-17;23;190
7;2025-12-18;0;63
7;2025-12-18;1;12
7;2025-12-18;2;0
7;2025-12-18;3;0
7;2025-12-18;4;1
7;2025-12-18;5;195
7;2025-12-18;6;722
7;2025-12-18;7;1646
7;2025-12-18;8;2516
7;2025-12-18;9;1839
7;2025-12-18;10;1560
7;2025-12-18;11;1463
7;2025-12-18;12;1504
7;2025-12-18;13;1505
7;2025-12-18;14;1638
7;2025-12-18;15;1706
7;2025-12-18;16;1822
7;2025-12-18;17;2284
7;2025-12-18;18;2678
7;2025-12-18;19;1679
7;2025-12-18;20;1084
7;2025-12-18;21;651
7;2025-12-18;22;312
7;2025-12-18;23;194
7;2025-12-19;0;66
7;2025-12-19;1;12
7;2025-12-19;2;0
7;2025-12-19;3;0
7;2025-12-19;4;1
7;2025-12-19;5;186
7;2025-12-19;6;664
7;2025-12-19;7;1552
7;2025-12-19;8;2319
7;2025-12-19;9;1767
7;2025-12-19;10;1549
7;2025-12-19;11;1479
7;2025-12-19;12;1570
7;2025-12-19;13;1654
7;2025-12-19;14;1713
7;2025-12-19;15;1836
7;2025-12-19;16;2035
7;2025-12-19;17;2226
7;2025-12-19;18;2103
7;2025-12-19;19;1495
7;2025-12-19;20;1035
7;2025-12-19;21;614
7;2025-12-19;22;357
7;2025-12-19;23;229
7;2025-12-20;0;103
7;2025-12-20;1;22
7;2025-12-20;2;0
7;2025-12-20;3;0
7;2025-12-20;4;0
7;2025-12-20;5;59
7;2025-12-20;6;295
7;2025-12-20;7;463
7;2025-12-20;8;763
7;2025-12-20;9;886
7;2025-12-20;10;997
7;2025-12-20;11;1158
7;2025-12-20;12;1285
7;2025-12-20;13;1292
7;2025-12-20;14;1424
7;2025-12-20;15;1263
7;2025-12-20;16;1210
7;2025-12-20;17;1142
7;2025-12-20;18;1085
7;2025-12-20;19;1088
7;2025-12-20;20;818
7;2025-12-20;21;641
7;2025-12-20;22;357
7;2025-12-20;23;225
7;2025-12-21;0;106
7;2025-12-21;1;20
7;2025-12-21;2;0
7;2025-12-21;3;0
7;2025-12-21;4;0
7;2025-12-21;5;42
7;2025-12-21;6;230
7;2025-12-21;7;353
7;2025-12-21;8;555
7;2025-12-21;9;689
7;2025-12-21;10;793
7;2025-12-21;11;974
7;2025-12-21;12;1132
7;2025-12-21;13;1188
7;2025-12-21;14;1252
7;2025-12-21;15;1180
7;2025-12-21;16;1131
7;2025-12-21;17;1085
7;2025-12-21;18;991
7;2025-12-21;19;908
7;2025-12-21;20;684
7;2025-12-21;21;560
7;2025-12-21;22;338
7;2025-12-21;23;176
7;2025-12-22;0;65
7;2025-12-22;1;13
7;2025-12-22;2;0
7;2025-12-22;3;0
7;2025-12-22;4;1
7;2025-12-22;5;196
7;2025-12-22;6;702
7;2025-12-22;7;1635
7;2025-12-22;8;2449
7;2025-12-22;9;1806
7;2025-12-22;10;1528
7;2025-12-22;11;1341
7;2025-12-22;12;1473
7;2025-12-22;13;1468
7;2025-12-22;14;1490
7;2025-12-22;15;1693
7;2025-12-22;16;1775
7;2025-12-22;17;2273
7;2025-12-22;18;2557
7;2025-12-22;19;1735
7;2025-12-22;20;1094
7;2025-12-22;21;571
7;2025-12-22;22;304
7;2025-12-22;23;155
7;2025-12-23;0;50
7;2025-12-23;1;10
7;2025-12-23;2;0
7;2025-12-23;3;0
7;2025-12-23;4;2
7;2025-12-23;5;202
7;2025-12-23;6;694
7;2025-12-23;7;1652
7;2025-12-23;8;2469
7;2025-12-23;9;1819
7;2025-12-23;10;1583
7;2025-12-23;11;1468
7;2025-12-23;12;1539
7;2025-12-23;13;1541
7;2025-12-23;14;1581
7;2025-12-23;15;1786
7;2025-12-23;16;1794
7;2025-12-23;17;2327
7;2025-12-23;18;2566
7;2025-12-23;19;1790
7;2025-12-23;20;1096
7;2025-12-23;21;649
7;2025-12-23;22;309
7;2025-12-23;23;179
7;2025-12-24;0;59
7;2025-12-24;1;9
7;2025-12-24;2;0
7;2025-12-24;3;0
7;2025-12-24;4;2
7;2025-12-24;5;201
7;2025-12-24;6;662
7;2025-12-24;7;1556
7;2025-12-24;8;2493
7;2025-12-24;9;1846
7;2025-12-24;10;1634
7;2025-12-24;11;1406
7;2025-12-24;12;1519
7;2025-12-24;13;1489
7;2025-12-24;14;1602
7;2025-12-24;15;1760
7;2025-12-24;16;1821
7;2025-12-24;17;2323
7;2025-12-24;18;2539
7;2025-12-24;19;1714
7;2025-12-24;20;1088
7;2025-12-24;21;640
7;2025-12-24;22;329
7;2025-12-24;23;190
7;2025-12-25;0;63
7;2025-12-25;1;12
7;2025-12-25;2;0
7;2025-12-25;3;0
7;2025-12-25;4;1
7;2025-12-25;5;195
7;2025-12-25;6;722
7;2025-12-25;7;1646
7;2025-12-25;8;2516
7;2025-12-25;9;1839
7;2025-12-25;10;1560
7;2025-12-25;11;1463
7;2025-12-25;12;1504
7;2025-12-25;13;1505
7;2025-12-25;14;1638
7;2025-12-25;15;1706
7;2025-12-25;16;1822
7;2025-12-25;17;2284
7;2025-12-25;18;2678
7;2025-12-25;19;1679
7;2025-12-25;20;1084
7;2025-12-25;21;651
7;2025-12-25;22;312
7;2025-12-25;23;194
7;2025-12-26;0;66
7;2025-12-26;1;12
7;2025-12-26;2;0
7;2025-12-26;3;0
7;2025-12-26;4;1
7;2025-12-26;5;186
7;2025-12-26;6;664
7;2025-12-26;7;1552
7;2025-12-26;8;2319
7;2025-12-26;9;1767
7;2025-12-26;10;1549
7;2025-12-26;11;1479
7;2025-12-26;12;1570
7;2025-12-26;13;1654
7;2025-12-26;14;1713
7;2025-12-26;15;1836
7;2025-12-26;16;2035
7;2025-12-26;17;2226
7;2025-12-26;18;2103
7;2025-12-26;19;1495
7;2025-12-26;20;1035
7;2025-12-26;21;614
7;2025-12-26;22;357
7;2025-12-26;23;229
7;2025-12-27;0;103
7;2025-12-27;1;22
7;2025-12-27;2;0
7;2025-12-27;3;0
7;2025-12-27;4;0
7;2025-12-27;5;59
7;2025-12-27;6;295
7;2025-12-27;7;463
7;2025-12-27;8;763
7;2025-12-27;9;886
7;2025-12-27;10;997
7;2025-12-27;11;1158
7;2025-12-27;12;1285
7;2025-12-27;13;1292
7;2025-12-27;14;1424
7;2025-12-27;15;1263
7;2025-12-27;16;1210
7;2025-12-27;17;1142
7;2025-12-27;18;1085
7;2025-12-27;19;1088
7;2025-12-27;20;818
7;2025-12-27;21;641
7;2025-12-27;22;357
7;2025-12-27;23;225
7;2025-12-28;0;106
7;2025-12-28;1;20
7;2025-12-28;2;0
7;2025-12-28;3;0
7;2025-12-28;4;0
7;2025-12-28;5;42
7;2025-12-28;6;230
7;2025-12-28;7;353
7;2025-12-28;8;555
7;2025-12-28;9;689
7;2025-12-28;10;793
7;2025-12-28;11;974
7;2025-12-28;12;1132
7;2025-12-28;13;1188
7;2025-12-28;14;1252
7;2025-12-28;15;1180
7;2025-12-28;16;1131
7;2025-12-28;17;1085
7;2025-12-28;18;991
7;2025-12-28;19;908
7;2025-12-28;20;684
7;2025-12-28;21;560
7;2025-12-28;22;338
7;2025-12-28;23;176
7;2025-12-29;0;65
7;2025-12-29;1;13
7;2025-12-29;2;0
7;2025-12-29;3;0
7;2025-12-29;4;1
7;2025-12-29;5;196
7;2025-12-29;6;702
7;2025-12-29;7;1635
7;2025-12-29;8;2449
7;2025-12-29;9;1806
7;2025-12-29;10;1528
7;2025-12-29;11;1341
7;2025-12-29;12;1473
7;2025-12-29;13;1468
7;2025-12-29;14;1490
7;2025-12-29;15;1693
7;2025-12-29;16;1775
7;2025-12-29;17;2273
7;2025-12-29;18;2557
7;2025-12-29;19;1735
7;2025-12-29;20;1094
7;2025-12-29;21;571
7;2025-12-29;22;304
7;2025-12-29;23;155
7;2025-12-30;0;50
7;2025-12-30;1;10
7;2025-12-30;2;0
7;2025-12-30;3;0
7;2025-12-30;4;2
7;2025-12-30;5;202
7;2025-12-30;6;694
7;2025-12-30;7;1652
7;2025-12-30;8;2469
7;2025-12-30;9;1819
7;2025-12-30;10;1583
7;2025-12-30;11;1468
7;2025-12-30;12;1539
7;2025-12-30;13;1541
7;2025-12-30;14;1581
7;2025-12-30;15;1786
7;2025-12-30;16;1794
7;2025-12-30;17;2327
7;2025-12-30;18;2566
7;2025-12-30;19;1790
7;2025-12-30;20;1096
7;2025-12-30;21;649
7;2025-12-30;22;309
7;2025-12-30;23;179
7;2025-12-31;0;103
7;2025-12-31;1;19
7;2025-12-31;2;0
7;2025-12-31;3;0
7;2025-12-31;4;0
7;2025-12-31;5;41
7;2025-12-31;6;215
7;2025-12-31;7;330
7;2025-12-31;8;519
7;2025-12-31;9;645
7;2025-12-31;10;743
7;2025-12-31;11;911
7;2025-12-31;12;1059
7;2025-12-31;13;1112
7;2025-12-31;14;1172
7;2025-12-31;15;1104
7;2025-12-31;16;1058
7;2025-12-31;17;1016
7;2025-12-31;18;927
7;2025-12-31;19;850
7;2025-12-31;20;640
7;2025-12-31;21;524
7;2025-12-31;22;316
7;2025-12-31;23;164
11;2025-11-01;0;70
11;2025-11-01;1;1
11;2025-11-01;2;0
11;2025-11-01;3;0
11;2025-11-01;4;0
11;2025-11-01;5;285
11;2025-11-01;6;1387
11;2025-11-01;7;2423
11;2025-11-01;8;3231
11;2025-11-01;9;2458
11;2025-11-01;10;1994
11;2025-11-01;11;1913
11;2025-11-01;12;2014
11;2025-11-01;13;2031
11;2025-11-01;14;2121
11;2025-11-01;15;2361
11;2025-11-01;16;2572
11;2025-11-01;17;3035
11;2025-11-01;18;2654
11;2025-11-01;19;2111
11;2025-11-01;20;1478
11;2025-11-01;21;918
11;2025-11-01;22;497
11;2025-11-01;23;312
11;2025-11-02;0;106
11;2025-11-02;1;12
11;2025-11-02;2;0
11;2025-11-02;3;0
11;2025-11-02;4;2
11;2025-11-02;5;128
11;2025-11-02;6;531
11;2025-11-02;7;515
11;2025-11-02;8;677
11;2025-11-02;9;942
11;2025-11-02;10;1013
11;2025-11-02;11;1436
11;2025-11-02;12;1617
11;2025-11-02;13;1560
11;2025-11-02;14;1658
11;2025-11-02;15;1679
11;2025-11-02;16;1623
11;2025-11-02;17;1700
11;2025-11-02;18;1391
11;2025-11-02;19;1182
11;2025-11-02;20;963
11;2025-11-02;21;675
11;2025-11-02;22;390
11;2025-11-02;23;262
11;2025-11-03;0;102
11;2025-11-03;1;11
11;2025-11-03;2;0
11;2025-11-03;3;0
11;2025-11-03;4;2
11;2025-11-03;5;122
11;2025-11-03;6;497
11;2025-11-03;7;482
11;2025-11-03;8;634
11;2025-11-03;9;882
11;2025-11-03;10;949
11;2025-11-03;11;1345
11;2025-11-03;12;1515
11;2025-11-03;13;1461
11;2025-11-03;14;1553
11;2025-11-03;15;1573
11;2025-11-03;16;1520
11;2025-11-03;17;1592
11;2025-11-03;18;1303
11;2025-11-03;19;1107
11;2025-11-03;20;902
11;2025-11-03;21;632
11;2025-11-03;22;366
11;2025-11-03;23;245
11;2025-11-04;0;105
11;2025-11-04;1;11
11;2025-11-04;2;0
11;2025-11-04;3;0
11;2025-11-04;4;2
11;2025-11-04;5;126
11;2025-11-04;6;497
11;2025-11-04;7;482
11;2025-11-04;8;634
11;2025-11-04;9;882
11;2025-11-04;10;949
11;2025-11-04;11;1345
11;2025-11-04;12;1515
11;2025-11-04;13;1461
11;2025-11-04;14;1553
11;2025-11-04;15;1573
11;2025-11-04;16;1520
11;2025-11-04;17;1592
11;2025-11-04;18;1303
11;2025-11-04;19;1107
11;2025-11-04;20;902
11;2025-11-04;21;632
11;2025-11-04;22;366
11;2025-11-04;23;245
11;2025-11-05;0;61
11;2025-11-05;1;0
11;2025-11-05;2;0
11;2025-11-05;3;0
11;2025-11-05;4;0
11;2025-11-05;5;282
11;2025-11-05;6;1255
11;2025-11-05;7;2401
11;2025-11-05;8;3107
11;2025-11-05;9;2296
11;2025-11-05;10;1837
11;2025-11-05;11;1876
11;2025-11-05;12;1863
11;2025-11-05;13;1988
11;2025-11-05;14;1955
11;2025-11-05;15;1998
11;2025-11-05;16;2117
11;2025-11-05;17;2814
11;2025-11-05;18;3023
11;2025-11-05;19;2261
11;2025-11-05;20;1490
11;2025-11-05;21;866
11;2025-11-05;22;422
11;2025-11-05;23;228
11;2025-11-06;0;64
11;2025-11-06;1;1
11;2025-11-06;2;0
11;2025-11-06;3;0
11;2025-11-06;4;0
11;2025-11-06;5;292
11;2025-11-06;6;1297
11;2025-11-06;7;2353
11;2025-11-06;8;3002
11;2025-11-06;9;2433
11;2025-11-06;10;1933
11;2025-11-06;11;1815
11;2025-11-06;12;1895
11;2025-11-06;13;2023
11;2025-11-06;14;1953
11;2025-11-06;15;2025
11;2025-11-06;16;2249
11;2025-11-06;17;2757
11;2025-11-06;18;3072
11;2025-11-06;19;2238
11;2025-11-06;20;1456
11;2025-11-06;21;875
11;2025-11-06;22;446
11;2025-11-06;23;234
11;2025-11-07;0;69
11;2025-11-07;1;1
11;2025-11-07;2;0
11;2025-11-07;3;0
11;2025-11-07;4;0
11;2025-11-07;5;283
11;2025-11-07;6;1299
11;2025-11-07;7;2270
11;2025-11-07;8;3027
11;2025-11-07;9;2303
11;2025-11-07;10;1868
11;2025-11-07;11;1792
11;2025-11-07;12;1887
11;2025-11-07;13;1902
11;2025-11-07;14;1987
11;2025-11-07;15;2211
11;2025-11-07;16;2410
11;2025-11-07;17;2843
11;2025-11-07;18;2486
11;2025-11-07;19;1978
11;2025-11-07;20;1384
11;2025-11-07;21;860
11;2025-11-07;22;466
11;2025-11-07;23;293
11;2025-11-08;0;102
11;2025-11-08;1;2
11;2025-11-08;2;0
11;2025-11-08;3;0
11;2025-11-08;4;4
11;2025-11-08;5;198
11;2025-11-08;6;784
11;2025-11-08;7;714
11;2025-11-08;8;990
11;2025-11-08;9;1126
11;2025-11-08;10;1258
11;2025-11-08;11;1639
11;2025-11-08;12;1815
11;2025-11-08;13;1738
11;2025-11-08;14;1765
11;2025-11-08;15;1738
11;2025-11-08;16;1772
11;2025-11-08;17;1770
11;2025-11-08;18;1517
11;2025-11-08;19;1447
11;2025-11-08;20;1081
11;2025-11-08;21;748
11;2025-11-08;22;462
11;2025-11-08;23;304
11;2025-11-09;0;106
11;2025-11-09;1;12
11;2025-11-09;2;0
11;2025-11-09;3;0
11;2025-11-09;4;2
11;2025-11-09;5;128
11;2025-11-09;6;531
11;2025-11-09;7;515
11;2025-11-09;8;677
11;2025-11-09;9;942
11;2025-11-09;10;1013
11;2025-11-09;11;1436
11;2025-11-09;12;1617
11;2025-11-09;13;1560
11;2025-11-09;14;1658
11;2025-11-09;15;1679
11;2025-11-09;16;1623
11;2025-11-09;17;1700
11;2025-11-09;18;1391
11;2025-11-09;19;1182
11;2025-11-09;20;963
11;2025-11-09;21;675
11;2025-11-09;22;390
11;2025-11-09;23;262
11;2025-11-10;0;72
11;2025-11-10;1;6
11;2025-11-10;2;0
11;2025-11-10;3;0
11;2025-11-10;4;0
11;2025-11-10;5;278
11;2025-11-10;6;1339
11;2025-11-10;7;2301
11;2025-11-10;8;3028
11;2025-11-10;9;2335
11;2025-11-10;10;1737
11;2025-11-10;11;1778
11;2025-11-10;12;1706
11;2025-11-10;13;1840
11;2025-11-10;14;1843
11;2025-11-10;15;2020
11;2025-11-10;16;2211
11;2025-11-10;17;2746
11;2025-11-10;18;3032
11;2025-11-10;19;2298
11;2025-11-10;20;1433
11;2025-11-10;21;831
11;2025-11-10;22;408
11;2025-11-10;23;209
11;2025-11-11;0;61
11;2025-11-11;1;1
11;2025-11-11;2;0
11;2025-11-11;3;0
11;2025-11-11;4;0
11;2025-11-11;5;267
11;2025-11-11;6;1347
11;2025-11-11;7;2379
11;2025-11-11;8;3229
11;2025-11-11;9;2426
11;2025-11-11;10;1833
11;2025-11-11;11;1763
11;2025-11-11;12;1794
11;2025-11-11;13;1956
11;2025-11-11;14;1976
11;2025-11-11;15;2029
11;2025-11-11;16;2245
11;2025-11-11;17;2805
11;2025-11-11;18;3051
11;2025-11-11;19;2298
11;2025-11-11;20;1493
11;2025-11-11;21;850
11;2025-11-11;22;431
11;2025-11-11;23;212
11;2025-11-12;0;61
11;2025-11-12;1;0
11;2025-11-12;2;0
11;2025-11-12;3;0
11;2025-11-12;4;0
11;2025-11-12;5;282
11;2025-11-12;6;1255
11;2025-11-12;7;2401
11;2025-11-12;8;3107
11;2025-11-12;9;2296
11;2025-11-12;10;1837
11;2025-11-12;11;1876
11;2025-11-12;12;1863
11;2025-11-12;13;1988
11;2025-11-12;14;1955
11;2025-11-12;15;1998
11;2025-11-12;16;2117
11;2025-11-12;17;2814
11;2025-11-12;18;3023
11;2025-11-12;19;2261
11;2025-11-12;20;1490
11;2025-11-12;21;866
11;2025-11-12;22;422
11;2025-11-12;23;228
11;2025-11-13;0;64
11;2025-11-13;1;1
11;2025-11-13;2;0
11;2025-11-13;3;0
11;2025-11-13;4;0
11;2025-11-13;5;292
11;2025-11-13;6;1297
11;2025-11-13;7;2353
11;2025-11-13;8;3002
11;2025-11-13;9;2433
11;2025-11-13;10;1933
11;2025-11-13;11;1815
11;2025-11-13;12;1895
11;2025-11-13;13;2023
11;2025-11-13;14;1953
11;2025-11-13;15;2025
11;2025-11-13;16;2249
11;2025-11-13;17;2757
11;2025-11-13;18;3072
11;2025-11-13;19;2238
11;2025-11-13;20;1456
11;2025-11-13;21;875
11;2025-11-13;22;446
11;2025-11-13;23;234
11;2025-11-14;0;69
11;2025-11-14;1;1
11;2025-11-14;2;0
11;2025-11-14;3;0
11;2025-11-14;4;0
11;2025-11-14;5;283
11;2025-11-14;6;1299
11;2025-11-14;7;2270
11;2025-11-14;8;3027
11;2025-11-14;9;2303
11;2025-11-14;10;1868
11;2025-11-14;11;1792
11;2025-11-14;12;1887
11;2025-11-14;13;1902
11;2025-11-14;14;1987
11;2025-11-14;15;2211
11;2025-11-14;16;2410
11;2025-11-14;17;2843
11;2025-11-14;18;2486
11;2025-11-14;19;1978
11;2025-11-14;20;1384
11;2025-11-14;21;860
11;2025-11-14;22;466
11;2025-11-14;23;293
11;2025-11-15;0;102
11;2025-11-15;1;2
11;2025-11-15;2;0
11;2025-11-15;3;0
11;2025-11-15;4;4
11;2025-11-15;5;198
11;2025-11-15;6;784
11;2025-11-15;7;714
11;2025-11-15;8;990
11;2025-11-15;9;1126
11;2025-11-15;10;1258
11;2025-11-15;11;1639
11;2025-11-15;12;1815
11;2025-11-15;13;1738
11;2025-11-15;14;1765
11;2025-11-15;15;1738
11;2025-11-15;16;1772
11;2025-11-15;17;1770
11;2025-11-15;18;1517
11;2025-11-15;19;1447
11;2025-11-15;20;1081
11;2025-11-15;21;748
11;2025-11-15;22;462
11;2025-11-15;23;304
11;2025-11-16;0;106
11;2025-11-16;1;12
11;2025-11-16;2;0
11;2025-11-16;3;0
11;2025-11-16;4;2
11;2025-11-16;5;128
11;2025-11-16;6;531
11;2025-11-16;7;515
11;2025-11-16;8;677
11;2025-11-16;9;942
11;2025-11-16;10;1013
11;2025-11-16;11;1436
11;2025-11-16;12;1617
11;2025-11-16;13;1560
11;2025-11-16;14;1658
11;2025-11-16;15;1679
11;2025-11-16;16;1623
11;2025-11-16;17;1700
11;2025-11-16;18;1391
11;2025-11-16;19;1182
11;2025-11-16;20;963
11;2025-11-16;21;675
11;2025-11-16;22;390
11;2025-11-16;23;262
11;2025-11-17;0;72
11;2025-11-17;1;6
11;2025-11-17;2;0
11;2025-11-17;3;0
11;2025-11-17;4;0
11;2025-11-17;5;278
11;2025-11-17;6;1339
11;2025-11-17;7;2301
11;2025-11-17;8;3028
11;2025-11-17;9;2335
11;2025-11-17;10;1737
11;2025-11-17;11;1778
11;2025-11-17;12;1706
11;2025-11-17;13;1840
11;2025-11-17;14;1843
11;2025-11-17;15;2020
11;2025-11-17;16;2211
11;2025-11-17;17;2746
11;2025-11-17;18;3032
11;2025-11-17;19;2298
11;2025-11-17;20;1433
11;2025-11-17;21;831
11;2025-11-17;22;408
11;2025-11-17;23;209
11;2025-11-18;0;61
11;2025-11-18;1;1
11;2025-11-18;2;0
11;2025-11-18;3;0
11;2025-11-18;4;0
11;2025-11-18;5;267
11;2025-11-18;6;1347
11;2025-11-18;7;2379
11;2025-11-18;8;3229
11;2025-11-18;9;2426
11;2025-11-18;10;1833
11;2025-11-18;11;1763
11;2025-11-18;12;1794
11;2025-11-18;13;1956
11;2025-11-18;14;1976
11;2025-11-18;15;2029
11;2025-11-18;16;2245
11;2025-11-18;17;2805
11;2025-11-18;18;3051
11;2025-11-18;19;2298
11;2025-11-18;20;1493
11;2025-11-18;21;850
11;2025-11-18;22;431
11;2025-11-18;23;212
11;2025-11-19;0;61
11;2025-11-19;1;0
11;2025-11-19;2;0
11;2025-11-19;3;0
11;2025-11-19;4;0
11;2025-11-19;5;282
11;2025-11-19;6;1255
11;2025-11-19;7;2401
11;2025-11-19;8;3107
11;2025-11-19;9;2296
11;2025-11-19;10;1837
11;2025-11-19;11;1876
11;2025-11-19;12;1863
11;2025-11-19;13;1988
11;2025-11-19;14;1955
11;2025-11-19;15;1998
11;2025-11-19;16;2117
11;2025-11-19;17;2814
11;2025-11-19;18;3023
11;2025-11-19;19;2261
11;2025-11-19;20;1490
11;2025-11-19;21;866
11;2025-11-19;22;422
11;2025-11-19;23;228
11;2025-11-20;0;64
11;2025-11-20;1;1
11;2025-11-20;2;0
11;2025-11-20;3;0
11;2025-11-20;4;0
11;2025-11-20;5;292
11;2025-11-20;6;1297
11;2025-11-20;7;2353
11;2025-11-20;8;3002
11;2025-11-20;9;2433
11;2025-11-20;10;1933
11;2025-11-20;11;1815
11;2025-11-20;12;1895
11;2025-11-20;13;2023
11;2025-11-20;14;1953
11;2025-11-20;15;2025
11;2025-11-20;16;2249
11;2025-11-20;17;2757
11;2025-11-20;18;3072
11;2025-11-20;19;2238
11;2025-11-20;20;1456
11;2025-11-20;21;875
11;2025-11-20;22;446
11;2025-11-20;23;234
11;2025-11-21;0;69
11;2025-11-21;1;1
11;2025-11-21;2;0
11;2025-11-21;3;0
11;2025-11-21;4;0
11;2025-11-21;5;283
11;2025-11-21;6;1299
11;2025-11-21;7;2270
11;2025-11-21;8;3027
11;2025-11-21;9;2303
11;2025-11-21;10;1868
11;2025-11-21;11;1792
11;2025-11-21;12;1887
11;2025-11-21;13;1902
11;2025-11-21;14;1987
11;2025-11-21;15;2211
11;2025-11-21;16;2410
11;2025-11-21;17;2843
11;2025-11-21;18;2486
11;2025-11-21;19;1978
11;2025-11-21;20;1384
11;2025-11-21;21;860
11;2025-11-21;22;466
11;2025-11-21;23;293
11;2025-11-22;0;102
11;2025-11-22;1;2
11;2025-11-22;2;0
11;2025-11-22;3;0
11;2025-11-22;4;4
11;2025-11-22;5;198
11;2025-11-22;6;784
11;2025-11-22;7;714
11;2025-11-22;8;990
11;2025-11-22;9;1126
11;2025-11-22;10;1258
11;2025-11-22;11;1639
11;2025-11-22;12;1815
11;2025-11-22;13;1738
11;2025-11-22;14;1765
11;2025-11-22;15;1738
11;2025-11-22;16;1772
11;2025-11-22;17;1770
11;2025-11-22;18;1517
11;2025-11-22;19;1447
11;2025-11-22;20;1081
11;2025-11-22;21;748
11;2025-11-22;22;462
11;2025-11-22;23;304
11;2025-11-23;0;106
11;2025-11-23;1;12
11;2025-11-23;2;0
11;2025-11-23;3;0
11;2025-11-23;4;2
11;2025-11-23;5;128
11;2025-11-23;6;531
11;2025-11-23;7;515
11;2025-11-23;8;677
11;2025-11-23;9;942
11;2025-11-23;10;1013
11;2025-11-23;11;1436
11;2025-11-23;12;1617
11;2025-11-23;13;1560
11;2025-11-23;14;1658
11;2025-11-23;15;1679
11;2025-11-23;16;1623
11;2025-11-23;17;1700
11;2025-11-23;18;1391
11;2025-11-23;19;1182
11;2025-11-23;20;963
11;2025-11-23;21;675
11;2025-11-23;22;390
11;2025-11-23;23;262
11;2025-11-24;0;72
11;2025-11-24;1;6
11;2025-11-24;2;0
11;2025-11-24;3;0
11;2025-11-24;4;0
11;2025-11-24;5;278
11;2025-11-24;6;1339
11;2025-11-24;7;2301
11;2025-11-24;8;3028
11;2025-11-24;9;2335
11;2025-11-24;10;1737
11;2025-11-24;11;1778
11;2025-11-24;12;1706
11;2025-11-24;13;1840
11;2025-11-24;14;1843
11;2025-11-24;15;2020
11;2025-11-24;16;2211
11;2025-11-24;17;2746
11;2025-11-24;18;3032
11;2025-11-24;19;2298
11;2025-11-24;20;1433
11;2025-11-24;21;831
11;2025-11-24;22;408
11;2025-11-24;23;209
11;2025-11-25;0;61
11;2025-11-25;1;1
11;2025-11-25;2;0
11;2025-11-25;3;0
11;2025-11-25;4;0
11;2025-11-25;5;267
11;2025-11-25;6;1347
11;2025-11-25;7;2379
11;2025-11-25;8;3229
11;2025-11-25;9;2426
11;2025-11-25;10;1833
11;2025-11-25;11;1763
11;2025-11-25;12;1794
11;2025-11-25;13;1956
11;2025-11-25;14;1976
11;2025-11-25;15;2029
11;2025-11-25;16;2245
11;2025-11-25;17;2805
11;2025-11-25;18;3051
11;2025-11-25;19;2298
11;2025-11-25;20;1493
11;2025-11-25;21;850
11;2025-11-25;22;431
11;2025-11-25;23;212
11;2025-11-26;0;61
11;2025-11-26;1;0
11;2025-11-26;2;0
11;2025-11-26;3;0
11;2025-11-26;4;0
11;2025-11-26;5;282
11;2025-11-26;6;1255
11;2025-11-26;7;2401
11;2025-11-26;8;3107
11;2025-11-26;9;2296
11;2025-11-26;10;1837
11;2025-11-26;11;1876
11;2025-11-26;12;1863
11;2025-11-26;13;1988
11;2025-11-26;14;1955
11;2025-11-26;15;1998
11;2025-11-26;16;2117
11;2025-11-26;17;2814
11;2025-11-26;18;3023
11;2025-11-26;19;2261
11;2025-11-26;20;1490
11;2025-11-26;21;866
11;2025-11-26;22;422
11;2025-11-26;23;228
11;2025-11-27;0;64
11;2025-11-27;1;1
11;2025-11-27;2;0
11;2025-11-27;3;0
11;2025-11-27;4;0
11;2025-11-27;5;292
11;2025-11-27;6;1297
11;2025-11-27;7;2353
11;2025-11-27;8;3002
11;2025-11-27;9;2433
11;2025-11-27;10;1933
11;2025-11-27;11;1815
11;2025-11-27;12;1895
11;2025-11-27;13;2023
11;2025-11-27;14;1953
11;2025-11-27;15;2025
11;2025-11-27;16;2249
11;2025-11-27;17;2757
11;2025-11-27;18;3072
11;2025-11-27;19;2238
11;2025-11-27;20;1456
11;2025-11-27;21;875
11;2025-11-27;22;446
11;2025-11-27;23;234
11;2025-11-28;0;69
11;2025-11-28;1;1
11;2025-11-28;2;0
11;2025-11-28;3;0
11;2025-11-28;4;0
11;2025-11-28;5;283
11;2025-11-28;6;1299
11;2025-11-28;7;2270
11;2025-11-28;8;3027
11;2025-11-28;9;2303
11;2025-11-28;10;1868
11;2025-11-28;11;1792
11;2025-11-28;12;1887
11;2025-11-28;13;1902
11;2025-11-28;14;1987
11;2025-11-28;15;2211
11;2025-11-28;16;2410
11;2025-11-28;17;2843
11;2025-11-28;18;2486
11;2025-11-28;19;1978
11;2025-11-28;20;1384
11;2025-11-28;21;860
11;2025-11-28;22;466
11;2025-11-28;23;293
11;2025-11-29;0;102
11;2025-11-29;1;2
11;2025-11-29;2;0
11;2025-11-29;3;0
11;2025-11-29;4;4
11;2025-11-29;5;198
11;2025-11-29;6;784
11;2025-11-29;7;714
11;2025-11-29;8;990
11;2025-11-29;9;1126
11;2025-11-29;10;1258
11;2025-11-29;11;1639
11;2025-11-29;12;1815
11;2025-11-29;13;1738
11;2025-11-29;14;1765
11;2025-11-29;15;1738
11;2025-11-29;16;1772
11;2025-11-29;17;1770
11;2025-11-29;18;1517
11;2025-11-29;19;1447
11;2025-11-29;20;1081
11;2025-11-29;21;748
11;2025-11-29;22;462
11;2025-11-29;23;304
11;2025-11-30;0;106
11;2025-11-30;1;12
11;2025-11-30;2;0
11;2025-11-30;3;0
11;2025-11-30;4;2
11;2025-11-30;5;128
11;2025-11-30;6;531
11;2025-11-30;7;515
11;2025-11-30;8;677
11;2025-11-30;9;942
11;2025-11-30;10;1013
11;2025-11-30;11;1436
11;2025-11-30;12;1617
11;2025-11-30;13;1560
11;2025-11-30;14;1658
11;2025-11-30;15;1679
11;2025-11-30;16;1623
11;2025-11-30;17;1700
11;2025-11-30;18;1391
11;2025-11-30;19;1182
11;2025-11-30;20;963
11;2025-11-30;21;675
11;2025-11-30;22;390
11;2025-11-30;23;262
11;2025-12-01;0;72
11;2025-12-01;1;6
11;2025-12-01;2;0
11;2025-12-01;3;0
11;2025-12-01;4;0
11;2025-12-01;5;278
11;2025-12-01;6;1339
11;2025-12-01;7;2301
11;2025-12-01;8;3028
11;2025-12-01;9;2335
11;2025-12-01;10;1737
11;2025-12-01;11;1778
11;2025-12-01;12;1706
11;2025-12-01;13;1840
11;2025-12-01;14;1843
11;2025-12-01;15;2020
11;2025-12-01;16;2211
11;2025-12-01;17;2746
11;2025-12-01;18;3032
11;2025-12-01;19;2298
11;2025-12-01;20;1433
11;2025-12-01;21;831
11;2025-12-01;22;408
11;2025-12-01;23;209
11;2025-12-02;0;61
11;2025-12-02;1;1
11;2025-12-02;2;0
11;2025-12-02;3;0
11;2025-12-02;4;0
11;2025-12-02;5;267
11;2025-12-02;6;1347
11;2025-12-02;7;2379
11;2025-12-02;8;3229
11;2025-12-02;9;2426
11;2025-12-02;10;1833
11;2025-12-02;11;1763
11;2025-12-02;12;1794
11;2025-12-02;13;1956
11;2025-12-02;14;1976
11;2025-12-02;15;2029
11;2025-12-02;16;2245
11;2025-12-02;17;2805
11;2025-12-02;18;3051
11;2025-12-02;19;2298
11;2025-12-02;20;1493
11;2025-12-02;21;850
11;2025-12-02;22;431
11;2025-12-02;23;212
11;2025-12-03;0;61
11;2025-12-03;1;0
11;2025-12-03;2;0
11;2025-12-03;3;0
11;2025-12-03;4;0
11;2025-12-03;5;282
11;2025-12-03;6;1255
11;2025-12-03;7;2401
11;2025-12-03;8;3107
11;2025-12-03;9;2296
11;2025-12-03;10;1837
11;2025-12-03;11;1876
11;2025-12-03;12;1863
11;2025-12-03;13;1988
11;2025-12-03;14;1955
11;2025-12-03;15;1998
11;2025-12-03;16;2117
11;2025-12-03;17;2814
11;2025-12-03;18;3023
11;2025-12-03;19;2261
11;2025-12-03;20;1490
11;2025-12-03;21;866
11;2025-12-03;22;422
11;2025-12-03;23;228
11;2025-12-04;0;64
11;2025-12-04;1;1
11;2025-12-04;2;0
11;2025-12-04;3;0
11;2025-12-04;4;0
11;2025-12-04;5;292
11;2025-12-04;6;1297
11;2025-12-04;7;2353
11;2025-12-04;8;3002
11;2025-12-04;9;2433
11;2025-12-04;10;1933
11;2025-12-04;11;1815
11;2025-12-04;12;1895
11;2025-12-04;13;2023
11;2025-12-04;14;1953
11;2025-12-04;15;2025
11;2025-12-04;16;2249
11;2025-12-04;17;2757
11;2025-12-04;18;3072
11;2025-12-04;19;2238
11;2025-12-04;20;1456
11;2025-12-04;21;875
11;2025-12-04;22;446
11;2025-12-04;23;234
11;2025-12-05;0;69
11;2025-12-05;1;1
11;2025-12-05;2;0
11;2025-12-05;3;0
11;2025-12-05;4;0
11;2025-12-05;5;283
11;2025-12-05;6;1299
11;2025-12-05;7;2270
11;2025-12-05;8;3027
11;2025-12-05;9;2303
11;2025-12-05;10;1868
11;2025-12-05;11;1792
11;2025-12-05;12;1887
11;2025-12-05;13;1902
11;2025-12-05;14;1987
11;2025-12-05;15;2211
11;2025-12-05;16;2410
11;2025-12-05;17;2843
11;2025-12-05;18;2486
11;2025-12-05;19;1978
11;2025-12-05;20;1384
11;2025-12-05;21;860
11;2025-12-05;22;466
11;2025-12-05;23;293
11;2025-12-06;0;102
11;2025-12-06;1;2
11;2025-12-06;2;0
11;2025-12-06;3;0
11;2025-12-06;4;4
11;2025-12-06;5;198
11;2025-12-06;6;784
11;2025-12-06;7;714
11;2025-12-06;8;990
11;2025-12-06;9;1126
11;2025-12-06;10;1258
11;2025-12-06;11;1639
11;2025-12-06;12;1815
11;2025-12-06;13;1738
11;2025-12-06;14;1765
11;2025-12-06;15;1738
11;2025-12-06;16;1772
11;2025-12-06;17;1770
11;2025-12-06;18;1517
11;2025-12-06;19;1447
11;2025-12-06;20;1081
11;2025-12-06;21;748
11;2025-12-06;22;462
11;2025-12-06;23;304
11;2025-12-07;0;106
11;2025-12-07;1;12
11;2025-12-07;2;0
11;2025-12-07;3;0
11;2025-12-07;4;2
11;2025-12-07;5;128
11;2025-12-07;6;531
11;2025-12-07;7;515
11;2025-12-07;8;677
11;2025-12-07;9;942
11;2025-12-07;10;1013
11;2025-12-07;11;1436
11;2025-12-07;12;1617
11;2025-12-07;13;1560
11;2025-12-07;14;1658
11;2025-12-07;15;1679
11;2025-12-07;16;1623
11;2025-12-07;17;1700
11;2025-12-07;18;1391
11;2025-12-07;19;1182
11;2025-12-07;20;963
11;2025-12-07;21;675
11;2025-12-07;22;390
11;2025-12-07;23;262
11;2025-12-08;0;72
11;2025-12-08;1;6
11;2025-12-08;2;0
11;2025-12-08;3;0
11;2025-12-08;4;0
11;2025-12-08;5;278
11;2025-12-08;6;1339
11;2025-12-08;7;2301
11;2025-12-08;8;3028
11;2025-12-08;9;2335
11;2025-12-08;10;1737
11;2025-12-08;11;1778
11;2025-12-08;12;1706
11;2025-12-08;13;1840
11;2025-12-08;14;1843
11;2025-12-08;15;2020
11;2025-12-08;16;2211
11;2025-12-08;17;2746
11;2025-12-08;18;3032
11;2025-12-08;19;2298
11;2025-12-08;20;1433
11;2025-12-08;21;831
11;2025-12-08;22;408
11;2025-12-08;23;209
11;2025-12-09;0;61
11;2025-12-09;1;1
11;2025-12-09;2;0
11;2025-12-09;3;0
11;2025-12-09;4;0
11;2025-12-09;5;267
11;2025-12-09;6;1347
11;2025-12-09;7;2379
11;2025-12-09;8;3229
11;2025-12-09;9;2426
11;2025-12-09;10;1833
11;2025-12-09;11;1763
11;2025-12-09;12;1794
11;2025-12-09;13;1956
11;2025-12-09;14;1976
11;2025-12-09;15;2029
11;2025-12-09;16;2245
11;2025-12-09;17;2805
11;2025-12-09;18;3051
11;2025-12-09;19;2298
11;2025-12-09;20;1493
11;2025-12-09;21;850
11;2025-12-09;22;431
11;2025-12-09;23;212
11;2025-12-10;0;61
11;2025-12-10;1;0
11;2025-12-10;2;0
11;2025-12-10;3;0
11;2025-12-10;4;0
11;2025-12-10;5;282
11;2025-12-10;6;1255
11;2025-12-10;7;2401
11;2025-12-10;8;3107
11;2025-12-10;9;2296
11;2025-12-10;10;1837
11;2025-12-10;11;1876
11;2025-12-10;12;1863
11;2025-12-10;13;1988
11;2025-12-10;14;1955
11;2025-12-10;15;1998
11;2025-12-10;16;2117
11;2025-12-10;17;2814
11;2025-12-10;18;3023
11;2025-12-10;19;2261
11;2025-12-10;20;1490
11;2025-12-10;21;866
11;2025-12-10;22;422
11;2025-12-10;23;228
11;2025-12-11;0;64
11;2025-12-11;1;1
11;2025-12-11;2;0
11;2025-12-11;3;0
11;2025-12-11;4;0
11;2025-12-11;5;292
11;2025-12-11;6;1297
11;2025-12-11;7;2353
11;2025-12-11;8;3002
11;2025-12-11;9;2433
11;2025-12-11;10;1933
11;2025-12-11;11;1815
11;2025-12-11;12;1895
11;2025-12-11;13;2023
11;2025-12-11;14;1953
11;2025-12-11;15;2025
11;2025-12-11;16;2249
11;2025-12-11;17;2757
11;2025-12-11;18;3072
11;2025-12-11;19;2238
11;2025-12-11;20;1456
11;2025-12-11;21;875
11;2025-12-11;22;446
11;2025-12-11;23;234
11;2025-12-12;0;69
11;2025-12-12;1;1
11;2025-12-12;2;0
11;2025-12-12;3;0
11;2025-12-12;4;0
11;2025-12-12;5;283
11;2025-12-12;6;1299
11;2025-12-12;7;2270
11;2025-12-12;8;3027
11;2025-12-12;9;2303
11;2025-12-12;10;1868
11;2025-12-12;11;1792
11;2025-12-12;12;1887
11;2025-12-12;13;1902
11;2025-12-12;14;1987
11;2025-12-12;15;2211
11;2025-12-12;16;2410
11;2025-12-12;17;2843
11;2025-12-12;18;2486
11;2025-12-12;19;1978
11;2025-12-12;20;1384
11;2025-12-12;21;860
11;2025-12-12;22;466
11;2025-12-12;23;293
11;2025-12-13;0;102
11;2025-12-13;1;2
11;2025-12-13;2;0
11;2025-12-13;3;0
11;2025-12-13;4;4
11;2025-12-13;5;198
11;2025-12-13;6;784
11;2025-12-13;7;714
11;2025-12-13;8;990
11;2025-12-13;9;1126
11;2025-12-13;10;1258
11;2025-12-13;11;1639
11;2025-12-13;12;1815
11;2025-12-13;13;1738
11;2025-12-13;14;1765
11;2025-12-13;15;1738
11;2025-12-13;16;1772
11;2025-12-13;17;1770
11;2025-12-13;18;1517
11;2025-12-13;19;1447
11;2025-12-13;20;1081
11;2025-12-13;21;748
11;2025-12-13;22;462
11;2025-12-13;23;304
11;2025-12-14;0;106
11;2025-12-14;1;12
11;2025-12-14;2;0
11;2025-12-14;3;0
11;2025-12-14;4;2
11;2025-12-14;5;128
11;2025-12-14;6;531
11;2025-12-14;7;515
11;2025-12-14;8;677
11;2025-12-14;9;942
11;2025-12-14;10;1013
11;2025-12-14;11;1436
11;2025-12-14;12;1617
11;2025-12-14;13;1560
11;2025-12-14;14;1658
11;2025-12-14;15;1679
11;2025-12-14;16;1623
11;2025-12-14;17;1700
11;2025-12-14;18;1391
11;2025-12-14;19;1182
11;2025-12-14;20;963
11;2025-12-14;21;675
11;2025-12-14;22;390
11;2025-12-14;23;262
11;2025-12-15;0;72
11;2025-12-15;1;6
11;2025-12-15;2;0
11;2025-12-15;3;0
11;2025-12-15;4;0
11;2025-12-15;5;278
11;2025-12-15;6;1339
11;2025-12-15;7;2301
11;2025-12-15;8;3028
11;2025-12-15;9;2335
11;2025-12-15;10;1737
11;2025-12-15;11;1778
11;2025-12-15;12;1706
11;2025-12-15;13;1840
11;2025-12-15;14;1843
11;2025-12-15;15;2020
11;2025-12-15;16;2211
11;2025-12-15;17;2746
11;2025-12-15;18;3032
11;2025-12-15;19;2298
11;2025-12-15;20;1433
11;2025-12-15;21;831
11;2025-12-15;22;408
11;2025-12-15;23;209
11;2025-12-16;0;61
11;2025-12-16;1;1
11;2025-12-16;2;0
11;2025-12-16;3;0
11;2025-12-16;4;0
11;2025-12-16;5;267
11;2025-12-16;6;1347
11;2025-12-16;7;2379
11;2025-12-16;8;3229
11;2025-12-16;9;2426
11;2025-12-16;10;1833
11;2025-12-16;11;1763
11;2025-12-16;12;1794
11;2025-12-16;13;1956
11;2025-12-16;14;1976
11;2025-12-16;15;2029
11;2025-12-16;16;2245
11;2025-12-16;17;2805
11;2025-12-16;18;3051
11;2025-12-16;19;2298
11;2025-12-16;20;1493
11;2025-12-16;21;850
11;2025-12-16;22;431
11;2025-12-16;23;212
11;2025-12-17;0;61
11;2025-12-17;1;0
11;2025-12-17;2;0
11;2025-12-17;3;0
11;2025-12-17;4;0
11;2025-12-17;5;282
11;2025-12-17;6;1255
11;2025-12-17;7;2401
11;2025-12-17;8;3107
11;2025-12-17;9;2296
11;2025-12-17;10;1837
11;2025-12-17;11;1876
11;2025-12-17;12;1863
11;2025-12-17;13;1988
11;2025-12-17;14;1955
11;2025-12-17;15;1998
11;2025-12-17;16;2117
11;2025-12-17;17;2814
11;2025-12-17;18;3023
11;2025-12-17;19;2261
11;2025-12-17;20;1490
11;2025-12-17;21;866
11;2025-12-17;22;422
11;2025-12-17;23;228
11;2025-12-18;0;64
11;2025-12-18;1;1
11;2025-12-18;2;0
11;2025-12-18;3;0
11;2025-12-18;4;0
11;2025-12-18;5;292
11;2025-12-18;6;1297
11;2025-12-18;7;2353
11;2025-12-18;8;3002
11;2025-12-18;9;2433
11;2025-12-18;10;1933
11;2025-12-18;11;1815
11;2025-12-18;12;1895
11;2025-12-18;13;2023
11;2025-12-18;14;1953
11;2025-12-18;15;2025
11;2025-12-18;16;2249
11;2025-12-18;17;2757
11;2025-12-18;18;3072
11;2025-12-18;19;2238
11;2025-12-18;20;1456
11;2025-12-18;21;875
11;2025-12-18;22;446
11;2025-12-18;23;234
11;2025-12-19;0;69
11;2025-12-19;1;1
11;2025-12-19;2;0
11;2025-12-19;3;0
11;2025-12-19;4;0
11;2025-12-19;5;283
11;2025-12-19;6;1299
11;2025-12-19;7;2270
11;2025-12-19;8;3027
11;2025-12-19;9;2303
11;2025-12-19;10;1868
11;2025-12-19;11;1792
11;2025-12-19;12;1887
11;2025-12-19;13;1902
11;2025-12-19;14;1987
11;2025-12-19;15;2211
11;2025-12-19;16;2410
11;2025-12-19;17;2843
11;2025-12-19;18;2486
11;2025-12-19;19;1978
11;2025-12-19;20;1384
11;2025-12-19;21;860
11;2025-12-19;22;466
11;2025-12-19;23;293
11;2025-12-20;0;102
11;2025-12-20;1;2
11;2025-12-20;2;0
11;2025-12-20;3;0
11;2025-12-20;4;4
11;2025-12-20;5;198
11;2025-12-20;6;784
11;2025-12-20;7;714
11;2025-12-20;8;990
11;2025-12-20;9;1126
11;2025-12-20;10;1258
11;2025-12-20;11;1639
11;2025-12-20;12;1815
11;2025-12-20;13;1738
11;2025-12-20;14;1765
11;2025-12-20;15;1738
11;2025-12-20;16;1772
11;2025-12-20;17;1770
11;2025-12-20;18;1517
11;2025-12-20;19;1447
11;2025-12-20;20;1081
11;2025-12-20;21;748
11;2025-12-20;22;462
11;2025-12-20;23;304
11;2025-12-21;0;106
11;2025-12-21;1;12
11;2025-12-21;2;0
11;2025-12-21;3;0
11;2025-12-21;4;2
11;2025-12-21;5;128
11;2025-12-21;6;531
11;2025-12-21;7;515
11;2025-12-21;8;677
11;2025-12-21;9;942
11;2025-12-21;10;1013
11;2025-12-21;11;1436
11;2025-12-21;12;1617
11;2025-12-21;13;1560
11;2025-12-21;14;1658
11;2025-12-21;15;1679
11;2025-12-21;16;1623
11;2025-12-21;17;1700
11;2025-12-21;18;1391
11;2025-12-21;19;1182
11;2025-12-21;20;963
11;2025-12-21;21;675
11;2025-12-21;22;390
11;2025-12-21;23;262
11;2025-12-22;0;72
11;2025-12-22;1;6
11;2025-12-22;2;0
11;2025-12-22;3;0
11;2025-12-22;4;0
11;2025-12-22;5;278
11;2025-12-22;6;1339
11;2025-12-22;7;2301
11;2025-12-22;8;3028
11;2025-12-22;9;2335
11;2025-12-22;10;1737
11;2025-12-22;11;1778
11;2025-12-22;12;1706
11;2025-12-22;13;1840
11;2025-12-22;14;1843
11;2025-12-22;15;2020
11;2025-12-22;16;2211
11;2025-12-22;17;2746
11;2025-12-22;18;3032
11;2025-12-22;19;2298
11;2025-12-22;20;1433
11;2025-12-22;21;831
11;2025-12-22;22;408
11;2025-12-22;23;209
11;2025-12-23;0;61
11;2025-12-23;1;1
11;2025-12-23;2;0
11;2025-12-23;3;0
11;2025-12-23;4;0
11;2025-12-23;5;267
11;2025-12-23;6;1347
11;2025-12-23;7;2379
11;2025-12-23;8;3229
11;2025-12-23;9;2426
11;2025-12-23;10;1833
11;2025-12-23;11;1763
11;2025-12-23;12;1794
11;2025-12-23;13;1956
11;2025-12-23;14;1976
11;2025-12-23;15;2029
11;2025-12-23;16;2245
11;2025-12-23;17;2805
11;2025-12-23;18;3051
11;2025-12-23;19;2298
11;2025-12-23;20;1493
11;2025-12-23;21;850
11;2025-12-23;22;431
11;2025-12-23;23;212
11;2025-12-24;0;61
11;2025-12-24;1;0
11;2025-12-24;2;0
11;2025-12-24;3;0
11;2025-12-24;4;0
11;2025-12-24;5;282
11;2025-12-24;6;1255
11;2025-12-24;7;2401
11;2025-12-24;8;3107
11;2025-12-24;9;2296
11;2025-12-24;10;1837
11;2025-12-24;11;1876
11;2025-12-24;12;1863
11;2025-12-24;13;1988
11;2025-12-24;14;1955
11;2025-12-24;15;1998
11;2025-12-24;16;2117
11;2025-12-24;17;2814
11;2025-12-24;18;3023
11;2025-12-24;19;2261
11;2025-12-24;20;1490
11;2025-12-24;21;866
11;2025-12-24;22;422
11;2025-12-24;23;228
11;2025-12-25;0;64
11;2025-12-25;1;1
11;2025-12-25;2;0
11;2025-12-25;3;0
11;2025-12-25;4;0
11;2025-12-25;5;292
11;2025-12-25;6;1297
11;2025-12-25;7;2353
11;2025-12-25;8;3002
11;2025-12-25;9;2433
11;2025-12-25;10;1933
11;2025-12-25;11;1815
11;2025-12-25;12;1895
11;2025-12-25;13;2023
11;2025-12-25;14;1953
11;2025-12-25;15;2025
11;2025-12-25;16;2249
11;2025-12-25;17;2757
11;2025-12-25;18;3072
11;2025-12-25;19;2238
11;2025-12-25;20;1456
11;2025-12-25;21;875
11;2025-12-25;22;446
11;2025-12-25;23;234
11;2025-12-26;0;69
11;2025-12-26;1;1
11;2025-12-26;2;0
11;2025-12-26;3;0
11;2025-12-26;4;0
11;2025-12-26;5;283
11;2025-12-26;6;1299
11;2025-12-26;7;2270
11;2025-12-26;8;3027
11;2025-12-26;9;2303
11;2025-12-26;10;1868
11;2025-12-26;11;1792
11;2025-12-26;12;1887
11;2025-12-26;13;1902
11;2025-12-26;14;1987
11;2025-12-26;15;2211
11;2025-12-26;16;2410
11;2025-12-26;17;2843
11;2025-12-26;18;2486
11;2025-12-26;19;1978
11;2025-12-26;20;1384
11;2025-12-26;21;860
11;2025-12-26;22;466
11;2025-12-26;23;293
11;2025-12-27;0;102
11;2025-12-27;1;2
11;2025-12-27;2;0
11;2025-12-27;3;0
11;2025-12-27;4;4
11;2025-12-27;5;198
11;2025-12-27;6;784
11;2025-12-27;7;714
11;2025-12-27;8;990
11;2025-12-27;9;1126
11;2025-12-27;10;1258
11;2025-12-27;11;1639
11;2025-12-27;12;1815
11;2025-12-27;13;1738
11;2025-12-27;14;1765
11;2025-12-27;15;1738
11;2025-12-27;16;1772
11;2025-12-27;17;1770
11;2025-12-27;18;1517
11;2025-12-27;19;1447
11;2025-12-27;20;1081
11;2025-12-27;21;748
11;2025-12-27;22;462
11;2025-12-27;23;304
11;2025-12-28;0;106
11;2025-12-28;1;12
11;2025-12-28;2;0
11;2025-12-28;3;0
11;2025-12-28;4;2
11;2025-12-28;5;128
11;2025-12-28;6;531
11;2025-12-28;7;515
11;2025-12-28;8;677
11;2025-12-28;9;942
11;2025-12-28;10;1013
11;2025-12-28;11;1436
11;2025-12-28;12;1617
11;2025-12-28;13;1560
11;2025-12-28;14;1658
11;2025-12-28;15;1679
11;2025-12-28;16;1623
11;2025-12-28;17;1700
11;2025-12-28;18;1391
11;2025-12-28;19;1182
11;2025-12-28;20;963
11;2025-12-28;21;675
11;2025-12-28;22;390
11;2025-12-28;23;262
11;2025-12-29;0;72
11;2025-12-29;1;6
11;2025-12-29;2;0
11;2025-12-29;3;0
11;2025-12-29;4;0
11;2025-12-29;5;278
11;2025-12-29;6;1339
11;2025-12-29;7;2301
11;2025-12-29;8;3028
11;2025-12-29;9;2335
11;2025-12-29;10;1737
11;2025-12-29;11;1778
11;2025-12-29;12;1706
11;2025-12-29;13;1840
11;2025-12-29;14;1843
11;2025-12-29;15;2020
11;2025-12-29;16;2211
11;2025-12-29;17;2746
11;2025-12-29;18;3032
11;2025-12-29;19;2298
11;2025-12-29;20;1433
11;2025-12-29;21;831
11;2025-12-29;22;408
11;2025-12-29;23;209
11;2025-12-30;0;61
11;2025-12-30;1;1
11;2025-12-30;2;0
11;2025-12-30;3;0
11;2025-12-30;4;0
11;2025-12-30;5;267
11;2025-12-30;6;1347
11;2025-12-30;7;2379
11;2025-12-30;8;3229
11;2025-12-30;9;2426
11;2025-12-30;10;1833
11;2025-12-30;11;1763
11;2025-12-30;12;1794
11;2025-12-30;13;1956
11;2025-12-30;14;1976
11;2025-12-30;15;2029
11;2025-12-30;16;2245
11;2025-12-30;17;2805
11;2025-12-30;18;3051
11;2025-12-30;19;2298
11;2025-12-30;20;1493
11;2025-12-30;21;850
11;2025-12-30;22;431
11;2025-12-30;23;212
11;2025-12-31;0;104
11;2025-12-31;1;11
11;2025-12-31;2;0
11;2025-12-31;3;0
11;2025-12-31;4;2
11;2025-12-31;5;125
11;2025-12-31;6;497
11;2025-12-31;7;482
11;2025-12-31;8;634
11;2025-12-31;9;882
11;2025-12-31;10;949
11;2025-12-31;11;1345
11;2025-12-31;12;1515
11;2025-12-31;13;1461
11;2025-12-31;14;1553
11;2025-12-31;15;1573
11;2025-12-31;16;1520
11;2025-12-31;17;1592
11;2025-12-31;18;1303
11;2025-12-31;19;1107
11;2025-12-31;20;902
11;2025-12-31;21;632
11;2025-12-31;22;366
11;2025-12-31;23;245
12;2025-11-01;0;54
12;2025-11-01;1;2
12;2025-11-01;2;0
12;2025-11-01;3;0
12;2025-11-01;4;5
12;2025-11-01;5;330
12;2025-11-01;6;1498
12;2025-11-01;7;2878
12;2025-11-01;8;3666
12;2025-11-01;9;2569
12;2025-11-01;10;2072
12;2025-11-01;11;2107
12;2025-11-01;12;2165
12;2025-11-01;13;2204
12;2025-11-01;14;2219
12;2025-11-01;15;2551
12;2025-11-01;16;3205
12;2025-11-01;17;3228
12;2025-11-01;18;2808
12;2025-11-01;19;2403
12;2025-11-01;20;1553
12;2025-11-01;21;1053
12;2025-11-01;22;550
12;2025-11-01;23;320
12;2025-11-02;0;84
12;2025-11-02;1;7
12;2025-11-02;2;0
12;2025-11-02;3;0
12;2025-11-02;4;2
12;2025-11-02;5;165
12;2025-11-02;6;556
12;2025-11-02;7;659
12;2025-11-02;8;753
12;2025-11-02;9;939
12;2025-11-02;10;1154
12;2025-11-02;11;1289
12;2025-11-02;12;1356
12;2025-11-02;13;1588
12;2025-11-02;14;1524
12;2025-11-02;15;1394
12;2025-11-02;16;1515
12;2025-11-02;17;1519
12;2025-11-02;18;1346
12;2025-11-02;19;1085
12;2025-11-02;20;821
12;2025-11-02;21;618
12;2025-11-02;22;423
12;2025-11-02;23;224
12;2025-11-03;0;80
12;2025-11-03;1;7
12;2025-11-03;2;0
12;2025-11-03;3;0
12;2025-11-03;4;2
12;2025-11-03;5;158
12;2025-11-03;6;522
12;2025-11-03;7;620
12;2025-11-03;8;708
12;2025-11-03;9;883
12;2025-11-03;10;1085
12;2025-11-03;11;1212
12;2025-11-03;12;1275
12;2025-11-03;13;1493
12;2025-11-03;14;1433
12;2025-11-03;15;1310
12;2025-11-03;16;1425
12;2025-11-03;17;1428
12;2025-11-03;18;1265
12;2025-11-03;19;1020
12;2025-11-03;20;772
12;2025-11-03;21;581
12;2025-11-03;22;398
12;2025-11-03;23;211
12;2025-11-04;0;83
12;2025-11-04;1;7
12;2025-11-04;2;0
12;2025-11-04;3;0
12;2025-11-04;4;2
12;2025-11-04;5;163
12;2025-11-04;6;522
12;2025-11-04;7;620
12;2025-11-04;8;708
12;2025-11-04;9;883
12;2025-11-04;10;1085
12;2025-11-04;11;1212
12;2025-11-04;12;1275
12;2025-11-04;13;1493
12;2025-11-04;14;1433
12;2025-11-04;15;1310
12;2025-11-04;16;1425
12;2025-11-04;17;1428
12;2025-11-04;18;1265
12;2025-11-04;19;1020
12;2025-11-04;20;772
12;2025-11-04;21;581
12;2025-11-04;22;398
12;2025-11-04;23;211
12;2025-11-05;0;58
12;2025-11-05;1;2
12;2025-11-05;2;0
12;2025-11-05;3;0
12;2025-11-05;4;6
12;2025-11-05;5;331
12;2025-11-05;6;1418
12;2025-11-05;7;2663
12;2025-11-05;8;3544
12;2025-11-05;9;2498
12;2025-11-05;10;2092
12;2025-11-05;11;1977
12;2025-11-05;12;2033
12;2025-11-05;13;2009
12;2025-11-05;14;2011
12;2025-11-05;15;2207
12;2025-11-05;16;2665
12;2025-11-05;17;2991
12;2025-11-05;18;3163
12;2025-11-05;19;2513
12;2025-11-05;20;1493
12;2025-11-05;21;992
12;2025-11-05;22;513
12;2025-11-05;23;261
12;2025-11-06;0;52
12;2025-11-06;1;3
12;2025-11-06;2;0
12;2025-11-06;3;0
12;2025-11-06;4;6
12;2025-11-06;5;318
12;2025-11-06;6;1392
12;2025-11-06;7;2737
12;2025-11-06;8;3567
12;2025-11-06;9;2404
12;2025-11-06;10;2012
12;2025-11-06;11;2010
12;2025-11-06;12;2069
12;2025-11-06;13;2035
12;2025-11-06;14;2021
12;2025-11-06;15;2266
12;2025-11-06;16;2743
12;2025-11-06;17;3097
12;2025-11-06;18;3166
12;2025-11-06;19;2522
12;2025-11-06;20;1571
12;2025-11-06;21;942
12;2025-11-06;22;491
12;2025-11-06;23;263
12;2025-11-07;0;54
12;2025-11-07;1;2
12;2025-11-07;2;0
12;2025-11-07;3;0
12;2025-11-07;4;5
12;2025-11-07;5;328
12;2025-11-07;6;1398
12;2025-11-07;7;2686
12;2025-11-07;8;3422
12;2025-11-07;9;2398
12;2025-11-07;10;1934
12;2025-11-07;11;1967
12;2025-11-07;12;2021
12;2025-11-07;13;2057
12;2025-11-07;14;2071
12;2025-11-07;15;2381
12;2025-11-07;16;2991
12;2025-11-07;17;3013
12;2025-11-07;18;2622
12;2025-11-07;19;2243
12;2025-11-07;20;1449
12;2025-11-07;21;983
12;2025-11-07;22;513
12;2025-11-07;23;299
12;2025-11-08;0;80
12;2025-11-08;1;4
12;2025-11-08;2;0
12;2025-11-08;3;0
12;2025-11-08;4;2
12;2025-11-08;5;235
12;2025-11-08;6;834
12;2025-11-08;7;900
12;2025-11-08;8;1007
12;2025-11-08;9;1198
12;2025-11-08;10;1398
12;2025-11-08;11;1474
12;2025-11-08;12;1464
12;2025-11-08;13;1692
12;2025-11-08;14;1591
12;2025-11-08;15;1504
12;2025-11-08;16;1573
12;2025-11-08;17;1516
12;2025-11-08;18;1449
12;2025-11-08;19;1392
12;2025-11-08;20;964
12;2025-11-08;21;735
12;2025-11-08;22;412
12;2025-11-08;23;286
12;2025-11-09;0;84
12;2025-11-09;1;7
12;2025-11-09;2;0
12;2025-11-09;3;0
12;2025-11-09;4;2
12;2025-11-09;5;165
12;2025-11-09;6;556
12;2025-11-09;7;659
12;2025-11-09;8;753
12;2025-11-09;9;939
12;2025-11-09;10;1154
12;2025-11-09;11;1289
12;2025-11-09;12;1356
12;2025-11-09;13;1588
12;2025-11-09;14;1524
12;2025-11-09;15;1394
12;2025-11-09;16;1515
12;2025-11-09;17;1519
12;2025-11-09;18;1346
12;2025-11-09;19;1085
12;2025-11-09;20;821
12;2025-11-09;21;618
12;2025-11-09;22;423
12;2025-11-09;23;224
12;2025-11-10;0;63
12;2025-11-10;1;3
12;2025-11-10;2;0
12;2025-11-10;3;0
12;2025-11-10;4;5
12;2025-11-10;5;325
12;2025-11-10;6;1395
12;2025-11-10;7;2660
12;2025-11-10;8;3555
12;2025-11-10;9;2423
12;2025-11-10;10;1910
12;2025-11-10;11;1854
12;2025-11-10;12;1988
12;2025-11-10;13;1902
12;2025-11-10;14;1891
12;2025-11-10;15;2209
12;2025-11-10;16;2648
12;2025-11-10;17;2984
12;2025-11-10;18;3177
12;2025-11-10;19;2488
12;2025-11-10;20;1575
12;2025-11-10;21;918
12;2025-11-10;22;455
12;2025-11-10;23;232
12;2025-11-11;0;48
12;2025-11-11;1;1
12;2025-11-11;2;0
12;2025-11-11;3;0
12;2025-11-11;4;5
12;2025-11-11;5;343
12;2025-11-11;6;1413
12;2025-11-11;7;2794
12;2025-11-11;8;3689
12;2025-11-11;9;2500
12;2025-11-11;10;2024
12;2025-11-11;11;2021
12;2025-11-11;12;2033
12;2025-11-11;13;2039
12;2025-11-11;14;1970
12;2025-11-11;15;2216
12;2025-11-11;16;2651
12;2025-11-11;17;3060
12;2025-11-11;18;3256
12;2025-11-11;19;2527
12;2025-11-11;20;1525
12;2025-11-11;21;920
12;2025-11-11;22;478
12;2025-11-11;23;239
12;2025-11-12;0;58
12;2025-11-12;1;2
12;2025-11-12;2;0
12;2025-11-12;3;0
12;2025-11-12;4;6
12;2025-11-12;5;331
12;2025-11-12;6;1418
12;2025-11-12;7;2663
12;2025-11-12;8;3544
12;2025-11-12;9;2498
12;2025-11-12;10;2092
12;2025-11-12;11;1977
12;2025-11-12;12;2033
12;2025-11-12;13;2009
12;2025-11-12;14;2011
12;2025-11-12;15;2207
12;2025-11-12;16;2665
12;2025-11-12;17;2991
12;2025-11-12;18;3163
12;2025-11-12;19;2513
12;2025-11-12;20;1493
12;2025-11-12;21;992
12;2025-11-12;22;513
12;2025-11-12;23;261
12;2025-11-13;0;52
12;2025-11-13;1;3
12;2025-11-13;2;0
12;2025-11-13;3;0
12;2025-11-13;4;6
12;2025-11-13;5;318
12;2025-11-13;6;1392
12;2025-11-13;7;2737
12;2025-11-13;8;3567
12;2025-11-13;9;2404
12;2025-11-13;10;2012
12;2025-11-13;11;2010
12;2025-11-13;12;2069
12;2025-11-13;13;2035
12;2025-11-13;14;2021
12;2025-11-13;15;2266
12;2025-11-13;16;2743
12;2025-11-13;17;3097
12;2025-11-13;18;3166
12;2025-11-13;19;2522
12;2025-11-13;20;1571
12;2025-11-13;21;942
12;2025-11-13;22;491
12;2025-11-13;23;263
12;2025-11-14;0;54
12;2025-11-14;1;2
12;2025-11-14;2;0
12;2025-11-14;3;0
12;2025-11-14;4;5
12;2025-11-14;5;328
12;2025-11-14;6;1398
12;2025-11-14;7;2686
12;2025-11-14;8;3422
12;2025-11-14;9;2398
12;2025-11-14;10;1934
12;2025-11-14;11;1967
12;2025-11-14;12;2021
12;2025-11-14;13;2057
12;2025-11-14;14;2071
12;2025-11-14;15;2381
12;2025-11-14;16;2991
12;2025-11-14;17;3013
12;2025-11-14;18;2622
12;2025-11-14;19;2243
12;2025-11-14;20;1449
12;2025-11-14;21;983
12;2025-11-14;22;513
12;2025-11-14;23;299
12;2025-11-15;0;80
12;2025-11-15;1;4
12;2025-11-15;2;0
12;2025-11-15;3;0
12;2025-11-15;4;2
12;2025-11-15;5;235
12;2025-11-15;6;834
12;2025-11-15;7;900
12;2025-11-15;8;1007
12;2025-11-15;9;1198
12;2025-11-15;10;1398
12;2025-11-15;11;1474
12;2025-11-15;12;1464
12;2025-11-15;13;1692
12;2025-11-15;14;1591
12;2025-11-15;15;1504
12;2025-11-15;16;1573
12;2025-11-15;17;1516
12;2025-11-15;18;1449
12;2025-11-15;19;1392
12;2025-11-15;20;964
12;2025-11-15;21;735
12;2025-11-15;22;412
12;2025-11-15;23;286
12;2025-11-16;0;84
12;2025-11-16;1;7
12;2025-11-16;2;0
12;2025-11-16;3;0
12;2025-11-16;4;2
12;2025-11-16;5;165
12;2025-11-16;6;556
12;2025-11-16;7;659
12;2025-11-16;8;753
12;2025-11-16;9;939
12;2025-11-16;10;1154
12;2025-11-16;11;1289
12;2025-11-16;12;1356
12;2025-11-16;13;1588
12;2025-11-16;14;1524
12;2025-11-16;15;1394
12;2025-11-16;16;1515
12;2025-11-16;17;1519
12;2025-11-16;18;1346
12;2025-11-16;19;1085
12;2025-11-16;20;821
12;2025-11-16;21;618
12;2025-11-16;22;423
12;2025-11-16;23;224
12;2025-11-17;0;63
12;2025-11-17;1;3
12;2025-11-17;2;0
12;2025-11-17;3;0
12;2025-11-17;4;5
12;2025-11-17;5;325
12;2025-11-17;6;1395
12;2025-11-17;7;2660
12;2025-11-17;8;3555
12;2025-11-17;9;2423
12;2025-11-17;10;1910
12;2025-11-17;11;1854
12;2025-11-17;12;1988
12;2025-11-17;13;1902
12;2025-11-17;14;1891
12;2025-11-17;15;2209
12;2025-11-17;16;2648
12;2025-11-17;17;2984
12;2025-11-17;18;3177
12;2025-11-17;19;2488
12;2025-11-17;20;1575
12;2025-11-17;21;918
12;2025-11-17;22;455
12;2025-11-17;23;232
12;2025-11-18;0;48
12;2025-11-18;1;1
12;2025-11-18;2;0
12;2025-11-18;3;0
12;2025-11-18;4;5
12;2025-11-18;5;343
12;2025-11-18;6;1413
12;2025-11-18;7;2794
12;2025-11-18;8;3689
12;2025-11-18;9;2500
12;2025-11-18;10;2024
12;2025-11-18;11;2021
12;2025-11-18;12;2033
12;2025-11-18;13;2039
12;2025-11-18;14;1970
12;2025-11-18;15;2216
12;2025-11-18;16;2651
12;2025-11-18;17;3060
12;2025-11-18;18;3256
12;2025-11-18;19;2527
12;2025-11-18;20;1525
12;2025-11-18;21;920
12;2025-11-18;22;478
12;2025-11-18;23;239
12;2025-11-19;0;58
12;2025-11-19;1;2
12;2025-11-19;2;0
12;2025-11-19;3;0
12;2025-11-19;4;6
12;2025-11-19;5;331
12;2025-11-19;6;1418
12;2025-11-19;7;2663
12;2025-11-19;8;3544
12;2025-11-19;9;2498
12;2025-11-19;10;2092
12;2025-11-19;11;1977
12;2025-11-19;12;2033
12;2025-11-19;13;2009
12;2025-11-19;14;2011
12;2025-11-19;15;2207
12;2025-11-19;16;2665
12;2025-11-19;17;2991
12;2025-11-19;18;3163
12;2025-11-19;19;2513
12;2025-11-19;20;1493
12;2025-11-19;21;992
12;2025-11-19;22;513
12;2025-11-19;23;261
12;2025-11-20;0;52
12;2025-11-20;1;3
12;2025-11-20;2;0
12;2025-11-20;3;0
12;2025-11-20;4;6
12;2025-11-20;5;318
12;2025-11-20;6;1392
12;2025-11-20;7;2737
12;2025-11-20;8;3567
12;2025-11-20;9;2404
12;2025-11-20;10;2012
12;2025-11-20;11;2010
12;2025-11-20;12;2069
12;2025-11-20;13;2035
12;2025-11-20;14;2021
12;2025-11-20;15;2266
12;2025-11-20;16;2743
12;2025-11-20;17;3097
12;2025-11-20;18;3166
12;2025-11-20;19;2522
12;2025-11-20;20;1571
12;2025-11-20;21;942
12;2025-11-20;22;491
12;2025-11-20;23;263
12;2025-11-21;0;54
12;2025-11-21;1;2
12;2025-11-21;2;0
12;2025-11-21;3;0
12;2025-11-21;4;5
12;2025-11-21;5;328
12;2025-11-21;6;1398
12;2025-11-21;7;2686
12;2025-11-21;8;3422
12;2025-11-21;9;2398
12;2025-11-21;10;1934
12;2025-11-21;11;1967
12;2025-11-21;12;2021
12;2025-11-21;13;2057
12;2025-11-21;14;2071
12;2025-11-21;15;2381
12;2025-11-21;16;2991
12;2025-11-21;17;3013
12;2025-11-21;18;2622
12;2025-11-21;19;2243
12;2025-11-21;20;1449
12;2025-11-21;21;983
12;2025-11-21;22;513
12;2025-11-21;23;299
12;2025-11-22;0;80
12;2025-11-22;1;4
12;2025-11-22;2;0
12;2025-11-22;3;0
12;2025-11-22;4;2
12;2025-11-22;5;235
12;2025-11-22;6;834
12;2025-11-22;7;900
12;2025-11-22;8;1007
12;2025-11-22;9;1198
12;2025-11-22;10;1398
12;2025-11-22;11;1474
12;2025-11-22;12;1464
12;2025-11-22;13;1692
12;2025-11-22;14;1591
12;2025-11-22;15;1504
12;2025-11-22;16;1573
12;2025-11-22;17;1516
12;2025-11-22;18;1449
12;2025-11-22;19;1392
12;2025-11-22;20;964
12;2025-11-22;21;735
12;2025-11-22;22;412
12;2025-11-22;23;286
12;2025-11-23;0;84
12;2025-11-23;1;7
12;2025-11-23;2;0
12;2025-11-23;3;0
12;2025-11-23;4;2
12;2025-11-23;5;165
12;2025-11-23;6;556
12;2025-11-23;7;659
12;2025-11-23;8;753
12;2025-11-23;9;939
12;2025-11-23;10;1154
12;2025-11-23;11;1289
12;2025-11-23;12;1356
12;2025-11-23;13;1588
12;2025-11-23;14;1524
12;2025-11-23;15;1394
12;2025-11-23;16;1515
12;2025-11-23;17;1519
12;2025-11-23;18;1346
12;2025-11-23;19;1085
12;2025-11-23;20;821
12;2025-11-23;21;618
12;2025-11-23;22;423
12;2025-11-23;23;224
12;2025-11-24;0;63
12;2025-11-24;1;3
12;2025-11-24;2;0
12;2025-11-24;3;0
12;2025-11-24;4;5
12;2025-11-24;5;325
12;2025-11-24;6;1395
12;2025-11-24;7;2660
12;2025-11-24;8;3555
12;2025-11-24;9;2423
12;2025-11-24;10;1910
12;2025-11-24;11;1854
12;2025-11-24;12;1988
12;2025-11-24;13;1902
12;2025-11-24;14;1891
12;2025-11-24;15;2209
12;2025-11-24;16;2648
12;2025-11-24;17;2984
12;2025-11-24;18;3177
12;2025-11-24;19;2488
12;2025-11-24;20;1575
12;2025-11-24;21;918
12;2025-11-24;22;455
12;2025-11-24;23;232
12;2025-11-25;0;48
12;2025-11-25;1;1
12;2025-11-25;2;0
12;2025-11-25;3;0
12;2025-11-25;4;5
12;2025-11-25;5;343
12;2025-11-25;6;1413
12;2025-11-25;7;2794
12;2025-11-25;8;3689
12;2025-11-25;9;2500
12;2025-11-25;10;2024
12;2025-11-25;11;2021
12;2025-11-25;12;2033
12;2025-11-25;13;2039
12;2025-11-25;14;1970
12;2025-11-25;15;2216
12;2025-11-25;16;2651
12;2025-11-25;17;3060
12;2025-11-25;18;3256
12;2025-11-25;19;2527
12;2025-11-25;20;1525
12;2025-11-25;21;920
12;2025-11-25;22;478
12;2025-11-25;23;239
12;2025-11-26;0;58
12;2025-11-26;1;2
12;2025-11-26;2;0
12;2025-11-26;3;0
12;2025-11-26;4;6
12;2025-11-26;5;331
12;2025-11-26;6;1418
12;2025-11-26;7;2663
12;2025-11-26;8;3544
12;2025-11-26;9;2498
12;2025-11-26;10;2092
12;2025-11-26;11;1977
12;2025-11-26;12;2033
12;2025-11-26;13;2009
12;2025-11-26;14;2011
12;2025-11-26;15;2207
12;2025-11-26;16;2665
12;2025-11-26;17;2991
12;2025-11-26;18;3163
12;2025-11-26;19;2513
12;2025-11-26;20;1493
12;2025-11-26;21;992
12;2025-11-26;22;513
12;2025-11-26;23;261
12;2025-11-27;0;52
12;2025-11-27;1;3
12;2025-11-27;2;0
12;2025-11-27;3;0
12;2025-11-27;4;6
12;2025-11-27;5;318
12;2025-11-27;6;1392
12;2025-11-27;7;2737
12;2025-11-27;8;3567
12;2025-11-27;9;2404
12;2025-11-27;10;2012
12;2025-11-27;11;2010
12;2025-11-27;12;2069
12;2025-11-27;13;2035
12;2025-11-27;14;2021
12;2025-11-27;15;2266
12;2025-11-27;16;2743
12;2025-11-27;17;3097
12;2025-11-27;18;3166
12;2025-11-27;19;2522
12;2025-11-27;20;1571
12;2025-11-27;21;942
12;2025-11-27;22;491
12;2025-11-27;23;263
12;2025-11-28;0;54
12;2025-11-28;1;2
12;2025-11-28;2;0
12;2025-11-28;3;0
12;2025-11-28;4;5
12;2025-11-28;5;328
12;2025-11-28;6;1398
12;2025-11-28;7;2686
12;2025-11-28;8;3422
12;2025-11-28;9;2398
12;2025-11-28;10;1934
12;2025-11-28;11;1967
12;2025-11-28;12;2021
12;2025-11-28;13;2057
12;2025-11-28;14;2071
12;2025-11-28;15;2381
12;2025-11-28;16;2991
12;2025-11-28;17;3013
12;2025-11-28;18;2622
12;2025-11-28;19;2243
12;2025-11-28;20;1449
12;2025-11-28;21;983
12;2025-11-28;22;513
12;2025-11-28;23;299
12;2025-11-29;0;80
12;2025-11-29;1;4
12;2025-11-29;2;0
12;2025-11-29;3;0
12;2025-11-29;4;2
12;2025-11-29;5;235
12;2025-11-29;6;834
12;2025-11-29;7;900
12;2025-11-29;8;1007
12;2025-11-29;9;1198
12;2025-11-29;10;1398
12;2025-11-29;11;1474
12;2025-11-29;12;1464
12;2025-11-29;13;1692
12;2025-11-29;14;1591
12;2025-11-29;15;1504
12;2025-11-29;16;1573
12;2025-11-29;17;1516
12;2025-11-29;18;1449
12;2025-11-29;19;1392
12;2025-11-29;20;964
12;2025-11-29;21;735
12;2025-11-29;22;412
12;2025-11-29;23;286
12;2025-11-30;0;84
12;2025-11-30;1;7
12;2025-11-30;2;0
12;2025-11-30;3;0
12;2025-11-30;4;2
12;2025-11-30;5;165
12;2025-11-30;6;556
12;2025-11-30;7;659
12;2025-11-30;8;753
12;2025-11-30;9;939
12;2025-11-30;10;1154
12;2025-11-30;11;1289
12;2025-11-30;12;1356
12;2025-11-30;13;1588
12;2025-11-30;14;1524
12;2025-11-30;15;1394
12;2025-11-30;16;1515
12;2025-11-30;17;1519
12;2025-11-30;18;1346
12;2025-11-30;19;1085
12;2025-11-30;20;821
12;2025-11-30;21;618
12;2025-11-30;22;423
12;2025-11-30;23;224
12;2025-12-01;0;63
12;2025-12-01;1;3
12;2025-12-01;2;0
12;2025-12-01;3;0
12;2025-12-01;4;5
12;2025-12-01;5;325
12;2025-12-01;6;1395
12;2025-12-01;7;2660
12;2025-12-01;8;3555
12;2025-12-01;9;2423
12;2025-12-01;10;1910
12;2025-12-01;11;1854
12;2025-12-01;12;1988
12;2025-12-01;13;1902
12;2025-12-01;14;1891
12;2025-12-01;15;2209
12;2025-12-01;16;2648
12;2025-12-01;17;2984
12;2025-12-01;18;3177
12;2025-12-01;19;2488
12;2025-12-01;20;1575
12;2025-12-01;21;918
12;2025-12-01;22;455
12;2025-12-01;23;232
12;2025-12-02;0;48
12;2025-12-02;1;1
12;2025-12-02;2;0
12;2025-12-02;3;0
12;2025-12-02;4;5
12;2025-12-02;5;343
12;2025-12-02;6;1413
12;2025-12-02;7;2794
12;2025-12-02;8;3689
12;2025-12-02;9;2500
12;2025-12-02;10;2024
12;2025-12-02;11;2021
12;2025-12-02;12;2033
12;2025-12-02;13;2039
12;2025-12-02;14;1970
12;2025-12-02;15;2216
12;2025-12-02;16;2651
12;2025-12-02;17;3060
12;2025-12-02;18;3256
12;2025-12-02;19;2527
12;2025-12-02;20;1525
12;2025-12-02;21;920
12;2025-12-02;22;478
12;2025-12-02;23;239
12;2025-12-03;0;58
12;2025-12-03;1;2
12;2025-12-03;2;0
12;2025-12-03;3;0
12;2025-12-03;4;6
12;2025-12-03;5;331
12;2025-12-03;6;1418
12;2025-12-03;7;2663
12;2025-12-03;8;3544
12;2025-12-03;9;2498
12;2025-12-03;10;2092
12;2025-12-03;11;1977
12;2025-12-03;12;2033
12;2025-12-03;13;2009
12;2025-12-03;14;2011
12;2025-12-03;15;2207
12;2025-12-03;16;2665
12;2025-12-03;17;2991
12;2025-12-03;18;3163
12;2025-12-03;19;2513
12;2025-12-03;20;1493
12;2025-12-03;21;992
12;2025-12-03;22;513
12;2025-12-03;23;261
12;2025-12-04;0;52
12;2025-12-04;1;3
12;2025-12-04;2;0
12;2025-12-04;3;0
12;2025-12-04;4;6
12;2025-12-04;5;318
12;2025-12-04;6;1392
12;2025-12-04;7;2737
12;2025-12-04;8;3567
12;2025-12-04;9;2404
12;2025-12-04;10;2012
12;2025-12-04;11;2010
12;2025-12-04;12;2069
12;2025-12-04;13;2035
12;2025-12-04;14;2021
12;2025-12-04;15;2266
12;2025-12-04;16;2743
12;2025-12-04;17;3097
12;2025-12-04;18;3166
12;2025-12-04;19;2522
12;2025-12-04;20;1571
12;2025-12-04;21;942
12;2025-12-04;22;491
12;2025-12-04;23;263
12;2025-12-05;0;54
12;2025-12-05;1;2
12;2025-12-05;2;0
12;2025-12-05;3;0
12;2025-12-05;4;5
12;2025-12-05;5;328
12;2025-12-05;6;1398
12;2025-12-05;7;2686
12;2025-12-05;8;3422
12;2025-12-05;9;2398
12;2025-12-05;10;1934
12;2025-12-05;11;1967
12;2025-12-05;12;2021
12;2025-12-05;13;2057
12;2025-12-05;14;2071
12;2025-12-05;15;2381
12;2025-12-05;16;2991
12;2025-12-05;17;3013
12;2025-12-05;18;2622
12;2025-12-05;19;2243
12;2025-12-05;20;1449
12;2025-12-05;21;983
12;2025-12-05;22;513
12;2025-12-05;23;299
12;2025-12-06;0;80
12;2025-12-06;1;4
12;2025-12-06;2;0
12;2025-12-06;3;0
12;2025-12-06;4;2
12;2025-12-06;5;235
12;2025-12-06;6;834
12;2025-12-06;7;900
12;2025-12-06;8;1007
12;2025-12-06;9;1198
12;2025-12-06;10;1398
12;2025-12-06;11;1474
12;2025-12-06;12;1464
12;2025-12-06;13;1692
12;2025-12-06;14;1591
12;2025-12-06;15;1504
12;2025-12-06;16;1573
12;2025-12-06;17;1516
12;2025-12-06;18;1449
12;2025-12-06;19;1392
12;2025-12-06;20;964
12;2025-12-06;21;735
12;2025-12-06;22;412
12;2025-12-06;23;286
12;2025-12-07;0;84
12;2025-12-07;1;7
12;2025-12-07;2;0
12;2025-12-07;3;0
12;2025-12-07;4;2
12;2025-12-07;5;165
12;2025-12-07;6;556
12;2025-12-07;7;659
12;2025-12-07;8;753
12;2025-12-07;9;939
12;2025-12-07;10;1154
12;2025-12-07;11;1289
12;2025-12-07;12;1356
12;2025-12-07;13;1588
12;2025-12-07;14;1524
12;2025-12-07;15;1394
12;2025-12-07;16;1515
12;2025-12-07;17;1519
12;2025-12-07;18;1346
12;2025-12-07;19;1085
12;2025-12-07;20;821
12;2025-12-07;21;618
12;2025-12-07;22;423
12;2025-12-07;23;224
12;2025-12-08;0;63
12;2025-12-08;1;3
12;2025-12-08;2;0
12;2025-12-08;3;0
12;2025-12-08;4;5
12;2025-12-08;5;325
12;2025-12-08;6;1395
12;2025-12-08;7;2660
12;2025-12-08;8;3555
12;2025-12-08;9;2423
12;2025-12-08;10;1910
12;2025-12-08;11;1854
12;2025-12-08;12;1988
12;2025-12-08;13;1902
12;2025-12-08;14;1891
12;2025-12-08;15;2209
12;2025-12-08;16;2648
12;2025-12-08;17;2984
12;2025-12-08;18;3177
12;2025-12-08;19;2488
12;2025-12-08;20;1575
12;2025-12-08;21;918
12;2025-12-08;22;455
12;2025-12-08;23;232
12;2025-12-09;0;48
12;2025-12-09;1;1
12;2025-12-09;2;0
12;2025-12-09;3;0
12;2025-12-09;4;5
12;2025-12-09;5;343
12;2025-12-09;6;1413
12;2025-12-09;7;2794
12;2025-12-09;8;3689
12;2025-12-09;9;2500
12;2025-12-09;10;2024
12;2025-12-09;11;2021
12;2025-12-09;12;2033
12;2025-12-09;13;2039
12;2025-12-09;14;1970
12;2025-12-09;15;2216
12;2025-12-09;16;2651
12;2025-12-09;17;3060
12;2025-12-09;18;3256
12;2025-12-09;19;2527
12;2025-12-09;20;1525
12;2025-12-09;21;920
12;2025-12-09;22;478
12;2025-12-09;23;239
12;2025-12-10;0;58
12;2025-12-10;1;2
12;2025-12-10;2;0
12;2025-12-10;3;0
12;2025-12-10;4;6
12;2025-12-10;5;331
12;2025-12-10;6;1418
12;2025-12-10;7;2663
12;2025-12-10;8;3544
12;2025-12-10;9;2498
12;2025-12-10;10;2092
12;2025-12-10;11;1977
12;2025-12-10;12;2033
12;2025-12-10;13;2009
12;2025-12-10;14;2011
12;2025-12-10;15;2207
12;2025-12-10;16;2665
12;2025-12-10;17;2991
12;2025-12-10;18;3163
12;2025-12-10;19;2513
12;2025-12-10;20;1493
12;2025-12-10;21;992
12;2025-12-10;22;513
12;2025-12-10;23;261
12;2025-12-11;0;52
12;2025-12-11;1;3
12;2025-12-11;2;0
12;2025-12-11;3;0
12;2025-12-11;4;6
12;2025-12-11;5;318
12;2025-12-11;6;1392
12;2025-12-11;7;2737
12;2025-12-11;8;3567
12;2025-12-11;9;2404
12;2025-12-11;10;2012
12;2025-12-11;11;2010
12;2025-12-11;12;2069
12;2025-12-11;13;2035
12;2025-12-11;14;2021
12;2025-12-11;15;2266
12;2025-12-11;16;2743
12;2025-12-11;17;3097
12;2025-12-11;18;3166
12;2025-12-11;19;2522
12;2025-12-11;20;1571
12;2025-12-11;21;942
12;2025-12-11;22;491
12;2025-12-11;23;263
12;2025-12-12;0;54
12;2025-12-12;1;2
12;2025-12-12;2;0
12;2025-12-12;3;0
12;2025-12-12;4;5
12;2025-12-12;5;328
12;2025-12-12;6;1398
12;2025-12-12;7;2686
12;2025-12-12;8;3422
12;2025-12-12;9;2398
12;2025-12-12;10;1934
12;2025-12-12;11;1967
12;2025-12-12;12;2021
12;2025-12-12;13;2057
12;2025-12-12;14;2071
12;2025-12-12;15;2381
12;2025-12-12;16;2991
12;2025-12-12;17;3013
12;2025-12-12;18;2622
12;2025-12-12;19;2243
12;2025-12-12;20;1449
12;2025-12-12;21;983
12;2025-12-12;22;513
12;2025-12-12;23;299
12;2025-12-13;0;80
12;2025-12-13;1;4
12;2025-12-13;2;0
12;2025-12-13;3;0
12;2025-12-13;4;2
12;2025-12-13;5;235
12;2025-12-13;6;834
12;2025-12-13;7;900
12;2025-12-13;8;1007
12;2025-12-13;9;1198
12;2025-12-13;10;1398
12;2025-12-13;11;1474
12;2025-12-13;12;1464
12;2025-12-13;13;1692
12;2025-12-13;14;1591
12;2025-12-13;15;1504
12;2025-12-13;16;1573
12;2025-12-13;17;1516
12;2025-12-13;18;1449
12;2025-12-13;19;1392
12;2025-12-13;20;964
12;2025-12-13;21;735
12;2025-12-13;22;412
12;2025-12-13;23;286
12;2025-12-14;0;84
12;2025-12-14;1;7
12;2025-12-14;2;0
12;2025-12-14;3;0
12;2025-12-14;4;2
12;2025-12-14;5;165
12;2025-12-14;6;556
12;2025-12-14;7;659
12;2025-12-14;8;753
12;2025-12-14;9;939
12;2025-12-14;10;1154
12;2025-12-14;11;1289
12;2025-12-14;12;1356
12;2025-12-14;13;1588
12;2025-12-14;14;1524
12;2025-12-14;15;1394
12;2025-12-14;16;1515
12;2025-12-14;17;1519
12;2025-12-14;18;1346
12;2025-12-14;19;1085
12;2025-12-14;20;821
12;2025-12-14;21;618
12;2025-12-14;22;423
12;2025-12-14;23;224
12;2025-12-15;0;63
12;2025-12-15;1;3
12;2025-12-15;2;0
12;2025-12-15;3;0
12;2025-12-15;4;5
12;2025-12-15;5;325
12;2025-12-15;6;1395
12;2025-12-15;7;2660
12;2025-12-15;8;3555
12;2025-12-15;9;2423
12;2025-12-15;10;1910
12;2025-12-15;11;1854
12;2025-12-15;12;1988
12;2025-12-15;13;1902
12;2025-12-15;14;1891
12;2025-12-15;15;2209
12;2025-12-15;16;2648
12;2025-12-15;17;2984
12;2025-12-15;18;3177
12;2025-12-15;19;2488
12;2025-12-15;20;1575
12;2025-12-15;21;918
12;2025-12-15;22;455
12;2025-12-15;23;232
12;2025-12-16;0;48
12;2025-12-16;1;1
12;2025-12-16;2;0
12;2025-12-16;3;0
12;2025-12-16;4;5
12;2025-12-16;5;343
12;2025-12-16;6;1413
12;2025-12-16;7;2794
12;2025-12-16;8;3689
12;2025-12-16;9;2500
12;2025-12-16;10;2024
12;2025-12-16;11;2021
12;2025-12-16;12;2033
12;2025-12-16;13;2039
12;2025-12-16;14;1970
12;2025-12-16;15;2216
12;2025-12-16;16;2651
12;2025-12-16;17;3060
12;2025-12-16;18;3256
12;2025-12-16;19;2527
12;2025-12-16;20;1525
12;2025-12-16;21;920
12;2025-12-16;22;478
12;2025-12-16;23;239
12;2025-12-17;0;58
12;2025-12-17;1;2
12;2025-12-17;2;0
12;2025-12-17;3;0
12;2025-12-17;4;6
12;2025-12-17;5;331
12;2025-12-17;6;1418
12;2025-12-17;7;2663
12;2025-12-17;8;3544
12;2025-12-17;9;2498
12;2025-12-17;10;2092
12;2025-12-17;11;1977
12;2025-12-17;12;2033
12;2025-12-17;13;2009
12;2025-12-17;14;2011
12;2025-12-17;15;2207
12;2025-12-17;16;2665
12;2025-12-17;17;2991
12;2025-12-17;18;3163
12;2025-12-17;19;2513
12;2025-12-17;20;1493
12;2025-12-17;21;992
12;2025-12-17;22;513
12;2025-12-17;23;261
12;2025-12-18;0;52
12;2025-12-18;1;3
12;2025-12-18;2;0
12;2025-12-18;3;0
12;2025-12-18;4;6
12;2025-12-18;5;318
12;2025-12-18;6;1392
12;2025-12-18;7;2737
12;2025-12-18;8;3567
12;2025-12-18;9;2404
12;2025-12-18;10;2012
12;2025-12-18;11;2010
12;2025-12-18;12;2069
12;2025-12-18;13;2035
12;2025-12-18;14;2021
12;2025-12-18;15;2266
12;2025-12-18;16;2743
12;2025-12-18;17;3097
12;2025-12-18;18;3166
12;2025-12-18;19;2522
12;2025-12-18;20;1571
12;2025-12-18;21;942
12;2025-12-18;22;491
12;2025-12-18;23;263
12;2025-12-19;0;54
12;2025-12-19;1;2
12;2025-12-19;2;0
12;2025-12-19;3;0
12;2025-12-19;4;5
12;2025-12-19;5;328
12;2025-12-19;6;1398
12;2025-12-19;7;2686
12;2025-12-19;8;3422
12;2025-12-19;9;2398
12;2025-12-19;10;1934
12;2025-12-19;11;1967
12;2025-12-19;12;2021
12;2025-12-19;13;2057
12;2025-12-19;14;2071
12;2025-12-19;15;2381
12;2025-12-19;16;2991
12;2025-12-19;17;3013
12;2025-12-19;18;2622
12;2025-12-19;19;2243
12;2025-12-19;20;1449
12;2025-12-19;21;983
12;2025-12-19;22;513
12;2025-12-19;23;299
12;2025-12-20;0;80
12;2025-12-20;1;4
12;2025-12-20;2;0
12;2025-12-20;3;0
12;2025-12-20;4;2
12;2025-12-20;5;235
12;2025-12-20;6;834
12;2025-12-20;7;900
12;2025-12-20;8;1007
12;2025-12-20;9;1198
12;2025-12-20;10;1398
12;2025-12-20;11;1474
12;2025-12-20;12;1464
12;2025-12-20;13;1692
12;2025-12-20;14;1591
12;2025-12-20;15;1504
12;2025-12-20;16;1573
12;2025-12-20;17;1516
12;2025-12-20;18;1449
12;2025-12-20;19;1392
12;2025-12-20;20;964
12;2025-12-20;21;735
12;2025-12-20;22;412
12;2025-12-20;23;286
12;2025-12-21;0;84
12;2025-12-21;1;7
12;2025-12-21;2;0
12;2025-12-21;3;0
12;2025-12-21;4;2
12;2025-12-21;5;165
12;2025-12-21;6;556
12;2025-12-21;7;659
12;2025-12-21;8;753
12;2025-12-21;9;939
12;2025-12-21;10;1154
12;2025-12-21;11;1289
12;2025-12-21;12;1356
12;2025-12-21;13;1588
12;2025-12-21;14;1524
12;2025-12-21;15;1394
12;2025-12-21;16;1515
12;2025-12-21;17;1519
12;2025-12-21;18;1346
12;2025-12-21;19;1085
12;2025-12-21;20;821
12;2025-12-21;21;618
12;2025-12-21;22;423
12;2025-12-21;23;224
12;2025-12-22;0;63
12;2025-12-22;1;3
12;2025-12-22;2;0
12;2025-12-22;3;0
12;2025-12-22;4;5
12;2025-12-22;5;325
12;2025-12-22;6;1395
12;2025-12-22;7;2660
12;2025-12-22;8;3555
12;2025-12-22;9;2423
12;2025-12-22;10;1910
12;2025-12-22;11;1854
12;2025-12-22;12;1988
12;2025-12-22;13;1902
12;2025-12-22;14;1891
12;2025-12-22;15;2209
12;2025-12-22;16;2648
12;2025-12-22;17;2984
12;2025-12-22;18;3177
12;2025-12-22;19;2488
12;2025-12-22;20;1575
12;2025-12-22;21;918
12;2025-12-22;22;455
12;2025-12-22;23;232
12;2025-12-23;0;48
12;2025-12-23;1;1
12;2025-12-23;2;0
12;2025-12-23;3;0
12;2025-12-23;4;5
12;2025-12-23;5;343
12;2025-12-23;6;1413
12;2025-12-23;7;2794
12;2025-12-23;8;3689
12;2025-12-23;9;2500
12;2025-12-23;10;2024
12;2025-12-23;11;2021
12;2025-12-23;12;2033
12;2025-12-23;13;2039
12;2025-12-23;14;1970
12;2025-12-23;15;2216
12;2025-12-23;16;2651
12;2025-12-23;17;3060
12;2025-12-23;18;3256
12;2025-12-23;19;2527
12;2025-12-23;20;1525
12;2025-12-23;21;920
12;2025-12-23;22;478
12;2025-12-23;23;239
12;2025-12-24;0;58
12;2025-12-24;1;2
12;2025-12-24;2;0
12;2025-12-24;3;0
12;2025-12-24;4;6
12;2025-12-24;5;331
12;2025-12-24;6;1418
12;2025-12-24;7;2663
12;2025-12-24;8;3544
12;2025-12-24;9;2498
12;2025-12-24;10;2092
12;2025-12-24;11;1977
12;2025-12-24;12;2033
12;2025-12-24;13;2009
12;2025-12-24;14;2011
12;2025-12-24;15;2207
12;2025-12-24;16;2665
12;2025-12-24;17;2991
12;2025-12-24;18;3163
12;2025-12-24;19;2513
12;2025-12-24;20;1493
12;2025-12-24;21;992
12;2025-12-24;22;513
12;2025-12-24;23;261
12;2025-12-25;0;52
12;2025-12-25;1;3
12;2025-12-25;2;0
12;2025-12-25;3;0
12;2025-12-25;4;6
12;2025-12-25;5;318
12;2025-12-25;6;1392
12;2025-12-25;7;2737
12;2025-12-25;8;3567
12;2025-12-25;9;2404
12;2025-12-25;10;2012
12;2025-12-25;11;2010
12;2025-12-25;12;2069
12;2025-12-25;13;2035
12;2025-12-25;14;2021
12;2025-12-25;15;2266
12;2025-12-25;16;2743
12;2025-12-25;17;3097
12;2025-12-25;18;3166
12;2025-12-25;19;2522
12;2025-12-25;20;1571
12;2025-12-25;21;942
12;2025-12-25;22;491
12;2025-12-25;23;263
12;2025-12-26;0;54
12;2025-12-26;1;2
12;2025-12-26;2;0
12;2025-12-26;3;0
12;2025-12-26;4;5
12;2025-12-26;5;328
12;2025-12-26;6;1398
12;2025-12-26;7;2686
12;2025-12-26;8;3422
12;2025-12-26;9;2398
12;2025-12-26;10;1934
12;2025-12-26;11;1967
12;2025-12-26;12;2021
12;2025-12-26;13;2057
12;2025-12-26;14;2071
12;2025-12-26;15;2381
12;2025-12-26;16;2991
12;2025-12-26;17;3013
12;2025-12-26;18;2622
12;2025-12-26;19;2243
12;2025-12-26;20;1449
12;2025-12-26;21;983
12;2025-12-26;22;513
12;2025-12-26;23;299
12;2025-12-27;0;80
12;2025-12-27;1;4
12;2025-12-27;2;0
12;2025-12-27;3;0
12;2025-12-27;4;2
12;2025-12-27;5;235
12;2025-12-27;6;834
12;2025-12-27;7;900
12;2025-12-27;8;1007
12;2025-12-27;9;1198
12;2025-12-27;10;1398
12;2025-12-27;11;1474
12;2025-12-27;12;1464
12;2025-12-27;13;1692
12;2025-12-27;14;1591
12;2025-12-27;15;1504
12;2025-12-27;16;1573
12;2025-12-27;17;1516
12;2025-12-27;18;1449
12;2025-12-27;19;1392
12;2025-12-27;20;964
12;2025-12-27;21;735
12;2025-12-27;22;412
12;2025-12-27;23;286
12;2025-12-28;0;84
12;2025-12-28;1;7
12;2025-12-28;2;0
12;2025-12-28;3;0
12;2025-12-28;4;2
12;2025-12-28;5;165
12;2025-12-28;6;556
12;2025-12-28;7;659
12;2025-12-28;8;753
12;2025-12-28;9;939
12;2025-12-28;10;1154
12;2025-12-28;11;1289
12;2025-12-28;12;1356
12;2025-12-28;13;1588
12;2025-12-28;14;1524
12;2025-12-28;15;1394
12;2025-12-28;16;1515
12;2025-12-28;17;1519
12;2025-12-28;18;1346
12;2025-12-28;19;1085
12;2025-12-28;20;821
12;2025-12-28;21;618
12;2025-12-28;22;423
12;2025-12-28;23;224
12;2025-12-29;0;63
12;2025-12-29;1;3
12;2025-12-29;2;0
12;2025-12-29;3;0
12;2025-12-29;4;5
12;2025-12-29;5;325
12;2025-12-29;6;1395
12;2025-12-29;7;2660
12;2025-12-29;8;3555
12;2025-12-29;9;2423
12;2025-12-29;10;1910
12;2025-12-29;11;1854
12;2025-12-29;12;1988
12;2025-12-29;13;1902
12;2025-12-29;14;1891
12;2025-12-29;15;2209
12;2025-12-29;16;2648
12;2025-12-29;17;2984
12;2025-12-29;18;3177
12;2025-12-29;19;2488
12;2025-12-29;20;1575
12;2025-12-29;21;918
12;2025-12-29;22;455
12;2025-12-29;23;232
12;2025-12-30;0;48
12;2025-12-30;1;1
12;2025-12-30;2;0
12;2025-12-30;3;0
12;2025-12-30;4;5
12;2025-12-30;5;343
12;2025-12-30;6;1413
12;2025-12-30;7;2794
12;2025-12-30;8;3689
12;2025-12-30;9;2500
12;2025-12-30;10;2024
12;2025-12-30;11;2021
12;2025-12-30;12;2033
12;2025-12-30;13;2039
12;2025-12-30;14;1970
12;2025-12-30;15;2216
12;2025-12-30;16;2651
12;2025-12-30;17;3060
12;2025-12-30;18;3256
12;2025-12-30;19;2527
12;2025-12-30;20;1525
12;2025-12-30;21;920
12;2025-12-30;22;478
12;2025-12-30;23;239
12;2025-12-31;0;82
12;2025-12-31;1;7
12;2025-12-31;2;0
12;2025-12-31;3;0
12;2025-12-31;4;2
12;2025-12-31;5;161
12;2025-12-31;6;522
12;2025-12-31;7;620
12;2025-12-31;8;708
12;2025-12-31;9;883
12;2025-12-31;10;1085
12;2025-12-31;11;1212
12;2025-12-31;12;1275
12;2025-12-31;13;1493
12;2025-12-31;14;1433
12;2025-12-31;15;1310
12;2025-12-31;16;1425
12;2025-12-31;17;1428
12;2025-12-31;18;1265
12;2025-12-31;19;1020
12;2025-12-31;20;772
12;2025-12-31;21;581
12;2025-12-31;22;398
12;2025-12-31;23;211
17;2025-11-01;0;143
17;2025-11-01;1;15
17;2025-11-01;2;0
17;2025-11-01;3;0
17;2025-11-01;4;26
17;2025-11-01;5;314
17;2025-11-01;6;1612
17;2025-11-01;7;4279
17;2025-11-01;8;5510
17;2025-11-01;9;3886
17;2025-11-01;10;3114
17;2025-11-01;11;3152
17;2025-11-01;12;3192
17;2025-11-01;13;3283
17;2025-11-01;14;3364
17;2025-11-01;15;3732
17;2025-11-01;16;4392
17;2025-11-01;17;4863
17;2025-11-01;18;4634
17;2025-11-01;19;3438
17;2025-11-01;20;2480
17;2025-11-01;21;1652
17;2025-11-01;22;951
17;2025-11-01;23;483
17;2025-11-02;0;180
17;2025-11-02;1;24
17;2025-11-02;2;0
17;2025-11-02;3;0
17;2025-11-02;4;4
17;2025-11-02;5;111
17;2025-11-02;6;441
17;2025-11-02;7;821
17;2025-11-02;8;1259
17;2025-11-02;9;1716
17;2025-11-02;10;1986
17;2025-11-02;11;2501
17;2025-11-02;12;2919
17;2025-11-02;13;3171
17;2025-11-02;14;3260
17;2025-11-02;15;3312
17;2025-11-02;16;3259
17;2025-11-02;17;3119
17;2025-11-02;18;2748
17;2025-11-02;19;2227
17;2025-11-02;20;1712
17;2025-11-02;21;1234
17;2025-11-02;22;796
17;2025-11-02;23;340
17;2025-11-03;0;172
17;2025-11-03;1;23
17;2025-11-03;2;0
17;2025-11-03;3;0
17;2025-11-03;4;4
17;2025-11-03;5;106
17;2025-11-03;6;413
17;2025-11-03;7;768
17;2025-11-03;8;1178
17;2025-11-03;9;1606
17;2025-11-03;10;1858
17;2025-11-03;11;2340
17;2025-11-03;12;2731
17;2025-11-03;13;2967
17;2025-11-03;14;3050
17;2025-11-03;15;3098
17;2025-11-03;16;3050
17;2025-11-03;17;2918
17;2025-11-03;18;2571
17;2025-11-03;19;2084
17;2025-11-03;20;1601
17;2025-11-03;21;1155
17;2025-11-03;22;745
17;2025-11-03;23;318
17;2025-11-04;0;178
17;2025-11-04;1;23
17;2025-11-04;2;0
17;2025-11-04;3;0
17;2025-11-04;4;4
17;2025-11-04;5;109
17;2025-11-04;6;413
17;2025-11-04;7;768
17;2025-11-04;8;1178
17;2025-11-04;9;1606
17;2025-11-04;10;1858
17;2025-11-04;11;2340
17;2025-11-04;12;2731
17;2025-11-04;13;2967
17;2025-11-04;14;3050
17;2025-11-04;15;3098
17;2025-11-04;16;3050
17;2025-11-04;17;2918
17;2025-11-04;18;2571
17;2025-11-04;19;2084
17;2025-11-04;20;1601
17;2025-11-04;21;1155
17;2025-11-04;22;745
17;2025-11-04;23;318
17;2025-11-05;0;125
17;2025-11-05;1;9
17;2025-11-05;2;0
17;2025-11-05;3;0
17;2025-11-05;4;27
17;2025-11-05;5;329
17;2025-11-05;6;1555
17;2025-11-05;7;4106
17;2025-11-05;8;5369
17;2025-11-05;9;3808
17;2025-11-05;10;3018
17;2025-11-05;11;2976
17;2025-11-05;12;3023
17;2025-11-05;13;3072
17;2025-11-05;14;3142
17;2025-11-05;15;3317
17;2025-11-05;16;3679
17;2025-11-05;17;4521
17;2025-11-05;18;4971
17;2025-11-05;19;3529
17;2025-11-05;20;2419
17;2025-11-05;21;1515
17;2025-11-05;22;830
17;2025-11-05;23;392
17;2025-11-06;0;141
17;2025-11-06;1;10
17;2025-11-06;2;0
17;2025-11-06;3;0
17;2025-11-06;4;26
17;2025-11-06;5;325
17;2025-11-06;6;1569
17;2025-11-06;7;4110
17;2025-11-06;8;5409
17;2025-11-06;9;3828
17;2025-11-06;10;3034
17;2025-11-06;11;2966
17;2025-11-06;12;3079
17;2025-11-06;13;3122
17;2025-11-06;14;3158
17;2025-11-06;15;3302
17;2025-11-06;16;3741
17;2025-11-06;17;4554
17;2025-11-06;18;5015
17;2025-11-06;19;3529
17;2025-11-06;20;2448
17;2025-11-06;21;1535
17;2025-11-06;22;843
17;2025-11-06;23;402
17;2025-11-07;0;142
17;2025-11-07;1;15
17;2025-11-07;2;0
17;2025-11-07;3;0
17;2025-11-07;4;26
17;2025-11-07;5;312
17;2025-11-07;6;1511
17;2025-11-07;7;4011
17;2025-11-07;8;5165
17;2025-11-07;9;3643
17;2025-11-07;10;2919
17;2025-11-07;11;2955
17;2025-11-07;12;2992
17;2025-11-07;13;3078
17;2025-11-07;14;3153
17;2025-11-07;15;3498
17;2025-11-07;16;4117
17;2025-11-07;17;4559
17;2025-11-07;18;4344
17;2025-11-07;19;3223
17;2025-11-07;20;2325
17;2025-11-07;21;1549
17;2025-11-07;22;891
17;2025-11-07;23;453
17;2025-11-08;0;193
17;2025-11-08;1;25
17;2025-11-08;2;0
17;2025-11-08;3;0
17;2025-11-08;4;5
17;2025-11-08;5;130
17;2025-11-08;6;540
17;2025-11-08;7;1144
17;2025-11-08;8;1658
17;2025-11-08;9;2108
17;2025-11-08;10;2329
17;2025-11-08;11;2777
17;2025-11-08;12;3100
17;2025-11-08;13;3254
17;2025-11-08;14;3287
17;2025-11-08;15;3326
17;2025-11-08;16;3298
17;2025-11-08;17;3129
17;2025-11-08;18;2888
17;2025-11-08;19;2354
17;2025-11-08;20;1822
17;2025-11-08;21;1331
17;2025-11-08;22;859
17;2025-11-08;23;432
17;2025-11-09;0;180
17;2025-11-09;1;24
17;2025-11-09;2;0
17;2025-11-09;3;0
17;2025-11-09;4;4
17;2025-11-09;5;111
17;2025-11-09;6;441
17;2025-11-09;7;821
17;2025-11-09;8;1259
17;2025-11-09;9;1716
17;2025-11-09;10;1986
17;2025-11-09;11;2501
17;2025-11-09;12;2919
17;2025-11-09;13;3171
17;2025-11-09;14;3260
17;2025-11-09;15;3312
17;2025-11-09;16;3259
17;2025-11-09;17;3119
17;2025-11-09;18;2748
17;2025-11-09;19;2227
17;2025-11-09;20;1712
17;2025-11-09;21;1234
17;2025-11-09;22;796
17;2025-11-09;23;340
17;2025-11-10;0;108
17;2025-11-10;1;13
17;2025-11-10;2;0
17;2025-11-10;3;0
17;2025-11-10;4;27
17;2025-11-10;5;319
17;2025-11-10;6;1538
17;2025-11-10;7;4122
17;2025-11-10;8;5427
17;2025-11-10;9;3780
17;2025-11-10;10;2906
17;2025-11-10;11;2854
17;2025-11-10;12;2910
17;2025-11-10;13;2953
17;2025-11-10;14;2976
17;2025-11-10;15;3211
17;2025-11-10;16;3619
17;2025-11-10;17;4443
17;2025-11-10;18;4989
17;2025-11-10;19;3518
17;2025-11-10;20;2350
17;2025-11-10;21;1406
17;2025-11-10;22;772
17;2025-11-10;23;332
17;2025-11-11;0;109
17;2025-11-11;1;10
17;2025-11-11;2;0
17;2025-11-11;3;0
17;2025-11-11;4;27
17;2025-11-11;5;317
17;2025-11-11;6;1587
17;2025-11-11;7;4239
17;2025-11-11;8;5567
17;2025-11-11;9;3921
17;2025-11-11;10;3031
17;2025-11-11;11;2929
17;2025-11-11;12;3019
17;2025-11-11;13;3037
17;2025-11-11;14;3183
17;2025-11-11;15;3268
17;2025-11-11;16;3639
17;2025-11-11;17;4591
17;2025-11-11;18;5053
17;2025-11-11;19;3594
17;2025-11-11;20;2450
17;2025-11-11;21;1484
17;2025-11-11;22;793
17;2025-11-11;23;362
17;2025-11-12;0;125
17;2025-11-12;1;9
17;2025-11-12;2;0
17;2025-11-12;3;0
17;2025-11-12;4;27
17;2025-11-12;5;329
17;2025-11-12;6;1555
17;2025-11-12;7;4106
17;2025-11-12;8;5369
17;2025-11-12;9;3808
17;2025-11-12;10;3018
17;2025-11-12;11;2976
17;2025-11-12;12;3023
17;2025-11-12;13;3072
17;2025-11-12;14;3142
17;2025-11-12;15;3317
17;2025-11-12;16;3679
17;2025-11-12;17;4521
17;2025-11-12;18;4971
17;2025-11-12;19;3529
17;2025-11-12;20;2419
17;2025-11-12;21;1515
17;2025-11-12;22;830
17;2025-11-12;23;392
17;2025-11-13;0;141
17;2025-11-13;1;10
17;2025-11-13;2;0
17;2025-11-13;3;0
17;2025-11-13;4;26
17;2025-11-13;5;325
17;2025-11-13;6;1569
17;2025-11-13;7;4110
17;2025-11-13;8;5409
17;2025-11-13;9;3828
17;2025-11-13;10;3034
17;2025-11-13;11;2966
17;2025-11-13;12;3079
17;2025-11-13;13;3122
17;2025-11-13;14;3158
17;2025-11-13;15;3302
17;2025-11-13;16;3741
17;2025-11-13;17;4554
17;2025-11-13;18;5015
17;2025-11-13;19;3529
17;2025-11-13;20;2448
17;2025-11-13;21;1535
17;2025-11-13;22;843
17;2025-11-13;23;402
17;2025-11-14;0;142
17;2025-11-14;1;15
17;2025-11-14;2;0
17;2025-11-14;3;0
17;2025-11-14;4;26
17;2025-11-14;5;312
17;2025-11-14;6;1511
17;2025-11-14;7;4011
17;2025-11-14;8;5165
17;2025-11-14;9;3643
17;2025-11-14;10;2919
17;2025-11-14;11;2955
17;2025-11-14;12;2992
17;2025-11-14;13;3078
17;2025-11-14;14;3153
17;2025-11-14;15;3498
17;2025-11-14;16;4117
17;2025-11-14;17;4559
17;2025-11-14;18;4344
17;2025-11-14;19;3223
17;2025-11-14;20;2325
17;2025-11-14;21;1549
17;2025-11-14;22;891
17;2025-11-14;23;453
17;2025-11-15;0;193
17;2025-11-15;1;25
17;2025-11-15;2;0
17;2025-11-15;3;0
17;2025-11-15;4;5
17;2025-11-15;5;130
17;2025-11-15;6;540
17;2025-11-15;7;1144
17;2025-11-15;8;1658
17;2025-11-15;9;2108
17;2025-11-15;10;2329
17;2025-11-15;11;2777
17;2025-11-15;12;3100
17;2025-11-15;13;3254
17;2025-11-15;14;3287
17;2025-11-15;15;3326
17;2025-11-15;16;3298
17;2025-11-15;17;3129
17;2025-11-15;18;2888
17;2025-11-15;19;2354
17;2025-11-15;20;1822
17;2025-11-15;21;1331
17;2025-11-15;22;859
17;2025-11-15;23;432
17;2025-11-16;0;180
17;2025-11-16;1;24
17;2025-11-16;2;0
17;2025-11-16;3;0
17;2025-11-16;4;4
17;2025-11-16;5;111
17;2025-11-16;6;441
17;2025-11-16;7;821
17;2025-11-16;8;1259
17;2025-11-16;9;1716
17;2025-11-16;10;1986
17;2025-11-16;11;2501
17;2025-11-16;12;2919
17;2025-11-16;13;3171
17;2025-11-16;14;3260
17;2025-11-16;15;3312
17;2025-11-16;16;3259
17;2025-11-16;17;3119
17;2025-11-16;18;2748
17;2025-11-16;19;2227
17;2025-11-16;20;1712
17;2025-11-16;21;1234
17;2025-11-16;22;796
17;2025-11-16;23;340
17;2025-11-17;0;108
17;2025-11-17;1;13
17;2025-11-17;2;0
17;2025-11-17;3;0
17;2025-11-17;4;27
17;2025-11-17;5;319
17;2025-11-17;6;1538
17;2025-11-17;7;4122
17;2025-11-17;8;5427
17;2025-11-17;9;3780
17;2025-11-17;10;2906
17;2025-11-17;11;2854
17;2025-11-17;12;2910
17;2025-11-17;13;2953
17;2025-11-17;14;2976
17;2025-11-17;15;3211
17;2025-11-17;16;3619
17;2025-11-17;17;4443
17;2025-11-17;18;4989
17;2025-11-17;19;3518
17;2025-11-17;20;2350
17;2025-11-17;21;1406
17;2025-11-17;22;772
17;2025-11-17;23;332
17;2025-11-18;0;109
17;2025-11-18;1;10
17;2025-11-18;2;0
17;2025-11-18;3;0
17;2025-11-18;4;27
17;2025-11-18;5;317
17;2025-11-18;6;1587
17;2025-11-18;7;4239
17;2025-11-18;8;5567
17;2025-11-18;9;3921
17;2025-11-18;10;3031
17;2025-11-18;11;2929
17;2025-11-18;12;3019
17;2025-11-18;13;3037
17;2025-11-18;14;3183
17;2025-11-18;15;3268
17;2025-11-18;16;3639
17;2025-11-18;17;4591
17;2025-11-18;18;5053
17;2025-11-18;19;3594
17;2025-11-18;20;2450
17;2025-11-18;21;1484
17;2025-11-18;22;793
17;2025-11-18;23;362
17;2025-11-19;0;125
17;2025-11-19;1;9
17;2025-11-19;2;0
17;2025-11-19;3;0
17;2025-11-19;4;27
17;2025-11-19;5;329
17;2025-11-19;6;1555
17;2025-11-19;7;4106
17;2025-11-19;8;5369
17;2025-11-19;9;3808
17;2025-11-19;10;3018
17;2025-11-19;11;2976
17;2025-11-19;12;3023
17;2025-11-19;13;3072
17;2025-11-19;14;3142
17;2025-11-19;15;3317
17;2025-11-19;16;3679
17;2025-11-19;17;4521
17;2025-11-19;18;4971
17;2025-11-19;19;3529
17;2025-11-19;20;2419
17;2025-11-19;21;1515
17;2025-11-19;22;830
17;2025-11-19;23;392
17;2025-11-20;0;141
17;2025-11-20;1;10
17;2025-11-20;2;0
17;2025-11-20;3;0
17;2025-11-20;4;26
17;2025-11-20;5;325
17;2025-11-20;6;1569
17;2025-11-20;7;4110
17;2025-11-20;8;5409
17;2025-11-20;9;3828
17;2025-11-20;10;3034
17;2025-11-20;11;2966
17;2025-11-20;12;3079
17;2025-11-20;13;3122
17;2025-11-20;14;3158
17;2025-11-20;15;3302
17;2025-11-20;16;3741
17;2025-11-20;17;4554
17;2025-11-20;18;5015
17;2025-11-20;19;3529
17;2025-11-20;20;2448
17;2025-11-20;21;1535
17;2025-11-20;22;843
17;2025-11-20;23;402
17;2025-11-21;0;142
17;2025-11-21;1;15
17;2025-11-21;2;0
17;2025-11-21;3;0
17;2025-11-21;4;26
17;2025-11-21;5;312
17;2025-11-21;6;1511
17;2025-11-21;7;4011
17;2025-11-21;8;5165
17;2025-11-21;9;3643
17;2025-11-21;10;2919
17;2025-11-21;11;2955
17;2025-11-21;12;2992
17;2025-11-21;13;3078
17;2025-11-21;14;3153
17;2025-11-21;15;3498
17;2025-11-21;16;4117
17;2025-11-21;17;4559
17;2025-11-21;18;4344
17;2025-11-21;19;3223
17;2025-11-21;20;2325
17;2025-11-21;21;1549
17;2025-11-21;22;891
17;2025-11-21;23;453
17;2025-11-22;0;193
17;2025-11-22;1;25
17;2025-11-22;2;0
17;2025-11-22;3;0
17;2025-11-22;4;5
17;2025-11-22;5;130
17;2025-11-22;6;540
17;2025-11-22;7;1144
17;2025-11-22;8;1658
17;2025-11-22;9;2108
17;2025-11-22;10;2329
17;2025-11-22;11;2777
17;2025-11-22;12;3100
17;2025-11-22;13;3254
17;2025-11-22;14;3287
17;2025-11-22;15;3326
17;2025-11-22;16;3298
17;2025-11-22;17;3129
17;2025-11-22;18;2888
17;2025-11-22;19;2354
17;2025-11-22;20;1822
17;2025-11-22;21;1331
17;2025-11-22;22;859
17;2025-11-22;23;432
17;2025-11-23;0;180
17;2025-11-23;1;24
17;2025-11-23;2;0
17;2025-11-23;3;0
17;2025-11-23;4;4
17;2025-11-23;5;111
17;2025-11-23;6;441
17;2025-11-23;7;821
17;2025-11-23;8;1259
17;2025-11-23;9;1716
17;2025-11-23;10;1986
17;2025-11-23;11;2501
17;2025-11-23;12;2919
17;2025-11-23;13;3171
17;2025-11-23;14;3260
17;2025-11-23;15;3312
17;2025-11-23;16;3259
17;2025-11-23;17;3119
17;2025-11-23;18;2748
17;2025-11-23;19;2227
17;2025-11-23;20;1712
17;2025-11-23;21;1234
17;2025-11-23;22;796
17;2025-11-23;23;340
17;2025-11-24;0;108
17;2025-11-24;1;13
17;2025-11-24;2;0
17;2025-11-24;3;0
17;2025-11-24;4;27
17;2025-11-24;5;319
17;2025-11-24;6;1538
17;2025-11-24;7;4122
17;2025-11-24;8;5427
17;2025-11-24;9;3780
17;2025-11-24;10;2906
17;2025-11-24;11;2854
17;2025-11-24;12;2910
17;2025-11-24;13;2953
17;2025-11-24;14;2976
17;2025-11-24;15;3211
17;2025-11-24;16;3619
17;2025-11-24;17;4443
17;2025-11-24;18;4989
17;2025-11-24;19;3518
17;2025-11-24;20;2350
17;2025-11-24;21;1406
17;2025-11-24;22;772
17;2025-11-24;23;332
17;2025-11-25;0;109
17;2025-11-25;1;10
17;2025-11-25;2;0
17;2025-11-25;3;0
17;2025-11-25;4;27
17;2025-11-25;5;317
17;2025-11-25;6;1587
17;2025-11-25;7;4239
17;2025-11-25;8;5567
17;2025-11-25;9;3921
17;2025-11-25;10;3031
17;2025-11-25;11;2929
17;2025-11-25;12;3019
17;2025-11-25;13;3037
17;2025-11-25;14;3183
17;2025-11-25;15;3268
17;2025-11-25;16;3639
17;2025-11-25;17;4591
17;2025-11-25;18;5053
17;2025-11-25;19;3594
17;2025-11-25;20;2450
17;2025-11-25;21;1484
17;2025-11-25;22;793
17;2025-11-25;23;362
17;2025-11-26;0;125
17;2025-11-26;1;9
17;2025-11-26;2;0
17;2025-11-26;3;0
17;2025-11-26;4;27
17;2025-11-26;5;329
17;2025-11-26;6;1555
17;2025-11-26;7;4106
17;2025-11-26;8;5369
17;2025-11-26;9;3808
17;2025-11-26;10;3018
17;2025-11-26;11;2976
17;2025-11-26;12;3023
17;2025-11-26;13;3072
17;2025-11-26;14;3142
17;2025-11-26;15;3317
17;2025-11-26;16;3679
17;2025-11-26;17;4521
17;2025-11-26;18;4971
17;2025-11-26;19;3529
17;2025-11-26;20;2419
17;2025-11-26;21;1515
17;2025-11-26;22;830
17;2025-11-26;23;392
17;2025-11-27;0;141
17;2025-11-27;1;10
17;2025-11-27;2;0
17;2025-11-27;3;0
17;2025-11-27;4;26
17;2025-11-27;5;325
17;2025-11-27;6;1569
17;2025-11-27;7;4110
17;2025-11-27;8;5409
17;2025-11-27;9;3828
17;2025-11-27;10;3034
17;2025-11-27;11;2966
17;2025-11-27;12;3079
17;2025-11-27;13;3122
17;2025-11-27;14;3158
17;2025-11-27;15;3302
17;2025-11-27;16;3741
17;2025-11-27;17;4554
17;2025-11-27;18;5015
17;2025-11-27;19;3529
17;2025-11-27;20;2448
17;2025-11-27;21;1535
17;2025-11-27;22;843
17;2025-11-27;23;402
17;2025-11-28;0;142
17;2025-11-28;1;15
17;2025-11-28;2;0
17;2025-11-28;3;0
17;2025-11-28;4;26
17;2025-11-28;5;312
17;2025-11-28;6;1511
17;2025-11-28;7;4011
17;2025-11-28;8;5165
17;2025-11-28;9;3643
17;2025-11-28;10;2919
17;2025-11-28;11;2955
17;2025-11-28;12;2992
17;2025-11-28;13;3078
17;2025-11-28;14;3153
17;2025-11-28;15;3498
17;2025-11-28;16;4117
17;2025-11-28;17;4559
17;2025-11-28;18;4344
17;2025-11-28;19;3223
17;2025-11-28;20;2325
17;2025-11-28;21;1549
17;2025-11-28;22;891
17;2025-11-28;23;453
17;2025-11-29;0;193
17;2025-11-29;1;25
17;2025-11-29;2;0
17;2025-11-29;3;0
17;2025-11-29;4;5
17;2025-11-29;5;130
17;2025-11-29;6;540
17;2025-11-29;7;1144
17;2025-11-29;8;1658
17;2025-11-29;9;2108
17;2025-11-29;10;2329
17;2025-11-29;11;2777
17;2025-11-29;12;3100
17;2025-11-29;13;3254
17;2025-11-29;14;3287
17;2025-11-29;15;3326
17;2025-11-29;16;3298
17;2025-11-29;17;3129
17;2025-11-29;18;2888
17;2025-11-29;19;2354
17;2025-11-29;20;1822
17;2025-11-29;21;1331
17;2025-11-29;22;859
17;2025-11-29;23;432
17;2025-11-30;0;180
17;2025-11-30;1;24
17;2025-11-30;2;0
17;2025-11-30;3;0
17;2025-11-30;4;4
17;2025-11-30;5;111
17;2025-11-30;6;441
17;2025-11-30;7;821
17;2025-11-30;8;1259
17;2025-11-30;9;1716
17;2025-11-30;10;1986
17;2025-11-30;11;2501
17;2025-11-30;12;2919
17;2025-11-30;13;3171
17;2025-11-30;14;3260
17;2025-11-30;15;3312
17;2025-11-30;16;3259
17;2025-11-30;17;3119
17;2025-11-30;18;2748
17;2025-11-30;19;2227
17;2025-11-30;20;1712
17;2025-11-30;21;1234
17;2025-11-30;22;796
17;2025-11-30;23;340
17;2025-12-01;0;108
17;2025-12-01;1;13
17;2025-12-01;2;0
17;2025-12-01;3;0
17;2025-12-01;4;27
17;2025-12-01;5;319
17;2025-12-01;6;1538
17;2025-12-01;7;4122
17;2025-12-01;8;5427
17;2025-12-01;9;3780
17;2025-12-01;10;2906
17;2025-12-01;11;2854
17;2025-12-01;12;2910
17;2025-12-01;13;2953
17;2025-12-01;14;2976
17;2025-12-01;15;3211
17;2025-12-01;16;3619
17;2025-12-01;17;4443
17;2025-12-01;18;4989
17;2025-12-01;19;3518
17;2025-12-01;20;2350
17;2025-12-01;21;1406
17;2025-12-01;22;772
17;2025-12-01;23;332
17;2025-12-02;0;109
17;2025-12-02;1;10
17;2025-12-02;2;0
17;2025-12-02;3;0
17;2025-12-02;4;27
17;2025-12-02;5;317
17;2025-12-02;6;1587
17;2025-12-02;7;4239
17;2025-12-02;8;5567
17;2025-12-02;9;3921
17;2025-12-02;10;3031
17;2025-12-02;11;2929
17;2025-12-02;12;3019
17;2025-12-02;13;3037
17;2025-12-02;14;3183
17;2025-12-02;15;3268
17;2025-12-02;16;3639
17;2025-12-02;17;4591
17;2025-12-02;18;5053
17;2025-12-02;19;3594
17;2025-12-02;20;2450
17;2025-12-02;21;1484
17;2025-12-02;22;793
17;2025-12-02;23;362
17;2025-12-03;0;125
17;2025-12-03;1;9
17;2025-12-03;2;0
17;2025-12-03;3;0
17;2025-12-03;4;27
17;2025-12-03;5;329
17;2025-12-03;6;1555
17;2025-12-03;7;4106
17;2025-12-03;8;5369
17;2025-12-03;9;3808
17;2025-12-03;10;3018
17;2025-12-03;11;2976
17;2025-12-03;12;3023
17;2025-12-03;13;3072
17;2025-12-03;14;3142
17;2025-12-03;15;3317
17;2025-12-03;16;3679
17;2025-12-03;17;4521
17;2025-12-03;18;4971
17;2025-12-03;19;3529
17;2025-12-03;20;2419
17;2025-12-03;21;1515
17;2025-12-03;22;830
17;2025-12-03;23;392
17;2025-12-04;0;141
17;2025-12-04;1;10
17;2025-12-04;2;0
17;2025-12-04;3;0
17;2025-12-04;4;26
17;2025-12-04;5;325
17;2025-12-04;6;1569
17;2025-12-04;7;4110
17;2025-12-04;8;5409
17;2025-12-04;9;3828
17;2025-12-04;10;3034
17;2025-12-04;11;2966
17;2025-12-04;12;3079
17;2025-12-04;13;3122
17;2025-12-04;14;3158
17;2025-12-04;15;3302
17;2025-12-04;16;3741
17;2025-12-04;17;4554
17;2025-12-04;18;5015
17;2025-12-04;19;3529
17;2025-12-04;20;2448
17;2025-12-04;21;1535
17;2025-12-04;22;843
17;2025-12-04;23;402
17;2025-12-05;0;142
17;2025-12-05;1;15
17;2025-12-05;2;0
17;2025-12-05;3;0
17;2025-12-05;4;26
17;2025-12-05;5;312
17;2025-12-05;6;1511
17;2025-12-05;7;4011
17;2025-12-05;8;5165
17;2025-12-05;9;3643
17;2025-12-05;10;2919
17;2025-12-05;11;2955
17;2025-12-05;12;2992
17;2025-12-05;13;3078
17;2025-12-05;14;3153
17;2025-12-05;15;3498
17;2025-12-05;16;4117
17;2025-12-05;17;4559
17;2025-12-05;18;4344
17;2025-12-05;19;3223
17;2025-12-05;20;2325
17;2025-12-05;21;1549
17;2025-12-05;22;891
17;2025-12-05;23;453
17;2025-12-06;0;193
17;2025-12-06;1;25
17;2025-12-06;2;0
17;2025-12-06;3;0
17;2025-12-06;4;5
17;2025-12-06;5;130
17;2025-12-06;6;540
17;2025-12-06;7;1144
17;2025-12-06;8;1658
17;2025-12-06;9;2108
17;2025-12-06;10;2329
17;2025-12-06;11;2777
17;2025-12-06;12;3100
17;2025-12-06;13;3254
17;2025-12-06;14;3287
17;2025-12-06;15;3326
17;2025-12-06;16;3298
17;2025-12-06;17;3129
17;2025-12-06;18;2888
17;2025-12-06;19;2354
17;2025-12-06;20;1822
17;2025-12-06;21;1331
17;2025-12-06;22;859
17;2025-12-06;23;432
17;2025-12-07;0;180
17;2025-12-07;1;24
17;2025-12-07;2;0
17;2025-12-07;3;0
17;2025-12-07;4;4
17;2025-12-07;5;111
17;2025-12-07;6;441
17;2025-12-07;7;821
17;2025-12-07;8;1259
17;2025-12-07;9;1716
17;2025-12-07;10;1986
17;2025-12-07;11;2501
17;2025-12-07;12;2919
17;2025-12-07;13;3171
17;2025-12-07;14;3260
17;2025-12-07;15;3312
17;2025-12-07;16;3259
17;2025-12-07;17;3119
17;2025-12-07;18;2748
17;2025-12-07;19;2227
17;2025-12-07;20;1712
17;2025-12-07;21;1234
17;2025-12-07;22;796
17;2025-12-07;23;340
17;2025-12-08;0;108
17;2025-12-08;1;13
17;2025-12-08;2;0
17;2025-12-08;3;0
17;2025-12-08;4;27
17;2025-12-08;5;319
17;2025-12-08;6;1538
17;2025-12-08;7;4122
17;2025-12-08;8;5427
17;2025-12-08;9;3780
17;2025-12-08;10;2906
17;2025-12-08;11;2854
17;2025-12-08;12;2910
17;2025-12-08;13;2953
17;2025-12-08;14;2976
17;2025-12-08;15;3211
17;2025-12-08;16;3619
17;2025-12-08;17;4443
17;2025-12-08;18;4989
17;2025-12-08;19;3518
17;2025-12-08;20;2350
17;2025-12-08;21;1406
17;2025-12-08;22;772
17;2025-12-08;23;332
17;2025-12-09;0;109
17;2025-12-09;1;10
17;2025-12-09;2;0
17;2025-12-09;3;0
17;2025-12-09;4;27
17;2025-12-09;5;317
17;2025-12-09;6;1587
17;2025-12-09;7;4239
17;2025-12-09;8;5567
17;2025-12-09;9;3921
17;2025-12-09;10;3031
17;2025-12-09;11;2929
17;2025-12-09;12;3019
17;2025-12-09;13;3037
17;2025-12-09;14;3183
17;2025-12-09;15;3268
17;2025-12-09;16;3639
17;2025-12-09;17;4591
17;2025-12-09;18;5053
17;2025-12-09;19;3594
17;2025-12-09;20;2450
17;2025-12-09;21;1484
17;2025-12-09;22;793
17;2025-12-09;23;362
17;2025-12-10;0;125
17;2025-12-10;1;9
17;2025-12-10;2;0
17;2025-12-10;3;0
17;2025-12-10;4;27
17;2025-12-10;5;329
17;2025-12-10;6;1555
17;2025-12-10;7;4106
17;2025-12-10;8;5369
17;2025-12-10;9;3808
17;2025-12-10;10;3018
17;2025-12-10;11;2976
17;2025-12-10;12;3023
17;2025-12-10;13;3072
17;2025-12-10;14;3142
17;2025-12-10;15;3317
17;2025-12-10;16;3679
17;2025-12-10;17;4521
17;2025-12-10;18;4971
17;2025-12-10;19;3529
17;2025-12-10;20;2419
17;2025-12-10;21;1515
17;2025-12-10;22;830
17;2025-12-10;23;392
17;2025-12-11;0;141
17;2025-12-11;1;10
17;2025-12-11;2;0
17;2025-12-11;3;0
17;2025-12-11;4;26
17;2025-12-11;5;325
17;2025-12-11;6;1569
17;2025-12-11;7;4110
17;2025-12-11;8;5409
17;2025-12-11;9;3828
17;2025-12-11;10;3034
17;2025-12-11;11;2966
17;2025-12-11;12;3079
17;2025-12-11;13;3122
17;2025-12-11;14;3158
17;2025-12-11;15;3302
17;2025-12-11;16;3741
17;2025-12-11;17;4554
17;2025-12-11;18;5015
17;2025-12-11;19;3529
17;2025-12-11;20;2448
17;2025-12-11;21;1535
17;2025-12-11;22;843
17;2025-12-11;23;402
17;2025-12-12;0;142
17;2025-12-12;1;15
17;2025-12-12;2;0
17;2025-12-12;3;0
17;2025-12-12;4;26
17;2025-12-12;5;312
17;2025-12-12;6;1511
17;2025-12-12;7;4011
17;2025-12-12;8;5165
17;2025-12-12;9;3643
17;2025-12-12;10;2919
17;2025-12-12;11;2955
17;2025-12-12;12;2992
17;2025-12-12;13;3078
17;2025-12-12;14;3153
17;2025-12-12;15;3498
17;2025-12-12;16;4117
17;2025-12-12;17;4559
17;2025-12-12;18;4344
17;2025-12-12;19;3223
17;2025-12-12;20;2325
17;2025-12-12;21;1549
17;2025-12-12;22;891
17;2025-12-12;23;453
17;2025-12-13;0;193
17;2025-12-13;1;25
17;2025-12-13;2;0
17;2025-12-13;3;0
17;2025-12-13;4;5
17;2025-12-13;5;130
17;2025-12-13;6;540
17;2025-12-13;7;1144
17;2025-12-13;8;1658
17;2025-12-13;9;2108
17;2025-12-13;10;2329
17;2025-12-13;11;2777
17;2025-12-13;12;3100
17;2025-12-13;13;3254
17;2025-12-13;14;3287
17;2025-12-13;15;3326
17;2025-12-13;16;3298
17;2025-12-13;17;3129
17;2025-12-13;18;2888
17;2025-12-13;19;2354
17;2025-12-13;20;1822
17;2025-12-13;21;1331
17;2025-12-13;22;859
17;2025-12-13;23;432
17;2025-12-14;0;180
17;2025-12-14;1;24
17;2025-12-14;2;0
17;2025-12-14;3;0
17;2025-12-14;4;4
17;2025-12-14;5;111
17;2025-12-14;6;441
17;2025-12-14;7;821
17;2025-12-14;8;1259
17;2025-12-14;9;1716
17;2025-12-14;10;1986
17;2025-12-14;11;2501
17;2025-12-14;12;2919
17;2025-12-14;13;3171
17;2025-12-14;14;3260
17;2025-12-14;15;3312
17;2025-12-14;16;3259
17;2025-12-14;17;3119
17;2025-12-14;18;2748
17;2025-12-14;19;2227
17;2025-12-14;20;1712
17;2025-12-14;21;1234
17;2025-12-14;22;796
17;2025-12-14;23;340
17;2025-12-15;0;108
17;2025-12-15;1;13
17;2025-12-15;2;0
17;2025-12-15;3;0
17;2025-12-15;4;27
17;2025-12-15;5;319
17;2025-12-15;6;1538
17;2025-12-15;7;4122
17;2025-12-15;8;5427
17;2025-12-15;9;3780
17;2025-12-15;10;2906
17;2025-12-15;11;2854
17;2025-12-15;12;2910
17;2025-12-15;13;2953
17;2025-12-15;14;2976
17;2025-12-15;15;3211
17;2025-12-15;16;3619
17;2025-12-15;17;4443
17;2025-12-15;18;4989
17;2025-12-15;19;3518
17;2025-12-15;20;2350
17;2025-12-15;21;1406
17;2025-12-15;22;772
17;2025-12-15;23;332
17;2025-12-16;0;109
17;2025-12-16;1;10
17;2025-12-16;2;0
17;2025-12-16;3;0
17;2025-12-16;4;27
17;2025-12-16;5;317
17;2025-12-16;6;1587
17;2025-12-16;7;4239
17;2025-12-16;8;5567
17;2025-12-16;9;3921
17;2025-12-16;10;3031
17;2025-12-16;11;2929
17;2025-12-16;12;3019
17;2025-12-16;13;3037
17;2025-12-16;14;3183
17;2025-12-16;15;3268
17;2025-12-16;16;3639
17;2025-12-16;17;4591
17;2025-12-16;18;5053
17;2025-12-16;19;3594
17;2025-12-16;20;2450
17;2025-12-16;21;1484
17;2025-12-16;22;793
17;2025-12-16;23;362
17;2025-12-17;0;125
17;2025-12-17;1;9
17;2025-12-17;2;0
17;2025-12-17;3;0
17;2025-12-17;4;27
17;2025-12-17;5;329
17;2025-12-17;6;1555
17;2025-12-17;7;4106
17;2025-12-17;8;5369
17;2025-12-17;9;3808
17;2025-12-17;10;3018
17;2025-12-17;11;2976
17;2025-12-17;12;3023
17;2025-12-17;13;3072
17;2025-12-17;14;3142
17;2025-12-17;15;3317
17;2025-12-17;16;3679
17;2025-12-17;17;4521
17;2025-12-17;18;4971
17;2025-12-17;19;3529
17;2025-12-17;20;2419
17;2025-12-17;21;1515
17;2025-12-17;22;830
17;2025-12-17;23;392
17;2025-12-18;0;141
17;2025-12-18;1;10
17;2025-12-18;2;0
17;2025-12-18;3;0
17;2025-12-18;4;26
17;2025-12-18;5;325
17;2025-12-18;6;1569
17;2025-12-18;7;4110
17;2025-12-18;8;5409
17;2025-12-18;9;3828
17;2025-12-18;10;3034
17;2025-12-18;11;2966
17;2025-12-18;12;3079
17;2025-12-18;13;3122
17;2025-12-18;14;3158
17;2025-12-18;15;3302
17;2025-12-18;16;3741
17;2025-12-18;17;4554
17;2025-12-18;18;5015
17;2025-12-18;19;3529
17;2025-12-18;20;2448
17;2025-12-18;21;1535
17;2025-12-18;22;843
17;2025-12-18;23;402
17;2025-12-19;0;142
17;2025-12-19;1;15
17;2025-12-19;2;0
17;2025-12-19;3;0
17;2025-12-19;4;26
17;2025-12-19;5;312
17;2025-12-19;6;1511
17;2025-12-19;7;4011
17;2025-12-19;8;5165
17;2025-12-19;9;3643
17;2025-12-19;10;2919
17;2025-12-19;11;2955
17;2025-12-19;12;2992
17;2025-12-19;13;3078
17;2025-12-19;14;3153
17;2025-12-19;15;3498
17;2025-12-19;16;4117
17;2025-12-19;17;4559
17;2025-12-19;18;4344
17;2025-12-19;19;3223
17;2025-12-19;20;2325
17;2025-12-19;21;1549
17;2025-12-19;22;891
17;2025-12-19;23;453
17;2025-12-20;0;193
17;2025-12-20;1;25
17;2025-12-20;2;0
17;2025-12-20;3;0
17;2025-12-20;4;5
17;2025-12-20;5;130
17;2025-12-20;6;540
17;2025-12-20;7;1144
17;2025-12-20;8;1658
17;2025-12-20;9;2108
17;2025-12-20;10;2329
17;2025-12-20;11;2777
17;2025-12-20;12;3100
17;2025-12-20;13;3254
17;2025-12-20;14;3287
17;2025-12-20;15;3326
17;2025-12-20;16;3298
17;2025-12-20;17;3129
17;2025-12-20;18;2888
17;2025-12-20;19;2354
17;2025-12-20;20;1822
17;2025-12-20;21;1331
17;2025-12-20;22;859
17;2025-12-20;23;432
17;2025-12-21;0;180
17;2025-12-21;1;24
17;2025-12-21;2;0
17;2025-12-21;3;0
17;2025-12-21;4;4
17;2025-12-21;5;111
17;2025-12-21;6;441
17;2025-12-21;7;821
17;2025-12-21;8;1259
17;2025-12-21;9;1716
17;2025-12-21;10;1986
17;2025-12-21;11;2501
17;2025-12-21;12;2919
17;2025-12-21;13;3171
17;2025-12-21;14;3260
17;2025-12-21;15;3312
17;2025-12-21;16;3259
17;2025-12-21;17;3119
17;2025-12-21;18;2748
17;2025-12-21;19;2227
17;2025-12-21;20;1712
17;2025-12-21;21;1234
17;2025-12-21;22;796
17;2025-12-21;23;340
17;2025-12-22;0;108
17;2025-12-22;1;13
17;2025-12-22;2;0
17;2025-12-22;3;0
17;2025-12-22;4;27
17;2025-12-22;5;319
17;2025-12-22;6;1538
17;2025-12-22;7;4122
17;2025-12-22;8;5427
17;2025-12-22;9;3780
17;2025-12-22;10;2906
17;2025-12-22;11;2854
17;2025-12-22;12;2910
17;2025-12-22;13;2953
17;2025-12-22;14;2976
17;2025-12-22;15;3211
17;2025-12-22;16;3619
17;2025-12-22;17;4443
17;2025-12-22;18;4989
17;2025-12-22;19;3518
17;2025-12-22;20;2350
17;2025-12-22;21;1406
17;2025-12-22;22;772
17;2025-12-22;23;332
17;2025-12-23;0;109
17;2025-12-23;1;10
17;2025-12-23;2;0
17;2025-12-23;3;0
17;2025-12-23;4;27
17;2025-12-23;5;317
17;2025-12-23;6;1587
17;2025-12-23;7;4239
17;2025-12-23;8;5567
17;2025-12-23;9;3921
17;2025-12-23;10;3031
17;2025-12-23;11;2929
17;2025-12-23;12;3019
17;2025-12-23;13;3037
17;2025-12-23;14;3183
17;2025-12-23;15;3268
17;2025-12-23;16;3639
17;2025-12-23;17;4591
17;2025-12-23;18;5053
17;2025-12-23;19;3594
17;2025-12-23;20;2450
17;2025-12-23;21;1484
17;2025-12-23;22;793
17;2025-12-23;23;362
17;2025-12-24;0;125
17;2025-12-24;1;9
17;2025-12-24;2;0
17;2025-12-24;3;0
17;2025-12-24;4;27
17;2025-12-24;5;329
17;2025-12-24;6;1555
17;2025-12-24;7;4106
17;2025-12-24;8;5369
17;2025-12-24;9;3808
17;2025-12-24;10;3018
17;2025-12-24;11;2976
17;2025-12-24;12;3023
17;2025-12-24;13;3072
17;2025-12-24;14;3142
17;2025-12-24;15;3317
17;2025-12-24;16;3679
17;2025-12-24;17;4521
17;2025-12-24;18;4971
17;2025-12-24;19;3529
17;2025-12-24;20;2419
17;2025-12-24;21;1515
17;2025-12-24;22;830
17;2025-12-24;23;392
17;2025-12-25;0;141
17;2025-12-25;1;10
17;2025-12-25;2;0
17;2025-12-25;3;0
17;2025-12-25;4;26
17;2025-12-25;5;325
17;2025-12-25;6;1569
17;2025-12-25;7;4110
17;2025-12-25;8;5409
17;2025-12-25;9;3828
17;2025-12-25;10;3034
17;2025-12-25;11;2966
17;2025-12-25;12;3079
17;2025-12-25;13;3122
17;2025-12-25;14;3158
17;2025-12-25;15;3302
17;2025-12-25;16;3741
17;2025-12-25;17;4554
17;2025-12-25;18;5015
17;2025-12-25;19;3529
17;2025-12-25;20;2448
17;2025-12-25;21;1535
17;2025-12-25;22;843
17;2025-12-25;23;402
17;2025-12-26;0;142
17;2025-12-26;1;15
17;2025-12-26;2;0
17;2025-12-26;3;0
17;2025-12-26;4;26
17;2025-12-26;5;312
17;2025-12-26;6;1511
17;2025-12-26;7;4011
17;2025-12-26;8;5165
17;2025-12-26;9;3643
17;2025-12-26;10;2919
17;2025-12-26;11;2955
17;2025-12-26;12;2992
17;2025-12-26;13;3078
17;2025-12-26;14;3153
17;2025-12-26;15;3498
17;2025-12-26;16;4117
17;2025-12-26;17;4559
17;2025-12-26;18;4344
17;2025-12-26;19;3223
17;2025-12-26;20;2325
17;2025-12-26;21;1549
17;2025-12-26;22;891
17;2025-12-26;23;453
17;2025-12-27;0;193
17;2025-12-27;1;25
17;2025-12-27;2;0
17;2025-12-27;3;0
17;2025-12-27;4;5
17;2025-12-27;5;130
17;2025-12-27;6;540
17;2025-12-27;7;1144
17;2025-12-27;8;1658
17;2025-12-27;9;2108
17;2025-12-27;10;2329
17;2025-12-27;11;2777
17;2025-12-27;12;3100
17;2025-12-27;13;3254
17;2025-12-27;14;3287
17;2025-12-27;15;3326
17;2025-12-27;16;3298
17;2025-12-27;17;3129
17;2025-12-27;18;2888
17;2025-12-27;19;2354
17;2025-12-27;20;1822
17;2025-12-27;21;1331
17;2025-12-27;22;859
17;2025-12-27;23;432
17;2025-12-28;0;180
17;2025-12-28;1;24
17;2025-12-28;2;0
17;2025-12-28;3;0
17;2025-12-28;4;4
17;2025-12-28;5;111
17;2025-12-28;6;441
17;2025-12-28;7;821
17;2025-12-28;8;1259
17;2025-12-28;9;1716
17;2025-12-28;10;1986
17;2025-12-28;11;2501
17;2025-12-28;12;2919
17;2025-12-28;13;3171
17;2025-12-28;14;3260
17;2025-12-28;15;3312
17;2025-12-28;16;3259
17;2025-12-28;17;3119
17;2025-12-28;18;2748
17;2025-12-28;19;2227
17;2025-12-28;20;1712
17;2025-12-28;21;1234
17;2025-12-28;22;796
17;2025-12-28;23;340
17;2025-12-29;0;108
17;2025-12-29;1;13
17;2025-12-29;2;0
17;2025-12-29;3;0
17;2025-12-29;4;27
17;2025-12-29;5;319
17;2025-12-29;6;1538
17;2025-12-29;7;4122
17;2025-12-29;8;5427
17;2025-12-29;9;3780
17;2025-12-29;10;2906
17;2025-12-29;11;2854
17;2025-12-29;12;2910
17;2025-12-29;13;2953
17;2025-12-29;14;2976
17;2025-12-29;15;3211
17;2025-12-29;16;3619
17;2025-12-29;17;4443
17;2025-12-29;18;4989
17;2025-12-29;19;3518
17;2025-12-29;20;2350
17;2025-12-29;21;1406
17;2025-12-29;22;772
17;2025-12-29;23;332
17;2025-12-30;0;109
17;2025-12-30;1;10
17;2025-12-30;2;0
17;2025-12-30;3;0
17;2025-12-30;4;27
17;2025-12-30;5;317
17;2025-12-30;6;1587
17;2025-12-30;7;4239
17;2025-12-30;8;5567
17;2025-12-30;9;3921
17;2025-12-30;10;3031
17;2025-12-30;11;2929
17;2025-12-30;12;3019
17;2025-12-30;13;3037
17;2025-12-30;14;3183
17;2025-12-30;15;3268
17;2025-12-30;16;3639
17;2025-12-30;17;4591
17;2025-12-30;18;5053
17;2025-12-30;19;3594
17;2025-12-30;20;2450
17;2025-12-30;21;1484
17;2025-12-30;22;793
17;2025-12-30;23;362
17;2025-12-31;0;176
17;2025-12-31;1;23
17;2025-12-31;2;0
17;2025-12-31;3;0
17;2025-12-31;4;4
17;2025-12-31;5;108
17;2025-12-31;6;413
17;2025-12-31;7;768
17;2025-12-31;8;1178
17;2025-12-31;9;1606
17;2025-12-31;10;1858
17;2025-12-31;11;2340
17;2025-12-31;12;2731
17;2025-12-31;13;2967
17;2025-12-31;14;3050
17;2025-12-31;15;3098
17;2025-12-31;16;3050
17;2025-12-31;17;2918
17;2025-12-31;18;2571
17;2025-12-31;19;2084
17;2025-12-31;20;1601
17;2025-12-31;21;1155
17;2025-12-31;22;745
17;2025-12-31;23;318
25;2025-11-01;0;0
25;2025-11-01;1;0
25;2025-11-01;2;0
25;2025-11-01;3;0
25;2025-11-01;4;0
25;2025-11-01;5;5
25;2025-11-01;6;198
25;2025-11-01;7;602
25;2025-11-01;8;954
25;2025-11-01;9;492
25;2025-11-01;10;400
25;2025-11-01;11;477
25;2025-11-01;12;471
25;2025-11-01;13;583
25;2025-11-01;14;552
25;2025-11-01;15;665
25;2025-11-01;16;837
25;2025-11-01;17;852
25;2025-11-01;18;745
25;2025-11-01;19;535
25;2025-11-01;20;346
25;2025-11-01;21;237
25;2025-11-01;22;147
25;2025-11-01;23;10
25;2025-11-02;0;14
25;2025-11-02;1;0
25;2025-11-02;2;0
25;2025-11-02;3;0
25;2025-11-02;4;0
25;2025-11-02;5;2
25;2025-11-02;6;53
25;2025-11-02;7;106
25;2025-11-02;8;197
25;2025-11-02;9;228
25;2025-11-02;10;233
25;2025-11-02;11;296
25;2025-11-02;12;360
25;2025-11-02;13;470
25;2025-11-02;14;509
25;2025-11-02;15;605
25;2025-11-02;16;532
25;2025-11-02;17;492
25;2025-11-02;18;453
25;2025-11-02;19;371
25;2025-11-02;20;257
25;2025-11-02;21;212
25;2025-11-02;22;126
25;2025-11-02;23;43
25;2025-11-03;0;14
25;2025-11-03;1;0
25;2025-11-03;2;0
25;2025-11-03;3;0
25;2025-11-03;4;0
25;2025-11-03;5;2
25;2025-11-03;6;50
25;2025-11-03;7;99
25;2025-11-03;8;185
25;2025-11-03;9;214
25;2025-11-03;10;218
25;2025-11-03;11;278
25;2025-11-03;12;338
25;2025-11-03;13;441
25;2025-11-03;14;478
25;2025-11-03;15;568
25;2025-11-03;16;499
25;2025-11-03;17;462
25;2025-11-03;18;425
25;2025-11-03;19;348
25;2025-11-03;20;242
25;2025-11-03;21;199
25;2025-11-03;22;118
25;2025-11-03;23;40
25;2025-11-04;0;14
25;2025-11-04;1;0
25;2025-11-04;2;0
25;2025-11-04;3;0
25;2025-11-04;4;0
25;2025-11-04;5;2
25;2025-11-04;6;50
25;2025-11-04;7;99
25;2025-11-04;8;185
25;2025-11-04;9;214
25;2025-11-04;10;218
25;2025-11-04;11;278
25;2025-11-04;12;338
25;2025-11-04;13;441
25;2025-11-04;14;478
25;2025-11-04;15;568
25;2025-11-04;16;499
25;2025-11-04;17;462
25;2025-11-04;18;425
25;2025-11-04;19;348
25;2025-11-04;20;242
25;2025-11-04;21;199
25;2025-11-04;22;118
25;2025-11-04;23;40
25;2025-11-05;0;0
25;2025-11-05;1;0
25;2025-11-05;2;0
25;2025-11-05;3;0
25;2025-11-05;4;0
25;2025-11-05;5;6
25;2025-11-05;6;174
25;2025-11-05;7;567
25;2025-11-05;8;950
25;2025-11-05;9;493
25;2025-11-05;10;379
25;2025-11-05;11;443
25;2025-11-05;12;440
25;2025-11-05;13;566
25;2025-11-05;14;474
25;2025-11-05;15;557
25;2025-11-05;16;687
25;2025-11-05;17;797
25;2025-11-05;18;859
25;2025-11-05;19;549
25;2025-11-05;20;358
25;2025-11-05;21;224
25;2025-11-05;22;120
25;2025-11-05;23;6
25;2025-11-06;0;0
25;2025-11-06;1;0
25;2025-11-06;2;0
25;2025-11-06;3;0
25;2025-11-06;4;0
25;2025-11-06;5;6
25;2025-11-06;6;180
25;2025-11-06;7;572
25;2025-11-06;8;992
25;2025-11-06;9;498
25;2025-11-06;10;393
25;2025-11-06;11;428
25;2025-11-06;12;429
25;2025-11-06;13;555
25;2025-11-06;14;517
25;2025-11-06;15;577
25;2025-11-06;16;712
25;2025-11-06;17;790
25;2025-11-06;18;824
25;2025-11-06;19;554
25;2025-11-06;20;326
25;2025-11-06;21;221
25;2025-11-06;22;129
25;2025-11-06;23;6
25;2025-11-07;0;0
25;2025-11-07;1;0
25;2025-11-07;2;0
25;2025-11-07;3;0
25;2025-11-07;4;0
25;2025-11-07;5;5
25;2025-11-07;6;185
25;2025-11-07;7;563
25;2025-11-07;8;892
25;2025-11-07;9;460
25;2025-11-07;10;374
25;2025-11-07;11;445
25;2025-11-07;12;440
25;2025-11-07;13;545
25;2025-11-07;14;516
25;2025-11-07;15;621
25;2025-11-07;16;783
25;2025-11-07;17;796
25;2025-11-07;18;697
25;2025-11-07;19;500
25;2025-11-07;20;323
25;2025-11-07;21;221
25;2025-11-07;22;137
25;2025-11-07;23;9
25;2025-11-08;0;0
25;2025-11-08;1;0
25;2025-11-08;2;0
25;2025-11-08;3;0
25;2025-11-08;4;0
25;2025-11-08;5;3
25;2025-11-08;6;63
25;2025-11-08;7;146
25;2025-11-08;8;330
25;2025-11-08;9;314
25;2025-11-08;10;310
25;2025-11-08;11;394
25;2025-11-08;12;409
25;2025-11-08;13;587
25;2025-11-08;14;594
25;2025-11-08;15;689
25;2025-11-08;16;599
25;2025-11-08;17;528
25;2025-11-08;18;505
25;2025-11-08;19;440
25;2025-11-08;20;281
25;2025-11-08;21;228
25;2025-11-08;22;143
25;2025-11-08;23;54
25;2025-11-09;0;14
25;2025-11-09;1;0
25;2025-11-09;2;0
25;2025-11-09;3;0
25;2025-11-09;4;0
25;2025-11-09;5;2
25;2025-11-09;6;53
25;2025-11-09;7;106
25;2025-11-09;8;197
25;2025-11-09;9;228
25;2025-11-09;10;233
25;2025-11-09;11;296
25;2025-11-09;12;360
25;2025-11-09;13;470
25;2025-11-09;14;509
25;2025-11-09;15;605
25;2025-11-09;16;532
25;2025-11-09;17;492
25;2025-11-09;18;453
25;2025-11-09;19;371
25;2025-11-09;20;257
25;2025-11-09;21;212
25;2025-11-09;22;126
25;2025-11-09;23;43
25;2025-11-10;0;9
25;2025-11-10;1;0
25;2025-11-10;2;0
25;2025-11-10;3;0
25;2025-11-10;4;0
25;2025-11-10;5;4
25;2025-11-10;6;182
25;2025-11-10;7;562
25;2025-11-10;8;1001
25;2025-11-10;9;512
25;2025-11-10;10;352
25;2025-11-10;11;403
25;2025-11-10;12;399
25;2025-11-10;13;547
25;2025-11-10;14;443
25;2025-11-10;15;530
25;2025-11-10;16;710
25;2025-11-10;17;753
25;2025-11-10;18;873
25;2025-11-10;19;544
25;2025-11-10;20;320
25;2025-11-10;21;217
25;2025-11-10;22;108
25;2025-11-10;23;8
25;2025-11-11;0;0
25;2025-11-11;1;0
25;2025-11-11;2;0
25;2025-11-11;3;0
25;2025-11-11;4;0
25;2025-11-11;5;5
25;2025-11-11;6;182
25;2025-11-11;7;598
25;2025-11-11;8;988
25;2025-11-11;9;527
25;2025-11-11;10;398
25;2025-11-11;11;469
25;2025-11-11;12;422
25;2025-11-11;13;513
25;2025-11-11;14;474
25;2025-11-11;15;572
25;2025-11-11;16;724
25;2025-11-11;17;769
25;2025-11-11;18;817
25;2025-11-11;19;567
25;2025-11-11;20;351
25;2025-11-11;21;222
25;2025-11-11;22;121
25;2025-11-11;23;7
25;2025-11-12;0;0
25;2025-11-12;1;0
25;2025-11-12;2;0
25;2025-11-12;3;0
25;2025-11-12;4;0
25;2025-11-12;5;6
25;2025-11-12;6;174
25;2025-11-12;7;567
25;2025-11-12;8;950
25;2025-11-12;9;493
25;2025-11-12;10;379
25;2025-11-12;11;443
25;2025-11-12;12;440
25;2025-11-12;13;566
25;2025-11-12;14;474
25;2025-11-12;15;557
25;2025-11-12;16;687
25;2025-11-12;17;797
25;2025-11-12;18;859
25;2025-11-12;19;549
25;2025-11-12;20;358
25;2025-11-12;21;224
25;2025-11-12;22;120
25;2025-11-12;23;6
25;2025-11-13;0;0
25;2025-11-13;1;0
25;2025-11-13;2;0
25;2025-11-13;3;0
25;2025-11-13;4;0
25;2025-11-13;5;6
25;2025-11-13;6;180
25;2025-11-13;7;572
25;2025-11-13;8;992
25;2025-11-13;9;498
25;2025-11-13;10;393
25;2025-11-13;11;428
25;2025-11-13;12;429
25;2025-11-13;13;555
25;2025-11-13;14;517
25;2025-11-13;15;577
25;2025-11-13;16;712
25;2025-11-13;17;790
25;2025-11-13;18;824
25;2025-11-13;19;554
25;2025-11-13;20;326
25;2025-11-13;21;221
25;2025-11-13;22;129
25;2025-11-13;23;6
25;2025-11-14;0;0
25;2025-11-14;1;0
25;2025-11-14;2;0
25;2025-11-14;3;0
25;2025-11-14;4;0
25;2025-11-14;5;5
25;2025-11-14;6;185
25;2025-11-14;7;563
25;2025-11-14;8;892
25;2025-11-14;9;460
25;2025-11-14;10;374
25;2025-11-14;11;445
25;2025-11-14;12;440
25;2025-11-14;13;545
25;2025-11-14;14;516
25;2025-11-14;15;621
25;2025-11-14;16;783
25;2025-11-14;17;796
25;2025-11-14;18;697
25;2025-11-14;19;500
25;2025-11-14;20;323
25;2025-11-14;21;221
25;2025-11-14;22;137
25;2025-11-14;23;9
25;2025-11-15;0;0
25;2025-11-15;1;0
25;2025-11-15;2;0
25;2025-11-15;3;0
25;2025-11-15;4;0
25;2025-11-15;5;3
25;2025-11-15;6;63
25;2025-11-15;7;146
25;2025-11-15;8;330
25;2025-11-15;9;314
25;2025-11-15;10;310
25;2025-11-15;11;394
25;2025-11-15;12;409
25;2025-11-15;13;587
25;2025-11-15;14;594
25;2025-11-15;15;689
25;2025-11-15;16;599
25;2025-11-15;17;528
25;2025-11-15;18;505
25;2025-11-15;19;440
25;2025-11-15;20;281
25;2025-11-15;21;228
25;2025-11-15;22;143
25;2025-11-15;23;54
25;2025-11-16;0;14
25;2025-11-16;1;0
25;2025-11-16;2;0
25;2025-11-16;3;0
25;2025-11-16;4;0
25;2025-11-16;5;2
25;2025-11-16;6;53
25;2025-11-16;7;106
25;2025-11-16;8;197
25;2025-11-16;9;228
25;2025-11-16;10;233
25;2025-11-16;11;296
25;2025-11-16;12;360
25;2025-11-16;13;470
25;2025-11-16;14;509
25;2025-11-16;15;605
25;2025-11-16;16;532
25;2025-11-16;17;492
25;2025-11-16;18;453
25;2025-11-16;19;371
25;2025-11-16;20;257
25;2025-11-16;21;212
25;2025-11-16;22;126
25;2025-11-16;23;43
25;2025-11-17;0;9
25;2025-11-17;1;0
25;2025-11-17;2;0
25;2025-11-17;3;0
25;2025-11-17;4;0
25;2025-11-17;5;4
25;2025-11-17;6;182
25;2025-11-17;7;562
25;2025-11-17;8;1001
25;2025-11-17;9;512
25;2025-11-17;10;352
25;2025-11-17;11;403
25;2025-11-17;12;399
25;2025-11-17;13;547
25;2025-11-17;14;443
25;2025-11-17;15;530
25;2025-11-17;16;710
25;2025-11-17;17;753
25;2025-11-17;18;873
25;2025-11-17;19;544
25;2025-11-17;20;320
25;2025-11-17;21;217
25;2025-11-17;22;108
25;2025-11-17;23;8
25;2025-11-18;0;0
25;2025-11-18;1;0
25;2025-11-18;2;0
25;2025-11-18;3;0
25;2025-11-18;4;0
25;2025-11-18;5;5
25;2025-11-18;6;182
25;2025-11-18;7;598
25;2025-11-18;8;988
25;2025-11-18;9;527
25;2025-11-18;10;398
25;2025-11-18;11;469
25;2025-11-18;12;422
25;2025-11-18;13;513
25;2025-11-18;14;474
25;2025-11-18;15;572
25;2025-11-18;16;724
25;2025-11-18;17;769
25;2025-11-18;18;817
25;2025-11-18;19;567
25;2025-11-18;20;351
25;2025-11-18;21;222
25;2025-11-18;22;121
25;2025-11-18;23;7
25;2025-11-19;0;0
25;2025-11-19;1;0
25;2025-11-19;2;0
25;2025-11-19;3;0
25;2025-11-19;4;0
25;2025-11-19;5;6
25;2025-11-19;6;174
25;2025-11-19;7;567
25;2025-11-19;8;950
25;2025-11-19;9;493
25;2025-11-19;10;379
25;2025-11-19;11;443
25;2025-11-19;12;440
25;2025-11-19;13;566
25;2025-11-19;14;474
25;2025-11-19;15;557
25;2025-11-19;16;687
25;2025-11-19;17;797
25;2025-11-19;18;859
25;2025-11-19;19;549
25;2025-11-19;20;358
25;2025-11-19;21;224
25;2025-11-19;22;120
25;2025-11-19;23;6
25;2025-11-20;0;0
25;2025-11-20;1;0
25;2025-11-20;2;0
25;2025-11-20;3;0
25;2025-11-20;4;0
25;2025-11-20;5;6
25;2025-11-20;6;180
25;2025-11-20;7;572
25;2025-11-20;8;992
25;2025-11-20;9;498
25;2025-11-20;10;393
25;2025-11-20;11;428
25;2025-11-20;12;429
25;2025-11-20;13;555
25;2025-11-20;14;517
25;2025-11-20;15;577
25;2025-11-20;16;712
25;2025-11-20;17;790
25;2025-11-20;18;824
25;2025-11-20;19;554
25;2025-11-20;20;326
25;2025-11-20;21;221
25;2025-11-20;22;129
25;2025-11-20;23;6
25;2025-11-21;0;0
25;2025-11-21;1;0
25;2025-11-21;2;0
25;2025-11-21;3;0
25;2025-11-21;4;0
25;2025-11-21;5;5
25;2025-11-21;6;185
25;2025-11-21;7;563
25;2025-11-21;8;892
25;2025-11-21;9;460
25;2025-11-21;10;374
25;2025-11-21;11;445
25;2025-11-21;12;440
25;2025-11-21;13;545
25;2025-11-21;14;516
25;2025-11-21;15;621
25;2025-11-21;16;783
25;2025-11-21;17;796
25;2025-11-21;18;697
25;2025-11-21;19;500
25;2025-11-21;20;323
25;2025-11-21;21;221
25;2025-11-21;22;137
25;2025-11-21;23;9
25;2025-11-22;0;0
25;2025-11-22;1;0
25;2025-11-22;2;0
25;2025-11-22;3;0
25;2025-11-22;4;0
25;2025-11-22;5;3
25;2025-11-22;6;63
25;2025-11-22;7;146
25;2025-11-22;8;330
25;2025-11-22;9;314
25;2025-11-22;10;310
25;2025-11-22;11;394
25;2025-11-22;12;409
25;2025-11-22;13;587
25;2025-11-22;14;594
25;2025-11-22;15;689
25;2025-11-22;16;599
25;2025-11-22;17;528
25;2025-11-22;18;505
25;2025-11-22;19;440
25;2025-11-22;20;281
25;2025-11-22;21;228
25;2025-11-22;22;143
25;2025-11-22;23;54
25;2025-11-23;0;14
25;2025-11-23;1;0
25;2025-11-23;2;0
25;2025-11-23;3;0
25;2025-11-23;4;0
25;2025-11-23;5;2
25;2025-11-23;6;53
25;2025-11-23;7;106
25;2025-11-23;8;197
25;2025-11-23;9;228
25;2025-11-23;10;233
25;2025-11-23;11;296
25;2025-11-23;12;360
25;2025-11-23;13;470
25;2025-11-23;14;509
25;2025-11-23;15;605
25;2025-11-23;16;532
25;2025-11-23;17;492
25;2025-11-23;18;453
25;2025-11-23;19;371
25;2025-11-23;20;257
25;2025-11-23;21;212
25;2025-11-23;22;126
25;2025-11-23;23;43
25;2025-11-24;0;9
25;2025-11-24;1;0
25;2025-11-24;2;0
25;2025-11-24;3;0
25;2025-11-24;4;0
25;2025-11-24;5;4
25;2025-11-24;6;182
25;2025-11-24;7;562
25;2025-11-24;8;1001
25;2025-11-24;9;512
25;2025-11-24;10;352
25;2025-11-24;11;403
25;2025-11-24;12;399
25;2025-11-24;13;547
25;2025-11-24;14;443
25;2025-11-24;15;530
25;2025-11-24;16;710
25;2025-11-24;17;753
25;2025-11-24;18;873
25;2025-11-24;19;544
25;2025-11-24;20;320
25;2025-11-24;21;217
25;2025-11-24;22;108
25;2025-11-24;23;8
25;2025-11-25;0;0
25;2025-11-25;1;0
25;2025-11-25;2;0
25;2025-11-25;3;0
25;2025-11-25;4;0
25;2025-11-25;5;5
25;2025-11-25;6;182
25;2025-11-25;7;598
25;2025-11-25;8;988
25;2025-11-25;9;527
25;2025-11-25;10;398
25;2025-11-25;11;469
25;2025-11-25;12;422
25;2025-11-25;13;513
25;2025-11-25;14;474
25;2025-11-25;15;572
25;2025-11-25;16;724
25;2025-11-25;17;769
25;2025-11-25;18;817
25;2025-11-25;19;567
25;2025-11-25;20;351
25;2025-11-25;21;222
25;2025-11-25;22;121
25;2025-11-25;23;7
25;2025-11-26;0;0
25;2025-11-26;1;0
25;2025-11-26;2;0
25;2025-11-26;3;0
25;2025-11-26;4;0
25;2025-11-26;5;6
25;2025-11-26;6;174
25;2025-11-26;7;567
25;2025-11-26;8;950
25;2025-11-26;9;493
25;2025-11-26;10;379
25;2025-11-26;11;443
25;2025-11-26;12;440
25;2025-11-26;13;566
25;2025-11-26;14;474
25;2025-11-26;15;557
25;2025-11-26;16;687
25;2025-11-26;17;797
25;2025-11-26;18;859
25;2025-11-26;19;549
25;2025-11-26;20;358
25;2025-11-26;21;224
25;2025-11-26;22;120
25;2025-11-26;23;6
25;2025-11-27;0;0
25;2025-11-27;1;0
25;2025-11-27;2;0
25;2025-11-27;3;0
25;2025-11-27;4;0
25;2025-11-27;5;6
25;2025-11-27;6;180
25;2025-11-27;7;572
25;2025-11-27;8;992
25;2025-11-27;9;498
25;2025-11-27;10;393
25;2025-11-27;11;428
25;2025-11-27;12;429
25;2025-11-27;13;555
25;2025-11-27;14;517
25;2025-11-27;15;577
25;2025-11-27;16;712
25;2025-11-27;17;790
25;2025-11-27;18;824
25;2025-11-27;19;554
25;2025-11-27;20;326
25;2025-11-27;21;221
25;2025-11-27;22;129
25;2025-11-27;23;6
25;2025-11-28;0;0
25;2025-11-28;1;0
25;2025-11-28;2;0
25;2025-11-28;3;0
25;2025-11-28;4;0
25;2025-11-28;5;5
25;2025-11-28;6;185
25;2025-11-28;7;563
25;2025-11-28;8;892
25;2025-11-28;9;460
25;2025-11-28;10;374
25;2025-11-28;11;445
25;2025-11-28;12;440
25;2025-11-28;13;545
25;2025-11-28;14;516
25;2025-11-28;15;621
25;2025-11-28;16;783
25;2025-11-28;17;796
25;2025-11-28;18;697
25;2025-11-28;19;500
25;2025-11-28;20;323
25;2025-11-28;21;221
25;2025-11-28;22;137
25;2025-11-28;23;9
25;2025-11-29;0;0
25;2025-11-29;1;0
25;2025-11-29;2;0
25;2025-11-29;3;0
25;2025-11-29;4;0
25;2025-11-29;5;3
25;2025-11-29;6;63
25;2025-11-29;7;146
25;2025-11-29;8;330
25;2025-11-29;9;314
25;2025-11-29;10;310
25;2025-11-29;11;394
25;2025-11-29;12;409
25;2025-11-29;13;587
25;2025-11-29;14;594
25;2025-11-29;15;689
25;2025-11-29;16;599
25;2025-11-29;17;528
25;2025-11-29;18;505
25;2025-11-29;19;440
25;2025-11-29;20;281
25;2025-11-29;21;228
25;2025-11-29;22;143
25;2025-11-29;23;54
25;2025-11-30;0;14
25;2025-11-30;1;0
25;2025-11-30;2;0
25;2025-11-30;3;0
25;2025-11-30;4;0
25;2025-11-30;5;2
25;2025-11-30;6;53
25;2025-11-30;7;106
25;2025-11-30;8;197
25;2025-11-30;9;228
25;2025-11-30;10;233
25;2025-11-30;11;296
25;2025-11-30;12;360
25;2025-11-30;13;470
25;2025-11-30;14;509
25;2025-11-30;15;605
25;2025-11-30;16;532
25;2025-11-30;17;492
25;2025-11-30;18;453
25;2025-11-30;19;371
25;2025-11-30;20;257
25;2025-11-30;21;212
25;2025-11-30;22;126
25;2025-11-30;23;43
25;2025-12-01;0;9
25;2025-12-01;1;0
25;2025-12-01;2;0
25;2025-12-01;3;0
25;2025-12-01;4;0
25;2025-12-01;5;4
25;2025-12-01;6;182
25;2025-12-01;7;562
25;2025-12-01;8;1001
25;2025-12-01;9;512
25;2025-12-01;10;352
25;2025-12-01;11;403
25;2025-12-01;12;399
25;2025-12-01;13;547
25;2025-12-01;14;443
25;2025-12-01;15;530
25;2025-12-01;16;710
25;2025-12-01;17;753
25;2025-12-01;18;873
25;2025-12-01;19;544
25;2025-12-01;20;320
25;2025-12-01;21;217
25;2025-12-01;22;108
25;2025-12-01;23;8
25;2025-12-02;0;0
25;2025-12-02;1;0
25;2025-12-02;2;0
25;2025-12-02;3;0
25;2025-12-02;4;0
25;2025-12-02;5;5
25;2025-12-02;6;182
25;2025-12-02;7;598
25;2025-12-02;8;988
25;2025-12-02;9;527
25;2025-12-02;10;398
25;2025-12-02;11;469
25;2025-12-02;12;422
25;2025-12-02;13;513
25;2025-12-02;14;474
25;2025-12-02;15;572
25;2025-12-02;16;724
25;2025-12-02;17;769
25;2025-12-02;18;817
25;2025-12-02;19;567
25;2025-12-02;20;351
25;2025-12-02;21;222
25;2025-12-02;22;121
25;2025-12-02;23;7
25;2025-12-03;0;0
25;2025-12-03;1;0
25;2025-12-03;2;0
25;2025-12-03;3;0
25;2025-12-03;4;0
25;2025-12-03;5;6
25;2025-12-03;6;174
25;2025-12-03;7;567
25;2025-12-03;8;950
25;2025-12-03;9;493
25;2025-12-03;10;379
25;2025-12-03;11;443
25;2025-12-03;12;440
25;2025-12-03;13;566
25;2025-12-03;14;474
25;2025-12-03;15;557
25;2025-12-03;16;687
25;2025-12-03;17;797
25;2025-12-03;18;859
25;2025-12-03;19;549
25;2025-12-03;20;358
25;2025-12-03;21;224
25;2025-12-03;22;120
25;2025-12-03;23;6
25;2025-12-04;0;0
25;2025-12-04;1;0
25;2025-12-04;2;0
25;2025-12-04;3;0
25;2025-12-04;4;0
25;2025-12-04;5;6
25;2025-12-04;6;180
25;2025-12-04;7;572
25;2025-12-04;8;992
25;2025-12-04;9;498
25;2025-12-04;10;393
25;2025-12-04;11;428
25;2025-12-04;12;429
25;2025-12-04;13;555
25;2025-12-04;14;517
25;2025-12-04;15;577
25;2025-12-04;16;712
25;2025-12-04;17;790
25;2025-12-04;18;824
25;2025-12-04;19;554
25;2025-12-04;20;326
25;2025-12-04;21;221
25;2025-12-04;22;129
25;2025-12-04;23;6
25;2025-12-05;0;0
25;2025-12-05;1;0
25;2025-12-05;2;0
25;2025-12-05;3;0
25;2025-12-05;4;0
25;2025-12-05;5;5
25;2025-12-05;6;185
25;2025-12-05;7;563
25;2025-12-05;8;892
25;2025-12-05;9;460
25;2025-12-05;10;374
25;2025-12-05;11;445
25;2025-12-05;12;440
25;2025-12-05;13;545
25;2025-12-05;14;516
25;2025-12-05;15;621
25;2025-12-05;16;783
25;2025-12-05;17;796
25;2025-12-05;18;697
25;2025-12-05;19;500
25;2025-12-05;20;323
25;2025-12-05;21;221
25;2025-12-05;22;137
25;2025-12-05;23;9
25;2025-12-06;0;0
25;2025-12-06;1;0
25;2025-12-06;2;0
25;2025-12-06;3;0
25;2025-12-06;4;0
25;2025-12-06;5;3
25;2025-12-06;6;63
25;2025-12-06;7;146
25;2025-12-06;8;330
25;2025-12-06;9;314
25;2025-12-06;10;310
25;2025-12-06;11;394
25;2025-12-06;12;409
25;2025-12-06;13;587
25;2025-12-06;14;594
25;2025-12-06;15;689
25;2025-12-06;16;599
25;2025-12-06;17;528
25;2025-12-06;18;505
25;2025-12-06;19;440
25;2025-12-06;20;281
25;2025-12-06;21;228
25;2025-12-06;22;143
25;2025-12-06;23;54
25;2025-12-07;0;14
25;2025-12-07;1;0
25;2025-12-07;2;0
25;2025-12-07;3;0
25;2025-12-07;4;0
25;2025-12-07;5;2
25;2025-12-07;6;53
25;2025-12-07;7;106
25;2025-12-07;8;197
25;2025-12-07;9;228
25;2025-12-07;10;233
25;2025-12-07;11;296
25;2025-12-07;12;360
25;2025-12-07;13;470
25;2025-12-07;14;509
25;2025-12-07;15;605
25;2025-12-07;16;532
25;2025-12-07;17;492
25;2025-12-07;18;453
25;2025-12-07;19;371
25;2025-12-07;20;257
25;2025-12-07;21;212
25;2025-12-07;22;126
25;2025-12-07;23;43
25;2025-12-08;0;9
25;2025-12-08;1;0
25;2025-12-08;2;0
25;2025-12-08;3;0
25;2025-12-08;4;0
25;2025-12-08;5;4
25;2025-12-08;6;182
25;2025-12-08;7;562
25;2025-12-08;8;1001
25;2025-12-08;9;512
25;2025-12-08;10;352
25;2025-12-08;11;403
25;2025-12-08;12;399
25;2025-12-08;13;547
25;2025-12-08;14;443
25;2025-12-08;15;530
25;2025-12-08;16;710
25;2025-12-08;17;753
25;2025-12-08;18;873
25;2025-12-08;19;544
25;2025-12-08;20;320
25;2025-12-08;21;217
25;2025-12-08;22;108
25;2025-12-08;23;8
25;2025-12-09;0;0
25;2025-12-09;1;0
25;2025-12-09;2;0
25;2025-12-09;3;0
25;2025-12-09;4;0
25;2025-12-09;5;5
25;2025-12-09;6;182
25;2025-12-09;7;598
25;2025-12-09;8;988
25;2025-12-09;9;527
25;2025-12-09;10;398
25;2025-12-09;11;469
25;2025-12-09;12;422
25;2025-12-09;13;513
25;2025-12-09;14;474
25;2025-12-09;15;572
25;2025-12-09;16;724
25;2025-12-09;17;769
25;2025-12-09;18;817
25;2025-12-09;19;567
25;2025-12-09;20;351
25;2025-12-09;21;222
25;2025-12-09;22;121
25;2025-12-09;23;7
25;2025-12-10;0;0
25;2025-12-10;1;0
25;2025-12-10;2;0
25;2025-12-10;3;0
25;2025-12-10;4;0
25;2025-12-10;5;6
25;2025-12-10;6;174
25;2025-12-10;7;567
25;2025-12-10;8;950
25;2025-12-10;9;493
25;2025-12-10;10;379
25;2025-12-10;11;443
25;2025-12-10;12;440
25;2025-12-10;13;566
25;2025-12-10;14;474
25;2025-12-10;15;557
25;2025-12-10;16;687
25;2025-12-10;17;797
25;2025-12-10;18;859
25;2025-12-10;19;549
25;2025-12-10;20;358
25;2025-12-10;21;224
25;2025-12-10;22;120
25;2025-12-10;23;6
25;2025-12-11;0;0
25;2025-12-11;1;0
25;2025-12-11;2;0
25;2025-12-11;3;0
25;2025-12-11;4;0
25;2025-12-11;5;6
25;2025-12-11;6;180
25;2025-12-11;7;572
25;2025-12-11;8;992
25;2025-12-11;9;498
25;2025-12-11;10;393
25;2025-12-11;11;428
25;2025-12-11;12;429
25;2025-12-11;13;555
25;2025-12-11;14;517
25;2025-12-11;15;577
25;2025-12-11;16;712
25;2025-12-11;17;790
25;2025-12-11;18;824
25;2025-12-11;19;554
25;2025-12-11;20;326
25;2025-12-11;21;221
25;2025-12-11;22;129
25;2025-12-11;23;6
25;2025-12-12;0;0
25;2025-12-12;1;0
25;2025-12-12;2;0
25;2025-12-12;3;0
25;2025-12-12;4;0
25;2025-12-12;5;5
25;2025-12-12;6;185
25;2025-12-12;7;563
25;2025-12-12;8;892
25;2025-12-12;9;460
25;2025-12-12;10;374
25;2025-12-12;11;445
25;2025-12-12;12;440
25;2025-12-12;13;545
25;2025-12-12;14;516
25;2025-12-12;15;621
25;2025-12-12;16;783
25;2025-12-12;17;796
25;2025-12-12;18;697
25;2025-12-12;19;500
25;2025-12-12;20;323
25;2025-12-12;21;221
25;2025-12-12;22;137
25;2025-12-12;23;9
25;2025-12-13;0;0
25;2025-12-13;1;0
25;2025-12-13;2;0
25;2025-12-13;3;0
25;2025-12-13;4;0
25;2025-12-13;5;3
25;2025-12-13;6;63
25;2025-12-13;7;146
25;2025-12-13;8;330
25;2025-12-13;9;314
25;2025-12-13;10;310
25;2025-12-13;11;394
25;2025-12-13;12;409
25;2025-12-13;13;587
25;2025-12-13;14;594
25;2025-12-13;15;689
25;2025-12-13;16;599
25;2025-12-13;17;528
25;2025-12-13;18;505
25;2025-12-13;19;440
25;2025-12-13;20;281
25;2025-12-13;21;228
25;2025-12-13;22;143
25;2025-12-13;23;54
25;2025-12-14;0;14
25;2025-12-14;1;0
25;2025-12-14;2;0
25;2025-12-14;3;0
25;2025-12-14;4;0
25;2025-12-14;5;2
25;2025-12-14;6;53
25;2025-12-14;7;106
25;2025-12-14;8;197
25;2025-12-14;9;228
25;2025-12-14;10;233
25;2025-12-14;11;296
25;2025-12-14;12;360
25;2025-12-14;13;470
25;2025-12-14;14;509
25;2025-12-14;15;605
25;2025-12-14;16;532
25;2025-12-14;17;492
25;2025-12-14;18;453
25;2025-12-14;19;371
25;2025-12-14;20;257
25;2025-12-14;21;212
25;2025-12-14;22;126
25;2025-12-14;23;43
25;2025-12-15;0;9
25;2025-12-15;1;0
25;2025-12-15;2;0
25;2025-12-15;3;0
25;2025-12-15;4;0
25;2025-12-15;5;4
25;2025-12-15;6;182
25;2025-12-15;7;562
25;2025-12-15;8;1001
25;2025-12-15;9;512
25;2025-12-15;10;352
25;2025-12-15;11;403
25;2025-12-15;12;399
25;2025-12-15;13;547
25;2025-12-15;14;443
25;2025-12-15;15;530
25;2025-12-15;16;710
25;2025-12-15;17;753
25;2025-12-15;18;873
25;2025-12-15;19;544
25;2025-12-15;20;320
25;2025-12-15;21;217
25;2025-12-15;22;108
25;2025-12-15;23;8
25;2025-12-16;0;0
25;2025-12-16;1;0
25;2025-12-16;2;0
25;2025-12-16;3;0
25;2025-12-16;4;0
25;2025-12-16;5;5
25;2025-12-16;6;182
25;2025-12-16;7;598
25;2025-12-16;8;988
25;2025-12-16;9;527
25;2025-12-16;10;398
25;2025-12-16;11;469
25;2025-12-16;12;422
25;2025-12-16;13;513
25;2025-12-16;14;474
25;2025-12-16;15;572
25;2025-12-16;16;724
25;2025-12-16;17;769
25;2025-12-16;18;817
25;2025-12-16;19;567
25;2025-12-16;20;351
25;2025-12-16;21;222
25;2025-12-16;22;121
25;2025-12-16;23;7
25;2025-12-17;0;0
25;2025-12-17;1;0
25;2025-12-17;2;0
25;2025-12-17;3;0
25;2025-12-17;4;0
25;2025-12-17;5;6
25;2025-12-17;6;174
25;2025-12-17;7;567
25;2025-12-17;8;950
25;2025-12-17;9;493
25;2025-12-17;10;379
25;2025-12-17;11;443
25;2025-12-17;12;440
25;2025-12-17;13;566
25;2025-12-17;14;474
25;2025-12-17;15;557
25;2025-12-17;16;687
25;2025-12-17;17;797
25;2025-12-17;18;859
25;2025-12-17;19;549
25;2025-12-17;20;358
25;2025-12-17;21;224
25;2025-12-17;22;120
25;2025-12-17;23;6
25;2025-12-18;0;0
25;2025-12-18;1;0
25;2025-12-18;2;0
25;2025-12-18;3;0
25;2025-12-18;4;0
25;2025-12-18;5;6
25;2025-12-18;6;180
25;2025-12-18;7;572
25;2025-12-18;8;992
25;2025-12-18;9;498
25;2025-12-18;10;393
25;2025-12-18;11;428
25;2025-12-18;12;429
25;2025-12-18;13;555
25;2025-12-18;14;517
25;2025-12-18;15;577
25;2025-12-18;16;712
25;2025-12-18;17;790
25;2025-12-18;18;824
25;2025-12-18;19;554
25;2025-12-18;20;326
25;2025-12-18;21;221
25;2025-12-18;22;129
25;2025-12-18;23;6
25;2025-12-19;0;0
25;2025-12-19;1;0
25;2025-12-19;2;0
25;2025-12-19;3;0
25;2025-12-19;4;0
25;2025-12-19;5;5
25;2025-12-19;6;185
25;2025-12-19;7;563
25;2025-12-19;8;892
25;2025-12-19;9;460
25;2025-12-19;10;374
25;2025-12-19;11;445
25;2025-12-19;12;440
25;2025-12-19;13;545
25;2025-12-19;14;516
25;2025-12-19;15;621
25;2025-12-19;16;783
25;2025-12-19;17;796
25;2025-12-19;18;697
25;2025-12-19;19;500
25;2025-12-19;20;323
25;2025-12-19;21;221
25;2025-12-19;22;137
25;2025-12-19;23;9
25;2025-12-20;0;0
25;2025-12-20;1;0
25;2025-12-20;2;0
25;2025-12-20;3;0
25;2025-12-20;4;0
25;2025-12-20;5;3
25;2025-12-20;6;63
25;2025-12-20;7;146
25;2025-12-20;8;330
25;2025-12-20;9;314
25;2025-12-20;10;310
25;2025-12-20;11;394
25;2025-12-20;12;409
25;2025-12-20;13;587
25;2025-12-20;14;594
25;2025-12-20;15;689
25;2025-12-20;16;599
25;2025-12-20;17;528
25;2025-12-20;18;505
25;2025-12-20;19;440
25;2025-12-20;20;281
25;2025-12-20;21;228
25;2025-12-20;22;143
25;2025-12-20;23;54
25;2025-12-21;0;14
25;2025-12-21;1;0
25;2025-12-21;2;0
25;2025-12-21;3;0
25;2025-12-21;4;0
25;2025-12-21;5;2
25;2025-12-21;6;53
25;2025-12-21;7;106
25;2025-12-21;8;197
25;2025-12-21;9;228
25;2025-12-21;10;233
25;2025-12-21;11;296
25;2025-12-21;12;360
25;2025-12-21;13;470
25;2025-12-21;14;509
25;2025-12-21;15;605
25;2025-12-21;16;532
25;2025-12-21;17;492
25;2025-12-21;18;453
25;2025-12-21;19;371
25;2025-12-21;20;257
25;2025-12-21;21;212
25;2025-12-21;22;126
25;2025-12-21;23;43
25;2025-12-22;0;9
25;2025-12-22;1;0
25;2025-12-22;2;0
25;2025-12-22;3;0
25;2025-12-22;4;0
25;2025-12-22;5;4
25;2025-12-22;6;182
25;2025-12-22;7;562
25;2025-12-22;8;1001
25;2025-12-22;9;512
25;2025-12-22;10;352
25;2025-12-22;11;403
25;2025-12-22;12;399
25;2025-12-22;13;547
25;2025-12-22;14;443
25;2025-12-22;15;530
25;2025-12-22;16;710
25;2025-12-22;17;753
25;2025-12-22;18;873
25;2025-12-22;19;544
25;2025-12-22;20;320
25;2025-12-22;21;217
25;2025-12-22;22;108
25;2025-12-22;23;8
25;2025-12-23;0;0
25;2025-12-23;1;0
25;2025-12-23;2;0
25;2025-12-23;3;0
25;2025-12-23;4;0
25;2025-12-23;5;5
25;2025-12-23;6;182
25;2025-12-23;7;598
25;2025-12-23;8;988
25;2025-12-23;9;527
25;2025-12-23;10;398
25;2025-12-23;11;469
25;2025-12-23;12;422
25;2025-12-23;13;513
25;2025-12-23;14;474
25;2025-12-23;15;572
25;2025-12-23;16;724
25;2025-12-23;17;769
25;2025-12-23;18;817
25;2025-12-23;19;567
25;2025-12-23;20;351
25;2025-12-23;21;222
25;2025-12-23;22;121
25;2025-12-23;23;7
25;2025-12-24;0;0
25;2025-12-24;1;0
25;2025-12-24;2;0
25;2025-12-24;3;0
25;2025-12-24;4;0
25;2025-12-24;5;6
25;2025-12-24;6;174
25;2025-12-24;7;567
25;2025-12-24;8;950
25;2025-12-24;9;493
25;2025-12-24;10;379
25;2025-12-24;11;443
25;2025-12-24;12;440
25;2025-12-24;13;566
25;2025-12-24;14;474
25;2025-12-24;15;557
25;2025-12-24;16;687
25;2025-12-24;17;797
25;2025-12-24;18;859
25;2025-12-24;19;549
25;2025-12-24;20;358
25;2025-12-24;21;224
25;2025-12-24;22;120
25;2025-12-24;23;6
25;2025-12-25;0;0
25;2025-12-25;1;0
25;2025-12-25;2;0
25;2025-12-25;3;0
25;2025-12-25;4;0
25;2025-12-25;5;6
25;2025-12-25;6;180
25;2025-12-25;7;572
25;2025-12-25;8;992
25;2025-12-25;9;498
25;2025-12-25;10;393
25;2025-12-25;11;428
25;2025-12-25;12;429
25;2025-12-25;13;555
25;2025-12-25;14;517
25;2025-12-25;15;577
25;2025-12-25;16;712
25;2025-12-25;17;790
25;2025-12-25;18;824
25;2025-12-25;19;554
25;2025-12-25;20;326
25;2025-12-25;21;221
25;2025-12-25;22;129
25;2025-12-25;23;6
25;2025-12-26;0;0
25;2025-12-26;1;0
25;2025-12-26;2;0
25;2025-12-26;3;0
25;2025-12-26;4;0
25;2025-12-26;5;5
25;2025-12-26;6;185
25;2025-12-26;7;563
25;2025-12-26;8;892
25;2025-12-26;9;460
25;2025-12-26;10;374
25;2025-12-26;11;445
25;2025-12-26;12;440
25;2025-12-26;13;545
25;2025-12-26;14;516
25;2025-12-26;15;621
25;2025-12-26;16;783
25;2025-12-26;17;796
25;2025-12-26;18;697
25;2025-12-26;19;500
25;2025-12-26;20;323
25;2025-12-26;21;221
25;2025-12-26;22;137
25;2025-12-26;23;9
25;2025-12-27;0;0
25;2025-12-27;1;0
25;2025-12-27;2;0
25;2025-12-27;3;0
25;2025-12-27;4;0
25;2025-12-27;5;3
25;2025-12-27;6;63
25;2025-12-27;7;146
25;2025-12-27;8;330
25;2025-12-27;9;314
25;2025-12-27;10;310
25;2025-12-27;11;394
25;2025-12-27;12;409
25;2025-12-27;13;587
25;2025-12-27;14;594
25;2025-12-27;15;689
25;2025-12-27;16;599
25;2025-12-27;17;528
25;2025-12-27;18;505
25;2025-12-27;19;440
25;2025-12-27;20;281
25;2025-12-27;21;228
25;2025-12-27;22;143
25;2025-12-27;23;54
25;2025-12-28;0;14
25;2025-12-28;1;0
25;2025-12-28;2;0
25;2025-12-28;3;0
25;2025-12-28;4;0
25;2025-12-28;5;2
25;2025-12-28;6;53
25;2025-12-28;7;106
25;2025-12-28;8;197
25;2025-12-28;9;228
25;2025-12-28;10;233
25;2025-12-28;11;296
25;2025-12-28;12;360
25;2025-12-28;13;470
25;2025-12-28;14;509
25;2025-12-28;15;605
25;2025-12-28;16;532
25;2025-12-28;17;492
25;2025-12-28;18;453
25;2025-12-28;19;371
25;2025-12-28;20;257
25;2025-12-28;21;212
25;2025-12-28;22;126
25;2025-12-28;23;43
25;2025-12-29;0;9
25;2025-12-29;1;0
25;2025-12-29;2;0
25;2025-12-29;3;0
25;2025-12-29;4;0
25;2025-12-29;5;4
25;2025-12-29;6;182
25;2025-12-29;7;562
25;2025-12-29;8;1001
25;2025-12-29;9;512
25;2025-12-29;10;352
25;2025-12-29;11;403
25;2025-12-29;12;399
25;2025-12-29;13;547
25;2025-12-29;14;443
25;2025-12-29;15;530
25;2025-12-29;16;710
25;2025-12-29;17;753
25;2025-12-29;18;873
25;2025-12-29;19;544
25;2025-12-29;20;320
25;2025-12-29;21;217
25;2025-12-29;22;108
25;2025-12-29;23;8
25;2025-12-30;0;0
25;2025-12-30;1;0
25;2025-12-30;2;0
25;2025-12-30;3;0
25;2025-12-30;4;0
25;2025-12-30;5;5
25;2025-12-30;6;182
25;2025-12-30;7;598
25;2025-12-30;8;988
25;2025-12-30;9;527
25;2025-12-30;10;398
25;2025-12-30;11;469
25;2025-12-30;12;422
25;2025-12-30;13;513
25;2025-12-30;14;474
25;2025-12-30;15;572
25;2025-12-30;16;724
25;2025-12-30;17;769
25;2025-12-30;18;817
25;2025-12-30;19;567
25;2025-12-30;20;351
25;2025-12-30;21;222
25;2025-12-30;22;121
25;2025-12-30;23;7
25;2025-12-31;0;14
25;2025-12-31;1;0
25;2025-12-31;2;0
25;2025-12-31;3;0
25;2025-12-31;4;0
25;2025-12-31;5;2
25;2025-12-31;6;50
25;2025-12-31;7;99
25;2025-12-31;8;185
25;2025-12-31;9;214
25;2025-12-31;10;218
25;2025-12-31;11;278
25;2025-12-31;12;338
25;2025-12-31;13;441
25;2025-12-31;14;478
25;2025-12-31;15;568
25;2025-12-31;16;499
25;2025-12-31;17;462
25;2025-12-31;18;425
25;2025-12-31;19;348
25;2025-12-31;20;242
25;2025-12-31;21;199
25;2025-12-31;22;118
25;2025-12-31;23;40
26;2025-11-01;0;36
26;2025-11-01;1;2
26;2025-11-01;2;0
26;2025-11-01;3;0
26;2025-11-01;4;1
26;2025-11-01;5;90
26;2025-11-01;6;550
26;2025-11-01;7;1157
26;2025-11-01;8;2223
26;2025-11-01;9;1518
26;2025-11-01;10;1328
26;2025-11-01;11;1163
26;2025-11-01;12;1221
26;2025-11-01;13;1291
26;2025-11-01;14;1356
26;2025-11-01;15;1508
26;2025-11-01;16;1781
26;2025-11-01;17;1862
26;2025-11-01;18;1549
26;2025-11-01;19;1179
26;2025-11-01;20;791
26;2025-11-01;21;515
26;2025-11-01;22;248
26;2025-11-01;23;174
26;2025-11-02;0;52
26;2025-11-02;1;4
26;2025-11-02;2;0
26;2025-11-02;3;0
26;2025-11-02;4;1
26;2025-11-02;5;29
26;2025-11-02;6;174
26;2025-11-02;7;272
26;2025-11-02;8;390
26;2025-11-02;9;532
26;2025-11-02;10;589
26;2025-11-02;11;796
26;2025-11-02;12;839
26;2025-11-02;13;899
26;2025-11-02;14;886
26;2025-11-02;15;822
26;2025-11-02;16;831
26;2025-11-02;17;822
26;2025-11-02;18;773
26;2025-11-02;19;605
26;2025-11-02;20;451
26;2025-11-02;21;309
26;2025-11-02;22;217
26;2025-11-02;23;116
26;2025-11-03;0;50
26;2025-11-03;1;4
26;2025-11-03;2;0
26;2025-11-03;3;0
26;2025-11-03;4;1
26;2025-11-03;5;28
26;2025-11-03;6;164
26;2025-11-03;7;256
26;2025-11-03;8;368
26;2025-11-03;9;501
26;2025-11-03;10;554
26;2025-11-03;11;750
26;2025-11-03;12;790
26;2025-11-03;13;846
26;2025-11-03;14;834
26;2025-11-03;15;775
26;2025-11-03;16;783
26;2025-11-03;17;774
26;2025-11-03;18;728
26;2025-11-03;19;570
26;2025-11-03;20;424
26;2025-11-03;21;291
26;2025-11-03;22;205
26;2025-11-03;23;109
26;2025-11-04;0;51
26;2025-11-04;1;4
26;2025-11-04;2;0
26;2025-11-04;3;0
26;2025-11-04;4;1
26;2025-11-04;5;29
26;2025-11-04;6;164
26;2025-11-04;7;256
26;2025-11-04;8;368
26;2025-11-04;9;501
26;2025-11-04;10;554
26;2025-11-04;11;750
26;2025-11-04;12;790
26;2025-11-04;13;846
26;2025-11-04;14;834
26;2025-11-04;15;775
26;2025-11-04;16;783
26;2025-11-04;17;774
26;2025-11-04;18;728
26;2025-11-04;19;570
26;2025-11-04;20;424
26;2025-11-04;21;291
26;2025-11-04;22;205
26;2025-11-04;23;109
26;2025-11-05;0;32
26;2025-11-05;1;1
26;2025-11-05;2;0
26;2025-11-05;3;0
26;2025-11-05;4;2
26;2025-11-05;5;91
26;2025-11-05;6;500
26;2025-11-05;7;1101
26;2025-11-05;8;2159
26;2025-11-05;9;1463
26;2025-11-05;10;1204
26;2025-11-05;11;1092
26;2025-11-05;12;1135
26;2025-11-05;13;1171
26;2025-11-05;14;1285
26;2025-11-05;15;1325
26;2025-11-05;16;1456
26;2025-11-05;17;1640
26;2025-11-05;18;1839
26;2025-11-05;19;1250
26;2025-11-05;20;778
26;2025-11-05;21;499
26;2025-11-05;22;236
26;2025-11-05;23;129
26;2025-11-06;0;38
26;2025-11-06;1;1
26;2025-11-06;2;0
26;2025-11-06;3;0
26;2025-11-06;4;1
26;2025-11-06;5;87
26;2025-11-06;6;496
26;2025-11-06;7;1087
26;2025-11-06;8;2153
26;2025-11-06;9;1492
26;2025-11-06;10;1182
26;2025-11-06;11;1130
26;2025-11-06;12;1136
26;2025-11-06;13;1169
26;2025-11-06;14;1232
26;2025-11-06;15;1338
26;2025-11-06;16;1500
26;2025-11-06;17;1681
26;2025-11-06;18;1918
26;2025-11-06;19;1280
26;2025-11-06;20;769
26;2025-11-06;21;476
26;2025-11-06;22;246
26;2025-11-06;23;131
26;2025-11-07;0;35
26;2025-11-07;1;2
26;2025-11-07;2;0
26;2025-11-07;3;0
26;2025-11-07;4;1
26;2025-11-07;5;89
26;2025-11-07;6;512
26;2025-11-07;7;1078
26;2025-11-07;8;2071
26;2025-11-07;9;1414
26;2025-11-07;10;1237
26;2025-11-07;11;1083
26;2025-11-07;12;1138
26;2025-11-07;13;1203
26;2025-11-07;14;1263
26;2025-11-07;15;1405
26;2025-11-07;16;1659
26;2025-11-07;17;1735
26;2025-11-07;18;1443
26;2025-11-07;19;1099
26;2025-11-07;20;737
26;2025-11-07;21;480
26;2025-11-07;22;231
26;2025-11-07;23;162
26;2025-11-08;0;46
26;2025-11-08;1;2
26;2025-11-08;2;0
26;2025-11-08;3;0
26;2025-11-08;4;2
26;2025-11-08;5;49
26;2025-11-08;6;266
26;2025-11-08;7;378
26;2025-11-08;8;596
26;2025-11-08;9;696
26;2025-11-08;10;824
26;2025-11-08;11;1004
26;2025-11-08;12;1048
26;2025-11-08;13;1048
26;2025-11-08;14;1042
26;2025-11-08;15;994
26;2025-11-08;16;994
26;2025-11-08;17;932
26;2025-11-08;18;888
26;2025-11-08;19;820
26;2025-11-08;20;557
26;2025-11-08;21;372
26;2025-11-08;22;227
26;2025-11-08;23;147
26;2025-11-09;0;52
26;2025-11-09;1;4
26;2025-11-09;2;0
26;2025-11-09;3;0
26;2025-11-09;4;1
26;2025-11-09;5;29
26;2025-11-09;6;174
26;2025-11-09;7;272
26;2025-11-09;8;390
26;2025-11-09;9;532
26;2025-11-09;10;589
26;2025-11-09;11;796
26;2025-11-09;12;839
26;2025-11-09;13;899
26;2025-11-09;14;886
26;2025-11-09;15;822
26;2025-11-09;16;831
26;2025-11-09;17;822
26;2025-11-09;18;773
26;2025-11-09;19;605
26;2025-11-09;20;451
26;2025-11-09;21;309
26;2025-11-09;22;217
26;2025-11-09;23;116
26;2025-11-10;0;27
26;2025-11-10;1;2
26;2025-11-10;2;0
26;2025-11-10;3;0
26;2025-11-10;4;2
26;2025-11-10;5;89
26;2025-11-10;6;515
26;2025-11-10;7;1095
26;2025-11-10;8;2091
26;2025-11-10;9;1443
26;2025-11-10;10;1184
26;2025-11-10;11;1042
26;2025-11-10;12;1067
26;2025-11-10;13;1163
26;2025-11-10;14;1183
26;2025-11-10;15;1288
26;2025-11-10;16;1467
26;2025-11-10;17;1667
26;2025-11-10;18;1870
26;2025-11-10;19;1233
26;2025-11-10;20;770
26;2025-11-10;21;441
26;2025-11-10;22;217
26;2025-11-10;23;105
26;2025-11-11;0;31
26;2025-11-11;1;1
26;2025-11-11;2;0
26;2025-11-11;3;0
26;2025-11-11;4;2
26;2025-11-11;5;86
26;2025-11-11;6;511
26;2025-11-11;7;1107
26;2025-11-11;8;2219
26;2025-11-11;9;1466
26;2025-11-11;10;1202
26;2025-11-11;11;1112
26;2025-11-11;12;1135
26;2025-11-11;13;1155
26;2025-11-11;14;1188
26;2025-11-11;15;1304
26;2025-11-11;16;1470
26;2025-11-11;17;1749
26;2025-11-11;18;1889
26;2025-11-11;19;1338
26;2025-11-11;20;785
26;2025-11-11;21;475
26;2025-11-11;22;226
26;2025-11-11;23;115
26;2025-11-12;0;32
26;2025-11-12;1;1
26;2025-11-12;2;0
26;2025-11-12;3;0
26;2025-11-12;4;2
26;2025-11-12;5;91
26;2025-11-12;6;500
26;2025-11-12;7;1101
26;2025-11-12;8;2159
26;2025-11-12;9;1463
26;2025-11-12;10;1204
26;2025-11-12;11;1092
26;2025-11-12;12;1135
26;2025-11-12;13;1171
26;2025-11-12;14;1285
26;2025-11-12;15;1325
26;2025-11-12;16;1456
26;2025-11-12;17;1640
26;2025-11-12;18;1839
26;2025-11-12;19;1250
26;2025-11-12;20;778
26;2025-11-12;21;499
26;2025-11-12;22;236
26;2025-11-12;23;129
26;2025-11-13;0;38
26;2025-11-13;1;1
26;2025-11-13;2;0
26;2025-11-13;3;0
26;2025-11-13;4;1
26;2025-11-13;5;87
26;2025-11-13;6;496
26;2025-11-13;7;1087
26;2025-11-13;8;2153
26;2025-11-13;9;1492
26;2025-11-13;10;1182
26;2025-11-13;11;1130
26;2025-11-13;12;1136
26;2025-11-13;13;1169
26;2025-11-13;14;1232
26;2025-11-13;15;1338
26;2025-11-13;16;1500
26;2025-11-13;17;1681
26;2025-11-13;18;1918
26;2025-11-13;19;1280
26;2025-11-13;20;769
26;2025-11-13;21;476
26;2025-11-13;22;246
26;2025-11-13;23;131
26;2025-11-14;0;35
26;2025-11-14;1;2
26;2025-11-14;2;0
26;2025-11-14;3;0
26;2025-11-14;4;1
26;2025-11-14;5;89
26;2025-11-14;6;512
26;2025-11-14;7;1078
26;2025-11-14;8;2071
26;2025-11-14;9;1414
26;2025-11-14;10;1237
26;2025-11-14;11;1083
26;2025-11-14;12;1138
26;2025-11-14;13;1203
26;2025-11-14;14;1263
26;2025-11-14;15;1405
26;2025-11-14;16;1659
26;2025-11-14;17;1735
26;2025-11-14;18;1443
26;2025-11-14;19;1099
26;2025-11-14;20;737
26;2025-11-14;21;480
26;2025-11-14;22;231
26;2025-11-14;23;162
26;2025-11-15;0;46
26;2025-11-15;1;2
26;2025-11-15;2;0
26;2025-11-15;3;0
26;2025-11-15;4;2
26;2025-11-15;5;49
26;2025-11-15;6;266
26;2025-11-15;7;378
26;2025-11-15;8;596
26;2025-11-15;9;696
26;2025-11-15;10;824
26;2025-11-15;11;1004
26;2025-11-15;12;1048
26;2025-11-15;13;1048
26;2025-11-15;14;1042
26;2025-11-15;15;994
26;2025-11-15;16;994
26;2025-11-15;17;932
26;2025-11-15;18;888
26;2025-11-15;19;820
26;2025-11-15;20;557
26;2025-11-15;21;372
26;2025-11-15;22;227
26;2025-11-15;23;147
26;2025-11-16;0;52
26;2025-11-16;1;4
26;2025-11-16;2;0
26;2025-11-16;3;0
26;2025-11-16;4;1
26;2025-11-16;5;29
26;2025-11-16;6;174
26;2025-11-16;7;272
26;2025-11-16;8;390
26;2025-11-16;9;532
26;2025-11-16;10;589
26;2025-11-16;11;796
26;2025-11-16;12;839
26;2025-11-16;13;899
26;2025-11-16;14;886
26;2025-11-16;15;822
26;2025-11-16;16;831
26;2025-11-16;17;822
26;2025-11-16;18;773
26;2025-11-16;19;605
26;2025-11-16;20;451
26;2025-11-16;21;309
26;2025-11-16;22;217
26;2025-11-16;23;116
26;2025-11-17;0;27
26;2025-11-17;1;2
26;2025-11-17;2;0
26;2025-11-17;3;0
26;2025-11-17;4;2
26;2025-11-17;5;89
26;2025-11-17;6;515
26;2025-11-17;7;1095
26;2025-11-17;8;2091
26;2025-11-17;9;1443
26;2025-11-17;10;1184
26;2025-11-17;11;1042
26;2025-11-17;12;1067
26;2025-11-17;13;1163
26;2025-11-17;14;1183
26;2025-11-17;15;1288
26;2025-11-17;16;1467
26;2025-11-17;17;1667
26;2025-11-17;18;1870
26;2025-11-17;19;1233
26;2025-11-17;20;770
26;2025-11-17;21;441
26;2025-11-17;22;217
26;2025-11-17;23;105
26;2025-11-18;0;31
26;2025-11-18;1;1
26;2025-11-18;2;0
26;2025-11-18;3;0
26;2025-11-18;4;2
26;2025-11-18;5;86
26;2025-11-18;6;511
26;2025-11-18;7;1107
26;2025-11-18;8;2219
26;2025-11-18;9;1466
26;2025-11-18;10;1202
26;2025-11-18;11;1112
26;2025-11-18;12;1135
26;2025-11-18;13;1155
26;2025-11-18;14;1188
26;2025-11-18;15;1304
26;2025-11-18;16;1470
26;2025-11-18;17;1749
26;2025-11-18;18;1889
26;2025-11-18;19;1338
26;2025-11-18;20;785
26;2025-11-18;21;475
26;2025-11-18;22;226
26;2025-11-18;23;115
26;2025-11-19;0;32
26;2025-11-19;1;1
26;2025-11-19;2;0
26;2025-11-19;3;0
26;2025-11-19;4;2
26;2025-11-19;5;91
26;2025-11-19;6;500
26;2025-11-19;7;1101
26;2025-11-19;8;2159
26;2025-11-19;9;1463
26;2025-11-19;10;1204
26;2025-11-19;11;1092
26;2025-11-19;12;1135
26;2025-11-19;13;1171
26;2025-11-19;14;1285
26;2025-11-19;15;1325
26;2025-11-19;16;1456
26;2025-11-19;17;1640
26;2025-11-19;18;1839
26;2025-11-19;19;1250
26;2025-11-19;20;778
26;2025-11-19;21;499
26;2025-11-19;22;236
26;2025-11-19;23;129
26;2025-11-20;0;38
26;2025-11-20;1;1
26;2025-11-20;2;0
26;2025-11-20;3;0
26;2025-11-20;4;1
26;2025-11-20;5;87
26;2025-11-20;6;496
26;2025-11-20;7;1087
26;2025-11-20;8;2153
26;2025-11-20;9;1492
26;2025-11-20;10;1182
26;2025-11-20;11;1130
26;2025-11-20;12;1136
26;2025-11-20;13;1169
26;2025-11-20;14;1232
26;2025-11-20;15;1338
26;2025-11-20;16;1500
26;2025-11-20;17;1681
26;2025-11-20;18;1918
26;2025-11-20;19;1280
26;2025-11-20;20;769
26;2025-11-20;21;476
26;2025-11-20;22;246
26;2025-11-20;23;131
26;2025-11-21;0;35
26;2025-11-21;1;2
26;2025-11-21;2;0
26;2025-11-21;3;0
26;2025-11-21;4;1
26;2025-11-21;5;89
26;2025-11-21;6;512
26;2025-11-21;7;1078
26;2025-11-21;8;2071
26;2025-11-21;9;1414
26;2025-11-21;10;1237
26;2025-11-21;11;1083
26;2025-11-21;12;1138
26;2025-11-21;13;1203
26;2025-11-21;14;1263
26;2025-11-21;15;1405
26;2025-11-21;16;1659
26;2025-11-21;17;1735
26;2025-11-21;18;1443
26;2025-11-21;19;1099
26;2025-11-21;20;737
26;2025-11-21;21;480
26;2025-11-21;22;231
26;2025-11-21;23;162
26;2025-11-22;0;46
26;2025-11-22;1;2
26;2025-11-22;2;0
26;2025-11-22;3;0
26;2025-11-22;4;2
26;2025-11-22;5;49
26;2025-11-22;6;266
26;2025-11-22;7;378
26;2025-11-22;8;596
26;2025-11-22;9;696
26;2025-11-22;10;824
26;2025-11-22;11;1004
26;2025-11-22;12;1048
26;2025-11-22;13;1048
26;2025-11-22;14;1042
26;2025-11-22;15;994
26;2025-11-22;16;994
26;2025-11-22;17;932
26;2025-11-22;18;888
26;2025-11-22;19;820
26;2025-11-22;20;557
26;2025-11-22;21;372
26;2025-11-22;22;227
26;2025-11-22;23;147
26;2025-11-23;0;52
26;2025-11-23;1;4
26;2025-11-23;2;0
26;2025-11-23;3;0
26;2025-11-23;4;1
26;2025-11-23;5;29
26;2025-11-23;6;174
26;2025-11-23;7;272
26;2025-11-23;8;390
26;2025-11-23;9;532
26;2025-11-23;10;589
26;2025-11-23;11;796
26;2025-11-23;12;839
26;2025-11-23;13;899
26;2025-11-23;14;886
26;2025-11-23;15;822
26;2025-11-23;16;831
26;2025-11-23;17;822
26;2025-11-23;18;773
26;2025-11-23;19;605
26;2025-11-23;20;451
26;2025-11-23;21;309
26;2025-11-23;22;217
26;2025-11-23;23;116
26;2025-11-24;0;27
26;2025-11-24;1;2
26;2025-11-24;2;0
26;2025-11-24;3;0
26;2025-11-24;4;2
26;2025-11-24;5;89
26;2025-11-24;6;515
26;2025-11-24;7;1095
26;2025-11-24;8;2091
26;2025-11-24;9;1443
26;2025-11-24;10;1184
26;2025-11-24;11;1042
26;2025-11-24;12;1067
26;2025-11-24;13;1163
26;2025-11-24;14;1183
26;2025-11-24;15;1288
26;2025-11-24;16;1467
26;2025-11-24;17;1667
26;2025-11-24;18;1870
26;2025-11-24;19;1233
26;2025-11-24;20;770
26;2025-11-24;21;441
26;2025-11-24;22;217
26;2025-11-24;23;105
26;2025-11-25;0;31
26;2025-11-25;1;1
26;2025-11-25;2;0
26;2025-11-25;3;0
26;2025-11-25;4;2
26;2025-11-25;5;86
26;2025-11-25;6;511
26;2025-11-25;7;1107
26;2025-11-25;8;2219
26;2025-11-25;9;1466
26;2025-11-25;10;1202
26;2025-11-25;11;1112
26;2025-11-25;12;1135
26;2025-11-25;13;1155
26;2025-11-25;14;1188
26;2025-11-25;15;1304
26;2025-11-25;16;1470
26;2025-11-25;17;1749
26;2025-11-25;18;1889
26;2025-11-25;19;1338
26;2025-11-25;20;785
26;2025-11-25;21;475
26;2025-11-25;22;226
26;2025-11-25;23;115
26;2025-11-26;0;32
26;2025-11-26;1;1
26;2025-11-26;2;0
26;2025-11-26;3;0
26;2025-11-26;4;2
26;2025-11-26;5;91
26;2025-11-26;6;500
26;2025-11-26;7;1101
26;2025-11-26;8;2159
26;2025-11-26;9;1463
26;2025-11-26;10;1204
26;2025-11-26;11;1092
26;2025-11-26;12;1135
26;2025-11-26;13;1171
26;2025-11-26;14;1285
26;2025-11-26;15;1325
26;2025-11-26;16;1456
26;2025-11-26;17;1640
26;2025-11-26;18;1839
26;2025-11-26;19;1250
26;2025-11-26;20;778
26;2025-11-26;21;499
26;2025-11-26;22;236
26;2025-11-26;23;129
26;2025-11-27;0;38
26;2025-11-27;1;1
26;2025-11-27;2;0
26;2025-11-27;3;0
26;2025-11-27;4;1
26;2025-11-27;5;87
26;2025-11-27;6;496
26;2025-11-27;7;1087
26;2025-11-27;8;2153
26;2025-11-27;9;1492
26;2025-11-27;10;1182
26;2025-11-27;11;1130
26;2025-11-27;12;1136
26;2025-11-27;13;1169
26;2025-11-27;14;1232
26;2025-11-27;15;1338
26;2025-11-27;16;1500
26;2025-11-27;17;1681
26;2025-11-27;18;1918
26;2025-11-27;19;1280
26;2025-11-27;20;769
26;2025-11-27;21;476
26;2025-11-27;22;246
26;2025-11-27;23;131
26;2025-11-28;0;35
26;2025-11-28;1;2
26;2025-11-28;2;0
26;2025-11-28;3;0
26;2025-11-28;4;1
26;2025-11-28;5;89
26;2025-11-28;6;512
26;2025-11-28;7;1078
26;2025-11-28;8;2071
26;2025-11-28;9;1414
26;2025-11-28;10;1237
26;2025-11-28;11;1083
26;2025-11-28;12;1138
26;2025-11-28;13;1203
26;2025-11-28;14;1263
26;2025-11-28;15;1405
26;2025-11-28;16;1659
26;2025-11-28;17;1735
26;2025-11-28;18;1443
26;2025-11-28;19;1099
26;2025-11-28;20;737
26;2025-11-28;21;480
26;2025-11-28;22;231
26;2025-11-28;23;162
26;2025-11-29;0;46
26;2025-11-29;1;2
26;2025-11-29;2;0
26;2025-11-29;3;0
26;2025-11-29;4;2
26;2025-11-29;5;49
26;2025-11-29;6;266
26;2025-11-29;7;378
26;2025-11-29;8;596
26;2025-11-29;9;696
26;2025-11-29;10;824
26;2025-11-29;11;1004
26;2025-11-29;12;1048
26;2025-11-29;13;1048
26;2025-11-29;14;1042
26;2025-11-29;15;994
26;2025-11-29;16;994
26;2025-11-29;17;932
26;2025-11-29;18;888
26;2025-11-29;19;820
26;2025-11-29;20;557
26;2025-11-29;21;372
26;2025-11-29;22;227
26;2025-11-29;23;147
26;2025-11-30;0;52
26;2025-11-30;1;4
26;2025-11-30;2;0
26;2025-11-30;3;0
26;2025-11-30;4;1
26;2025-11-30;5;29
26;2025-11-30;6;174
26;2025-11-30;7;272
26;2025-11-30;8;390
26;2025-11-30;9;532
26;2025-11-30;10;589
26;2025-11-30;11;796
26;2025-11-30;12;839
26;2025-11-30;13;899
26;2025-11-30;14;886
26;2025-11-30;15;822
26;2025-11-30;16;831
26;2025-11-30;17;822
26;2025-11-30;18;773
26;2025-11-30;19;605
26;2025-11-30;20;451
26;2025-11-30;21;309
26;2025-11-30;22;217
26;2025-11-30;23;116
26;2025-12-01;0;27
26;2025-12-01;1;2
26;2025-12-01;2;0
26;2025-12-01;3;0
26;2025-12-01;4;2
26;2025-12-01;5;89
26;2025-12-01;6;515
26;2025-12-01;7;1095
26;2025-12-01;8;2091
26;2025-12-01;9;1443
26;2025-12-01;10;1184
26;2025-12-01;11;1042
26;2025-12-01;12;1067
26;2025-12-01;13;1163
26;2025-12-01;14;1183
26;2025-12-01;15;1288
26;2025-12-01;16;1467
26;2025-12-01;17;1667
26;2025-12-01;18;1870
26;2025-12-01;19;1233
26;2025-12-01;20;770
26;2025-12-01;21;441
26;2025-12-01;22;217
26;2025-12-01;23;105
26;2025-12-02;0;31
26;2025-12-02;1;1
26;2025-12-02;2;0
26;2025-12-02;3;0
26;2025-12-02;4;2
26;2025-12-02;5;86
26;2025-12-02;6;511
26;2025-12-02;7;1107
26;2025-12-02;8;2219
26;2025-12-02;9;1466
26;2025-12-02;10;1202
26;2025-12-02;11;1112
26;2025-12-02;12;1135
26;2025-12-02;13;1155
26;2025-12-02;14;1188
26;2025-12-02;15;1304
26;2025-12-02;16;1470
26;2025-12-02;17;1749
26;2025-12-02;18;1889
26;2025-12-02;19;1338
26;2025-12-02;20;785
26;2025-12-02;21;475
26;2025-12-02;22;226
26;2025-12-02;23;115
26;2025-12-03;0;32
26;2025-12-03;1;1
26;2025-12-03;2;0
26;2025-12-03;3;0
26;2025-12-03;4;2
26;2025-12-03;5;91
26;2025-12-03;6;500
26;2025-12-03;7;1101
26;2025-12-03;8;2159
26;2025-12-03;9;1463
26;2025-12-03;10;1204
26;2025-12-03;11;1092
26;2025-12-03;12;1135
26;2025-12-03;13;1171
26;2025-12-03;14;1285
26;2025-12-03;15;1325
26;2025-12-03;16;1456
26;2025-12-03;17;1640
26;2025-12-03;18;1839
26;2025-12-03;19;1250
26;2025-12-03;20;778
26;2025-12-03;21;499
26;2025-12-03;22;236
26;2025-12-03;23;129
26;2025-12-04;0;38
26;2025-12-04;1;1
26;2025-12-04;2;0
26;2025-12-04;3;0
26;2025-12-04;4;1
26;2025-12-04;5;87
26;2025-12-04;6;496
26;2025-12-04;7;1087
26;2025-12-04;8;2153
26;2025-12-04;9;1492
26;2025-12-04;10;1182
26;2025-12-04;11;1130
26;2025-12-04;12;1136
26;2025-12-04;13;1169
26;2025-12-04;14;1232
26;2025-12-04;15;1338
26;2025-12-04;16;1500
26;2025-12-04;17;1681
26;2025-12-04;18;1918
26;2025-12-04;19;1280
26;2025-12-04;20;769
26;2025-12-04;21;476
26;2025-12-04;22;246
26;2025-12-04;23;131
26;2025-12-05;0;35
26;2025-12-05;1;2
26;2025-12-05;2;0
26;2025-12-05;3;0
26;2025-12-05;4;1
26;2025-12-05;5;89
26;2025-12-05;6;512
26;2025-12-05;7;1078
26;2025-12-05;8;2071
26;2025-12-05;9;1414
26;2025-12-05;10;1237
26;2025-12-05;11;1083
26;2025-12-05;12;1138
26;2025-12-05;13;1203
26;2025-12-05;14;1263
26;2025-12-05;15;1405
26;2025-12-05;16;1659
26;2025-12-05;17;1735
26;2025-12-05;18;1443
26;2025-12-05;19;1099
26;2025-12-05;20;737
26;2025-12-05;21;480
26;2025-12-05;22;231
26;2025-12-05;23;162
26;2025-12-06;0;46
26;2025-12-06;1;2
26;2025-12-06;2;0
26;2025-12-06;3;0
26;2025-12-06;4;2
26;2025-12-06;5;49
26;2025-12-06;6;266
26;2025-12-06;7;378
26;2025-12-06;8;596
26;2025-12-06;9;696
26;2025-12-06;10;824
26;2025-12-06;11;1004
26;2025-12-06;12;1048
26;2025-12-06;13;1048
26;2025-12-06;14;1042
26;2025-12-06;15;994
26;2025-12-06;16;994
26;2025-12-06;17;932
26;2025-12-06;18;888
26;2025-12-06;19;820
26;2025-12-06;20;557
26;2025-12-06;21;372
26;2025-12-06;22;227
26;2025-12-06;23;147
26;2025-12-07;0;52
26;2025-12-07;1;4
26;2025-12-07;2;0
26;2025-12-07;3;0
26;2025-12-07;4;1
26;2025-12-07;5;29
26;2025-12-07;6;174
26;2025-12-07;7;272
26;2025-12-07;8;390
26;2025-12-07;9;532
26;2025-12-07;10;589
26;2025-12-07;11;796
26;2025-12-07;12;839
26;2025-12-07;13;899
26;2025-12-07;14;886
26;2025-12-07;15;822
26;2025-12-07;16;831
26;2025-12-07;17;822
26;2025-12-07;18;773
26;2025-12-07;19;605
26;2025-12-07;20;451
26;2025-12-07;21;309
26;2025-12-07;22;217
26;2025-12-07;23;116
26;2025-12-08;0;27
26;2025-12-08;1;2
26;2025-12-08;2;0
26;2025-12-08;3;0
26;2025-12-08;4;2
26;2025-12-08;5;89
26;2025-12-08;6;515
26;2025-12-08;7;1095
26;2025-12-08;8;2091
26;2025-12-08;9;1443
26;2025-12-08;10;1184
26;2025-12-08;11;1042
26;2025-12-08;12;1067
26;2025-12-08;13;1163
26;2025-12-08;14;1183
26;2025-12-08;15;1288
26;2025-12-08;16;1467
26;2025-12-08;17;1667
26;2025-12-08;18;1870
26;2025-12-08;19;1233
26;2025-12-08;20;770
26;2025-12-08;21;441
26;2025-12-08;22;217
26;2025-12-08;23;105
26;2025-12-09;0;31
26;2025-12-09;1;1
26;2025-12-09;2;0
26;2025-12-09;3;0
26;2025-12-09;4;2
26;2025-12-09;5;86
26;2025-12-09;6;511
26;2025-12-09;7;1107
26;2025-12-09;8;2219
26;2025-12-09;9;1466
26;2025-12-09;10;1202
26;2025-12-09;11;1112
26;2025-12-09;12;1135
26;2025-12-09;13;1155
26;2025-12-09;14;1188
26;2025-12-09;15;1304
26;2025-12-09;16;1470
26;2025-12-09;17;1749
26;2025-12-09;18;1889
26;2025-12-09;19;1338
26;2025-12-09;20;785
26;2025-12-09;21;475
26;2025-12-09;22;226
26;2025-12-09;23;115
26;2025-12-10;0;32
26;2025-12-10;1;1
26;2025-12-10;2;0
26;2025-12-10;3;0
26;2025-12-10;4;2
26;2025-12-10;5;91
26;2025-12-10;6;500
26;2025-12-10;7;1101
26;2025-12-10;8;2159
26;2025-12-10;9;1463
26;2025-12-10;10;1204
26;2025-12-10;11;1092
26;2025-12-10;12;1135
26;2025-12-10;13;1171
26;2025-12-10;14;1285
26;2025-12-10;15;1325
26;2025-12-10;16;1456
26;2025-12-10;17;1640
26;2025-12-10;18;1839
26;2025-12-10;19;1250
26;2025-12-10;20;778
26;2025-12-10;21;499
26;2025-12-10;22;236
26;2025-12-10;23;129
26;2025-12-11;0;38
26;2025-12-11;1;1
26;2025-12-11;2;0
26;2025-12-11;3;0
26;2025-12-11;4;1
26;2025-12-11;5;87
26;2025-12-11;6;496
26;2025-12-11;7;1087
26;2025-12-11;8;2153
26;2025-12-11;9;1492
26;2025-12-11;10;1182
26;2025-12-11;11;1130
26;2025-12-11;12;1136
26;2025-12-11;13;1169
26;2025-12-11;14;1232
26;2025-12-11;15;1338
26;2025-12-11;16;1500
26;2025-12-11;17;1681
26;2025-12-11;18;1918
26;2025-12-11;19;1280
26;2025-12-11;20;769
26;2025-12-11;21;476
26;2025-12-11;22;246
26;2025-12-11;23;131
26;2025-12-12;0;35
26;2025-12-12;1;2
26;2025-12-12;2;0
26;2025-12-12;3;0
26;2025-12-12;4;1
26;2025-12-12;5;89
26;2025-12-12;6;512
26;2025-12-12;7;1078
26;2025-12-12;8;2071
26;2025-12-12;9;1414
26;2025-12-12;10;1237
26;2025-12-12;11;1083
26;2025-12-12;12;1138
26;2025-12-12;13;1203
26;2025-12-12;14;1263
26;2025-12-12;15;1405
26;2025-12-12;16;1659
26;2025-12-12;17;1735
26;2025-12-12;18;1443
26;2025-12-12;19;1099
26;2025-12-12;20;737
26;2025-12-12;21;480
26;2025-12-12;22;231
26;2025-12-12;23;162
26;2025-12-13;0;46
26;2025-12-13;1;2
26;2025-12-13;2;0
26;2025-12-13;3;0
26;2025-12-13;4;2
26;2025-12-13;5;49
26;2025-12-13;6;266
26;2025-12-13;7;378
26;2025-12-13;8;596
26;2025-12-13;9;696
26;2025-12-13;10;824
26;2025-12-13;11;1004
26;2025-12-13;12;1048
26;2025-12-13;13;1048
26;2025-12-13;14;1042
26;2025-12-13;15;994
26;2025-12-13;16;994
26;2025-12-13;17;932
26;2025-12-13;18;888
26;2025-12-13;19;820
26;2025-12-13;20;557
26;2025-12-13;21;372
26;2025-12-13;22;227
26;2025-12-13;23;147
26;2025-12-14;0;52
26;2025-12-14;1;4
26;2025-12-14;2;0
26;2025-12-14;3;0
26;2025-12-14;4;1
26;2025-12-14;5;29
26;2025-12-14;6;174
26;2025-12-14;7;272
26;2025-12-14;8;390
26;2025-12-14;9;532
26;2025-12-14;10;589
26;2025-12-14;11;796
26;2025-12-14;12;839
26;2025-12-14;13;899
26;2025-12-14;14;886
26;2025-12-14;15;822
26;2025-12-14;16;831
26;2025-12-14;17;822
26;2025-12-14;18;773
26;2025-12-14;19;605
26;2025-12-14;20;451
26;2025-12-14;21;309
26;2025-12-14;22;217
26;2025-12-14;23;116
26;2025-12-15;0;27
26;2025-12-15;1;2
26;2025-12-15;2;0
26;2025-12-15;3;0
26;2025-12-15;4;2
26;2025-12-15;5;89
26;2025-12-15;6;515
26;2025-12-15;7;1095
26;2025-12-15;8;2091
26;2025-12-15;9;1443
26;2025-12-15;10;1184
26;2025-12-15;11;1042
26;2025-12-15;12;1067
26;2025-12-15;13;1163
26;2025-12-15;14;1183
26;2025-12-15;15;1288
26;2025-12-15;16;1467
26;2025-12-15;17;1667
26;2025-12-15;18;1870
26;2025-12-15;19;1233
26;2025-12-15;20;770
26;2025-12-15;21;441
26;2025-12-15;22;217
26;2025-12-15;23;105
26;2025-12-16;0;31
26;2025-12-16;1;1
26;2025-12-16;2;0
26;2025-12-16;3;0
26;2025-12-16;4;2
26;2025-12-16;5;86
26;2025-12-16;6;511
26;2025-12-16;7;1107
26;2025-12-16;8;2219
26;2025-12-16;9;1466
26;2025-12-16;10;1202
26;2025-12-16;11;1112
26;2025-12-16;12;1135
26;2025-12-16;13;1155
26;2025-12-16;14;1188
26;2025-12-16;15;1304
26;2025-12-16;16;1470
26;2025-12-16;17;1749
26;2025-12-16;18;1889
26;2025-12-16;19;1338
26;2025-12-16;20;785
26;2025-12-16;21;475
26;2025-12-16;22;226
26;2025-12-16;23;115
26;2025-12-17;0;32
26;2025-12-17;1;1
26;2025-12-17;2;0
26;2025-12-17;3;0
26;2025-12-17;4;2
26;2025-12-17;5;91
26;2025-12-17;6;500
26;2025-12-17;7;1101
26;2025-12-17;8;2159
26;2025-12-17;9;1463
26;2025-12-17;10;1204
26;2025-12-17;11;1092
26;2025-12-17;12;1135
26;2025-12-17;13;1171
26;2025-12-17;14;1285
26;2025-12-17;15;1325
26;2025-12-17;16;1456
26;2025-12-17;17;1640
26;2025-12-17;18;1839
26;2025-12-17;19;1250
26;2025-12-17;20;778
26;2025-12-17;21;499
26;2025-12-17;22;236
26;2025-12-17;23;129
26;2025-12-18;0;38
26;2025-12-18;1;1
26;2025-12-18;2;0
26;2025-12-18;3;0
26;2025-12-18;4;1
26;2025-12-18;5;87
26;2025-12-18;6;496
26;2025-12-18;7;1087
26;2025-12-18;8;2153
26;2025-12-18;9;1492
26;2025-12-18;10;1182
26;2025-12-18;11;1130
26;2025-12-18;12;1136
26;2025-12-18;13;1169
26;2025-12-18;14;1232
26;2025-12-18;15;1338
26;2025-12-18;16;1500
26;2025-12-18;17;1681
26;2025-12-18;18;1918
26;2025-12-18;19;1280
26;2025-12-18;20;769
26;2025-12-18;21;476
26;2025-12-18;22;246
26;2025-12-18;23;131
26;2025-12-19;0;35
26;2025-12-19;1;2
26;2025-12-19;2;0
26;2025-12-19;3;0
26;2025-12-19;4;1
26;2025-12-19;5;89
26;2025-12-19;6;512
26;2025-12-19;7;1078
26;2025-12-19;8;2071
26;2025-12-19;9;1414
26;2025-12-19;10;1237
26;2025-12-19;11;1083
26;2025-12-19;12;1138
26;2025-12-19;13;1203
26;2025-12-19;14;1263
26;2025-12-19;15;1405
26;2025-12-19;16;1659
26;2025-12-19;17;1735
26;2025-12-19;18;1443
26;2025-12-19;19;1099
26;2025-12-19;20;737
26;2025-12-19;21;480
26;2025-12-19;22;231
26;2025-12-19;23;162
26;2025-12-20;0;46
26;2025-12-20;1;2
26;2025-12-20;2;0
26;2025-12-20;3;0
26;2025-12-20;4;2
26;2025-12-20;5;49
26;2025-12-20;6;266
26;2025-12-20;7;378
26;2025-12-20;8;596
26;2025-12-20;9;696
26;2025-12-20;10;824
26;2025-12-20;11;1004
26;2025-12-20;12;1048
26;2025-12-20;13;1048
26;2025-12-20;14;1042
26;2025-12-20;15;994
26;2025-12-20;16;994
26;2025-12-20;17;932
26;2025-12-20;18;888
26;2025-12-20;19;820
26;2025-12-20;20;557
26;2025-12-20;21;372
26;2025-12-20;22;227
26;2025-12-20;23;147
26;2025-12-21;0;52
26;2025-12-21;1;4
26;2025-12-21;2;0
26;2025-12-21;3;0
26;2025-12-21;4;1
26;2025-12-21;5;29
26;2025-12-21;6;174
26;2025-12-21;7;272
26;2025-12-21;8;390
26;2025-12-21;9;532
26;2025-12-21;10;589
26;2025-12-21;11;796
26;2025-12-21;12;839
26;2025-12-21;13;899
26;2025-12-21;14;886
26;2025-12-21;15;822
26;2025-12-21;16;831
26;2025-12-21;17;822
26;2025-12-21;18;773
26;2025-12-21;19;605
26;2025-12-21;20;451
26;2025-12-21;21;309
26;2025-12-21;22;217
26;2025-12-21;23;116
26;2025-12-22;0;27
26;2025-12-22;1;2
26;2025-12-22;2;0
26;2025-12-22;3;0
26;2025-12-22;4;2
26;2025-12-22;5;89
26;2025-12-22;6;515
26;2025-12-22;7;1095
26;2025-12-22;8;2091
26;2025-12-22;9;1443
26;2025-12-22;10;1184
26;2025-12-22;11;1042
26;2025-12-22;12;1067
26;2025-12-22;13;1163
26;2025-12-22;14;1183
26;2025-12-22;15;1288
26;2025-12-22;16;1467
26;2025-12-22;17;1667
26;2025-12-22;18;1870
26;2025-12-22;19;1233
26;2025-12-22;20;770
26;2025-12-22;21;441
26;2025-12-22;22;217
26;2025-12-22;23;105
26;2025-12-23;0;31
26;2025-12-23;1;1
26;2025-12-23;2;0
26;2025-12-23;3;0
26;2025-12-23;4;2
26;2025-12-23;5;86
26;2025-12-23;6;511
26;2025-12-23;7;1107
26;2025-12-23;8;2219
26;2025-12-23;9;1466
26;2025-12-23;10;1202
26;2025-12-23;11;1112
26;2025-12-23;12;1135
26;2025-12-23;13;1155
26;2025-12-23;14;1188
26;2025-12-23;15;1304
26;2025-12-23;16;1470
26;2025-12-23;17;1749
26;2025-12-23;18;1889
26;2025-12-23;19;1338
26;2025-12-23;20;785
26;2025-12-23;21;475
26;2025-12-23;22;226
26;2025-12-23;23;115
26;2025-12-24;0;32
26;2025-12-24;1;1
26;2025-12-24;2;0
26;2025-12-24;3;0
26;2025-12-24;4;2
26;2025-12-24;5;91
26;2025-12-24;6;500
26;2025-12-24;7;1101
26;2025-12-24;8;2159
26;2025-12-24;9;1463
26;2025-12-24;10;1204
26;2025-12-24;11;1092
26;2025-12-24;12;1135
26;2025-12-24;13;1171
26;2025-12-24;14;1285
26;2025-12-24;15;1325
26;2025-12-24;16;1456
26;2025-12-24;17;1640
26;2025-12-24;18;1839
26;2025-12-24;19;1250
26;2025-12-24;20;778
26;2025-12-24;21;499
26;2025-12-24;22;236
26;2025-12-24;23;129
26;2025-12-25;0;38
26;2025-12-25;1;1
26;2025-12-25;2;0
26;2025-12-25;3;0
26;2025-12-25;4;1
26;2025-12-25;5;87
26;2025-12-25;6;496
26;2025-12-25;7;1087
26;2025-12-25;8;2153
26;2025-12-25;9;1492
26;2025-12-25;10;1182
26;2025-12-25;11;1130
26;2025-12-25;12;1136
26;2025-12-25;13;1169
26;2025-12-25;14;1232
26;2025-12-25;15;1338
26;2025-12-25;16;1500
26;2025-12-25;17;1681
26;2025-12-25;18;1918
26;2025-12-25;19;1280
26;2025-12-25;20;769
26;2025-12-25;21;476
26;2025-12-25;22;246
26;2025-12-25;23;131
26;2025-12-26;0;35
26;2025-12-26;1;2
26;2025-12-26;2;0
26;2025-12-26;3;0
26;2025-12-26;4;1
26;2025-12-26;5;89
26;2025-12-26;6;512
26;2025-12-26;7;1078
26;2025-12-26;8;2071
26;2025-12-26;9;1414
26;2025-12-26;10;1237
26;2025-12-26;11;1083
26;2025-12-26;12;1138
26;2025-12-26;13;1203
26;2025-12-26;14;1263
26;2025-12-26;15;1405
26;2025-12-26;16;1659
26;2025-12-26;17;1735
26;2025-12-26;18;1443
26;2025-12-26;19;1099
26;2025-12-26;20;737
26;2025-12-26;21;480
26;2025-12-26;22;231
26;2025-12-26;23;162
26;2025-12-27;0;46
26;2025-12-27;1;2
26;2025-12-27;2;0
26;2025-12-27;3;0
26;2025-12-27;4;2
26;2025-12-27;5;49
26;2025-12-27;6;266
26;2025-12-27;7;378
26;2025-12-27;8;596
26;2025-12-27;9;696
26;2025-12-27;10;824
26;2025-12-27;11;1004
26;2025-12-27;12;1048
26;2025-12-27;13;1048
26;2025-12-27;14;1042
26;2025-12-27;15;994
26;2025-12-27;16;994
26;2025-12-27;17;932
26;2025-12-27;18;888
26;2025-12-27;19;820
26;2025-12-27;20;557
26;2025-12-27;21;372
26;2025-12-27;22;227
26;2025-12-27;23;147
26;2025-12-28;0;52
26;2025-12-28;1;4
26;2025-12-28;2;0
26;2025-12-28;3;0
26;2025-12-28;4;1
26;2025-12-28;5;29
26;2025-12-28;6;174
26;2025-12-28;7;272
26;2025-12-28;8;390
26;2025-12-28;9;532
26;2025-12-28;10;589
26;2025-12-28;11;796
26;2025-12-28;12;839
26;2025-12-28;13;899
26;2025-12-28;14;886
26;2025-12-28;15;822
26;2025-12-28;16;831
26;2025-12-28;17;822
26;2025-12-28;18;773
26;2025-12-28;19;605
26;2025-12-28;20;451
26;2025-12-28;21;309
26;2025-12-28;22;217
26;2025-12-28;23;116
26;2025-12-29;0;27
26;2025-12-29;1;2
26;2025-12-29;2;0
26;2025-12-29;3;0
26;2025-12-29;4;2
26;2025-12-29;5;89
26;2025-12-29;6;515
26;2025-12-29;7;1095
26;2025-12-29;8;2091
26;2025-12-29;9;1443
26;2025-12-29;10;1184
26;2025-12-29;11;1042
26;2025-12-29;12;1067
26;2025-12-29;13;1163
26;2025-12-29;14;1183
26;2025-12-29;15;1288
26;2025-12-29;16;1467
26;2025-12-29;17;1667
26;2025-12-29;18;1870
26;2025-12-29;19;1233
26;2025-12-29;20;770
26;2025-12-29;21;441
26;2025-12-29;22;217
26;2025-12-29;23;105
26;2025-12-30;0;31
26;2025-12-30;1;1
26;2025-12-30;2;0
26;2025-12-30;3;0
26;2025-12-30;4;2
26;2025-12-30;5;86
26;2025-12-30;6;511
26;2025-12-30;7;1107
26;2025-12-30;8;2219
26;2025-12-30;9;1466
26;2025-12-30;10;1202
26;2025-12-30;11;1112
26;2025-12-30;12;1135
26;2025-12-30;13;1155
26;2025-12-30;14;1188
26;2025-12-30;15;1304
26;2025-12-30;16;1470
26;2025-12-30;17;1749
26;2025-12-30;18;1889
26;2025-12-30;19;1338
26;2025-12-30;20;785
26;2025-12-30;21;475
26;2025-12-30;22;226
26;2025-12-30;23;115
26;2025-12-31;0;51
26;2025-12-31;1;4
26;2025-12-31;2;0
26;2025-12-31;3;0
26;2025-12-31;4;1
26;2025-12-31;5;29
26;2025-12-31;6;164
26;2025-12-31;7;256
26;2025-12-31;8;368
26;2025-12-31;9;501
26;2025-12-31;10;554
26;2025-12-31;11;750
26;2025-12-31;12;790
26;2025-12-31;13;846
26;2025-12-31;14;834
26;2025-12-31;15;775
26;2025-12-31;16;783
26;2025-12-31;17;774
26;2025-12-31;18;728
26;2025-12-31;19;570
26;2025-12-31;20;424
26;2025-12-31;21;291
26;2025-12-31;22;205
26;2025-12-31;23;109
28;2025-11-01;0;0
28;2025-11-01;1;0
28;2025-11-01;2;0
28;2025-11-01;3;0
28;2025-11-01;4;2
28;2025-11-01;5;81
28;2025-11-01;6;286
28;2025-11-01;7;849
28;2025-11-01;8;1322
28;2025-11-01;9;879
28;2025-11-01;10;641
28;2025-11-01;11;608
28;2025-11-01;12;764
28;2025-11-01;13;769
28;2025-11-01;14;743
28;2025-11-01;15;802
28;2025-11-01;16;1011
28;2025-11-01;17;1056
28;2025-11-01;18;900
28;2025-11-01;19;683
28;2025-11-01;20;511
28;2025-11-01;21;348
28;2025-11-01;22;156
28;2025-11-01;23;20
28;2025-11-02;0;0
28;2025-11-02;1;0
28;2025-11-02;2;0
28;2025-11-02;3;0
28;2025-11-02;4;0
28;2025-11-02;5;33
28;2025-11-02;6;89
28;2025-11-02;7;162
28;2025-11-02;8;256
28;2025-11-02;9;335
28;2025-11-02;10;383
28;2025-11-02;11;417
28;2025-11-02;12;475
28;2025-11-02;13;529
28;2025-11-02;14;535
28;2025-11-02;15;541
28;2025-11-02;16;499
28;2025-11-02;17;507
28;2025-11-02;18;443
28;2025-11-02;19;378
28;2025-11-02;20;315
28;2025-11-02;21;258
28;2025-11-02;22;119
28;2025-11-02;23;13
28;2025-11-03;0;0
28;2025-11-03;1;0
28;2025-11-03;2;0
28;2025-11-03;3;0
28;2025-11-03;4;0
28;2025-11-03;5;31
28;2025-11-03;6;83
28;2025-11-03;7;153
28;2025-11-03;8;241
28;2025-11-03;9;316
28;2025-11-03;10;361
28;2025-11-03;11;393
28;2025-11-03;12;448
28;2025-11-03;13;499
28;2025-11-03;14;504
28;2025-11-03;15;510
28;2025-11-03;16;470
28;2025-11-03;17;477
28;2025-11-03;18;417
28;2025-11-03;19;356
28;2025-11-03;20;297
28;2025-11-03;21;243
28;2025-11-03;22;112
28;2025-11-03;23;12
28;2025-11-04;0;0
28;2025-11-04;1;0
28;2025-11-04;2;0
28;2025-11-04;3;0
28;2025-11-04;4;0
28;2025-11-04;5;32
28;2025-11-04;6;83
28;2025-11-04;7;153
28;2025-11-04;8;241
28;2025-11-04;9;316
28;2025-11-04;10;361
28;2025-11-04;11;393
28;2025-11-04;12;448
28;2025-11-04;13;499
28;2025-11-04;14;504
28;2025-11-04;15;510
28;2025-11-04;16;470
28;2025-11-04;17;477
28;2025-11-04;18;417
28;2025-11-04;19;356
28;2025-11-04;20;297
28;2025-11-04;21;243
28;2025-11-04;22;112
28;2025-11-04;23;12
28;2025-11-05;0;0
28;2025-11-05;1;0
28;2025-11-05;2;0
28;2025-11-05;3;0
28;2025-11-05;4;2
28;2025-11-05;5;85
28;2025-11-05;6;277
28;2025-11-05;7;787
28;2025-11-05;8;1218
28;2025-11-05;9;838
28;2025-11-05;10;627
28;2025-11-05;11;590
28;2025-11-05;12;696
28;2025-11-05;13;741
28;2025-11-05;14;652
28;2025-11-05;15;708
28;2025-11-05;16;898
28;2025-11-05;17;972
28;2025-11-05;18;966
28;2025-11-05;19;730
28;2025-11-05;20;508
28;2025-11-05;21;324
28;2025-11-05;22;137
28;2025-11-05;23;15
28;2025-11-06;0;0
28;2025-11-06;1;0
28;2025-11-06;2;0
28;2025-11-06;3;0
28;2025-11-06;4;1
28;2025-11-06;5;79
28;2025-11-06;6;273
28;2025-11-06;7;807
28;2025-11-06;8;1277
28;2025-11-06;9;848
28;2025-11-06;10;612
28;2025-11-06;11;548
28;2025-11-06;12;682
28;2025-11-06;13;721
28;2025-11-06;14;654
28;2025-11-06;15;701
28;2025-11-06;16;870
28;2025-11-06;17;1000
28;2025-11-06;18;1015
28;2025-11-06;19;751
28;2025-11-06;20;535
28;2025-11-06;21;323
28;2025-11-06;22;140
28;2025-11-06;23;15
28;2025-11-07;0;0
28;2025-11-07;1;0
28;2025-11-07;2;0
28;2025-11-07;3;0
28;2025-11-07;4;2
28;2025-11-07;5;80
28;2025-11-07;6;266
28;2025-11-07;7;791
28;2025-11-07;8;1232
28;2025-11-07;9;819
28;2025-11-07;10;597
28;2025-11-07;11;566
28;2025-11-07;12;712
28;2025-11-07;13;716
28;2025-11-07;14;692
28;2025-11-07;15;748
28;2025-11-07;16;942
28;2025-11-07;17;984
28;2025-11-07;18;838
28;2025-11-07;19;636
28;2025-11-07;20;476
28;2025-11-07;21;324
28;2025-11-07;22;145
28;2025-11-07;23;19
28;2025-11-08;0;0
28;2025-11-08;1;0
28;2025-11-08;2;0
28;2025-11-08;3;0
28;2025-11-08;4;0
28;2025-11-08;5;39
28;2025-11-08;6;104
28;2025-11-08;7;232
28;2025-11-08;8;397
28;2025-11-08;9;474
28;2025-11-08;10;484
28;2025-11-08;11;504
28;2025-11-08;12;581
28;2025-11-08;13;620
28;2025-11-08;14;624
28;2025-11-08;15;593
28;2025-11-08;16;556
28;2025-11-08;17;569
28;2025-11-08;18;504
28;2025-11-08;19;437
28;2025-11-08;20;325
28;2025-11-08;21;277
28;2025-11-08;22;138
28;2025-11-08;23;19
28;2025-11-09;0;0
28;2025-11-09;1;0
28;2025-11-09;2;0
28;2025-11-09;3;0
28;2025-11-09;4;0
28;2025-11-09;5;33
28;2025-11-09;6;89
28;2025-11-09;7;162
28;2025-11-09;8;256
28;2025-11-09;9;335
28;2025-11-09;10;383
28;2025-11-09;11;417
28;2025-11-09;12;475
28;2025-11-09;13;529
28;2025-11-09;14;535
28;2025-11-09;15;541
28;2025-11-09;16;499
28;2025-11-09;17;507
28;2025-11-09;18;443
28;2025-11-09;19;378
28;2025-11-09;20;315
28;2025-11-09;21;258
28;2025-11-09;22;119
28;2025-11-09;23;13
28;2025-11-10;0;0
28;2025-11-10;1;0
28;2025-11-10;2;0
28;2025-11-10;3;0
28;2025-11-10;4;2
28;2025-11-10;5;79
28;2025-11-10;6;274
28;2025-11-10;7;819
28;2025-11-10;8;1243
28;2025-11-10;9;859
28;2025-11-10;10;601
28;2025-11-10;11;530
28;2025-11-10;12;667
28;2025-11-10;13;678
28;2025-11-10;14;632
28;2025-11-10;15;664
28;2025-11-10;16;881
28;2025-11-10;17;967
28;2025-11-10;18;955
28;2025-11-10;19;721
28;2025-11-10;20;506
28;2025-11-10;21;309
28;2025-11-10;22;125
28;2025-11-10;23;12
28;2025-11-11;0;0
28;2025-11-11;1;0
28;2025-11-11;2;0
28;2025-11-11;3;0
28;2025-11-11;4;2
28;2025-11-11;5;80
28;2025-11-11;6;266
28;2025-11-11;7;845
28;2025-11-11;8;1277
28;2025-11-11;9;876
28;2025-11-11;10;677
28;2025-11-11;11;580
28;2025-11-11;12;683
28;2025-11-11;13;734
28;2025-11-11;14;675
28;2025-11-11;15;703
28;2025-11-11;16;827
28;2025-11-11;17;982
28;2025-11-11;18;948
28;2025-11-11;19;727
28;2025-11-11;20;530
28;2025-11-11;21;320
28;2025-11-11;22;129
28;2025-11-11;23;16
28;2025-11-12;0;0
28;2025-11-12;1;0
28;2025-11-12;2;0
28;2025-11-12;3;0
28;2025-11-12;4;2
28;2025-11-12;5;85
28;2025-11-12;6;277
28;2025-11-12;7;787
28;2025-11-12;8;1218
28;2025-11-12;9;838
28;2025-11-12;10;627
28;2025-11-12;11;590
28;2025-11-12;12;696
28;2025-11-12;13;741
28;2025-11-12;14;652
28;2025-11-12;15;708
28;2025-11-12;16;898
28;2025-11-12;17;972
28;2025-11-12;18;966
28;2025-11-12;19;730
28;2025-11-12;20;508
28;2025-11-12;21;324
28;2025-11-12;22;137
28;2025-11-12;23;15
28;2025-11-13;0;0
28;2025-11-13;1;0
28;2025-11-13;2;0
28;2025-11-13;3;0
28;2025-11-13;4;1
28;2025-11-13;5;79
28;2025-11-13;6;273
28;2025-11-13;7;807
28;2025-11-13;8;1277
28;2025-11-13;9;848
28;2025-11-13;10;612
28;2025-11-13;11;548
28;2025-11-13;12;682
28;2025-11-13;13;721
28;2025-11-13;14;654
28;2025-11-13;15;701
28;2025-11-13;16;870
28;2025-11-13;17;1000
28;2025-11-13;18;1015
28;2025-11-13;19;751
28;2025-11-13;20;535
28;2025-11-13;21;323
28;2025-11-13;22;140
28;2025-11-13;23;15
28;2025-11-14;0;0
28;2025-11-14;1;0
28;2025-11-14;2;0
28;2025-11-14;3;0
28;2025-11-14;4;2
28;2025-11-14;5;80
28;2025-11-14;6;266
28;2025-11-14;7;791
28;2025-11-14;8;1232
28;2025-11-14;9;819
28;2025-11-14;10;597
28;2025-11-14;11;566
28;2025-11-14;12;712
28;2025-11-14;13;716
28;2025-11-14;14;692
28;2025-11-14;15;748
28;2025-11-14;16;942
28;2025-11-14;17;984
28;2025-11-14;18;838
28;2025-11-14;19;636
28;2025-11-14;20;476
28;2025-11-14;21;324
28;2025-11-14;22;145
28;2025-11-14;23;19
28;2025-11-15;0;0
28;2025-11-15;1;0
28;2025-11-15;2;0
28;2025-11-15;3;0
28;2025-11-15;4;0
28;2025-11-15;5;39
28;2025-11-15;6;104
28;2025-11-15;7;232
28;2025-11-15;8;397
28;2025-11-15;9;474
28;2025-11-15;10;484
28;2025-11-15;11;504
28;2025-11-15;12;581
28;2025-11-15;13;620
28;2025-11-15;14;624
28;2025-11-15;15;593
28;2025-11-15;16;556
28;2025-11-15;17;569
28;2025-11-15;18;504
28;2025-11-15;19;437
28;2025-11-15;20;325
28;2025-11-15;21;277
28;2025-11-15;22;138
28;2025-11-15;23;19
28;2025-11-16;0;0
28;2025-11-16;1;0
28;2025-11-16;2;0
28;2025-11-16;3;0
28;2025-11-16;4;0
28;2025-11-16;5;33
28;2025-11-16;6;89
28;2025-11-16;7;162
28;2025-11-16;8;256
28;2025-11-16;9;335
28;2025-11-16;10;383
28;2025-11-16;11;417
28;2025-11-16;12;475
28;2025-11-16;13;529
28;2025-11-16;14;535
28;2025-11-16;15;541
28;2025-11-16;16;499
28;2025-11-16;17;507
28;2025-11-16;18;443
28;2025-11-16;19;378
28;2025-11-16;20;315
28;2025-11-16;21;258
28;2025-11-16;22;119
28;2025-11-16;23;13
28;2025-11-17;0;0
28;2025-11-17;1;0
28;2025-11-17;2;0
28;2025-11-17;3;0
28;2025-11-17;4;2
28;2025-11-17;5;79
28;2025-11-17;6;274
28;2025-11-17;7;819
28;2025-11-17;8;1243
28;2025-11-17;9;859
28;2025-11-17;10;601
28;2025-11-17;11;530
28;2025-11-17;12;667
28;2025-11-17;13;678
28;2025-11-17;14;632
28;2025-11-17;15;664
28;2025-11-17;16;881
28;2025-11-17;17;967
28;2025-11-17;18;955
28;2025-11-17;19;721
28;2025-11-17;20;506
28;2025-11-17;21;309
28;2025-11-17;22;125
28;2025-11-17;23;12
28;2025-11-18;0;0
28;2025-11-18;1;0
28;2025-11-18;2;0
28;2025-11-18;3;0
28;2025-11-18;4;2
28;2025-11-18;5;80
28;2025-11-18;6;266
28;2025-11-18;7;845
28;2025-11-18;8;1277
28;2025-11-18;9;876
28;2025-11-18;10;677
28;2025-11-18;11;580
28;2025-11-18;12;683
28;2025-11-18;13;734
28;2025-11-18;14;675
28;2025-11-18;15;703
28;2025-11-18;16;827
28;2025-11-18;17;982
28;2025-11-18;18;948
28;2025-11-18;19;727
28;2025-11-18;20;530
28;2025-11-18;21;320
28;2025-11-18;22;129
28;2025-11-18;23;16
28;2025-11-19;0;0
28;2025-11-19;1;0
28;2025-11-19;2;0
28;2025-11-19;3;0
28;2025-11-19;4;2
28;2025-11-19;5;85
28;2025-11-19;6;277
28;2025-11-19;7;787
28;2025-11-19;8;1218
28;2025-11-19;9;838
28;2025-11-19;10;627
28;2025-11-19;11;590
28;2025-11-19;12;696
28;2025-11-19;13;741
28;2025-11-19;14;652
28;2025-11-19;15;708
28;2025-11-19;16;898
28;2025-11-19;17;972
28;2025-11-19;18;966
28;2025-11-19;19;730
28;2025-11-19;20;508
28;2025-11-19;21;324
28;2025-11-19;22;137
28;2025-11-19;23;15
28;2025-11-20;0;0
28;2025-11-20;1;0
28;2025-11-20;2;0
28;2025-11-20;3;0
28;2025-11-20;4;1
28;2025-11-20;5;79
28;2025-11-20;6;273
28;2025-11-20;7;807
28;2025-11-20;8;1277
28;2025-11-20;9;848
28;2025-11-20;10;612
28;2025-11-20;11;548
28;2025-11-20;12;682
28;2025-11-20;13;721
28;2025-11-20;14;654
28;2025-11-20;15;701
28;2025-11-20;16;870
28;2025-11-20;17;1000
28;2025-11-20;18;1015
28;2025-11-20;19;751
28;2025-11-20;20;535
28;2025-11-20;21;323
28;2025-11-20;22;140
28;2025-11-20;23;15
28;2025-11-21;0;0
28;2025-11-21;1;0
28;2025-11-21;2;0
28;2025-11-21;3;0
28;2025-11-21;4;2
28;2025-11-21;5;80
28;2025-11-21;6;266
28;2025-11-21;7;791
28;2025-11-21;8;1232
28;2025-11-21;9;819
28;2025-11-21;10;597
28;2025-11-21;11;566
28;2025-11-21;12;712
28;2025-11-21;13;716
28;2025-11-21;14;692
28;2025-11-21;15;748
28;2025-11-21;16;942
28;2025-11-21;17;984
28;2025-11-21;18;838
28;2025-11-21;19;636
28;2025-11-21;20;476
28;2025-11-21;21;324
28;2025-11-21;22;145
28;2025-11-21;23;19
28;2025-11-22;0;0
28;2025-11-22;1;0
28;2025-11-22;2;0
28;2025-11-22;3;0
28;2025-11-22;4;0
28;2025-11-22;5;39
28;2025-11-22;6;104
28;2025-11-22;7;232
28;2025-11-22;8;397
28;2025-11-22;9;474
28;2025-11-22;10;484
28;2025-11-22;11;504
28;2025-11-22;12;581
28;2025-11-22;13;620
28;2025-11-22;14;624
28;2025-11-22;15;593
28;2025-11-22;16;556
28;2025-11-22;17;569
28;2025-11-22;18;504
28;2025-11-22;19;437
28;2025-11-22;20;325
28;2025-11-22;21;277
28;2025-11-22;22;138
28;2025-11-22;23;19
28;2025-11-23;0;0
28;2025-11-23;1;0
28;2025-11-23;2;0
28;2025-11-23;3;0
28;2025-11-23;4;0
28;2025-11-23;5;33
28;2025-11-23;6;89
28;2025-11-23;7;162
28;2025-11-23;8;256
28;2025-11-23;9;335
28;2025-11-23;10;383
28;2025-11-23;11;417
28;2025-11-23;12;475
28;2025-11-23;13;529
28;2025-11-23;14;535
28;2025-11-23;15;541
28;2025-11-23;16;499
28;2025-11-23;17;507
28;2025-11-23;18;443
28;2025-11-23;19;378
28;2025-11-23;20;315
28;2025-11-23;21;258
28;2025-11-23;22;119
28;2025-11-23;23;13
28;2025-11-24;0;0
28;2025-11-24;1;0
28;2025-11-24;2;0
28;2025-11-24;3;0
28;2025-11-24;4;2
28;2025-11-24;5;79
28;2025-11-24;6;274
28;2025-11-24;7;819
28;2025-11-24;8;1243
28;2025-11-24;9;859
28;2025-11-24;10;601
28;2025-11-24;11;530
28;2025-11-24;12;667
28;2025-11-24;13;678
28;2025-11-24;14;632
28;2025-11-24;15;664
28;2025-11-24;16;881
28;2025-11-24;17;967
28;2025-11-24;18;955
28;2025-11-24;19;721
28;2025-11-24;20;506
28;2025-11-24;21;309
28;2025-11-24;22;125
28;2025-11-24;23;12
28;2025-11-25;0;0
28;2025-11-25;1;0
28;2025-11-25;2;0
28;2025-11-25;3;0
28;2025-11-25;4;2
28;2025-11-25;5;80
28;2025-11-25;6;266
28;2025-11-25;7;845
28;2025-11-25;8;1277
28;2025-11-25;9;876
28;2025-11-25;10;677
28;2025-11-25;11;580
28;2025-11-25;12;683
28;2025-11-25;13;734
28;2025-11-25;14;675
28;2025-11-25;15;703
28;2025-11-25;16;827
28;2025-11-25;17;982
28;2025-11-25;18;948
28;2025-11-25;19;727
28;2025-11-25;20;530
28;2025-11-25;21;320
28;2025-11-25;22;129
28;2025-11-25;23;16
28;2025-11-26;0;0
28;2025-11-26;1;0
28;2025-11-26;2;0
28;2025-11-26;3;0
28;2025-11-26;4;2
28;2025-11-26;5;85
28;2025-11-26;6;277
28;2025-11-26;7;787
28;2025-11-26;8;1218
28;2025-11-26;9;838
28;2025-11-26;10;627
28;2025-11-26;11;590
28;2025-11-26;12;696
28;2025-11-26;13;741
28;2025-11-26;14;652
28;2025-11-26;15;708
28;2025-11-26;16;898
28;2025-11-26;17;972
28;2025-11-26;18;966
28;2025-11-26;19;730
28;2025-11-26;20;508
28;2025-11-26;21;324
28;2025-11-26;22;137
28;2025-11-26;23;15
28;2025-11-27;0;0
28;2025-11-27;1;0
28;2025-11-27;2;0
28;2025-11-27;3;0
28;2025-11-27;4;1
28;2025-11-27;5;79
28;2025-11-27;6;273
28;2025-11-27;7;807
28;2025-11-27;8;1277
28;2025-11-27;9;848
28;2025-11-27;10;612
28;2025-11-27;11;548
28;2025-11-27;12;682
28;2025-11-27;13;721
28;2025-11-27;14;654
28;2025-11-27;15;701
28;2025-11-27;16;870
28;2025-11-27;17;1000
28;2025-11-27;18;1015
28;2025-11-27;19;751
28;2025-11-27;20;535
28;2025-11-27;21;323
28;2025-11-27;22;140
28;2025-11-27;23;15
28;2025-11-28;0;0
28;2025-11-28;1;0
28;2025-11-28;2;0
28;2025-11-28;3;0
28;2025-11-28;4;2
28;2025-11-28;5;80
28;2025-11-28;6;266
28;2025-11-28;7;791
28;2025-11-28;8;1232
28;2025-11-28;9;819
28;2025-11-28;10;597
28;2025-11-28;11;566
28;2025-11-28;12;712
28;2025-11-28;13;716
28;2025-11-28;14;692
28;2025-11-28;15;748
28;2025-11-28;16;942
28;2025-11-28;17;984
28;2025-11-28;18;838
28;2025-11-28;19;636
28;2025-11-28;20;476
28;2025-11-28;21;324
28;2025-11-28;22;145
28;2025-11-28;23;19
28;2025-11-29;0;0
28;2025-11-29;1;0
28;2025-11-29;2;0
28;2025-11-29;3;0
28;2025-11-29;4;0
28;2025-11-29;5;39
28;2025-11-29;6;104
28;2025-11-29;7;232
28;2025-11-29;8;397
28;2025-11-29;9;474
28;2025-11-29;10;484
28;2025-11-29;11;504
28;2025-11-29;12;581
28;2025-11-29;13;620
28;2025-11-29;14;624
28;2025-11-29;15;593
28;2025-11-29;16;556
28;2025-11-29;17;569
28;2025-11-29;18;504
28;2025-11-29;19;437
28;2025-11-29;20;325
28;2025-11-29;21;277
28;2025-11-29;22;138
28;2025-11-29;23;19
28;2025-11-30;0;0
28;2025-11-30;1;0
28;2025-11-30;2;0
28;2025-11-30;3;0
28;2025-11-30;4;0
28;2025-11-30;5;33
28;2025-11-30;6;89
28;2025-11-30;7;162
28;2025-11-30;8;256
28;2025-11-30;9;335
28;2025-11-30;10;383
28;2025-11-30;11;417
28;2025-11-30;12;475
28;2025-11-30;13;529
28;2025-11-30;14;535
28;2025-11-30;15;541
28;2025-11-30;16;499
28;2025-11-30;17;507
28;2025-11-30;18;443
28;2025-11-30;19;378
28;2025-11-30;20;315
28;2025-11-30;21;258
28;2025-11-30;22;119
28;2025-11-30;23;13
28;2025-12-01;0;0
28;2025-12-01;1;0
28;2025-12-01;2;0
28;2025-12-01;3;0
28;2025-12-01;4;2
28;2025-12-01;5;79
28;2025-12-01;6;274
28;2025-12-01;7;819
28;2025-12-01;8;1243
28;2025-12-01;9;859
28;2025-12-01;10;601
28;2025-12-01;11;530
28;2025-12-01;12;667
28;2025-12-01;13;678
28;2025-12-01;14;632
28;2025-12-01;15;664
28;2025-12-01;16;881
28;2025-12-01;17;967
28;2025-12-01;18;955
28;2025-12-01;19;721
28;2025-12-01;20;506
28;2025-12-01;21;309
28;2025-12-01;22;125
28;2025-12-01;23;12
28;2025-12-02;0;0
28;2025-12-02;1;0
28;2025-12-02;2;0
28;2025-12-02;3;0
28;2025-12-02;4;2
28;2025-12-02;5;80
28;2025-12-02;6;266
28;2025-12-02;7;845
28;2025-12-02;8;1277
28;2025-12-02;9;876
28;2025-12-02;10;677
28;2025-12-02;11;580
28;2025-12-02;12;683
28;2025-12-02;13;734
28;2025-12-02;14;675
28;2025-12-02;15;703
28;2025-12-02;16;827
28;2025-12-02;17;982
28;2025-12-02;18;948
28;2025-12-02;19;727
28;2025-12-02;20;530
28;2025-12-02;21;320
28;2025-12-02;22;129
28;2025-12-02;23;16
28;2025-12-03;0;0
28;2025-12-03;1;0
28;2025-12-03;2;0
28;2025-12-03;3;0
28;2025-12-03;4;2
28;2025-12-03;5;85
28;2025-12-03;6;277
28;2025-12-03;7;787
28;2025-12-03;8;1218
28;2025-12-03;9;838
28;2025-12-03;10;627
28;2025-12-03;11;590
28;2025-12-03;12;696
28;2025-12-03;13;741
28;2025-12-03;14;652
28;2025-12-03;15;708
28;2025-12-03;16;898
28;2025-12-03;17;972
28;2025-12-03;18;966
28;2025-12-03;19;730
28;2025-12-03;20;508
28;2025-12-03;21;324
28;2025-12-03;22;137
28;2025-12-03;23;15
28;2025-12-04;0;0
28;2025-12-04;1;0
28;2025-12-04;2;0
28;2025-12-04;3;0
28;2025-12-04;4;1
28;2025-12-04;5;79
28;2025-12-04;6;273
28;2025-12-04;7;807
28;2025-12-04;8;1277
28;2025-12-04;9;848
28;2025-12-04;10;612
28;2025-12-04;11;548
28;2025-12-04;12;682
28;2025-12-04;13;721
28;2025-12-04;14;654
28;2025-12-04;15;701
28;2025-12-04;16;870
28;2025-12-04;17;1000
28;2025-12-04;18;1015
28;2025-12-04;19;751
28;2025-12-04;20;535
28;2025-12-04;21;323
28;2025-12-04;22;140
28;2025-12-04;23;15
28;2025-12-05;0;0
28;2025-12-05;1;0
28;2025-12-05;2;0
28;2025-12-05;3;0
28;2025-12-05;4;2
28;2025-12-05;5;80
28;2025-12-05;6;266
28;2025-12-05;7;791
28;2025-12-05;8;1232
28;2025-12-05;9;819
28;2025-12-05;10;597
28;2025-12-05;11;566
28;2025-12-05;12;712
28;2025-12-05;13;716
28;2025-12-05;14;692
28;2025-12-05;15;748
28;2025-12-05;16;942
28;2025-12-05;17;984
28;2025-12-05;18;838
28;2025-12-05;19;636
28;2025-12-05;20;476
28;2025-12-05;21;324
28;2025-12-05;22;145
28;2025-12-05;23;19
28;2025-12-06;0;0
28;2025-12-06;1;0
28;2025-12-06;2;0
28;2025-12-06;3;0
28;2025-12-06;4;0
28;2025-12-06;5;39
28;2025-12-06;6;104
28;2025-12-06;7;232
28;2025-12-06;8;397
28;2025-12-06;9;474
28;2025-12-06;10;484
28;2025-12-06;11;504
28;2025-12-06;12;581
28;2025-12-06;13;620
28;2025-12-06;14;624
28;2025-12-06;15;593
28;2025-12-06;16;556
28;2025-12-06;17;569
28;2025-12-06;18;504
28;2025-12-06;19;437
28;2025-12-06;20;325
28;2025-12-06;21;277
28;2025-12-06;22;138
28;2025-12-06;23;19
28;2025-12-07;0;0
28;2025-12-07;1;0
28;2025-12-07;2;0
28;2025-12-07;3;0
28;2025-12-07;4;0
28;2025-12-07;5;33
28;2025-12-07;6;89
28;2025-12-07;7;162
28;2025-12-07;8;256
28;2025-12-07;9;335
28;2025-12-07;10;383
28;2025-12-07;11;417
28;2025-12-07;12;475
28;2025-12-07;13;529
28;2025-12-07;14;535
28;2025-12-07;15;541
28;2025-12-07;16;499
28;2025-12-07;17;507
28;2025-12-07;18;443
28;2025-12-07;19;378
28;2025-12-07;20;315
28;2025-12-07;21;258
28;2025-12-07;22;119
28;2025-12-07;23;13
28;2025-12-08;0;0
28;2025-12-08;1;0
28;2025-12-08;2;0
28;2025-12-08;3;0
28;2025-12-08;4;2
28;2025-12-08;5;79
28;2025-12-08;6;274
28;2025-12-08;7;819
28;2025-12-08;8;1243
28;2025-12-08;9;859
28;2025-12-08;10;601
28;2025-12-08;11;530
28;2025-12-08;12;667
28;2025-12-08;13;678
28;2025-12-08;14;632
28;2025-12-08;15;664
28;2025-12-08;16;881
28;2025-12-08;17;967
28;2025-12-08;18;955
28;2025-12-08;19;721
28;2025-12-08;20;506
28;2025-12-08;21;309
28;2025-12-08;22;125
28;2025-12-08;23;12
28;2025-12-09;0;0
28;2025-12-09;1;0
28;2025-12-09;2;0
28;2025-12-09;3;0
28;2025-12-09;4;2
28;2025-12-09;5;80
28;2025-12-09;6;266
28;2025-12-09;7;845
28;2025-12-09;8;1277
28;2025-12-09;9;876
28;2025-12-09;10;677
28;2025-12-09;11;580
28;2025-12-09;12;683
28;2025-12-09;13;734
28;2025-12-09;14;675
28;2025-12-09;15;703
28;2025-12-09;16;827
28;2025-12-09;17;982
28;2025-12-09;18;948
28;2025-12-09;19;727
28;2025-12-09;20;530
28;2025-12-09;21;320
28;2025-12-09;22;129
28;2025-12-09;23;16
28;2025-12-10;0;0
28;2025-12-10;1;0
28;2025-12-10;2;0
28;2025-12-10;3;0
28;2025-12-10;4;2
28;2025-12-10;5;85
28;2025-12-10;6;277
28;2025-12-10;7;787
28;2025-12-10;8;1218
28;2025-12-10;9;838
28;2025-12-10;10;627
28;2025-12-10;11;590
28;2025-12-10;12;696
28;2025-12-10;13;741
28;2025-12-10;14;652
28;2025-12-10;15;708
28;2025-12-10;16;898
28;2025-12-10;17;972
28;2025-12-10;18;966
28;2025-12-10;19;730
28;2025-12-10;20;508
28;2025-12-10;21;324
28;2025-12-10;22;137
28;2025-12-10;23;15
28;2025-12-11;0;0
28;2025-12-11;1;0
28;2025-12-11;2;0
28;2025-12-11;3;0
28;2025-12-11;4;1
28;2025-12-11;5;79
28;2025-12-11;6;273
28;2025-12-11;7;807
28;2025-12-11;8;1277
28;2025-12-11;9;848
28;2025-12-11;10;612
28;2025-12-11;11;548
28;2025-12-11;12;682
28;2025-12-11;13;721
28;2025-12-11;14;654
28;2025-12-11;15;701
28;2025-12-11;16;870
28;2025-12-11;17;1000
28;2025-12-11;18;1015
28;2025-12-11;19;751
28;2025-12-11;20;535
28;2025-12-11;21;323
28;2025-12-11;22;140
28;2025-12-11;23;15
28;2025-12-12;0;0
28;2025-12-12;1;0
28;2025-12-12;2;0
28;2025-12-12;3;0
28;2025-12-12;4;2
28;2025-12-12;5;80
28;2025-12-12;6;266
28;2025-12-12;7;791
28;2025-12-12;8;1232
28;2025-12-12;9;819
28;2025-12-12;10;597
28;2025-12-12;11;566
28;2025-12-12;12;712
28;2025-12-12;13;716
28;2025-12-12;14;692
28;2025-12-12;15;748
28;2025-12-12;16;942
28;2025-12-12;17;984
28;2025-12-12;18;838
28;2025-12-12;19;636
28;2025-12-12;20;476
28;2025-12-12;21;324
28;2025-12-12;22;145
28;2025-12-12;23;19
28;2025-12-13;0;0
28;2025-12-13;1;0
28;2025-12-13;2;0
28;2025-12-13;3;0
28;2025-12-13;4;0
28;2025-12-13;5;39
28;2025-12-13;6;104
28;2025-12-13;7;232
28;2025-12-13;8;397
28;2025-12-13;9;474
28;2025-12-13;10;484
28;2025-12-13;11;504
28;2025-12-13;12;581
28;2025-12-13;13;620
28;2025-12-13;14;624
28;2025-12-13;15;593
28;2025-12-13;16;556
28;2025-12-13;17;569
28;2025-12-13;18;504
28;2025-12-13;19;437
28;2025-12-13;20;325
28;2025-12-13;21;277
28;2025-12-13;22;138
28;2025-12-13;23;19
28;2025-12-14;0;0
28;2025-12-14;1;0
28;2025-12-14;2;0
28;2025-12-14;3;0
28;2025-12-14;4;0
28;2025-12-14;5;33
28;2025-12-14;6;89
28;2025-12-14;7;162
28;2025-12-14;8;256
28;2025-12-14;9;335
28;2025-12-14;10;383
28;2025-12-14;11;417
28;2025-12-14;12;475
28;2025-12-14;13;529
28;2025-12-14;14;535
28;2025-12-14;15;541
28;2025-12-14;16;499
28;2025-12-14;17;507
28;2025-12-14;18;443
28;2025-12-14;19;378
28;2025-12-14;20;315
28;2025-12-14;21;258
28;2025-12-14;22;119
28;2025-12-14;23;13
28;2025-12-15;0;0
28;2025-12-15;1;0
28;2025-12-15;2;0
28;2025-12-15;3;0
28;2025-12-15;4;2
28;2025-12-15;5;79
28;2025-12-15;6;274
28;2025-12-15;7;819
28;2025-12-15;8;1243
28;2025-12-15;9;859
28;2025-12-15;10;601
28;2025-12-15;11;530
28;2025-12-15;12;667
28;2025-12-15;13;678
28;2025-12-15;14;632
28;2025-12-15;15;664
28;2025-12-15;16;881
28;2025-12-15;17;967
28;2025-12-15;18;955
28;2025-12-15;19;721
28;2025-12-15;20;506
28;2025-12-15;21;309
28;2025-12-15;22;125
28;2025-12-15;23;12
28;2025-12-16;0;0
28;2025-12-16;1;0
28;2025-12-16;2;0
28;2025-12-16;3;0
28;2025-12-16;4;2
28;2025-12-16;5;80
28;2025-12-16;6;266
28;2025-12-16;7;845
28;2025-12-16;8;1277
28;2025-12-16;9;876
28;2025-12-16;10;677
28;2025-12-16;11;580
28;2025-12-16;12;683
28;2025-12-16;13;734
28;2025-12-16;14;675
28;2025-12-16;15;703
28;2025-12-16;16;827
28;2025-12-16;17;982
28;2025-12-16;18;948
28;2025-12-16;19;727
28;2025-12-16;20;530
28;2025-12-16;21;320
28;2025-12-16;22;129
28;2025-12-16;23;16
28;2025-12-17;0;0
28;2025-12-17;1;0
28;2025-12-17;2;0
28;2025-12-17;3;0
28;2025-12-17;4;2
28;2025-12-17;5;85
28;2025-12-17;6;277
28;2025-12-17;7;787
28;2025-12-17;8;1218
28;2025-12-17;9;838
28;2025-12-17;10;627
28;2025-12-17;11;590
28;2025-12-17;12;696
28;2025-12-17;13;741
28;2025-12-17;14;652
28;2025-12-17;15;708
28;2025-12-17;16;898
28;2025-12-17;17;972
28;2025-12-17;18;966
28;2025-12-17;19;730
28;2025-12-17;20;508
28;2025-12-17;21;324
28;2025-12-17;22;137
28;2025-12-17;23;15
28;2025-12-18;0;0
28;2025-12-18;1;0
28;2025-12-18;2;0
28;2025-12-18;3;0
28;2025-12-18;4;1
28;2025-12-18;5;79
28;2025-12-18;6;273
28;2025-12-18;7;807
28;2025-12-18;8;1277
28;2025-12-18;9;848
28;2025-12-18;10;612
28;2025-12-18;11;548
28;2025-12-18;12;682
28;2025-12-18;13;721
28;2025-12-18;14;654
28;2025-12-18;15;701
28;2025-12-18;16;870
28;2025-12-18;17;1000
28;2025-12-18;18;1015
28;2025-12-18;19;751
28;2025-12-18;20;535
28;2025-12-18;21;323
28;2025-12-18;22;140
28;2025-12-18;23;15
28;2025-12-19;0;0
28;2025-12-19;1;0
28;2025-12-19;2;0
28;2025-12-19;3;0
28;2025-12-19;4;2
28;2025-12-19;5;80
28;2025-12-19;6;266
28;2025-12-19;7;791
28;2025-12-19;8;1232
28;2025-12-19;9;819
28;2025-12-19;10;597
28;2025-12-19;11;566
28;2025-12-19;12;712
28;2025-12-19;13;716
28;2025-12-19;14;692
28;2025-12-19;15;748
28;2025-12-19;16;942
28;2025-12-19;17;984
28;2025-12-19;18;838
28;2025-12-19;19;636
28;2025-12-19;20;476
28;2025-12-19;21;324
28;2025-12-19;22;145
28;2025-12-19;23;19
28;2025-12-20;0;0
28;2025-12-20;1;0
28;2025-12-20;2;0
28;2025-12-20;3;0
28;2025-12-20;4;0
28;2025-12-20;5;39
28;2025-12-20;6;104
28;2025-12-20;7;232
28;2025-12-20;8;397
28;2025-12-20;9;474
28;2025-12-20;10;484
28;2025-12-20;11;504
28;2025-12-20;12;581
28;2025-12-20;13;620
28;2025-12-20;14;624
28;2025-12-20;15;593
28;2025-12-20;16;556
28;2025-12-20;17;569
28;2025-12-20;18;504
28;2025-12-20;19;437
28;2025-12-20;20;325
28;2025-12-20;21;277
28;2025-12-20;22;138
28;2025-12-20;23;19
28;2025-12-21;0;0
28;2025-12-21;1;0
28;2025-12-21;2;0
28;2025-12-21;3;0
28;2025-12-21;4;0
28;2025-12-21;5;33
28;2025-12-21;6;89
28;2025-12-21;7;162
28;2025-12-21;8;256
28;2025-12-21;9;335
28;2025-12-21;10;383
28;2025-12-21;11;417
28;2025-12-21;12;475
28;2025-12-21;13;529
28;2025-12-21;14;535
28;2025-12-21;15;541
28;2025-12-21;16;499
28;2025-12-21;17;507
28;2025-12-21;18;443
28;2025-12-21;19;378
28;2025-12-21;20;315
28;2025-12-21;21;258
28;2025-12-21;22;119
28;2025-12-21;23;13
28;2025-12-22;0;0
28;2025-12-22;1;0
28;2025-12-22;2;0
28;2025-12-22;3;0
28;2025-12-22;4;2
28;2025-12-22;5;79
28;2025-12-22;6;274
28;2025-12-22;7;819
28;2025-12-22;8;1243
28;2025-12-22;9;859
28;2025-12-22;10;601
28;2025-12-22;11;530
28;2025-12-22;12;667
28;2025-12-22;13;678
28;2025-12-22;14;632
28;2025-12-22;15;664
28;2025-12-22;16;881
28;2025-12-22;17;967
28;2025-12-22;18;955
28;2025-12-22;19;721
28;2025-12-22;20;506
28;2025-12-22;21;309
28;2025-12-22;22;125
28;2025-12-22;23;12
28;2025-12-23;0;0
28;2025-12-23;1;0
28;2025-12-23;2;0
28;2025-12-23;3;0
28;2025-12-23;4;2
28;2025-12-23;5;80
28;2025-12-23;6;266
28;2025-12-23;7;845
28;2025-12-23;8;1277
28;2025-12-23;9;876
28;2025-12-23;10;677
28;2025-12-23;11;580
28;2025-12-23;12;683
28;2025-12-23;13;734
28;2025-12-23;14;675
28;2025-12-23;15;703
28;2025-12-23;16;827
28;2025-12-23;17;982
28;2025-12-23;18;948
28;2025-12-23;19;727
28;2025-12-23;20;530
28;2025-12-23;21;320
28;2025-12-23;22;129
28;2025-12-23;23;16
28;2025-12-24;0;0
28;2025-12-24;1;0
28;2025-12-24;2;0
28;2025-12-24;3;0
28;2025-12-24;4;2
28;2025-12-24;5;85
28;2025-12-24;6;277
28;2025-12-24;7;787
28;2025-12-24;8;1218
28;2025-12-24;9;838
28;2025-12-24;10;627
28;2025-12-24;11;590
28;2025-12-24;12;696
28;2025-12-24;13;741
28;2025-12-24;14;652
28;2025-12-24;15;708
28;2025-12-24;16;898
28;2025-12-24;17;972
28;2025-12-24;18;966
28;2025-12-24;19;730
28;2025-12-24;20;508
28;2025-12-24;21;324
28;2025-12-24;22;137
28;2025-12-24;23;15
28;2025-12-25;0;0
28;2025-12-25;1;0
28;2025-12-25;2;0
28;2025-12-25;3;0
28;2025-12-25;4;1
28;2025-12-25;5;79
28;2025-12-25;6;273
28;2025-12-25;7;807
28;2025-12-25;8;1277
28;2025-12-25;9;848
28;2025-12-25;10;612
28;2025-12-25;11;548
28;2025-12-25;12;682
28;2025-12-25;13;721
28;2025-12-25;14;654
28;2025-12-25;15;701
28;2025-12-25;16;870
28;2025-12-25;17;1000
28;2025-12-25;18;1015
28;2025-12-25;19;751
28;2025-12-25;20;535
28;2025-12-25;21;323
28;2025-12-25;22;140
28;2025-12-25;23;15
28;2025-12-26;0;0
28;2025-12-26;1;0
28;2025-12-26;2;0
28;2025-12-26;3;0
28;2025-12-26;4;2
28;2025-12-26;5;80
28;2025-12-26;6;266
28;2025-12-26;7;791
28;2025-12-26;8;1232
28;2025-12-26;9;819
28;2025-12-26;10;597
28;2025-12-26;11;566
28;2025-12-26;12;712
28;2025-12-26;13;716
28;2025-12-26;14;692
28;2025-12-26;15;748
28;2025-12-26;16;942
28;2025-12-26;17;984
28;2025-12-26;18;838
28;2025-12-26;19;636
28;2025-12-26;20;476
28;2025-12-26;21;324
28;2025-12-26;22;145
28;2025-12-26;23;19
28;2025-12-27;0;0
28;2025-12-27;1;0
28;2025-12-27;2;0
28;2025-12-27;3;0
28;2025-12-27;4;0
28;2025-12-27;5;39
28;2025-12-27;6;104
28;2025-12-27;7;232
28;2025-12-27;8;397
28;2025-12-27;9;474
28;2025-12-27;10;484
28;2025-12-27;11;504
28;2025-12-27;12;581
28;2025-12-27;13;620
28;2025-12-27;14;624
28;2025-12-27;15;593
28;2025-12-27;16;556
28;2025-12-27;17;569
28;2025-12-27;18;504
28;2025-12-27;19;437
28;2025-12-27;20;325
28;2025-12-27;21;277
28;2025-12-27;22;138
28;2025-12-27;23;19
28;2025-12-28;0;0
28;2025-12-28;1;0
28;2025-12-28;2;0
28;2025-12-28;3;0
28;2025-12-28;4;0
28;2025-12-28;5;33
28;2025-12-28;6;89
28;2025-12-28;7;162
28;2025-12-28;8;256
28;2025-12-28;9;335
28;2025-12-28;10;383
28;2025-12-28;11;417
28;2025-12-28;12;475
28;2025-12-28;13;529
28;2025-12-28;14;535
28;2025-12-28;15;541
28;2025-12-28;16;499
28;2025-12-28;17;507
28;2025-12-28;18;443
28;2025-12-28;19;378
28;2025-12-28;20;315
28;2025-12-28;21;258
28;2025-12-28;22;119
28;2025-12-28;23;13
28;2025-12-29;0;0
28;2025-12-29;1;0
28;2025-12-29;2;0
28;2025-12-29;3;0
28;2025-12-29;4;2
28;2025-12-29;5;79
28;2025-12-29;6;274
28;2025-12-29;7;819
28;2025-12-29;8;1243
28;2025-12-29;9;859
28;2025-12-29;10;601
28;2025-12-29;11;530
28;2025-12-29;12;667
28;2025-12-29;13;678
28;2025-12-29;14;632
28;2025-12-29;15;664
28;2025-12-29;16;881
28;2025-12-29;17;967
28;2025-12-29;18;955
28;2025-12-29;19;721
28;2025-12-29;20;506
28;2025-12-29;21;309
28;2025-12-29;22;125
28;2025-12-29;23;12
28;2025-12-30;0;0
28;2025-12-30;1;0
28;2025-12-30;2;0
28;2025-12-30;3;0
28;2025-12-30;4;2
28;2025-12-30;5;80
28;2025-12-30;6;266
28;2025-12-30;7;845
28;2025-12-30;8;1277
28;2025-12-30;9;876
28;2025-12-30;10;677
28;2025-12-30;11;580
28;2025-12-30;12;683
28;2025-12-30;13;734
28;2025-12-30;14;675
28;2025-12-30;15;703
28;2025-12-30;16;827
28;2025-12-30;17;982
28;2025-12-30;18;948
28;2025-12-30;19;727
28;2025-12-30;20;530
28;2025-12-30;21;320
28;2025-12-30;22;129
28;2025-12-30;23;16
28;2025-12-31;0;0
28;2025-12-31;1;0
28;2025-12-31;2;0
28;2025-12-31;3;0
28;2025-12-31;4;0
28;2025-12-31;5;32
28;2025-12-31;6;83
28;2025-12-31;7;153
28;2025-12-31;8;241
28;2025-12-31;9;316
28;2025-12-31;10;361
28;2025-12-31;11;393
28;2025-12-31;12;448
28;2025-12-31;13;499
28;2025-12-31;14;504
28;2025-12-31;15;510
28;2025-12-31;16;470
28;2025-12-31;17;477
28;2025-12-31;18;417
28;2025-12-31;19;356
28;2025-12-31;20;297
28;2025-12-31;21;243
28;2025-12-31;22;112
28;2025-12-31;23;12
50;2025-11-01;0;18
50;2025-11-01;1;0
50;2025-11-01;2;0
50;2025-11-01;3;0
50;2025-11-01;4;0
50;2025-11-01;5;0
50;2025-11-01;6;0
50;2025-11-01;7;0
50;2025-11-01;8;0
50;2025-11-01;9;2
50;2025-11-01;10;4
50;2025-11-01;11;5
50;2025-11-01;12;10
50;2025-11-01;13;8
50;2025-11-01;14;6
50;2025-11-01;15;4
50;2025-11-01;16;6
50;2025-11-01;17;9
50;2025-11-01;18;8
50;2025-11-01;19;0
50;2025-11-01;20;2
50;2025-11-01;21;0
50;2025-11-01;22;1
50;2025-11-01;23;0
50;2025-11-02;0;18
50;2025-11-02;1;0
50;2025-11-02;2;0
50;2025-11-02;3;0
50;2025-11-02;4;0
50;2025-11-02;5;0
50;2025-11-02;6;0
50;2025-11-02;7;0
50;2025-11-02;8;0
50;2025-11-02;9;2
50;2025-11-02;10;4
50;2025-11-02;11;5
50;2025-11-02;12;10
50;2025-11-02;13;8
50;2025-11-02;14;6
50;2025-11-02;15;4
50;2025-11-02;16;6
50;2025-11-02;17;9
50;2025-11-02;18;8
50;2025-11-02;19;0
50;2025-11-02;20;2
50;2025-11-02;21;0
50;2025-11-02;22;1
50;2025-11-02;23;0
50;2025-11-03;0;54
50;2025-11-03;1;7
50;2025-11-03;2;0
50;2025-11-03;3;0
50;2025-11-03;4;1
50;2025-11-03;5;30
50;2025-11-03;6;139
50;2025-11-03;7;261
50;2025-11-03;8;377
50;2025-11-03;9;474
50;2025-11-03;10;512
50;2025-11-03;11;645
50;2025-11-03;12;744
50;2025-11-03;13;785
50;2025-11-03;14;804
50;2025-11-03;15;757
50;2025-11-03;16;757
50;2025-11-03;17;744
50;2025-11-03;18;685
50;2025-11-03;19;579
50;2025-11-03;20;476
50;2025-11-03;21;379
50;2025-11-03;22;232
50;2025-11-03;23;122
50;2025-11-04;0;55
50;2025-11-04;1;7
50;2025-11-04;2;0
50;2025-11-04;3;0
50;2025-11-04;4;1
50;2025-11-04;5;31
50;2025-11-04;6;139
50;2025-11-04;7;261
50;2025-11-04;8;377
50;2025-11-04;9;474
50;2025-11-04;10;512
50;2025-11-04;11;645
50;2025-11-04;12;744
50;2025-11-04;13;785
50;2025-11-04;14;804
50;2025-11-04;15;757
50;2025-11-04;16;757
50;2025-11-04;17;744
50;2025-11-04;18;685
50;2025-11-04;19;579
50;2025-11-04;20;476
50;2025-11-04;21;379
50;2025-11-04;22;232
50;2025-11-04;23;122
50;2025-11-05;0;33
50;2025-11-05;1;3
50;2025-11-05;2;0
50;2025-11-05;3;0
50;2025-11-05;4;3
50;2025-11-05;5;67
50;2025-11-05;6;528
50;2025-11-05;7;1738
50;2025-11-05;8;2764
50;2025-11-05;9;2104
50;2025-11-05;10;1615
50;2025-11-05;11;1556
50;2025-11-05;12;1431
50;2025-11-05;13;1462
50;2025-11-05;14;1426
50;2025-11-05;15;1662
50;2025-11-05;16;1698
50;2025-11-05;17;2330
50;2025-11-05;18;2430
50;2025-11-05;19;1543
50;2025-11-05;20;915
50;2025-11-05;21;638
50;2025-11-05;22;294
50;2025-11-05;23;137
50;2025-11-06;0;38
50;2025-11-06;1;2
50;2025-11-06;2;0
50;2025-11-06;3;0
50;2025-11-06;4;2
50;2025-11-06;5;70
50;2025-11-06;6;537
50;2025-11-06;7;1765
50;2025-11-06;8;2692
50;2025-11-06;9;2149
50;2025-11-06;10;1671
50;2025-11-06;11;1576
50;2025-11-06;12;1469
50;2025-11-06;13;1419
50;2025-11-06;14;1416
50;2025-11-06;15;1637
50;2025-11-06;16;1726
50;2025-11-06;17;2347
50;2025-11-06;18;2503
50;2025-11-06;19;1465
50;2025-11-06;20;951
50;2025-11-06;21;685
50;2025-11-06;22;292
50;2025-11-06;23;157
50;2025-11-07;0;38
50;2025-11-07;1;2
50;2025-11-07;2;0
50;2025-11-07;3;0
50;2025-11-07;4;2
50;2025-11-07;5;66
50;2025-11-07;6;556
50;2025-11-07;7;1751
50;2025-11-07;8;2703
50;2025-11-07;9;2075
50;2025-11-07;10;1579
50;2025-11-07;11;1627
50;2025-11-07;12;1537
50;2025-11-07;13;1511
50;2025-11-07;14;1476
50;2025-11-07;15;1761
50;2025-11-07;16;2139
50;2025-11-07;17;2169
50;2025-11-07;18;1795
50;2025-11-07;19;1268
50;2025-11-07;20;840
50;2025-11-07;21;579
50;2025-11-07;22;311
50;2025-11-07;23;179
50;2025-11-08;0;18
50;2025-11-08;1;0
50;2025-11-08;2;0
50;2025-11-08;3;0
50;2025-11-08;4;0
50;2025-11-08;5;0
50;2025-11-08;6;0
50;2025-11-08;7;0
50;2025-11-08;8;0
50;2025-11-08;9;2
50;2025-11-08;10;4
50;2025-11-08;11;5
50;2025-11-08;12;10
50;2025-11-08;13;8
50;2025-11-08;14;6
50;2025-11-08;15;4
50;2025-11-08;16;6
50;2025-11-08;17;9
50;2025-11-08;18;8
50;2025-11-08;19;0
50;2025-11-08;20;2
50;2025-11-08;21;0
50;2025-11-08;22;1
50;2025-11-08;23;0
50;2025-11-09;0;18
50;2025-11-09;1;0
50;2025-11-09;2;0
50;2025-11-09;3;0
50;2025-11-09;4;0
50;2025-11-09;5;0
50;2025-11-09;6;0
50;2025-11-09;7;0
50;2025-11-09;8;0
50;2025-11-09;9;2
50;2025-11-09;10;4
50;2025-11-09;11;5
50;2025-11-09;12;10
50;2025-11-09;13;8
50;2025-11-09;14;6
50;2025-11-09;15;4
50;2025-11-09;16;6
50;2025-11-09;17;9
50;2025-11-09;18;8
50;2025-11-09;19;0
50;2025-11-09;20;2
50;2025-11-09;21;0
50;2025-11-09;22;1
50;2025-11-09;23;0
50;2025-11-10;0;24
50;2025-11-10;1;3
50;2025-11-10;2;0
50;2025-11-10;3;0
50;2025-11-10;4;3
50;2025-11-10;5;68
50;2025-11-10;6;524
50;2025-11-10;7;1737
50;2025-11-10;8;2738
50;2025-11-10;9;2156
50;2025-11-10;10;1615
50;2025-11-10;11;1519
50;2025-11-10;12;1357
50;2025-11-10;13;1431
50;2025-11-10;14;1354
50;2025-11-10;15;1602
50;2025-11-10;16;1615
50;2025-11-10;17;2243
50;2025-11-10;18;2493
50;2025-11-10;19;1459
50;2025-11-10;20;894
50;2025-11-10;21;605
50;2025-11-10;22;262
50;2025-11-10;23;121
50;2025-11-11;0;32
50;2025-11-11;1;2
50;2025-11-11;2;0
50;2025-11-11;3;0
50;2025-11-11;4;2
50;2025-11-11;5;65
50;2025-11-11;6;572
50;2025-11-11;7;1820
50;2025-11-11;8;2819
50;2025-11-11;9;2176
50;2025-11-11;10;1666
50;2025-11-11;11;1518
50;2025-11-11;12;1466
50;2025-11-11;13;1468
50;2025-11-11;14;1389
50;2025-11-11;15;1662
50;2025-11-11;16;1655
50;2025-11-11;17;2376
50;2025-11-11;18;2502
50;2025-11-11;19;1468
50;2025-11-11;20;921
50;2025-11-11;21;622
50;2025-11-11;22;269
50;2025-11-11;23;134
50;2025-11-12;0;33
50;2025-11-12;1;3
50;2025-11-12;2;0
50;2025-11-12;3;0
50;2025-11-12;4;3
50;2025-11-12;5;67
50;2025-11-12;6;528
50;2025-11-12;7;1738
50;2025-11-12;8;2764
50;2025-11-12;9;2104
50;2025-11-12;10;1615
50;2025-11-12;11;1556
50;2025-11-12;12;1431
50;2025-11-12;13;1462
50;2025-11-12;14;1426
50;2025-11-12;15;1662
50;2025-11-12;16;1698
50;2025-11-12;17;2330
50;2025-11-12;18;2430
50;2025-11-12;19;1543
50;2025-11-12;20;915
50;2025-11-12;21;638
50;2025-11-12;22;294
50;2025-11-12;23;137
50;2025-11-13;0;38
50;2025-11-13;1;2
50;2025-11-13;2;0
50;2025-11-13;3;0
50;2025-11-13;4;2
50;2025-11-13;5;70
50;2025-11-13;6;537
50;2025-11-13;7;1765
50;2025-11-13;8;2692
50;2025-11-13;9;2149
50;2025-11-13;10;1671
50;2025-11-13;11;1576
50;2025-11-13;12;1469
50;2025-11-13;13;1419
50;2025-11-13;14;1416
50;2025-11-13;15;1637
50;2025-11-13;16;1726
50;2025-11-13;17;2347
50;2025-11-13;18;2503
50;2025-11-13;19;1465
50;2025-11-13;20;951
50;2025-11-13;21;685
50;2025-11-13;22;292
50;2025-11-13;23;157
50;2025-11-14;0;38
50;2025-11-14;1;2
50;2025-11-14;2;0
50;2025-11-14;3;0
50;2025-11-14;4;2
50;2025-11-14;5;66
50;2025-11-14;6;556
50;2025-11-14;7;1751
50;2025-11-14;8;2703
50;2025-11-14;9;2075
50;2025-11-14;10;1579
50;2025-11-14;11;1627
50;2025-11-14;12;1537
50;2025-11-14;13;1511
50;2025-11-14;14;1476
50;2025-11-14;15;1761
50;2025-11-14;16;2139
50;2025-11-14;17;2169
50;2025-11-14;18;1795
50;2025-11-14;19;1268
50;2025-11-14;20;840
50;2025-11-14;21;579
50;2025-11-14;22;311
50;2025-11-14;23;179
50;2025-11-15;0;18
50;2025-11-15;1;0
50;2025-11-15;2;0
50;2025-11-15;3;0
50;2025-11-15;4;0
50;2025-11-15;5;0
50;2025-11-15;6;192
50;2025-11-15;7;426
50;2025-11-15;8;650
50;2025-11-15;9;700
50;2025-11-15;10;679
50;2025-11-15;11;885
50;2025-11-15;12;909
50;2025-11-15;13;931
50;2025-11-15;14;938
50;2025-11-15;15;893
50;2025-11-15;16;875
50;2025-11-15;17;870
50;2025-11-15;18;755
50;2025-11-15;19;687
50;2025-11-15;20;516
50;2025-11-15;21;441
50;2025-11-15;22;256
50;2025-11-15;23;153
50;2025-11-16;0;18
50;2025-11-16;1;0
50;2025-11-16;2;0
50;2025-11-16;3;0
50;2025-11-16;4;0
50;2025-11-16;5;0
50;2025-11-16;6;148
50;2025-11-16;7;279
50;2025-11-16;8;402
50;2025-11-16;9;505
50;2025-11-16;10;546
50;2025-11-16;11;688
50;2025-11-16;12;794
50;2025-11-16;13;837
50;2025-11-16;14;857
50;2025-11-16;15;807
50;2025-11-16;16;807
50;2025-11-16;17;794
50;2025-11-16;18;731
50;2025-11-16;19;618
50;2025-11-16;20;508
50;2025-11-16;21;404
50;2025-11-16;22;247
50;2025-11-16;23;131
50;2025-11-17;0;24
50;2025-11-17;1;3
50;2025-11-17;2;0
50;2025-11-17;3;0
50;2025-11-17;4;3
50;2025-11-17;5;68
50;2025-11-17;6;524
50;2025-11-17;7;1737
50;2025-11-17;8;2738
50;2025-11-17;9;2156
50;2025-11-17;10;1615
50;2025-11-17;11;1519
50;2025-11-17;12;1357
50;2025-11-17;13;1431
50;2025-11-17;14;1354
50;2025-11-17;15;1602
50;2025-11-17;16;1615
50;2025-11-17;17;2243
50;2025-11-17;18;2493
50;2025-11-17;19;1459
50;2025-11-17;20;894
50;2025-11-17;21;605
50;2025-11-17;22;262
50;2025-11-17;23;121
50;2025-11-18;0;32
50;2025-11-18;1;2
50;2025-11-18;2;0
50;2025-11-18;3;0
50;2025-11-18;4;2
50;2025-11-18;5;65
50;2025-11-18;6;572
50;2025-11-18;7;1820
50;2025-11-18;8;2819
50;2025-11-18;9;2176
50;2025-11-18;10;1666
50;2025-11-18;11;1518
50;2025-11-18;12;1466
50;2025-11-18;13;1468
50;2025-11-18;14;1389
50;2025-11-18;15;1662
50;2025-11-18;16;1655
50;2025-11-18;17;2376
50;2025-11-18;18;2502
50;2025-11-18;19;1468
50;2025-11-18;20;921
50;2025-11-18;21;622
50;2025-11-18;22;269
50;2025-11-18;23;134
50;2025-11-19;0;33
50;2025-11-19;1;3
50;2025-11-19;2;0
50;2025-11-19;3;0
50;2025-11-19;4;3
50;2025-11-19;5;67
50;2025-11-19;6;528
50;2025-11-19;7;1738
50;2025-11-19;8;2764
50;2025-11-19;9;2104
50;2025-11-19;10;1615
50;2025-11-19;11;1556
50;2025-11-19;12;1431
50;2025-11-19;13;1462
50;2025-11-19;14;1426
50;2025-11-19;15;1662
50;2025-11-19;16;1698
50;2025-11-19;17;2330
50;2025-11-19;18;2430
50;2025-11-19;19;1543
50;2025-11-19;20;915
50;2025-11-19;21;638
50;2025-11-19;22;294
50;2025-11-19;23;137
50;2025-11-20;0;38
50;2025-11-20;1;2
50;2025-11-20;2;0
50;2025-11-20;3;0
50;2025-11-20;4;2
50;2025-11-20;5;70
50;2025-11-20;6;537
50;2025-11-20;7;1765
50;2025-11-20;8;2692
50;2025-11-20;9;2149
50;2025-11-20;10;1671
50;2025-11-20;11;1576
50;2025-11-20;12;1469
50;2025-11-20;13;1419
50;2025-11-20;14;1416
50;2025-11-20;15;1637
50;2025-11-20;16;1726
50;2025-11-20;17;2347
50;2025-11-20;18;2503
50;2025-11-20;19;1465
50;2025-11-20;20;951
50;2025-11-20;21;685
50;2025-11-20;22;292
50;2025-11-20;23;157
50;2025-11-21;0;38
50;2025-11-21;1;2
50;2025-11-21;2;0
50;2025-11-21;3;0
50;2025-11-21;4;2
50;2025-11-21;5;66
50;2025-11-21;6;556
50;2025-11-21;7;1751
50;2025-11-21;8;2703
50;2025-11-21;9;2075
50;2025-11-21;10;1579
50;2025-11-21;11;1627
50;2025-11-21;12;1537
50;2025-11-21;13;1511
50;2025-11-21;14;1476
50;2025-11-21;15;1761
50;2025-11-21;16;2139
50;2025-11-21;17;2169
50;2025-11-21;18;1795
50;2025-11-21;19;1268
50;2025-11-21;20;840
50;2025-11-21;21;579
50;2025-11-21;22;311
50;2025-11-21;23;179
50;2025-11-22;0;18
50;2025-11-22;1;0
50;2025-11-22;2;0
50;2025-11-22;3;0
50;2025-11-22;4;0
50;2025-11-22;5;0
50;2025-11-22;6;192
50;2025-11-22;7;426
50;2025-11-22;8;650
50;2025-11-22;9;700
50;2025-11-22;10;679
50;2025-11-22;11;885
50;2025-11-22;12;909
50;2025-11-22;13;931
50;2025-11-22;14;938
50;2025-11-22;15;893
50;2025-11-22;16;875
50;2025-11-22;17;870
50;2025-11-22;18;755
50;2025-11-22;19;687
50;2025-11-22;20;516
50;2025-11-22;21;441
50;2025-11-22;22;256
50;2025-11-22;23;153
50;2025-11-23;0;18
50;2025-11-23;1;0
50;2025-11-23;2;0
50;2025-11-23;3;0
50;2025-11-23;4;0
50;2025-11-23;5;0
50;2025-11-23;6;148
50;2025-11-23;7;279
50;2025-11-23;8;402
50;2025-11-23;9;505
50;2025-11-23;10;546
50;2025-11-23;11;688
50;2025-11-23;12;794
50;2025-11-23;13;837
50;2025-11-23;14;857
50;2025-11-23;15;807
50;2025-11-23;16;807
50;2025-11-23;17;794
50;2025-11-23;18;731
50;2025-11-23;19;618
50;2025-11-23;20;508
50;2025-11-23;21;404
50;2025-11-23;22;247
50;2025-11-23;23;131
50;2025-11-24;0;24
50;2025-11-24;1;3
50;2025-11-24;2;0
50;2025-11-24;3;0
50;2025-11-24;4;3
50;2025-11-24;5;68
50;2025-11-24;6;524
50;2025-11-24;7;1737
50;2025-11-24;8;2738
50;2025-11-24;9;2156
50;2025-11-24;10;1615
50;2025-11-24;11;1519
50;2025-11-24;12;1357
50;2025-11-24;13;1431
50;2025-11-24;14;1354
50;2025-11-24;15;1602
50;2025-11-24;16;1615
50;2025-11-24;17;2243
50;2025-11-24;18;2493
50;2025-11-24;19;1459
50;2025-11-24;20;894
50;2025-11-24;21;605
50;2025-11-24;22;262
50;2025-11-24;23;121
50;2025-11-25;0;32
50;2025-11-25;1;2
50;2025-11-25;2;0
50;2025-11-25;3;0
50;2025-11-25;4;2
50;2025-11-25;5;65
50;2025-11-25;6;572
50;2025-11-25;7;1820
50;2025-11-25;8;2819
50;2025-11-25;9;2176
50;2025-11-25;10;1666
50;2025-11-25;11;1518
50;2025-11-25;12;1466
50;2025-11-25;13;1468
50;2025-11-25;14;1389
50;2025-11-25;15;1662
50;2025-11-25;16;1655
50;2025-11-25;17;2376
50;2025-11-25;18;2502
50;2025-11-25;19;1468
50;2025-11-25;20;921
50;2025-11-25;21;622
50;2025-11-25;22;269
50;2025-11-25;23;134
50;2025-11-26;0;33
50;2025-11-26;1;3
50;2025-11-26;2;0
50;2025-11-26;3;0
50;2025-11-26;4;3
50;2025-11-26;5;67
50;2025-11-26;6;528
50;2025-11-26;7;1738
50;2025-11-26;8;2764
50;2025-11-26;9;2104
50;2025-11-26;10;1615
50;2025-11-26;11;1556
50;2025-11-26;12;1431
50;2025-11-26;13;1462
50;2025-11-26;14;1426
50;2025-11-26;15;1662
50;2025-11-26;16;1698
50;2025-11-26;17;2330
50;2025-11-26;18;2430
50;2025-11-26;19;1543
50;2025-11-26;20;915
50;2025-11-26;21;638
50;2025-11-26;22;294
50;2025-11-26;23;137
50;2025-11-27;0;38
50;2025-11-27;1;2
50;2025-11-27;2;0
50;2025-11-27;3;0
50;2025-11-27;4;2
50;2025-11-27;5;70
50;2025-11-27;6;537
50;2025-11-27;7;1765
50;2025-11-27;8;2692
50;2025-11-27;9;2149
50;2025-11-27;10;1671
50;2025-11-27;11;1576
50;2025-11-27;12;1469
50;2025-11-27;13;1419
50;2025-11-27;14;1416
50;2025-11-27;15;1637
50;2025-11-27;16;1726
50;2025-11-27;17;2347
50;2025-11-27;18;2503
50;2025-11-27;19;1465
50;2025-11-27;20;951
50;2025-11-27;21;685
50;2025-11-27;22;292
50;2025-11-27;23;157
50;2025-11-28;0;38
50;2025-11-28;1;2
50;2025-11-28;2;0
50;2025-11-28;3;0
50;2025-11-28;4;2
50;2025-11-28;5;66
50;2025-11-28;6;556
50;2025-11-28;7;1751
50;2025-11-28;8;2703
50;2025-11-28;9;2075
50;2025-11-28;10;1579
50;2025-11-28;11;1627
50;2025-11-28;12;1537
50;2025-11-28;13;1511
50;2025-11-28;14;1476
50;2025-11-28;15;1761
50;2025-11-28;16;2139
50;2025-11-28;17;2169
50;2025-11-28;18;1795
50;2025-11-28;19;1268
50;2025-11-28;20;840
50;2025-11-28;21;579
50;2025-11-28;22;311
50;2025-11-28;23;179
50;2025-11-29;0;18
50;2025-11-29;1;0
50;2025-11-29;2;0
50;2025-11-29;3;0
50;2025-11-29;4;0
50;2025-11-29;5;0
50;2025-11-29;6;192
50;2025-11-29;7;426
50;2025-11-29;8;650
50;2025-11-29;9;700
50;2025-11-29;10;679
50;2025-11-29;11;885
50;2025-11-29;12;909
50;2025-11-29;13;931
50;2025-11-29;14;938
50;2025-11-29;15;893
50;2025-11-29;16;875
50;2025-11-29;17;870
50;2025-11-29;18;755
50;2025-11-29;19;687
50;2025-11-29;20;516
50;2025-11-29;21;441
50;2025-11-29;22;256
50;2025-11-29;23;153
50;2025-11-30;0;18
50;2025-11-30;1;0
50;2025-11-30;2;0
50;2025-11-30;3;0
50;2025-11-30;4;0
50;2025-11-30;5;0
50;2025-11-30;6;148
50;2025-11-30;7;279
50;2025-11-30;8;402
50;2025-11-30;9;505
50;2025-11-30;10;546
50;2025-11-30;11;688
50;2025-11-30;12;794
50;2025-11-30;13;837
50;2025-11-30;14;857
50;2025-11-30;15;807
50;2025-11-30;16;807
50;2025-11-30;17;794
50;2025-11-30;18;731
50;2025-11-30;19;618
50;2025-11-30;20;508
50;2025-11-30;21;404
50;2025-11-30;22;247
50;2025-11-30;23;131
50;2025-12-01;0;24
50;2025-12-01;1;3
50;2025-12-01;2;0
50;2025-12-01;3;0
50;2025-12-01;4;3
50;2025-12-01;5;68
50;2025-12-01;6;524
50;2025-12-01;7;1737
50;2025-12-01;8;2738
50;2025-12-01;9;2156
50;2025-12-01;10;1615
50;2025-12-01;11;1519
50;2025-12-01;12;1357
50;2025-12-01;13;1431
50;2025-12-01;14;1354
50;2025-12-01;15;1602
50;2025-12-01;16;1615
50;2025-12-01;17;2243
50;2025-12-01;18;2493
50;2025-12-01;19;1459
50;2025-12-01;20;894
50;2025-12-01;21;605
50;2025-12-01;22;262
50;2025-12-01;23;121
50;2025-12-02;0;32
50;2025-12-02;1;2
50;2025-12-02;2;0
50;2025-12-02;3;0
50;2025-12-02;4;2
50;2025-12-02;5;65
50;2025-12-02;6;572
50;2025-12-02;7;1820
50;2025-12-02;8;2819
50;2025-12-02;9;2176
50;2025-12-02;10;1666
50;2025-12-02;11;1518
50;2025-12-02;12;1466
50;2025-12-02;13;1468
50;2025-12-02;14;1389
50;2025-12-02;15;1662
50;2025-12-02;16;1655
50;2025-12-02;17;2376
50;2025-12-02;18;2502
50;2025-12-02;19;1468
50;2025-12-02;20;921
50;2025-12-02;21;622
50;2025-12-02;22;269
50;2025-12-02;23;134
50;2025-12-03;0;33
50;2025-12-03;1;3
50;2025-12-03;2;0
50;2025-12-03;3;0
50;2025-12-03;4;3
50;2025-12-03;5;67
50;2025-12-03;6;528
50;2025-12-03;7;1738
50;2025-12-03;8;2764
50;2025-12-03;9;2104
50;2025-12-03;10;1615
50;2025-12-03;11;1556
50;2025-12-03;12;1431
50;2025-12-03;13;1462
50;2025-12-03;14;1426
50;2025-12-03;15;1662
50;2025-12-03;16;1698
50;2025-12-03;17;2330
50;2025-12-03;18;2430
50;2025-12-03;19;1543
50;2025-12-03;20;915
50;2025-12-03;21;638
50;2025-12-03;22;294
50;2025-12-03;23;137
50;2025-12-04;0;38
50;2025-12-04;1;2
50;2025-12-04;2;0
50;2025-12-04;3;0
50;2025-12-04;4;2
50;2025-12-04;5;70
50;2025-12-04;6;537
50;2025-12-04;7;1765
50;2025-12-04;8;2692
50;2025-12-04;9;2149
50;2025-12-04;10;1671
50;2025-12-04;11;1576
50;2025-12-04;12;1469
50;2025-12-04;13;1419
50;2025-12-04;14;1416
50;2025-12-04;15;1637
50;2025-12-04;16;1726
50;2025-12-04;17;2347
50;2025-12-04;18;2503
50;2025-12-04;19;1465
50;2025-12-04;20;951
50;2025-12-04;21;685
50;2025-12-04;22;292
50;2025-12-04;23;157
50;2025-12-05;0;38
50;2025-12-05;1;2
50;2025-12-05;2;0
50;2025-12-05;3;0
50;2025-12-05;4;2
50;2025-12-05;5;66
50;2025-12-05;6;556
50;2025-12-05;7;1751
50;2025-12-05;8;2703
50;2025-12-05;9;2075
50;2025-12-05;10;1579
50;2025-12-05;11;1627
50;2025-12-05;12;1537
50;2025-12-05;13;1511
50;2025-12-05;14;1476
50;2025-12-05;15;1761
50;2025-12-05;16;2139
50;2025-12-05;17;2169
50;2025-12-05;18;1795
50;2025-12-05;19;1268
50;2025-12-05;20;840
50;2025-12-05;21;579
50;2025-12-05;22;311
50;2025-12-05;23;179
50;2025-12-06;0;18
50;2025-12-06;1;0
50;2025-12-06;2;0
50;2025-12-06;3;0
50;2025-12-06;4;0
50;2025-12-06;5;0
50;2025-12-06;6;192
50;2025-12-06;7;426
50;2025-12-06;8;650
50;2025-12-06;9;700
50;2025-12-06;10;679
50;2025-12-06;11;885
50;2025-12-06;12;909
50;2025-12-06;13;931
50;2025-12-06;14;938
50;2025-12-06;15;893
50;2025-12-06;16;875
50;2025-12-06;17;870
50;2025-12-06;18;755
50;2025-12-06;19;687
50;2025-12-06;20;516
50;2025-12-06;21;441
50;2025-12-06;22;256
50;2025-12-06;23;153
50;2025-12-07;0;18
50;2025-12-07;1;0
50;2025-12-07;2;0
50;2025-12-07;3;0
50;2025-12-07;4;0
50;2025-12-07;5;0
50;2025-12-07;6;148
50;2025-12-07;7;279
50;2025-12-07;8;402
50;2025-12-07;9;505
50;2025-12-07;10;546
50;2025-12-07;11;688
50;2025-12-07;12;794
50;2025-12-07;13;837
50;2025-12-07;14;857
50;2025-12-07;15;807
50;2025-12-07;16;807
50;2025-12-07;17;794
50;2025-12-07;18;731
50;2025-12-07;19;618
50;2025-12-07;20;508
50;2025-12-07;21;404
50;2025-12-07;22;247
50;2025-12-07;23;131
50;2025-12-08;0;24
50;2025-12-08;1;3
50;2025-12-08;2;0
50;2025-12-08;3;0
50;2025-12-08;4;3
50;2025-12-08;5;68
50;2025-12-08;6;524
50;2025-12-08;7;1737
50;2025-12-08;8;2738
50;2025-12-08;9;2156
50;2025-12-08;10;1615
50;2025-12-08;11;1519
50;2025-12-08;12;1357
50;2025-12-08;13;1431
50;2025-12-08;14;1354
50;2025-12-08;15;1602
50;2025-12-08;16;1615
50;2025-12-08;17;2243
50;2025-12-08;18;2493
50;2025-12-08;19;1459
50;2025-12-08;20;894
50;2025-12-08;21;605
50;2025-12-08;22;262
50;2025-12-08;23;121
50;2025-12-09;0;32
50;2025-12-09;1;2
50;2025-12-09;2;0
50;2025-12-09;3;0
50;2025-12-09;4;2
50;2025-12-09;5;65
50;2025-12-09;6;572
50;2025-12-09;7;1820
50;2025-12-09;8;2819
50;2025-12-09;9;2176
50;2025-12-09;10;1666
50;2025-12-09;11;1518
50;2025-12-09;12;1466
50;2025-12-09;13;1468
50;2025-12-09;14;1389
50;2025-12-09;15;1662
50;2025-12-09;16;1655
50;2025-12-09;17;2376
50;2025-12-09;18;2502
50;2025-12-09;19;1468
50;2025-12-09;20;921
50;2025-12-09;21;622
50;2025-12-09;22;269
50;2025-12-09;23;134
50;2025-12-10;0;33
50;2025-12-10;1;3
50;2025-12-10;2;0
50;2025-12-10;3;0
50;2025-12-10;4;3
50;2025-12-10;5;67
50;2025-12-10;6;528
50;2025-12-10;7;1738
50;2025-12-10;8;2764
50;2025-12-10;9;2104
50;2025-12-10;10;1615
50;2025-12-10;11;1556
50;2025-12-10;12;1431
50;2025-12-10;13;1462
50;2025-12-10;14;1426
50;2025-12-10;15;1662
50;2025-12-10;16;1698
50;2025-12-10;17;2330
50;2025-12-10;18;2430
50;2025-12-10;19;1543
50;2025-12-10;20;915
50;2025-12-10;21;638
50;2025-12-10;22;294
50;2025-12-10;23;137
50;2025-12-11;0;38
50;2025-12-11;1;2
50;2025-12-11;2;0
50;2025-12-11;3;0
50;2025-12-11;4;2
50;2025-12-11;5;70
50;2025-12-11;6;537
50;2025-12-11;7;1765
50;2025-12-11;8;2692
50;2025-12-11;9;2149
50;2025-12-11;10;1671
50;2025-12-11;11;1576
50;2025-12-11;12;1469
50;2025-12-11;13;1419
50;2025-12-11;14;1416
50;2025-12-11;15;1637
50;2025-12-11;16;1726
50;2025-12-11;17;2347
50;2025-12-11;18;2503
50;2025-12-11;19;1465
50;2025-12-11;20;951
50;2025-12-11;21;685
50;2025-12-11;22;292
50;2025-12-11;23;157
50;2025-12-12;0;38
50;2025-12-12;1;2
50;2025-12-12;2;0
50;2025-12-12;3;0
50;2025-12-12;4;2
50;2025-12-12;5;66
50;2025-12-12;6;556
50;2025-12-12;7;1751
50;2025-12-12;8;2703
50;2025-12-12;9;2075
50;2025-12-12;10;1579
50;2025-12-12;11;1627
50;2025-12-12;12;1537
50;2025-12-12;13;1511
50;2025-12-12;14;1476
50;2025-12-12;15;1761
50;2025-12-12;16;2139
50;2025-12-12;17;2169
50;2025-12-12;18;1795
50;2025-12-12;19;1268
50;2025-12-12;20;840
50;2025-12-12;21;579
50;2025-12-12;22;311
50;2025-12-12;23;179
50;2025-12-13;0;18
50;2025-12-13;1;0
50;2025-12-13;2;0
50;2025-12-13;3;0
50;2025-12-13;4;0
50;2025-12-13;5;0
50;2025-12-13;6;192
50;2025-12-13;7;426
50;2025-12-13;8;650
50;2025-12-13;9;700
50;2025-12-13;10;679
50;2025-12-13;11;885
50;2025-12-13;12;909
50;2025-12-13;13;931
50;2025-12-13;14;938
50;2025-12-13;15;893
50;2025-12-13;16;875
50;2025-12-13;17;870
50;2025-12-13;18;755
50;2025-12-13;19;687
50;2025-12-13;20;516
50;2025-12-13;21;441
50;2025-12-13;22;256
50;2025-12-13;23;153
50;2025-12-14;0;18
50;2025-12-14;1;0
50;2025-12-14;2;0
50;2025-12-14;3;0
50;2025-12-14;4;0
50;2025-12-14;5;0
50;2025-12-14;6;148
50;2025-12-14;7;279
50;2025-12-14;8;402
50;2025-12-14;9;505
50;2025-12-14;10;546
50;2025-12-14;11;688
50;2025-12-14;12;794
50;2025-12-14;13;837
50;2025-12-14;14;857
50;2025-12-14;15;807
50;2025-12-14;16;807
50;2025-12-14;17;794
50;2025-12-14;18;731
50;2025-12-14;19;618
50;2025-12-14;20;508
50;2025-12-14;21;404
50;2025-12-14;22;247
50;2025-12-14;23;131
50;2025-12-15;0;24
50;2025-12-15;1;3
50;2025-12-15;2;0
50;2025-12-15;3;0
50;2025-12-15;4;3
50;2025-12-15;5;68
50;2025-12-15;6;524
50;2025-12-15;7;1737
50;2025-12-15;8;2738
50;2025-12-15;9;2156
50;2025-12-15;10;1615
50;2025-12-15;11;1519
50;2025-12-15;12;1357
50;2025-12-15;13;1431
50;2025-12-15;14;1354
50;2025-12-15;15;1602
50;2025-12-15;16;1615
50;2025-12-15;17;2243
50;2025-12-15;18;2493
50;2025-12-15;19;1459
50;2025-12-15;20;894
50;2025-12-15;21;605
50;2025-12-15;22;262
50;2025-12-15;23;121
50;2025-12-16;0;32
50;2025-12-16;1;2
50;2025-12-16;2;0
50;2025-12-16;3;0
50;2025-12-16;4;2
50;2025-12-16;5;65
50;2025-12-16;6;572
50;2025-12-16;7;1820
50;2025-12-16;8;2819
50;2025-12-16;9;2176
50;2025-12-16;10;1666
50;2025-12-16;11;1518
50;2025-12-16;12;1466
50;2025-12-16;13;1468
50;2025-12-16;14;1389
50;2025-12-16;15;1662
50;2025-12-16;16;1655
50;2025-12-16;17;2376
50;2025-12-16;18;2502
50;2025-12-16;19;1468
50;2025-12-16;20;921
50;2025-12-16;21;622
50;2025-12-16;22;269
50;2025-12-16;23;134
50;2025-12-17;0;33
50;2025-12-17;1;3
50;2025-12-17;2;0
50;2025-12-17;3;0
50;2025-12-17;4;3
50;2025-12-17;5;67
50;2025-12-17;6;528
50;2025-12-17;7;1738
50;2025-12-17;8;2764
50;2025-12-17;9;2104
50;2025-12-17;10;1615
50;2025-12-17;11;1556
50;2025-12-17;12;1431
50;2025-12-17;13;1462
50;2025-12-17;14;1426
50;2025-12-17;15;1662
50;2025-12-17;16;1698
50;2025-12-17;17;2330
50;2025-12-17;18;2430
50;2025-12-17;19;1543
50;2025-12-17;20;915
50;2025-12-17;21;638
50;2025-12-17;22;294
50;2025-12-17;23;137
50;2025-12-18;0;38
50;2025-12-18;1;2
50;2025-12-18;2;0
50;2025-12-18;3;0
50;2025-12-18;4;2
50;2025-12-18;5;70
50;2025-12-18;6;537
50;2025-12-18;7;1765
50;2025-12-18;8;2692
50;2025-12-18;9;2149
50;2025-12-18;10;1671
50;2025-12-18;11;1576
50;2025-12-18;12;1469
50;2025-12-18;13;1419
50;2025-12-18;14;1416
50;2025-12-18;15;1637
50;2025-12-18;16;1726
50;2025-12-18;17;2347
50;2025-12-18;18;2503
50;2025-12-18;19;1465
50;2025-12-18;20;951
50;2025-12-18;21;685
50;2025-12-18;22;292
50;2025-12-18;23;157
50;2025-12-19;0;38
50;2025-12-19;1;2
50;2025-12-19;2;0
50;2025-12-19;3;0
50;2025-12-19;4;2
50;2025-12-19;5;66
50;2025-12-19;6;556
50;2025-12-19;7;1751
50;2025-12-19;8;2703
50;2025-12-19;9;2075
50;2025-12-19;10;1579
50;2025-12-19;11;1627
50;2025-12-19;12;1537
50;2025-12-19;13;1511
50;2025-12-19;14;1476
50;2025-12-19;15;1761
50;2025-12-19;16;2139
50;2025-12-19;17;2169
50;2025-12-19;18;1795
50;2025-12-19;19;1268
50;2025-12-19;20;840
50;2025-12-19;21;579
50;2025-12-19;22;311
50;2025-12-19;23;179
50;2025-12-20;0;18
50;2025-12-20;1;0
50;2025-12-20;2;0
50;2025-12-20;3;0
50;2025-12-20;4;0
50;2025-12-20;5;0
50;2025-12-20;6;192
50;2025-12-20;7;426
50;2025-12-20;8;650
50;2025-12-20;9;700
50;2025-12-20;10;679
50;2025-12-20;11;885
50;2025-12-20;12;909
50;2025-12-20;13;931
50;2025-12-20;14;938
50;2025-12-20;15;893
50;2025-12-20;16;875
50;2025-12-20;17;870
50;2025-12-20;18;755
50;2025-12-20;19;687
50;2025-12-20;20;516
50;2025-12-20;21;441
50;2025-12-20;22;256
50;2025-12-20;23;153
50;2025-12-21;0;18
50;2025-12-21;1;0
50;2025-12-21;2;0
50;2025-12-21;3;0
50;2025-12-21;4;0
50;2025-12-21;5;0
50;2025-12-21;6;148
50;2025-12-21;7;279
50;2025-12-21;8;402
50;2025-12-21;9;505
50;2025-12-21;10;546
50;2025-12-21;11;688
50;2025-12-21;12;794
50;2025-12-21;13;837
50;2025-12-21;14;857
50;2025-12-21;15;807
50;2025-12-21;16;807
50;2025-12-21;17;794
50;2025-12-21;18;731
50;2025-12-21;19;618
50;2025-12-21;20;508
50;2025-12-21;21;404
50;2025-12-21;22;247
50;2025-12-21;23;131
50;2025-12-22;0;24
50;2025-12-22;1;3
50;2025-12-22;2;0
50;2025-12-22;3;0
50;2025-12-22;4;3
50;2025-12-22;5;68
50;2025-12-22;6;524
50;2025-12-22;7;1737
50;2025-12-22;8;2738
50;2025-12-22;9;2156
50;2025-12-22;10;1615
50;2025-12-22;11;1519
50;2025-12-22;12;1357
50;2025-12-22;13;1431
50;2025-12-22;14;1354
50;2025-12-22;15;1602
50;2025-12-22;16;1615
50;2025-12-22;17;2243
50;2025-12-22;18;2493
50;2025-12-22;19;1459
50;2025-12-22;20;894
50;2025-12-22;21;605
50;2025-12-22;22;262
50;2025-12-22;23;121
50;2025-12-23;0;32
50;2025-12-23;1;2
50;2025-12-23;2;0
50;2025-12-23;3;0
50;2025-12-23;4;2
50;2025-12-23;5;65
50;2025-12-23;6;572
50;2025-12-23;7;1820
50;2025-12-23;8;2819
50;2025-12-23;9;2176
50;2025-12-23;10;1666
50;2025-12-23;11;1518
50;2025-12-23;12;1466
50;2025-12-23;13;1468
50;2025-12-23;14;1389
50;2025-12-23;15;1662
50;2025-12-23;16;1655
50;2025-12-23;17;2376
50;2025-12-23;18;2502
50;2025-12-23;19;1468
50;2025-12-23;20;921
50;2025-12-23;21;622
50;2025-12-23;22;269
50;2025-12-23;23;134
50;2025-12-24;0;33
50;2025-12-24;1;3
50;2025-12-24;2;0
50;2025-12-24;3;0
50;2025-12-24;4;3
50;2025-12-24;5;67
50;2025-12-24;6;528
50;2025-12-24;7;1738
50;2025-12-24;8;2764
50;2025-12-24;9;2104
50;2025-12-24;10;1615
50;2025-12-24;11;1556
50;2025-12-24;12;1431
50;2025-12-24;13;1462
50;2025-12-24;14;1426
50;2025-12-24;15;1662
50;2025-12-24;16;1698
50;2025-12-24;17;2330
50;2025-12-24;18;2430
50;2025-12-24;19;1543
50;2025-12-24;20;915
50;2025-12-24;21;638
50;2025-12-24;22;294
50;2025-12-24;23;137
50;2025-12-25;0;38
50;2025-12-25;1;2
50;2025-12-25;2;0
50;2025-12-25;3;0
50;2025-12-25;4;2
50;2025-12-25;5;70
50;2025-12-25;6;537
50;2025-12-25;7;1765
50;2025-12-25;8;2692
50;2025-12-25;9;2149
50;2025-12-25;10;1671
50;2025-12-25;11;1576
50;2025-12-25;12;1469
50;2025-12-25;13;1419
50;2025-12-25;14;1416
50;2025-12-25;15;1637
50;2025-12-25;16;1726
50;2025-12-25;17;2347
50;2025-12-25;18;2503
50;2025-12-25;19;1465
50;2025-12-25;20;951
50;2025-12-25;21;685
50;2025-12-25;22;292
50;2025-12-25;23;157
50;2025-12-26;0;38
50;2025-12-26;1;2
50;2025-12-26;2;0
50;2025-12-26;3;0
50;2025-12-26;4;2
50;2025-12-26;5;66
50;2025-12-26;6;556
50;2025-12-26;7;1751
50;2025-12-26;8;2703
50;2025-12-26;9;2075
50;2025-12-26;10;1579
50;2025-12-26;11;1627
50;2025-12-26;12;1537
50;2025-12-26;13;1511
50;2025-12-26;14;1476
50;2025-12-26;15;1761
50;2025-12-26;16;2139
50;2025-12-26;17;2169
50;2025-12-26;18;1795
50;2025-12-26;19;1268
50;2025-12-26;20;840
50;2025-12-26;21;579
50;2025-12-26;22;311
50;2025-12-26;23;179
50;2025-12-27;0;18
50;2025-12-27;1;0
50;2025-12-27;2;0
50;2025-12-27;3;0
50;2025-12-27;4;0
50;2025-12-27;5;0
50;2025-12-27;6;192
50;2025-12-27;7;426
50;2025-12-27;8;650
50;2025-12-27;9;700
50;2025-12-27;10;679
50;2025-12-27;11;885
50;2025-12-27;12;909
50;2025-12-27;13;931
50;2025-12-27;14;938
50;2025-12-27;15;893
50;2025-12-27;16;875
50;2025-12-27;17;870
50;2025-12-27;18;755
50;2025-12-27;19;687
50;2025-12-27;20;516
50;2025-12-27;21;441
50;2025-12-27;22;256
50;2025-12-27;23;153
50;2025-12-28;0;18
50;2025-12-28;1;0
50;2025-12-28;2;0
50;2025-12-28;3;0
50;2025-12-28;4;0
50;2025-12-28;5;0
50;2025-12-28;6;148
50;2025-12-28;7;279
50;2025-12-28;8;402
50;2025-12-28;9;505
50;2025-12-28;10;546
50;2025-12-28;11;688
50;2025-12-28;12;794
50;2025-12-28;13;837
50;2025-12-28;14;857
50;2025-12-28;15;807
50;2025-12-28;16;807
50;2025-12-28;17;794
50;2025-12-28;18;731
50;2025-12-28;19;618
50;2025-12-28;20;508
50;2025-12-28;21;404
50;2025-12-28;22;247
50;2025-12-28;23;131
50;2025-12-29;0;24
50;2025-12-29;1;3
50;2025-12-29;2;0
50;2025-12-29;3;0
50;2025-12-29;4;3
50;2025-12-29;5;68
50;2025-12-29;6;524
50;2025-12-29;7;1737
50;2025-12-29;8;2738
50;2025-12-29;9;2156
50;2025-12-29;10;1615
50;2025-12-29;11;1519
50;2025-12-29;12;1357
50;2025-12-29;13;1431
50;2025-12-29;14;1354
50;2025-12-29;15;1602
50;2025-12-29;16;1615
50;2025-12-29;17;2243
50;2025-12-29;18;2493
50;2025-12-29;19;1459
50;2025-12-29;20;894
50;2025-12-29;21;605
50;2025-12-29;22;262
50;2025-12-29;23;121
50;2025-12-30;0;32
50;2025-12-30;1;2
50;2025-12-30;2;0
50;2025-12-30;3;0
50;2025-12-30;4;2
50;2025-12-30;5;65
50;2025-12-30;6;572
50;2025-12-30;7;1820
50;2025-12-30;8;2819
50;2025-12-30;9;2176
50;2025-12-30;10;1666
50;2025-12-30;11;1518
50;2025-12-30;12;1466
50;2025-12-30;13;1468
50;2025-12-30;14;1389
50;2025-12-30;15;1662
50;2025-12-30;16;1655
50;2025-12-30;17;2376
50;2025-12-30;18;2502
50;2025-12-30;19;1468
50;2025-12-30;20;921
50;2025-12-30;21;622
50;2025-12-30;22;269
50;2025-12-30;23;134
50;2025-12-31;0;55
50;2025-12-31;1;7
50;2025-12-31;2;0
50;2025-12-31;3;0
50;2025-12-31;4;1
50;2025-12-31;5;31
50;2025-12-31;6;139
50;2025-12-31;7;261
50;2025-12-31;8;377
50;2025-12-31;9;474
50;2025-12-31;10;512
50;2025-12-31;11;645
50;2025-12-31;12;744
50;2025-12-31;13;785
50;2025-12-31;14;804
50;2025-12-31;15;757
50;2025-12-31;16;757
50;2025-12-31;17;744
50;2025-12-31;18;685
50;2025-12-31;19;579
50;2025-12-31;20;476
50;2025-12-31;21;379
50;2025-12-31;22;232
50;2025-12-31;23;122
