"global_id";"Stop times code";"Trip code";"Arrival time";"Departure time";"Stop code";"Distance from the beginning of the route";"Type landing";"Destination is displayed";"Number stop";"Type of trip";"Interval on the route";
"global_id";"Код расписания";"Код рейса";"Время прибытия";"Время отправления";"Код остановки";"Расстояние от начала маршрута, км";"Тип посадки";"Пункт назначения рейса, отображающийся на информационном табло";"Номер остановки по пути следования";"Тип рейса";"Интервал на маршруте";
"2840145573";"";"3736_3173780_2_201";"06:02:00";"06:02:00";"1001795";"";"";"";"16";"";"";
"2840152363";"";"3736_3173780_2_201";"05:56:00";"05:56:00";"16608";"";"";"";"12";"";"";
"2840152411";"";"3736_3173780_2_201";"05:44:00";"05:44:00";"22631";"";"";"";"3";"";"";
"2840152432";"";"3736_3173780_2_201";"05:43:00";"05:43:00";"22632";"";"";"";"2";"";"";
"2840152697";"";"3736_3173780_2_201";"05:41:00";"05:41:00";"22101";"";"";"";"1";"";"";
"2840152755";"";"3736_3173780_2_201";"05:55:00";"05:55:00";"16606";"";"";"";"11";"";"";
"2840152884";"";"3736_3173780_2_201";"05:53:00";"05:53:00";"10559";"";"";"";"10";"";"";
"2840153133";"";"3736_3173780_2_201";"05:50:00";"05:50:00";"6289";"";"";"";"7";"";"";
"2840153201";"";"3736_3173780_2_201";"05:49:00";"05:49:00";"1000594";"";"";"";"6";"";"";
"2840153315";"";"3736_3173780_2_201";"05:52:00";"05:52:00";"6598";"";"";"";"9";"";"";
"2840153447";"";"3736_3173780_2_201";"05:51:00";"05:51:00";"6290";"";"";"";"8";"";"";
"2840153507";"";"3736_3173780_2_201";"05:47:00";"05:47:00";"22626";"";"";"";"5";"";"";
"2840153551";"";"3736_3173780_2_201";"06:01:00";"06:01:00";"16612";"";"";"";"15";"";"";
"2840153767";"";"3736_3173780_2_201";"05:46:00";"05:46:00";"22629";"";"";"";"4";"";"";
"2840153844";"";"3736_3173780_2_201";"05:59:00";"05:59:00";"16611";"";"";"";"14";"";"";
"2840153882";"";"3736_3173780_2_201";"05:58:00";"05:58:00";"16609";"";"";"";"13";"";"";
"2841152277";"";"3736_3173780_9_204";"09:24:00";"09:24:00";"21549";"";"";"";"6";"";"";
"2841152818";"";"3736_3173780_9_204";"09:28:00";"09:28:00";"6295";"";"";"";"10";"";"";
"2841153275";"";"3736_3173780_9_204";"09:27:00";"09:27:00";"1000596";"";"";"";"9";"";"";
"2841153717";"";"3736_3173780_9_204";"09:39:00";"09:39:00";"22101";"";"";"";"16";"";"";
"2841154282";"";"3736_3173780_9_204";"09:36:00";"09:36:00";"22633";"";"";"";"15";"";"";
"2841154759";"";"3736_3173780_9_204";"09:34:00";"09:34:00";"22630";"";"";"";"14";"";"";
"2841154798";"";"3736_3173780_9_204";"09:22:00";"09:22:00";"16607";"";"";"";"5";"";"";
"2841155275";"";"3736_3173780_9_204";"09:32:00";"09:32:00";"22627";"";"";"";"12";"";"";
"2841156275";"";"3736_3173780_9_204";"09:29:00";"09:29:00";"22621";"";"";"";"11";"";"";
"2841156330";"";"3736_3173780_9_204";"09:19:00";"09:19:00";"1002779";"";"";"";"3";"";"";
"2841156934";"";"3736_3173780_9_204";"09:17:00";"09:17:00";"16614";"";"";"";"2";"";"";
"2841157499";"";"3736_3173780_9_204";"09:16:00";"09:16:00";"1001795";"";"";"";"1";"";"";
"2841157505";"";"3736_3173780_9_204";"09:20:00";"09:20:00";"16610";"";"";"";"4";"";"";
"2841158036";"";"3736_3173780_9_204";"09:33:00";"09:33:00";"22628";"";"";"";"13";"";"";
"2841159160";"";"3736_3173780_9_204";"09:26:00";"09:26:00";"6294";"";"";"";"8";"";"";
"2841159566";"";"3736_3173780_9_204";"09:25:00";"09:25:00";"10560";"";"";"";"7";"";"";
"5076946349";"";"4443_100031456_17_9";"23:49:00";"23:49:00";"693";"";"";"";"4";"";"";
"5076946453";"";"4443_100031456_17_9";"24:24:00";"24:24:00";"857";"";"";"";"28";"";"";
"5076946485";"";"4443_100031456_17_9";"24:07:00";"24:07:00";"460";"";"";"";"19";"";"";
"5076946487";"";"4443_100031456_17_9";"24:12:00";"24:12:00";"854";"";"";"";"23";"";"";
"5076946598";"";"4443_100031456_17_9";"24:19:00";"24:19:00";"1406";"";"";"";"25";"";"";
"5076946677";"";"4443_100031456_17_9";"24:01:00";"24:01:00";"774";"";"";"";"15";"";"";
"5076946709";"";"4443_100031456_17_9";"23:53:00";"23:53:00";"697";"";"";"";"8";"";"";
"5076946728";"";"4443_100031456_17_9";"24:11:00";"24:11:00";"13637";"";"";"";"22";"";"";
"5076946732";"";"4443_100031456_17_9";"24:10:00";"24:10:00";"853";"";"";"";"21";"";"";
"5076946742";"";"4443_100031456_17_9";"23:57:00";"23:57:00";"738";"";"";"";"12";"";"";
"5076946768";"";"4443_100031456_17_9";"24:14:00";"24:14:00";"15355";"";"";"";"24";"";"";
"5076946777";"";"4443_100031456_17_9";"24:08:00";"24:08:00";"1037";"";"";"";"20";"";"";
"5076946785";"";"4443_100031456_17_9";"23:55:00";"23:55:00";"699";"";"";"";"10";"";"";
"5076946791";"";"4443_100031456_17_9";"24:20:00";"24:20:00";"1405";"";"";"";"26";"";"";
"5076946805";"";"4443_100031456_17_9";"23:50:00";"23:50:00";"694";"";"";"";"5";"";"";
"5076946813";"";"4443_100031456_17_9";"24:04:00";"24:04:00";"18071";"";"";"";"18";"";"";
"5076946828";"";"4443_100031456_17_9";"24:22:00";"24:22:00";"849";"";"";"";"27";"";"";
"5076946872";"";"4443_100031456_17_9";"23:47:00";"23:47:00";"728";"";"";"";"2";"";"";
"5076946887";"";"4443_100031456_17_9";"24:27:00";"24:27:00";"1000512";"";"";"";"31";"";"";
"5076946949";"";"4443_100031456_17_9";"24:25:00";"24:25:00";"858";"";"";"";"29";"";"";
"5076947038";"";"4443_100031456_17_9";"23:51:00";"23:51:00";"695";"";"";"";"6";"";"";
"5076947039";"";"4443_100031456_17_9";"23:54:00";"23:54:00";"698";"";"";"";"9";"";"";
"5076947048";"";"4443_100031456_17_9";"23:52:00";"23:52:00";"696";"";"";"";"7";"";"";
"5076947062";"";"4443_100031456_17_9";"24:01:00";"24:01:00";"775";"";"";"";"16";"";"";
"5076947064";"";"4443_100031456_17_9";"23:56:00";"23:56:00";"701";"";"";"";"11";"";"";
"5076947095";"";"4443_100031456_17_9";"23:59:00";"23:59:00";"14917";"";"";"";"13";"";"";
"5076947165";"";"4443_100031456_17_9";"24:26:00";"24:26:00";"859";"";"";"";"30";"";"";
"5076947206";"";"4443_100031456_17_9";"23:46:00";"23:46:00";"10650";"";"";"";"1";"";"";
"5076947260";"";"4443_100031456_17_9";"24:02:00";"24:02:00";"776";"";"";"";"17";"";"";
"5076947542";"";"4443_100031456_17_9";"23:48:00";"23:48:00";"729";"";"";"";"3";"";"";
"5076947733";"";"4443_100031456_17_9";"24:00:00";"24:00:00";"773";"";"";"";"14";"";"";
"5077018843";"";"4450_100019733_3_8";"07:02:00";"07:02:00";"2608";"";"";"";"18";"";"";
"5077018924";"";"4450_100019733_3_8";"06:44:00";"06:44:00";"2595";"";"";"";"2";"";"";
"5077019141";"";"4450_100019733_3_8";"06:56:00";"06:56:00";"2602";"";"";"";"12";"";"";
"5077019172";"";"4450_100019733_3_8";"07:01:00";"07:01:00";"2607";"";"";"";"17";"";"";
"5077019180";"";"4450_100019733_3_8";"07:00:00";"07:00:00";"2606";"";"";"";"16";"";"";
"5077019283";"";"4450_100019733_3_8";"06:49:00";"06:49:00";"2598";"";"";"";"7";"";"";
"5077019289";"";"4450_100019733_3_8";"06:59:00";"06:59:00";"2605";"";"";"";"15";"";"";
"5077019332";"";"4450_100019733_3_8";"06:52:00";"06:52:00";"2600";"";"";"";"9";"";"";
"5077019392";"";"4450_100019733_3_8";"06:45:00";"06:45:00";"7879";"";"";"";"3";"";"";
"5077019450";"";"4450_100019733_3_8";"06:53:00";"06:53:00";"3805";"";"";"";"10";"";"";
"5077019628";"";"4450_100019733_3_8";"07:05:00";"07:05:00";"2610";"";"";"";"20";"";"";
"5077019647";"";"4450_100019733_3_8";"07:07:00";"07:07:00";"2611";"";"";"";"21";"";"";
"5077019733";"";"4450_100019733_3_8";"06:50:00";"06:50:00";"2599";"";"";"";"8";"";"";
"5077019771";"";"4450_100019733_3_8";"07:10:00";"07:10:00";"2612";"";"";"";"22";"";"";
"5077019788";"";"4450_100019733_3_8";"06:54:00";"06:54:00";"7883";"";"";"";"11";"";"";
"5077019804";"";"4450_100019733_3_8";"06:57:00";"06:57:00";"2603";"";"";"";"13";"";"";
"5077019923";"";"4450_100019733_3_8";"06:48:00";"06:48:00";"7880";"";"";"";"6";"";"";
"5077019951";"";"4450_100019733_3_8";"06:43:00";"06:43:00";"2594";"";"";"";"1";"";"";
"5077019960";"";"4450_100019733_3_8";"06:47:00";"06:47:00";"3804";"";"";"";"5";"";"";
"5077020023";"";"4450_100019733_3_8";"06:58:00";"06:58:00";"2604";"";"";"";"14";"";"";
"5077020178";"";"4450_100019733_3_8";"07:03:00";"07:03:00";"2609";"";"";"";"19";"";"";
"5077020565";"";"4450_100019733_3_8";"06:46:00";"06:46:00";"2597";"";"";"";"4";"";"";
"5077032680";"";"4420_100031113_11_14";"21:36:00";"21:36:00";"3618";"";"";"";"14";"";"";
"5077032686";"";"4420_100031113_11_14";"21:42:00";"21:42:00";"3445";"";"";"";"17";"";"";
"5077032697";"";"4420_100031113_11_14";"21:33:00";"21:33:00";"3616";"";"";"";"12";"";"";
"5077032709";"";"4420_100031113_11_14";"22:07:00";"22:07:00";"1002615";"";"";"";"34";"";"";
"5077032738";"";"4420_100031113_11_14";"22:20:00";"22:20:00";"16611";"";"";"";"43";"";"";
"5077032771";"";"4420_100031113_11_14";"21:25:00";"21:25:00";"3695";"";"";"";"5";"";"";
"5077032776";"";"4420_100031113_11_14";"21:27:00";"21:27:00";"3697";"";"";"";"7";"";"";
"5077032779";"";"4420_100031113_11_14";"22:10:00";"22:10:00";"4177";"";"";"";"36";"";"";
"5077032791";"";"4420_100031113_11_14";"21:58:00";"21:58:00";"3450";"";"";"";"26";"";"";
"5077032792";"";"4420_100031113_11_14";"22:19:00";"22:19:00";"16609";"";"";"";"42";"";"";
"5077032805";"";"4420_100031113_11_14";"22:02:00";"22:02:00";"4173";"";"";"";"30";"";"";
"5077032838";"";"4420_100031113_11_14";"22:09:00";"22:09:00";"4176";"";"";"";"35";"";"";
"5077032839";"";"4420_100031113_11_14";"21:31:00";"21:31:00";"3614";"";"";"";"10";"";"";
"5077032861";"";"4420_100031113_11_14";"21:20:00";"21:20:00";"8605";"";"";"";"1";"";"";
"5077032939";"";"4420_100031113_11_14";"21:51:00";"21:51:00";"6165";"";"";"";"22";"";"";
"5077032943";"";"4420_100031113_11_14";"22:16:00";"22:16:00";"16606";"";"";"";"40";"";"";
"5077032944";"";"4420_100031113_11_14";"21:23:00";"21:23:00";"3694";"";"";"";"4";"";"";
"5077032953";"";"4420_100031113_11_14";"21:28:00";"21:28:00";"3698";"";"";"";"8";"";"";
"5077032965";"";"4420_100031113_11_14";"22:23:00";"22:23:00";"1001795";"";"";"";"45";"";"";
"5077032966";"";"4420_100031113_11_14";"21:49:00";"21:49:00";"6164";"";"";"";"21";"";"";
"5077032972";"";"4420_100031113_11_14";"21:30:00";"21:30:00";"6162";"";"";"";"9";"";"";
"5077032974";"";"4420_100031113_11_14";"22:04:00";"22:04:00";"14133";"";"";"";"32";"";"";
"5077033075";"";"4420_100031113_11_14";"21:44:00";"21:44:00";"6365";"";"";"";"18";"";"";
"5077033078";"";"4420_100031113_11_14";"21:47:00";"21:47:00";"1002188";"";"";"";"20";"";"";
"5077033092";"";"4420_100031113_11_14";"21:22:00";"21:22:00";"3693";"";"";"";"3";"";"";
"5077033098";"";"4420_100031113_11_14";"22:12:00";"22:12:00";"4179";"";"";"";"38";"";"";
"5077033113";"";"4420_100031113_11_14";"21:45:00";"21:45:00";"6366";"";"";"";"19";"";"";
"5077033122";"";"4420_100031113_11_14";"21:21:00";"21:21:00";"8604";"";"";"";"2";"";"";
"5077033124";"";"4420_100031113_11_14";"22:17:00";"22:17:00";"16608";"";"";"";"41";"";"";
"5077033132";"";"4420_100031113_11_14";"21:37:00";"21:37:00";"8630";"";"";"";"15";"";"";
"5077033141";"";"4420_100031113_11_14";"22:03:00";"22:03:00";"16514";"";"";"";"31";"";"";
"5077033156";"";"4420_100031113_11_14";"21:53:00";"21:53:00";"6166";"";"";"";"23";"";"";
"5077033166";"";"4420_100031113_11_14";"22:11:00";"22:11:00";"4178";"";"";"";"37";"";"";
"5077033170";"";"4420_100031113_11_14";"21:56:00";"21:56:00";"22638";"";"";"";"25";"";"";
"5077033179";"";"4420_100031113_11_14";"21:59:00";"21:59:00";"21551";"";"";"";"27";"";"";
"5077033181";"";"4420_100031113_11_14";"22:14:00";"22:14:00";"22368";"";"";"";"39";"";"";
"5077033217";"";"4420_100031113_11_14";"22:01:00";"22:01:00";"13134";"";"";"";"29";"";"";
"5077033223";"";"4420_100031113_11_14";"21:32:00";"21:32:00";"3615";"";"";"";"11";"";"";
"5077033273";"";"4420_100031113_11_14";"21:39:00";"21:39:00";"6242";"";"";"";"16";"";"";
"5077033280";"";"4420_100031113_11_14";"21:34:00";"21:34:00";"3617";"";"";"";"13";"";"";
"5077033300";"";"4420_100031113_11_14";"21:26:00";"21:26:00";"3696";"";"";"";"6";"";"";
"5077033377";"";"4420_100031113_11_14";"22:22:00";"22:22:00";"16612";"";"";"";"44";"";"";
"5077033729";"";"4420_100031113_11_14";"21:55:00";"21:55:00";"13919";"";"";"";"24";"";"";
"5077033747";"";"4420_100031113_11_14";"22:05:00";"22:05:00";"4174";"";"";"";"33";"";"";
"5077033765";"";"4420_100031113_11_14";"22:00:00";"22:00:00";"7258";"";"";"";"28";"";"";
"5077223178";"";"4437_100031099_24_6";"22:26:00";"22:26:00";"1213";"";"";"";"10";"";"";
"5077223315";"";"4437_100031099_24_6";"22:34:00";"22:34:00";"3699";"";"";"";"15";"";"";
"5077223390";"";"4437_100031099_24_6";"22:38:00";"22:38:00";"3701";"";"";"";"19";"";"";
"5077223410";"";"4437_100031099_24_6";"22:18:00";"22:18:00";"3611";"";"";"";"5";"";"";
"5077223460";"";"4437_100031099_24_6";"22:31:00";"22:31:00";"7163";"";"";"";"14";"";"";
"5077223504";"";"4437_100031099_24_6";"22:35:00";"22:35:00";"3700";"";"";"";"16";"";"";
"5077223548";"";"4437_100031099_24_6";"22:19:00";"22:19:00";"11288";"";"";"";"6";"";"";
"5077223580";"";"4437_100031099_24_6";"22:14:00";"22:14:00";"6152";"";"";"";"1";"";"";
"5077223597";"";"4437_100031099_24_6";"22:36:00";"22:36:00";"7114";"";"";"";"17";"";"";
"5077223704";"";"4437_100031099_24_6";"22:23:00";"22:23:00";"22810";"";"";"";"8";"";"";
"5077223705";"";"4437_100031099_24_6";"22:29:00";"22:29:00";"1215";"";"";"";"12";"";"";
"5077223711";"";"4437_100031099_24_6";"22:27:00";"22:27:00";"1214";"";"";"";"11";"";"";
"5077223761";"";"4437_100031099_24_6";"22:40:00";"22:40:00";"7117";"";"";"";"21";"";"";
"5077223776";"";"4437_100031099_24_6";"22:41:00";"22:41:00";"6741";"";"";"";"22";"";"";
"5077223924";"";"4437_100031099_24_6";"22:37:00";"22:37:00";"7115";"";"";"";"18";"";"";
"5077223962";"";"4437_100031099_24_6";"22:30:00";"22:30:00";"1216";"";"";"";"13";"";"";
"5077224010";"";"4437_100031099_24_6";"22:21:00";"22:21:00";"10148";"";"";"";"7";"";"";
"5077224052";"";"4437_100031099_24_6";"22:15:00";"22:15:00";"6153";"";"";"";"2";"";"";
"5077224091";"";"4437_100031099_24_6";"22:39:00";"22:39:00";"7116";"";"";"";"20";"";"";
"5077224105";"";"4437_100031099_24_6";"22:24:00";"22:24:00";"1212";"";"";"";"9";"";"";
"5077224108";"";"4437_100031099_24_6";"22:17:00";"22:17:00";"3610";"";"";"";"4";"";"";
"5077224196";"";"4437_100031099_24_6";"22:16:00";"22:16:00";"3609";"";"";"";"3";"";"";
"5077293539";"";"4429_100019690_1_2";"06:02:00";"06:02:00";"13919";"";"";"";"22";"";"";
"5077293844";"";"4429_100019690_1_2";"06:05:00";"06:05:00";"5339";"";"";"";"24";"";"";
"5077294037";"";"4429_100019690_1_2";"05:57:00";"05:57:00";"6164";"";"";"";"19";"";"";
"5077294056";"";"4429_100019690_1_2";"05:30:00";"05:30:00";"3924";"";"";"";"4";"";"";
"5077294095";"";"4429_100019690_1_2";"05:51:00";"05:51:00";"6365";"";"";"";"16";"";"";
"5077294162";"";"4429_100019690_1_2";"05:31:00";"05:31:00";"3925";"";"";"";"5";"";"";
"5077294169";"";"4429_100019690_1_2";"05:45:00";"05:45:00";"14882";"";"";"";"13";"";"";
"5077294210";"";"4429_100019690_1_2";"05:29:00";"05:29:00";"3923";"";"";"";"3";"";"";
"5077294219";"";"4429_100019690_1_2";"05:37:00";"05:37:00";"3706";"";"";"";"8";"";"";
"5077294303";"";"4429_100019690_1_2";"05:41:00";"05:41:00";"3705";"";"";"";"10";"";"";
"5077294316";"";"4429_100019690_1_2";"06:00:00";"06:00:00";"6166";"";"";"";"21";"";"";
"5077294412";"";"4429_100019690_1_2";"06:03:00";"06:03:00";"22638";"";"";"";"23";"";"";
"5077294416";"";"4429_100019690_1_2";"05:28:00";"05:28:00";"3948";"";"";"";"2";"";"";
"5077294494";"";"4429_100019690_1_2";"05:49:00";"05:49:00";"3445";"";"";"";"15";"";"";
"5077294529";"";"4429_100019690_1_2";"05:33:00";"05:33:00";"3944";"";"";"";"6";"";"";
"5077294550";"";"4429_100019690_1_2";"05:59:00";"05:59:00";"6165";"";"";"";"20";"";"";
"5077294557";"";"4429_100019690_1_2";"05:52:00";"05:52:00";"6366";"";"";"";"17";"";"";
"5077294565";"";"4429_100019690_1_2";"05:43:00";"05:43:00";"1002231";"";"";"";"12";"";"";
"5077294571";"";"4429_100019690_1_2";"05:42:00";"05:42:00";"3704";"";"";"";"11";"";"";
"5077294573";"";"4429_100019690_1_2";"05:27:00";"05:27:00";"5365";"";"";"";"1";"";"";
"5077294602";"";"4429_100019690_1_2";"05:36:00";"05:36:00";"7110";"";"";"";"7";"";"";
"5077294944";"";"4429_100019690_1_2";"05:54:00";"05:54:00";"1002188";"";"";"";"18";"";"";
"5077294954";"";"4429_100019690_1_2";"05:47:00";"05:47:00";"6242";"";"";"";"14";"";"";
"5077295160";"";"4429_100019690_1_2";"05:39:00";"05:39:00";"8696";"";"";"";"9";"";"";
"5077311738";"";"4441_100019704_2_11";"09:17:00";"09:17:00";"5321";"";"";"";"8";"";"";
"5077311753";"";"4441_100019704_2_11";"09:36:00";"09:36:00";"22950";"";"";"";"20";"";"";
"5077311873";"";"4441_100019704_2_11";"09:18:00";"09:18:00";"6062";"";"";"";"9";"";"";
"5077311993";"";"4441_100019704_2_11";"09:23:00";"09:23:00";"6149";"";"";"";"12";"";"";
"5077312119";"";"4441_100019704_2_11";"09:24:00";"09:24:00";"6150";"";"";"";"13";"";"";
"5077312218";"";"4441_100019704_2_11";"09:03:00";"09:03:00";"8499";"";"";"";"1";"";"";
"5077312316";"";"4441_100019704_2_11";"09:39:00";"09:39:00";"6045";"";"";"";"22";"";"";
"5077312337";"";"4441_100019704_2_11";"09:06:00";"09:06:00";"13143";"";"";"";"3";"";"";
"5077312360";"";"4441_100019704_2_11";"09:58:00";"09:58:00";"3626";"";"";"";"30";"";"";
"5077312389";"";"4441_100019704_2_11";"09:29:00";"09:29:00";"15570";"";"";"";"16";"";"";
"5077312402";"";"4441_100019704_2_11";"09:31:00";"09:31:00";"6038";"";"";"";"17";"";"";
"5077312433";"";"4441_100019704_2_11";"09:49:00";"09:49:00";"3622";"";"";"";"26";"";"";
"5077312452";"";"4441_100019704_2_11";"09:45:00";"09:45:00";"7503";"";"";"";"25";"";"";
"5077312473";"";"4441_100019704_2_11";"09:12:00";"09:12:00";"5319";"";"";"";"6";"";"";
"5077312503";"";"4441_100019704_2_11";"09:35:00";"09:35:00";"6044";"";"";"";"19";"";"";
"5077312506";"";"4441_100019704_2_11";"09:44:00";"09:44:00";"7502";"";"";"";"24";"";"";
"5077312529";"";"4441_100019704_2_11";"09:21:00";"09:21:00";"4198";"";"";"";"11";"";"";
"5077312533";"";"4441_100019704_2_11";"09:56:00";"09:56:00";"16916";"";"";"";"29";"";"";
"5077312548";"";"4441_100019704_2_11";"09:15:00";"09:15:00";"5320";"";"";"";"7";"";"";
"5077312580";"";"4441_100019704_2_11";"09:20:00";"09:20:00";"6740";"";"";"";"10";"";"";
"5077312590";"";"4441_100019704_2_11";"09:26:00";"09:26:00";"6151";"";"";"";"14";"";"";
"5077312633";"";"4441_100019704_2_11";"09:33:00";"09:33:00";"6042";"";"";"";"18";"";"";
"5077312736";"";"4441_100019704_2_11";"09:08:00";"09:08:00";"4023";"";"";"";"4";"";"";
"5077312749";"";"4441_100019704_2_11";"09:28:00";"09:28:00";"11369";"";"";"";"15";"";"";
"5077312778";"";"4441_100019704_2_11";"09:10:00";"09:10:00";"5318";"";"";"";"5";"";"";
"5077312783";"";"4441_100019704_2_11";"09:37:00";"09:37:00";"7501";"";"";"";"21";"";"";
"5077312835";"";"4441_100019704_2_11";"09:51:00";"09:51:00";"3623";"";"";"";"27";"";"";
"5077312909";"";"4441_100019704_2_11";"09:41:00";"09:41:00";"6046";"";"";"";"23";"";"";
"5077312969";"";"4441_100019704_2_11";"09:53:00";"09:53:00";"3624";"";"";"";"28";"";"";
"5077313065";"";"4441_100019704_2_11";"09:05:00";"09:05:00";"8500";"";"";"";"2";"";"";
"5077552681";"";"4425_100019350_3_2";"08:13:00";"08:13:00";"7596";"";"";"";"27";"";"";
"5077552785";"";"4425_100019350_3_2";"08:10:00";"08:10:00";"7595";"";"";"";"25";"";"";
"5077552792";"";"4425_100019350_3_2";"08:24:00";"08:24:00";"7414";"";"";"";"34";"";"";
"5077552912";"";"4425_100019350_3_2";"08:08:00";"08:08:00";"7593";"";"";"";"23";"";"";
"5077552920";"";"4425_100019350_3_2";"08:26:00";"08:26:00";"4893";"";"";"";"35";"";"";
"5077552940";"";"4425_100019350_3_2";"08:29:00";"08:29:00";"10483";"";"";"";"38";"";"";
"5077552944";"";"4425_100019350_3_2";"08:09:00";"08:09:00";"7594";"";"";"";"24";"";"";
"5077552955";"";"4414_100031123_11_16";"24:02:00";"24:02:00";"6289";"";"";"";"36";"";"";
"5077552961";"";"4425_100019350_3_2";"08:11:00";"08:11:00";"10761";"";"";"";"26";"";"";
"5077553020";"";"4414_100031123_11_16";"23:19:00";"23:19:00";"6264";"";"";"";"2";"";"";
"5077553034";"";"4425_100019350_3_2";"08:28:00";"08:28:00";"5457";"";"";"";"37";"";"";
"5077553036";"";"4425_100019350_3_2";"07:58:00";"07:58:00";"6742";"";"";"";"17";"";"";
"5077553038";"";"4425_100019350_3_2";"08:07:00";"08:07:00";"21217";"";"";"";"22";"";"";
"5077553047";"";"4425_100019350_3_2";"07:47:00";"07:47:00";"7588";"";"";"";"8";"";"";
"5077553070";"";"4425_100019350_3_2";"07:40:00";"07:40:00";"7585";"";"";"";"4";"";"";
"5077553098";"";"4425_100019350_3_2";"08:17:00";"08:17:00";"7599";"";"";"";"30";"";"";
"5077553107";"";"4425_100019350_3_2";"08:15:00";"08:15:00";"7597";"";"";"";"28";"";"";
"5077553144";"";"4425_100019350_3_2";"07:37:00";"07:37:00";"7582";"";"";"";"1";"";"";
"5077553148";"";"4425_100019350_3_2";"07:59:00";"07:59:00";"10044";"";"";"";"18";"";"";
"5077553158";"";"4425_100019350_3_2";"07:42:00";"07:42:00";"7586";"";"";"";"5";"";"";
"5077553164";"";"4414_100031123_11_16";"23:48:00";"23:48:00";"16514";"";"";"";"25";"";"";
"5077553165";"";"4425_100019350_3_2";"07:44:00";"07:44:00";"16121";"";"";"";"6";"";"";
"5077553171";"";"4425_100019350_3_2";"08:27:00";"08:27:00";"4892";"";"";"";"36";"";"";
"5077553177";"";"4425_100019350_3_2";"08:21:00";"08:21:00";"7600";"";"";"";"32";"";"";
"5077553215";"";"4414_100031123_11_16";"23:45:00";"23:45:00";"21551";"";"";"";"21";"";"";
"5077553226";"";"4414_100031123_11_16";"23:33:00";"23:33:00";"4164";"";"";"";"12";"";"";
"5077553244";"";"4425_100019350_3_2";"08:06:00";"08:06:00";"7507";"";"";"";"21";"";"";
"5077553245";"";"4414_100031123_11_16";"23:18:00";"23:18:00";"1001697";"";"";"";"1";"";"";
"5077553258";"";"4425_100019350_3_2";"08:05:00";"08:05:00";"7506";"";"";"";"20";"";"";
"5077553263";"";"4425_100019350_3_2";"07:48:00";"07:48:00";"9358";"";"";"";"9";"";"";
"5077553286";"";"4414_100031123_11_16";"23:21:00";"23:21:00";"1009094";"";"";"";"3";"";"";
"5077553296";"";"4414_100031123_11_16";"23:42:00";"23:42:00";"22638";"";"";"";"19";"";"";
"5077553354";"";"4425_100019350_3_2";"07:50:00";"07:50:00";"7589";"";"";"";"10";"";"";
"5077553363";"";"4425_100019350_3_2";"08:01:00";"08:01:00";"21698";"";"";"";"19";"";"";
"5077553395";"";"4414_100031123_11_16";"23:30:00";"23:30:00";"4161";"";"";"";"9";"";"";
"5077553398";"";"4425_100019350_3_2";"07:52:00";"07:52:00";"7590";"";"";"";"11";"";"";
"5077553405";"";"4414_100031123_11_16";"23:54:00";"23:54:00";"4176";"";"";"";"29";"";"";
"5077553438";"";"4425_100019350_3_2";"07:57:00";"07:57:00";"6684";"";"";"";"16";"";"";
"5077553472";"";"4414_100031123_11_16";"23:41:00";"23:41:00";"13919";"";"";"";"18";"";"";
"5077553473";"";"4414_100031123_11_16";"23:31:00";"23:31:00";"4162";"";"";"";"10";"";"";
"5077553492";"";"4414_100031123_11_16";"24:11:00";"24:11:00";"6595";"";"";"";"43";"";"";
"5077553493";"";"4414_100031123_11_16";"23:44:00";"23:44:00";"3450";"";"";"";"20";"";"";
"5077553499";"";"4425_100019350_3_2";"08:23:00";"08:23:00";"4894";"";"";"";"33";"";"";
"5077553512";"";"4414_100031123_11_16";"23:46:00";"23:46:00";"7258";"";"";"";"22";"";"";
"5077553527";"";"4414_100031123_11_16";"24:09:00";"24:09:00";"10322";"";"";"";"41";"";"";
"5077553555";"";"4414_100031123_11_16";"23:37:00";"23:37:00";"4192";"";"";"";"15";"";"";
"5077553590";"";"4414_100031123_11_16";"23:47:00";"23:47:00";"13134";"";"";"";"23";"";"";
"5077553599";"";"4414_100031123_11_16";"23:32:00";"23:32:00";"4163";"";"";"";"11";"";"";
"5077553604";"";"4414_100031123_11_16";"23:38:00";"23:38:00";"4168";"";"";"";"16";"";"";
"5077553609";"";"4425_100019350_3_2";"07:54:00";"07:54:00";"6681";"";"";"";"13";"";"";
"5077553616";"";"4414_100031123_11_16";"23:59:00";"23:59:00";"22369";"";"";"";"33";"";"";
"5077553617";"";"4414_100031123_11_16";"23:27:00";"23:27:00";"6147";"";"";"";"7";"";"";
"5077553632";"";"4425_100019350_3_2";"08:16:00";"08:16:00";"7598";"";"";"";"29";"";"";
"5077553642";"";"4425_100019350_3_2";"07:39:00";"07:39:00";"7584";"";"";"";"3";"";"";
"5077553657";"";"4414_100031123_11_16";"24:01:00";"24:01:00";"1000594";"";"";"";"35";"";"";
"5077553697";"";"4414_100031123_11_16";"23:35:00";"23:35:00";"13382";"";"";"";"14";"";"";
"5077553713";"";"4414_100031123_11_16";"23:50:00";"23:50:00";"4174";"";"";"";"27";"";"";
"5077553717";"";"4425_100019350_3_2";"07:55:00";"07:55:00";"6682";"";"";"";"14";"";"";
"5077553718";"";"4414_100031123_11_16";"23:39:00";"23:39:00";"10605";"";"";"";"17";"";"";
"5077553735";"";"4414_100031123_11_16";"23:34:00";"23:34:00";"1000865";"";"";"";"13";"";"";
"5077553745";"";"4414_100031123_11_16";"23:57:00";"23:57:00";"4179";"";"";"";"32";"";"";
"5077553750";"";"4414_100031123_11_16";"24:00:00";"24:00:00";"4180";"";"";"";"34";"";"";
"5077553798";"";"4414_100031123_11_16";"23:49:00";"23:49:00";"14133";"";"";"";"26";"";"";
"5077553834";"";"4414_100031123_11_16";"23:48:00";"23:48:00";"4173";"";"";"";"24";"";"";
"5077553871";"";"4425_100019350_3_2";"07:38:00";"07:38:00";"7583";"";"";"";"2";"";"";
"5077553877";"";"4425_100019350_3_2";"07:56:00";"07:56:00";"6683";"";"";"";"15";"";"";
"5077553918";"";"4414_100031123_11_16";"23:24:00";"23:24:00";"6145";"";"";"";"5";"";"";
"5077553921";"";"4414_100031123_11_16";"23:56:00";"23:56:00";"4178";"";"";"";"31";"";"";
"5077553940";"";"4425_100019350_3_2";"07:46:00";"07:46:00";"7587";"";"";"";"7";"";"";
"5077554039";"";"4414_100031123_11_16";"23:22:00";"23:22:00";"14572";"";"";"";"4";"";"";
"5077554043";"";"4414_100031123_11_16";"23:55:00";"23:55:00";"4177";"";"";"";"30";"";"";
"5077554045";"";"4414_100031123_11_16";"24:10:00";"24:10:00";"6594";"";"";"";"42";"";"";
"5077554167";"";"4414_100031123_11_16";"24:05:00";"24:05:00";"10559";"";"";"";"39";"";"";
"5077554217";"";"4414_100031123_11_16";"24:04:00";"24:04:00";"6598";"";"";"";"38";"";"";
"5077554228";"";"4425_100019350_3_2";"07:53:00";"07:53:00";"6680";"";"";"";"12";"";"";
"5077554263";"";"4425_100019350_3_2";"08:19:00";"08:19:00";"8154";"";"";"";"31";"";"";
"5077554277";"";"4414_100031123_11_16";"23:29:00";"23:29:00";"6265";"";"";"";"8";"";"";
"5077554278";"";"4414_100031123_11_16";"23:26:00";"23:26:00";"6146";"";"";"";"6";"";"";
"5077554307";"";"4414_100031123_11_16";"23:52:00";"23:52:00";"1002615";"";"";"";"28";"";"";
"5077554338";"";"4414_100031123_11_16";"24:07:00";"24:07:00";"21550";"";"";"";"40";"";"";
"5077554506";"";"4414_100031123_11_16";"24:03:00";"24:03:00";"6290";"";"";"";"37";"";"";
"5077614327";"";"4437_100031099_23_5";"21:20:00";"21:20:00";"6246";"";"";"";"3";"";"";
"5077614515";"";"4437_100031099_23_5";"21:28:00";"21:28:00";"7195";"";"";"";"10";"";"";
"5077614584";"";"4437_100031099_23_5";"21:25:00";"21:25:00";"3663";"";"";"";"8";"";"";
"5077614699";"";"4437_100031099_23_5";"21:41:00";"21:41:00";"3658";"";"";"";"20";"";"";
"5077614737";"";"4437_100031099_23_5";"21:24:00";"21:24:00";"7113";"";"";"";"7";"";"";
"5077614794";"";"4437_100031099_23_5";"21:39:00";"21:39:00";"10150";"";"";"";"18";"";"";
"5077614855";"";"4437_100031099_23_5";"21:33:00";"21:33:00";"7164";"";"";"";"14";"";"";
"5077614910";"";"4437_100031099_23_5";"21:21:00";"21:21:00";"7111";"";"";"";"4";"";"";
"5077614961";"";"4437_100031099_23_5";"21:37:00";"21:37:00";"10149";"";"";"";"17";"";"";
"5077615018";"";"4437_100031099_23_5";"21:40:00";"21:40:00";"3657";"";"";"";"19";"";"";
"5077615153";"";"4437_100031099_23_5";"21:17:00";"21:17:00";"6741";"";"";"";"1";"";"";
"5077615186";"";"4437_100031099_23_5";"21:22:00";"21:22:00";"3662";"";"";"";"5";"";"";
"5077615193";"";"4437_100031099_23_5";"21:19:00";"21:19:00";"1000242";"";"";"";"2";"";"";
"5077615253";"";"4437_100031099_23_5";"21:34:00";"21:34:00";"7165";"";"";"";"15";"";"";
"5077615275";"";"4437_100031099_23_5";"21:32:00";"21:32:00";"1235";"";"";"";"13";"";"";
"5077615313";"";"4437_100031099_23_5";"21:42:00";"21:42:00";"3659";"";"";"";"21";"";"";
"5077615388";"";"4437_100031099_23_5";"21:44:00";"21:44:00";"6152";"";"";"";"22";"";"";
"5077615486";"";"4437_100031099_23_5";"21:23:00";"21:23:00";"7112";"";"";"";"6";"";"";
"5077615507";"";"4437_100031099_23_5";"21:26:00";"21:26:00";"3664";"";"";"";"9";"";"";
"5077615567";"";"4437_100031099_23_5";"21:36:00";"21:36:00";"1238";"";"";"";"16";"";"";
"5077615653";"";"4437_100031099_23_5";"21:30:00";"21:30:00";"21896";"";"";"";"12";"";"";
"5077615946";"";"4437_100031099_23_5";"21:29:00";"21:29:00";"1233";"";"";"";"11";"";"";
"5077788232";"";"4432_100016835_6_7";"10:59:00";"10:59:00";"2628";"";"";"";"32";"";"";
"5077788263";"";"4432_100016835_6_7";"10:18:00";"10:18:00";"1002799";"";"";"";"3";"";"";
"5077788362";"";"4432_100016835_6_7";"10:21:00";"10:21:00";"15388";"";"";"";"5";"";"";
"5077788404";"";"4432_100016835_6_7";"10:16:00";"10:16:00";"6688";"";"";"";"2";"";"";
"5077788471";"";"4432_100016835_6_7";"10:56:00";"10:56:00";"3807";"";"";"";"29";"";"";
"5077788486";"";"4432_100016835_6_7";"10:24:00";"10:24:00";"1000607";"";"";"";"7";"";"";
"5077788568";"";"4432_100016835_6_7";"10:30:00";"10:30:00";"7887";"";"";"";"10";"";"";
"5077788603";"";"4432_100016835_6_7";"10:54:00";"10:54:00";"7884";"";"";"";"27";"";"";
"5077788651";"";"4432_100016835_6_7";"10:53:00";"10:53:00";"2626";"";"";"";"26";"";"";
"5077788680";"";"4432_100016835_6_7";"10:48:00";"10:48:00";"2623";"";"";"";"23";"";"";
"5077788686";"";"4432_100016835_6_7";"10:37:00";"10:37:00";"2615";"";"";"";"15";"";"";
"5077788740";"";"4432_100016835_6_7";"10:55:00";"10:55:00";"7885";"";"";"";"28";"";"";
"5077788872";"";"4432_100016835_6_7";"10:14:00";"10:14:00";"1002258";"";"";"";"1";"";"";
"5077788876";"";"4432_100016835_6_7";"10:51:00";"10:51:00";"2625";"";"";"";"25";"";"";
"5077788878";"";"4432_100016835_6_7";"10:43:00";"10:43:00";"2619";"";"";"";"19";"";"";
"5077788945";"";"4432_100016835_6_7";"10:25:00";"10:25:00";"3038";"";"";"";"8";"";"";
"5077788971";"";"4432_100016835_6_7";"10:41:00";"10:41:00";"2617";"";"";"";"17";"";"";
"5077788990";"";"4432_100016835_6_7";"10:50:00";"10:50:00";"3806";"";"";"";"24";"";"";
"5077789052";"";"4432_100016835_6_7";"10:58:00";"10:58:00";"2596";"";"";"";"31";"";"";
"5077789079";"";"4432_100016835_6_7";"11:01:00";"11:01:00";"2594";"";"";"";"33";"";"";
"5077789132";"";"4432_100016835_6_7";"10:33:00";"10:33:00";"7890";"";"";"";"12";"";"";
"5077789141";"";"4432_100016835_6_7";"10:32:00";"10:32:00";"10787";"";"";"";"11";"";"";
"5077789144";"";"4432_100016835_6_7";"10:23:00";"10:23:00";"7612";"";"";"";"6";"";"";
"5077789217";"";"4432_100016835_6_7";"10:57:00";"10:57:00";"2627";"";"";"";"30";"";"";
"5077789220";"";"4432_100016835_6_7";"10:36:00";"10:36:00";"2614";"";"";"";"14";"";"";
"5077789245";"";"4432_100016835_6_7";"10:47:00";"10:47:00";"2622";"";"";"";"22";"";"";
"5077789249";"";"4432_100016835_6_7";"10:42:00";"10:42:00";"2618";"";"";"";"18";"";"";
"5077789263";"";"4432_100016835_6_7";"10:46:00";"10:46:00";"2621";"";"";"";"21";"";"";
"5077789331";"";"4432_100016835_6_7";"10:35:00";"10:35:00";"2613";"";"";"";"13";"";"";
"5077789334";"";"4432_100016835_6_7";"10:19:00";"10:19:00";"3523";"";"";"";"4";"";"";
"5077789449";"";"4432_100016835_6_7";"10:39:00";"10:39:00";"2616";"";"";"";"16";"";"";
"5077789453";"";"4432_100016835_6_7";"10:45:00";"10:45:00";"2620";"";"";"";"20";"";"";
"5077789650";"";"4432_100016835_6_7";"10:27:00";"10:27:00";"3037";"";"";"";"9";"";"";
"5077854871";"";"4447_100031139_8_11";"13:20:00";"13:20:00";"7521";"";"";"";"3";"";"";
"5077854955";"";"4447_100031139_8_11";"13:22:00";"13:22:00";"7522";"";"";"";"4";"";"";
"5077855015";"";"4447_100031139_8_11";"13:19:00";"13:19:00";"7520";"";"";"";"2";"";"";
"5077855049";"";"4447_100031139_8_11";"13:25:00";"13:25:00";"7523";"";"";"";"6";"";"";
"5077855080";"";"4447_100031139_8_11";"13:38:00";"13:38:00";"7530";"";"";"";"13";"";"";
"5077855104";"";"4447_100031139_8_11";"13:18:00";"13:18:00";"10483";"";"";"";"1";"";"";
"5077855143";"";"4447_100031139_8_11";"13:27:00";"13:27:00";"7524";"";"";"";"7";"";"";
"5077855246";"";"4447_100031139_8_11";"13:41:00";"13:41:00";"7532";"";"";"";"15";"";"";
"5077855259";"";"4447_100031139_8_11";"13:58:00";"13:58:00";"1000531";"";"";"";"27";"";"";
"5077855277";"";"4447_100031139_8_11";"13:49:00";"13:49:00";"7539";"";"";"";"22";"";"";
"5077855366";"";"4447_100031139_8_11";"13:42:00";"13:42:00";"7533";"";"";"";"16";"";"";
"5077855381";"";"4447_100031139_8_11";"13:24:00";"13:24:00";"10267";"";"";"";"5";"";"";
"5077855403";"";"4447_100031139_8_11";"13:48:00";"13:48:00";"7538";"";"";"";"21";"";"";
"5077855448";"";"4447_100031139_8_11";"13:53:00";"13:53:00";"7509";"";"";"";"24";"";"";
"5077855451";"";"4447_100031139_8_11";"13:32:00";"13:32:00";"7527";"";"";"";"10";"";"";
"5077855453";"";"4447_100031139_8_11";"14:00:00";"14:00:00";"17247";"";"";"";"28";"";"";
"5077855548";"";"4447_100031139_8_11";"13:57:00";"13:57:00";"7511";"";"";"";"26";"";"";
"5077855552";"";"4447_100031139_8_11";"13:43:00";"13:43:00";"7534";"";"";"";"17";"";"";
"5077855582";"";"4447_100031139_8_11";"13:36:00";"13:36:00";"7529";"";"";"";"12";"";"";
"5077855650";"";"4447_100031139_8_11";"13:44:00";"13:44:00";"7535";"";"";"";"18";"";"";
"5077855698";"";"4447_100031139_8_11";"13:55:00";"13:55:00";"7510";"";"";"";"25";"";"";
"5077855733";"";"4447_100031139_8_11";"13:45:00";"13:45:00";"7536";"";"";"";"19";"";"";
"5077855820";"";"4447_100031139_8_11";"13:30:00";"13:30:00";"7526";"";"";"";"9";"";"";
"5077855855";"";"4447_100031139_8_11";"13:39:00";"13:39:00";"7531";"";"";"";"14";"";"";
"5077855859";"";"4447_100031139_8_11";"13:34:00";"13:34:00";"7528";"";"";"";"11";"";"";
"5077855898";"";"4447_100031139_8_11";"13:51:00";"13:51:00";"21196";"";"";"";"23";"";"";
"5077856155";"";"4447_100031139_8_11";"13:47:00";"13:47:00";"7537";"";"";"";"20";"";"";
"5077856483";"";"4447_100031139_8_11";"13:28:00";"13:28:00";"7525";"";"";"";"8";"";"";
"5078376131";"";"4416_100031135_2_4";"07:07:00";"07:07:00";"6704";"";"";"";"4";"";"";
"5078376273";"";"4416_100031135_2_4";"07:16:00";"07:16:00";"6709";"";"";"";"10";"";"";
"5078376306";"";"4416_100031135_2_4";"07:15:00";"07:15:00";"6708";"";"";"";"9";"";"";
"5078376351";"";"4416_100031135_2_4";"07:17:00";"07:17:00";"6710";"";"";"";"11";"";"";
"5078376352";"";"4416_100031135_2_4";"07:14:00";"07:14:00";"21214";"";"";"";"8";"";"";
"5078376407";"";"4416_100031135_2_4";"07:11:00";"07:11:00";"6706";"";"";"";"6";"";"";
"5078376464";"";"4416_100031135_2_4";"07:04:00";"07:04:00";"10387";"";"";"";"1";"";"";
"5078376467";"";"4416_100031135_2_4";"07:09:00";"07:09:00";"6705";"";"";"";"5";"";"";
"5078376508";"";"4416_100031135_2_4";"07:22:00";"07:22:00";"6712";"";"";"";"15";"";"";
"5078376655";"";"4416_100031135_2_4";"07:18:00";"07:18:00";"4379";"";"";"";"12";"";"";
"5078376691";"";"4416_100031135_2_4";"07:29:00";"07:29:00";"6716";"";"";"";"19";"";"";
"5078376692";"";"4416_100031135_2_4";"07:06:00";"07:06:00";"6703";"";"";"";"3";"";"";
"5078376794";"";"4416_100031135_2_4";"07:31:00";"07:31:00";"1002258";"";"";"";"20";"";"";
"5078376795";"";"4416_100031135_2_4";"07:05:00";"07:05:00";"6702";"";"";"";"2";"";"";
"5078376853";"";"4416_100031135_2_4";"07:20:00";"07:20:00";"21205";"";"";"";"14";"";"";
"5078376880";"";"4416_100031135_2_4";"07:12:00";"07:12:00";"13508";"";"";"";"7";"";"";
"5078376932";"";"4416_100031135_2_4";"07:25:00";"07:25:00";"6714";"";"";"";"17";"";"";
"5078376973";"";"4416_100031135_2_4";"07:24:00";"07:24:00";"6713";"";"";"";"16";"";"";
"5078376978";"";"4416_100031135_2_4";"07:19:00";"07:19:00";"21577";"";"";"";"13";"";"";
"5078377074";"";"4416_100031135_2_4";"07:27:00";"07:27:00";"6715";"";"";"";"18";"";"";
"5078462734";"";"4417_100031416_1_13";"11:09:00";"11:09:00";"1010191";"";"";"";"23";"";"";
"5078462793";"";"4417_100031416_1_13";"10:59:00";"10:59:00";"15388";"";"";"";"15";"";"";
"5078462802";"";"4417_100031416_1_13";"10:37:00";"10:37:00";"1001581";"";"";"";"2";"";"";
"5078462827";"";"4417_100031416_1_13";"10:51:00";"10:51:00";"6687";"";"";"";"11";"";"";
"5078462832";"";"4417_100031416_1_13";"11:20:00";"11:20:00";"10387";"";"";"";"29";"";"";
"5078462853";"";"4417_100031416_1_13";"10:57:00";"10:57:00";"3523";"";"";"";"14";"";"";
"5078462862";"";"4417_100031416_1_13";"11:18:00";"11:18:00";"6700";"";"";"";"28";"";"";
"5078462937";"";"4417_100031416_1_13";"10:49:00";"10:49:00";"1008969";"";"";"";"9";"";"";
"5078462969";"";"4417_100031416_1_13";"10:44:00";"10:44:00";"21216";"";"";"";"6";"";"";
"5078462970";"";"4417_100031416_1_13";"11:14:00";"11:14:00";"6698";"";"";"";"26";"";"";
"5078463019";"";"4417_100031416_1_13";"11:03:00";"11:03:00";"6691";"";"";"";"18";"";"";
"5078463047";"";"4417_100031416_1_13";"11:05:00";"11:05:00";"6693";"";"";"";"20";"";"";
"5078463062";"";"4417_100031416_1_13";"11:08:00";"11:08:00";"6695";"";"";"";"22";"";"";
"5078463063";"";"4417_100031416_1_13";"10:50:00";"10:50:00";"6686";"";"";"";"10";"";"";
"5078463074";"";"4417_100031416_1_13";"11:01:00";"11:01:00";"6689";"";"";"";"16";"";"";
"5078463096";"";"4417_100031416_1_13";"10:36:00";"10:36:00";"17247";"";"";"";"1";"";"";
"5078463106";"";"4417_100031416_1_13";"11:16:00";"11:16:00";"6699";"";"";"";"27";"";"";
"5078463121";"";"4417_100031416_1_13";"10:41:00";"10:41:00";"7515";"";"";"";"4";"";"";
"5078463144";"";"4417_100031416_1_13";"10:43:00";"10:43:00";"7516";"";"";"";"5";"";"";
"5078463153";"";"4417_100031416_1_13";"11:11:00";"11:11:00";"6696";"";"";"";"24";"";"";
"5078463159";"";"4417_100031416_1_13";"10:54:00";"10:54:00";"6688";"";"";"";"12";"";"";
"5078463202";"";"4417_100031416_1_13";"11:02:00";"11:02:00";"6690";"";"";"";"17";"";"";
"5078463240";"";"4417_100031416_1_13";"10:47:00";"10:47:00";"7519";"";"";"";"8";"";"";
"5078463246";"";"4417_100031416_1_13";"11:04:00";"11:04:00";"6692";"";"";"";"19";"";"";
"5078463253";"";"4417_100031416_1_13";"11:07:00";"11:07:00";"6694";"";"";"";"21";"";"";
"5078463261";"";"4417_100031416_1_13";"10:56:00";"10:56:00";"1002799";"";"";"";"13";"";"";
"5078463271";"";"4417_100031416_1_13";"11:12:00";"11:12:00";"6697";"";"";"";"25";"";"";
"5078463272";"";"4417_100031416_1_13";"10:39:00";"10:39:00";"7514";"";"";"";"3";"";"";
"5078463484";"";"4417_100031416_1_13";"10:45:00";"10:45:00";"7518";"";"";"";"7";"";"";
"5078486450";"";"4441_100019704_2_8";"08:55:00";"08:55:00";"5327";"";"";"";"28";"";"";
"5078486471";"";"4441_100019704_2_8";"08:31:00";"08:31:00";"6037";"";"";"";"15";"";"";
"5078486488";"";"4441_100019704_2_8";"09:01:00";"09:01:00";"8499";"";"";"";"32";"";"";
"5078486685";"";"4441_100019704_2_8";"08:35:00";"08:35:00";"1007269";"";"";"";"18";"";"";
"5078486707";"";"4441_100019704_2_8";"08:21:00";"08:21:00";"6032";"";"";"";"10";"";"";
"5078486753";"";"4441_100019704_2_8";"08:32:00";"08:32:00";"6756";"";"";"";"16";"";"";
"5078486757";"";"4441_100019704_2_8";"08:50:00";"08:50:00";"5325";"";"";"";"26";"";"";
"5078486758";"";"4441_100019704_2_8";"08:19:00";"08:19:00";"7505";"";"";"";"9";"";"";
"5078486768";"";"4441_100019704_2_8";"08:42:00";"08:42:00";"6265";"";"";"";"22";"";"";
"5078486796";"";"4441_100019704_2_8";"08:41:00";"08:41:00";"6147";"";"";"";"21";"";"";
"5078486835";"";"4441_100019704_2_8";"08:58:00";"08:58:00";"6054";"";"";"";"30";"";"";
"5078486842";"";"4441_100019704_2_8";"08:59:00";"08:59:00";"15357";"";"";"";"31";"";"";
"5078486848";"";"4441_100019704_2_8";"08:14:00";"08:14:00";"3646";"";"";"";"6";"";"";
"5078486850";"";"4441_100019704_2_8";"08:08:00";"08:08:00";"16917";"";"";"";"3";"";"";
"5078486881";"";"4441_100019704_2_8";"08:37:00";"08:37:00";"6145";"";"";"";"19";"";"";
"5078486939";"";"4441_100019704_2_8";"08:05:00";"08:05:00";"3626";"";"";"";"1";"";"";
"5078486950";"";"4441_100019704_2_8";"08:16:00";"08:16:00";"21450";"";"";"";"7";"";"";
"5078486987";"";"4441_100019704_2_8";"08:57:00";"08:57:00";"4083";"";"";"";"29";"";"";
"5078486997";"";"4441_100019704_2_8";"08:44:00";"08:44:00";"6063";"";"";"";"23";"";"";
"5078487005";"";"4441_100019704_2_8";"08:28:00";"08:28:00";"21314";"";"";"";"14";"";"";
"5078487017";"";"4441_100019704_2_8";"08:34:00";"08:34:00";"21235";"";"";"";"17";"";"";
"5078487064";"";"4441_100019704_2_8";"08:48:00";"08:48:00";"5324";"";"";"";"25";"";"";
"5078487082";"";"4441_100019704_2_8";"08:39:00";"08:39:00";"6146";"";"";"";"20";"";"";
"5078487113";"";"4441_100019704_2_8";"08:10:00";"08:10:00";"3644";"";"";"";"4";"";"";
"5078487114";"";"4441_100019704_2_8";"08:53:00";"08:53:00";"5326";"";"";"";"27";"";"";
"5078487140";"";"4441_100019704_2_8";"08:27:00";"08:27:00";"21316";"";"";"";"13";"";"";
"5078487187";"";"4441_100019704_2_8";"08:12:00";"08:12:00";"3645";"";"";"";"5";"";"";
"5078487193";"";"4441_100019704_2_8";"08:26:00";"08:26:00";"6034";"";"";"";"12";"";"";
"5078487213";"";"4441_100019704_2_8";"08:18:00";"08:18:00";"7504";"";"";"";"8";"";"";
"5078487389";"";"4441_100019704_2_8";"08:24:00";"08:24:00";"6033";"";"";"";"11";"";"";
"5078487480";"";"4441_100019704_2_8";"08:46:00";"08:46:00";"6064";"";"";"";"24";"";"";
"5078487627";"";"4441_100019704_2_8";"08:06:00";"08:06:00";"3642";"";"";"";"2";"";"";
"5078583181";"";"4450_100019733_2_13";"08:35:00";"08:35:00";"2614";"";"";"";"3";"";"";
"5078583212";"";"4450_100019733_2_13";"08:54:00";"08:54:00";"7885";"";"";"";"17";"";"";
"5078583336";"";"4450_100019733_2_13";"08:36:00";"08:36:00";"2615";"";"";"";"4";"";"";
"5078583606";"";"4450_100019733_2_13";"08:56:00";"08:56:00";"2627";"";"";"";"19";"";"";
"5078583626";"";"4450_100019733_2_13";"08:32:00";"08:32:00";"2612";"";"";"";"1";"";"";
"5078583655";"";"4450_100019733_2_13";"08:45:00";"08:45:00";"2621";"";"";"";"10";"";"";
"5078583669";"";"4450_100019733_2_13";"08:34:00";"08:34:00";"2613";"";"";"";"2";"";"";
"5078583711";"";"4450_100019733_2_13";"08:55:00";"08:55:00";"3807";"";"";"";"18";"";"";
"5078583743";"";"4450_100019733_2_13";"08:53:00";"08:53:00";"7884";"";"";"";"16";"";"";
"5078583754";"";"4450_100019733_2_13";"08:40:00";"08:40:00";"2617";"";"";"";"6";"";"";
"5078583776";"";"4450_100019733_2_13";"08:50:00";"08:50:00";"2625";"";"";"";"14";"";"";
"5078583813";"";"4450_100019733_2_13";"08:49:00";"08:49:00";"3806";"";"";"";"13";"";"";
"5078583855";"";"4450_100019733_2_13";"08:46:00";"08:46:00";"2622";"";"";"";"11";"";"";
"5078583912";"";"4450_100019733_2_13";"08:52:00";"08:52:00";"2626";"";"";"";"15";"";"";
"5078583920";"";"4450_100019733_2_13";"08:38:00";"08:38:00";"2616";"";"";"";"5";"";"";
"5078583961";"";"4450_100019733_2_13";"08:41:00";"08:41:00";"2618";"";"";"";"7";"";"";
"5078584095";"";"4450_100019733_2_13";"08:42:00";"08:42:00";"2619";"";"";"";"8";"";"";
"5078584258";"";"4450_100019733_2_13";"08:44:00";"08:44:00";"2620";"";"";"";"9";"";"";
"5078584272";"";"4450_100019733_2_13";"08:58:00";"08:58:00";"2628";"";"";"";"21";"";"";
"5078584455";"";"4450_100019733_2_13";"08:57:00";"08:57:00";"2596";"";"";"";"20";"";"";
"5078584474";"";"4450_100019733_2_13";"08:47:00";"08:47:00";"2623";"";"";"";"12";"";"";
"5078584677";"";"4450_100019733_2_13";"09:00:00";"09:00:00";"2594";"";"";"";"22";"";"";
"5078746387";"";"4420_100031113_12_15";"22:54:00";"22:54:00";"21544";"";"";"";"6";"";"";
"5078746850";"";"4420_100031113_12_15";"22:56:00";"22:56:00";"1009846";"";"";"";"7";"";"";
"5078747019";"";"4420_100031113_12_15";"22:49:00";"22:49:00";"1002779";"";"";"";"3";"";"";
"5078747073";"";"4420_100031113_12_15";"23:08:00";"23:08:00";"13135";"";"";"";"17";"";"";
"5078747113";"";"4420_100031113_12_15";"23:24:00";"23:24:00";"6159";"";"";"";"29";"";"";
"5078747155";"";"4420_100031113_12_15";"22:47:00";"22:47:00";"1001795";"";"";"";"1";"";"";
"5078747165";"";"4420_100031113_12_15";"23:15:00";"23:15:00";"4190";"";"";"";"23";"";"";
"5078747200";"";"4420_100031113_12_15";"23:08:00";"23:08:00";"4172";"";"";"";"18";"";"";
"5078747208";"";"4420_100031113_12_15";"23:11:00";"23:11:00";"3422";"";"";"";"20";"";"";
"5078747209";"";"4420_100031113_12_15";"23:38:00";"23:38:00";"3667";"";"";"";"40";"";"";
"5078747214";"";"4420_100031113_12_15";"23:22:00";"23:22:00";"3702";"";"";"";"27";"";"";
"5078747244";"";"4420_100031113_12_15";"23:19:00";"23:19:00";"6157";"";"";"";"25";"";"";
"5078747266";"";"4420_100031113_12_15";"23:03:00";"23:03:00";"4185";"";"";"";"12";"";"";
"5078747295";"";"4420_100031113_12_15";"22:52:00";"22:52:00";"16607";"";"";"";"5";"";"";
"5078747337";"";"4420_100031113_12_15";"23:12:00";"23:12:00";"22640";"";"";"";"21";"";"";
"5078747418";"";"4420_100031113_12_15";"23:06:00";"23:06:00";"13137";"";"";"";"14";"";"";
"5078747509";"";"4420_100031113_12_15";"23:09:00";"23:09:00";"21542";"";"";"";"19";"";"";
"5078747510";"";"4420_100031113_12_15";"23:21:00";"23:21:00";"14018";"";"";"";"26";"";"";
"5078747514";"";"4420_100031113_12_15";"23:17:00";"23:17:00";"6760";"";"";"";"24";"";"";
"5078747515";"";"4420_100031113_12_15";"22:50:00";"22:50:00";"16610";"";"";"";"4";"";"";
"5078747542";"";"4420_100031113_12_15";"23:28:00";"23:28:00";"3650";"";"";"";"31";"";"";
"5078747547";"";"4420_100031113_12_15";"23:33:00";"23:33:00";"3654";"";"";"";"35";"";"";
"5078747553";"";"4420_100031113_12_15";"22:58:00";"22:58:00";"4182";"";"";"";"9";"";"";
"5078747590";"";"4420_100031113_12_15";"23:44:00";"23:44:00";"8605";"";"";"";"44";"";"";
"5078747625";"";"4420_100031113_12_15";"23:36:00";"23:36:00";"3665";"";"";"";"38";"";"";
"5078747634";"";"4420_100031113_12_15";"23:39:00";"23:39:00";"3952";"";"";"";"41";"";"";
"5078747713";"";"4420_100031113_12_15";"22:57:00";"22:57:00";"4181";"";"";"";"8";"";"";
"5078747779";"";"4420_100031113_12_15";"23:26:00";"23:26:00";"3703";"";"";"";"30";"";"";
"5078747787";"";"4420_100031113_12_15";"23:32:00";"23:32:00";"3653";"";"";"";"34";"";"";
"5078747790";"";"4420_100031113_12_15";"23:05:00";"23:05:00";"4186";"";"";"";"13";"";"";
"5078747801";"";"4420_100031113_12_15";"23:01:00";"23:01:00";"4184";"";"";"";"11";"";"";
"5078747832";"";"4420_100031113_12_15";"23:13:00";"23:13:00";"13920";"";"";"";"22";"";"";
"5078747861";"";"4420_100031113_12_15";"22:48:00";"22:48:00";"16614";"";"";"";"2";"";"";
"5078747874";"";"4420_100031113_12_15";"23:42:00";"23:42:00";"3692";"";"";"";"43";"";"";
"5078747878";"";"4420_100031113_12_15";"23:41:00";"23:41:00";"3668";"";"";"";"42";"";"";
"5078747906";"";"4420_100031113_12_15";"23:34:00";"23:34:00";"3655";"";"";"";"36";"";"";
"5078747909";"";"4420_100031113_12_15";"23:29:00";"23:29:00";"3651";"";"";"";"32";"";"";
"5078747977";"";"4420_100031113_12_15";"23:37:00";"23:37:00";"3666";"";"";"";"39";"";"";
"5078747994";"";"4420_100031113_12_15";"23:07:00";"23:07:00";"4187";"";"";"";"16";"";"";
"5078748028";"";"4420_100031113_12_15";"23:23:00";"23:23:00";"6158";"";"";"";"28";"";"";
"5078748047";"";"4420_100031113_12_15";"23:35:00";"23:35:00";"6160";"";"";"";"37";"";"";
"5078748049";"";"4420_100031113_12_15";"23:00:00";"23:00:00";"13136";"";"";"";"10";"";"";
"5078748050";"";"4420_100031113_12_15";"23:31:00";"23:31:00";"3652";"";"";"";"33";"";"";
"5078748074";"";"4420_100031113_12_15";"23:07:00";"23:07:00";"16515";"";"";"";"15";"";"";
"5078767196";"";"4433_100029120_2_15";"07:49:00";"07:49:00";"3324";"";"";"";"20";"";"";
"5078767201";"";"4433_100029120_2_15";"07:47:00";"07:47:00";"13707";"";"";"";"18";"";"";
"5078767225";"";"4433_100029120_2_15";"07:28:00";"07:28:00";"11288";"";"";"";"6";"";"";
"5078767252";"";"4433_100029120_2_15";"07:27:00";"07:27:00";"3611";"";"";"";"5";"";"";
"5078767475";"";"4433_100029120_2_15";"07:56:00";"07:56:00";"3328";"";"";"";"25";"";"";
"5078767482";"";"4433_100029120_2_15";"07:51:00";"07:51:00";"3325";"";"";"";"21";"";"";
"5078767504";"";"4433_100029120_2_15";"07:32:00";"07:32:00";"3316";"";"";"";"9";"";"";
"5078767510";"";"4433_100029120_2_15";"07:30:00";"07:30:00";"10148";"";"";"";"7";"";"";
"5078767573";"";"4433_100029120_2_15";"07:25:00";"07:25:00";"3609";"";"";"";"3";"";"";
"5078767575";"";"4433_100029120_2_15";"07:41:00";"07:41:00";"3321";"";"";"";"14";"";"";
"5078767595";"";"4433_100029120_2_15";"07:48:00";"07:48:00";"18279";"";"";"";"19";"";"";
"5078767707";"";"4433_100029120_2_15";"07:54:00";"07:54:00";"3326";"";"";"";"23";"";"";
"5078767729";"";"4433_100029120_2_15";"07:58:00";"07:58:00";"3333";"";"";"";"26";"";"";
"5078767742";"";"4433_100029120_2_15";"07:26:00";"07:26:00";"3610";"";"";"";"4";"";"";
"5078767784";"";"4433_100029120_2_15";"07:43:00";"07:43:00";"3322";"";"";"";"16";"";"";
"5078767835";"";"4433_100029120_2_15";"07:24:00";"07:24:00";"6153";"";"";"";"2";"";"";
"5078767917";"";"4433_100029120_2_15";"07:45:00";"07:45:00";"2927";"";"";"";"17";"";"";
"5078767928";"";"4433_100029120_2_15";"07:31:00";"07:31:00";"1002848";"";"";"";"8";"";"";
"5078767931";"";"4433_100029120_2_15";"07:23:00";"07:23:00";"6152";"";"";"";"1";"";"";
"5078767955";"";"4433_100029120_2_15";"07:58:00";"07:58:00";"3329";"";"";"";"27";"";"";
"5078767979";"";"4433_100029120_2_15";"07:53:00";"07:53:00";"2437";"";"";"";"22";"";"";
"5078768058";"";"4433_100029120_2_15";"07:38:00";"07:38:00";"15726";"";"";"";"12";"";"";
"5078768081";"";"4433_100029120_2_15";"07:34:00";"07:34:00";"3317";"";"";"";"10";"";"";
"5078768215";"";"4433_100029120_2_15";"07:40:00";"07:40:00";"3320";"";"";"";"13";"";"";
"5078768428";"";"4433_100029120_2_15";"07:36:00";"07:36:00";"3318";"";"";"";"11";"";"";
"5078768445";"";"4433_100029120_2_15";"07:42:00";"07:42:00";"10827";"";"";"";"15";"";"";
"5078768502";"";"4433_100029120_2_15";"07:55:00";"07:55:00";"3327";"";"";"";"24";"";"";
"5078849937";"";"4440_100031133_7_10";"16:36:00";"16:36:00";"7143";"";"";"";"22";"";"";
"5078849966";"";"4440_100031133_7_10";"16:07:00";"16:07:00";"6240";"";"";"";"1";"";"";
"5078850040";"";"4440_100031133_7_10";"16:22:00";"16:22:00";"4068";"";"";"";"13";"";"";
"5078850048";"";"4440_100031133_7_10";"16:09:00";"16:09:00";"6263";"";"";"";"3";"";"";
"5078850066";"";"4440_100031133_7_10";"16:47:00";"16:47:00";"22812";"";"";"";"30";"";"";
"5078850145";"";"4440_100031133_7_10";"16:38:00";"16:38:00";"10702";"";"";"";"24";"";"";
"5078850152";"";"4440_100031133_7_10";"17:04:00";"17:04:00";"6244";"";"";"";"40";"";"";
"5078850162";"";"4440_100031133_7_10";"16:29:00";"16:29:00";"3933";"";"";"";"17";"";"";
"5078850168";"";"4440_100031133_7_10";"16:35:00";"16:35:00";"3930";"";"";"";"21";"";"";
"5078850200";"";"4440_100031133_7_10";"16:59:00";"16:59:00";"10492";"";"";"";"37";"";"";
"5078850202";"";"4440_100031133_7_10";"16:31:00";"16:31:00";"1001339";"";"";"";"19";"";"";
"5078850253";"";"4440_100031133_7_10";"16:43:00";"16:43:00";"4658";"";"";"";"29";"";"";
"5078850300";"";"4440_100031133_7_10";"16:12:00";"16:12:00";"4528";"";"";"";"5";"";"";
"5078850303";"";"4440_100031133_7_10";"16:15:00";"16:15:00";"4066";"";"";"";"8";"";"";
"5078850337";"";"4440_100031133_7_10";"16:54:00";"16:54:00";"8595";"";"";"";"34";"";"";
"5078850348";"";"4440_100031133_7_10";"16:34:00";"16:34:00";"3931";"";"";"";"20";"";"";
"5078850349";"";"4440_100031133_7_10";"16:39:00";"16:39:00";"4660";"";"";"";"25";"";"";
"5078850365";"";"4440_100031133_7_10";"16:52:00";"16:52:00";"5854";"";"";"";"33";"";"";
"5078850403";"";"4440_100031133_7_10";"16:21:00";"16:21:00";"22818";"";"";"";"12";"";"";
"5078850491";"";"4440_100031133_7_10";"16:08:00";"16:08:00";"6238";"";"";"";"2";"";"";
"5078850518";"";"4440_100031133_7_10";"16:40:00";"16:40:00";"3943";"";"";"";"26";"";"";
"5078850543";"";"4440_100031133_7_10";"17:15:00";"17:15:00";"3949";"";"";"";"47";"";"";
"5078850545";"";"4440_100031133_7_10";"16:17:00";"16:17:00";"4614";"";"";"";"9";"";"";
"5078850552";"";"4440_100031133_7_10";"16:26:00";"16:26:00";"1002767";"";"";"";"16";"";"";
"5078850590";"";"4440_100031133_7_10";"16:19:00";"16:19:00";"5366";"";"";"";"10";"";"";
"5078850608";"";"4440_100031133_7_10";"16:56:00";"16:56:00";"6241";"";"";"";"35";"";"";
"5078850640";"";"4440_100031133_7_10";"16:30:00";"16:30:00";"3939";"";"";"";"18";"";"";
"5078850655";"";"4440_100031133_7_10";"16:14:00";"16:14:00";"4530";"";"";"";"7";"";"";
"5078850678";"";"4440_100031133_7_10";"16:24:00";"16:24:00";"15245";"";"";"";"14";"";"";
"5078850686";"";"4440_100031133_7_10";"16:37:00";"16:37:00";"3863";"";"";"";"23";"";"";
"5078850721";"";"4440_100031133_7_10";"16:13:00";"16:13:00";"4529";"";"";"";"6";"";"";
"5078850734";"";"4440_100031133_7_10";"16:51:00";"16:51:00";"22817";"";"";"";"32";"";"";
"5078850740";"";"4440_100031133_7_10";"17:08:00";"17:08:00";"3926";"";"";"";"42";"";"";
"5078850745";"";"4440_100031133_7_10";"17:02:00";"17:02:00";"8697";"";"";"";"39";"";"";
"5078850747";"";"4440_100031133_7_10";"16:20:00";"16:20:00";"4067";"";"";"";"11";"";"";
"5078850762";"";"4440_100031133_7_10";"17:00:00";"17:00:00";"3660";"";"";"";"38";"";"";
"5078850773";"";"4440_100031133_7_10";"17:14:00";"17:14:00";"6245";"";"";"";"46";"";"";
"5078850778";"";"4440_100031133_7_10";"16:41:00";"16:41:00";"4069";"";"";"";"27";"";"";
"5078850866";"";"4440_100031133_7_10";"17:06:00";"17:06:00";"7118";"";"";"";"41";"";"";
"5078850937";"";"4440_100031133_7_10";"17:16:00";"17:16:00";"5365";"";"";"";"48";"";"";
"5078850979";"";"4440_100031133_7_10";"17:12:00";"17:12:00";"3947";"";"";"";"45";"";"";
"5078850995";"";"4440_100031133_7_10";"16:42:00";"16:42:00";"22815";"";"";"";"28";"";"";
"5078851010";"";"4440_100031133_7_10";"16:11:00";"16:11:00";"4527";"";"";"";"4";"";"";
"5078851020";"";"4440_100031133_7_10";"17:10:00";"17:10:00";"3945";"";"";"";"43";"";"";
"5078851074";"";"4440_100031133_7_10";"16:58:00";"16:58:00";"1002232";"";"";"";"36";"";"";
"5078851103";"";"4440_100031133_7_10";"16:50:00";"16:50:00";"3648";"";"";"";"31";"";"";
"5078851119";"";"4440_100031133_7_10";"16:25:00";"16:25:00";"3937";"";"";"";"15";"";"";
"5078851131";"";"4440_100031133_7_10";"17:11:00";"17:11:00";"3946";"";"";"";"44";"";"";
"5078969555";"";"4443_100031456_12_2";"16:39:00";"16:39:00";"706";"";"";"";"27";"";"";
"5078969665";"";"4443_100031456_12_2";"16:47:00";"16:47:00";"821";"";"";"";"32";"";"";
"5078969721";"";"4443_100031456_12_2";"16:37:00";"16:37:00";"704";"";"";"";"25";"";"";
"5078969728";"";"4443_100031456_12_2";"16:14:00";"16:14:00";"851";"";"";"";"10";"";"";
"5078969747";"";"4443_100031456_12_2";"16:40:00";"16:40:00";"707";"";"";"";"28";"";"";
"5078969753";"";"4443_100031456_12_2";"16:43:00";"16:43:00";"709";"";"";"";"30";"";"";
"5078969959";"";"4443_100031456_12_2";"16:33:00";"16:33:00";"739";"";"";"";"22";"";"";
"5078970018";"";"4443_100031456_12_2";"16:47:00";"16:47:00";"10650";"";"";"";"33";"";"";
"5078970058";"";"4443_100031456_12_2";"16:38:00";"16:38:00";"705";"";"";"";"26";"";"";
"5078970088";"";"4443_100031456_12_2";"16:46:00";"16:46:00";"820";"";"";"";"31";"";"";
"5078970121";"";"4443_100031456_12_2";"16:04:00";"16:04:00";"1403";"";"";"";"7";"";"";
"5078970122";"";"4443_100031456_12_2";"16:03:00";"16:03:00";"1404";"";"";"";"6";"";"";
"5078970184";"";"4443_100031456_12_2";"16:41:00";"16:41:00";"708";"";"";"";"29";"";"";
"5078970203";"";"4443_100031456_12_2";"16:36:00";"16:36:00";"703";"";"";"";"24";"";"";
"5078970237";"";"4443_100031456_12_2";"16:17:00";"16:17:00";"453";"";"";"";"13";"";"";
"5078970247";"";"4443_100031456_12_2";"15:59:00";"15:59:00";"848";"";"";"";"4";"";"";
"5078970284";"";"4443_100031456_12_2";"16:16:00";"16:16:00";"1032";"";"";"";"12";"";"";
"5078970329";"";"4443_100031456_12_2";"16:01:00";"16:01:00";"15926";"";"";"";"5";"";"";
"5078970402";"";"4443_100031456_12_2";"16:13:00";"16:13:00";"1119";"";"";"";"9";"";"";
"5078970428";"";"4443_100031456_12_2";"16:21:00";"16:21:00";"815";"";"";"";"15";"";"";
"5078970454";"";"4443_100031456_12_2";"16:27:00";"16:27:00";"9783";"";"";"";"20";"";"";
"5078970485";"";"4443_100031456_12_2";"16:31:00";"16:31:00";"639";"";"";"";"21";"";"";
"5078970500";"";"4443_100031456_12_2";"16:10:00";"16:10:00";"15354";"";"";"";"8";"";"";
"5078970596";"";"4443_100031456_12_2";"16:26:00";"16:26:00";"819";"";"";"";"19";"";"";
"5078970602";"";"4443_100031456_12_2";"16:22:00";"16:22:00";"816";"";"";"";"16";"";"";
"5078970612";"";"4443_100031456_12_2";"16:34:00";"16:34:00";"702";"";"";"";"23";"";"";
"5078970620";"";"4443_100031456_12_2";"16:23:00";"16:23:00";"817";"";"";"";"17";"";"";
"5078970664";"";"4443_100031456_12_2";"15:57:00";"15:57:00";"847";"";"";"";"3";"";"";
"5078970675";"";"4443_100031456_12_2";"16:24:00";"16:24:00";"818";"";"";"";"18";"";"";
"5078970708";"";"4443_100031456_12_2";"15:56:00";"15:56:00";"846";"";"";"";"2";"";"";
"5078970811";"";"4443_100031456_12_2";"16:15:00";"16:15:00";"852";"";"";"";"11";"";"";
"5078970828";"";"4443_100031456_12_2";"16:20:00";"16:20:00";"18070";"";"";"";"14";"";"";
"5078971202";"";"4443_100031456_12_2";"15:55:00";"15:55:00";"1000512";"";"";"";"1";"";"";
"5078974506";"";"4424_100031444_28_9";"18:15:00";"18:15:00";"470";"";"";"";"15";"";"";
"5078974794";"";"4424_100031444_28_9";"18:11:00";"18:11:00";"1042";"";"";"";"10";"";"";
"5078974902";"";"4424_100031444_28_9";"18:04:00";"18:04:00";"1040";"";"";"";"5";"";"";
"5078974960";"";"4424_100031444_28_9";"18:16:00";"18:16:00";"549";"";"";"";"16";"";"";
"5078974981";"";"4424_100031444_28_9";"18:18:00";"18:18:00";"471";"";"";"";"17";"";"";
"5078975002";"";"4424_100031444_28_9";"18:14:00";"18:14:00";"1044";"";"";"";"13";"";"";
"5078975037";"";"4424_100031444_28_9";"18:15:00";"18:15:00";"1045";"";"";"";"14";"";"";
"5078975076";"";"4424_100031444_28_9";"18:13:00";"18:13:00";"1043";"";"";"";"12";"";"";
"5078975158";"";"4424_100031444_28_9";"18:00:00";"18:00:00";"21762";"";"";"";"1";"";"";
"5078975185";"";"4424_100031444_28_9";"18:03:00";"18:03:00";"466";"";"";"";"4";"";"";
"5078975219";"";"4424_100031444_28_9";"18:12:00";"18:12:00";"469";"";"";"";"11";"";"";
"5078975235";"";"4424_100031444_28_9";"18:09:00";"18:09:00";"1041";"";"";"";"8";"";"";
"5078975251";"";"4424_100031444_28_9";"18:08:00";"18:08:00";"15438";"";"";"";"7";"";"";
"5078975400";"";"4424_100031444_28_9";"18:10:00";"18:10:00";"468";"";"";"";"9";"";"";
"5078975450";"";"4424_100031444_28_9";"18:00:00";"18:00:00";"464";"";"";"";"2";"";"";
"5078975558";"";"4424_100031444_28_9";"18:02:00";"18:02:00";"465";"";"";"";"3";"";"";
"5078975610";"";"4424_100031444_28_9";"18:06:00";"18:06:00";"467";"";"";"";"6";"";"";
"5079068774";"";"4417_100031416_9_12";"16:50:00";"16:50:00";"6712";"";"";"";"15";"";"";
"5079068921";"";"4417_100031416_9_12";"17:10:00";"17:10:00";"7510";"";"";"";"27";"";"";
"5079068949";"";"4417_100031416_9_12";"17:08:00";"17:08:00";"7509";"";"";"";"26";"";"";
"5079069007";"";"4417_100031416_9_12";"16:44:00";"16:44:00";"6709";"";"";"";"10";"";"";
"5079069031";"";"4417_100031416_9_12";"17:13:00";"17:13:00";"1000531";"";"";"";"29";"";"";
"5079069105";"";"4417_100031416_9_12";"16:42:00";"16:42:00";"21214";"";"";"";"8";"";"";
"5079069264";"";"4417_100031416_9_12";"16:33:00";"16:33:00";"6703";"";"";"";"3";"";"";
"5079069279";"";"4417_100031416_9_12";"16:43:00";"16:43:00";"6708";"";"";"";"9";"";"";
"5079069314";"";"4417_100031416_9_12";"17:12:00";"17:12:00";"7511";"";"";"";"28";"";"";
"5079069328";"";"4417_100031416_9_12";"17:06:00";"17:06:00";"21196";"";"";"";"25";"";"";
"5079069352";"";"4417_100031416_9_12";"17:05:00";"17:05:00";"7507";"";"";"";"24";"";"";
"5079069417";"";"4417_100031416_9_12";"16:46:00";"16:46:00";"4379";"";"";"";"12";"";"";
"5079069478";"";"4417_100031416_9_12";"16:57:00";"16:57:00";"6716";"";"";"";"19";"";"";
"5079069493";"";"4417_100031416_9_12";"16:55:00";"16:55:00";"6715";"";"";"";"18";"";"";
"5079069509";"";"4417_100031416_9_12";"17:04:00";"17:04:00";"7506";"";"";"";"23";"";"";
"5079069563";"";"4417_100031416_9_12";"16:35:00";"16:35:00";"6704";"";"";"";"4";"";"";
"5079069611";"";"4417_100031416_9_12";"17:01:00";"17:01:00";"6718";"";"";"";"21";"";"";
"5079069675";"";"4417_100031416_9_12";"16:52:00";"16:52:00";"6713";"";"";"";"16";"";"";
"5079069679";"";"4417_100031416_9_12";"16:47:00";"16:47:00";"21577";"";"";"";"13";"";"";
"5079069731";"";"4417_100031416_9_12";"16:48:00";"16:48:00";"21205";"";"";"";"14";"";"";
"5079069782";"";"4417_100031416_9_12";"16:32:00";"16:32:00";"6702";"";"";"";"2";"";"";
"5079069810";"";"4417_100031416_9_12";"16:45:00";"16:45:00";"6710";"";"";"";"11";"";"";
"5079069887";"";"4417_100031416_9_12";"16:53:00";"16:53:00";"6714";"";"";"";"17";"";"";
"5079069958";"";"4417_100031416_9_12";"17:02:00";"17:02:00";"21698";"";"";"";"22";"";"";
"5079070056";"";"4417_100031416_9_12";"16:39:00";"16:39:00";"6706";"";"";"";"6";"";"";
"5079070099";"";"4417_100031416_9_12";"16:31:00";"16:31:00";"10387";"";"";"";"1";"";"";
"5079070243";"";"4417_100031416_9_12";"16:37:00";"16:37:00";"6705";"";"";"";"5";"";"";
"5079070492";"";"4417_100031416_9_12";"16:40:00";"16:40:00";"13508";"";"";"";"7";"";"";
"5079070511";"";"4417_100031416_9_12";"16:59:00";"16:59:00";"6717";"";"";"";"20";"";"";
"5079070611";"";"4417_100031416_9_12";"17:15:00";"17:15:00";"17247";"";"";"";"30";"";"";
"5079154475";"";"4418_100031109_3_1";"08:10:00";"08:10:00";"1001044";"";"";"";"29";"";"";
"5079154524";"";"4418_100031109_3_1";"08:07:00";"08:07:00";"10603";"";"";"";"27";"";"";
"5079154539";"";"4418_100031109_3_1";"07:48:00";"07:48:00";"7115";"";"";"";"15";"";"";
"5079154593";"";"4418_100031109_3_1";"07:29:00";"07:29:00";"8604";"";"";"";"2";"";"";
"5079154602";"";"4418_100031109_3_1";"08:12:00";"08:12:00";"4197";"";"";"";"31";"";"";
"5079154609";"";"4418_100031109_3_1";"08:16:00";"08:16:00";"6063";"";"";"";"33";"";"";
"5079154613";"";"4418_100031109_3_1";"07:33:00";"07:33:00";"3695";"";"";"";"5";"";"";
"5079154640";"";"4418_100031109_3_1";"08:33:00";"08:33:00";"8499";"";"";"";"42";"";"";
"5079154648";"";"4418_100031109_3_1";"08:30:00";"08:30:00";"6054";"";"";"";"40";"";"";
"5079154671";"";"4418_100031109_3_1";"08:11:00";"08:11:00";"4196";"";"";"";"30";"";"";
"5079154672";"";"4418_100031109_3_1";"08:29:00";"08:29:00";"4083";"";"";"";"39";"";"";
"5079154686";"";"4418_100031109_3_1";"07:43:00";"07:43:00";"7120";"";"";"";"11";"";"";
"5079154740";"";"4418_100031109_3_1";"08:27:00";"08:27:00";"5327";"";"";"";"38";"";"";
"5079154745";"";"4418_100031109_3_1";"07:50:00";"07:50:00";"7116";"";"";"";"17";"";"";
"5079154771";"";"4418_100031109_3_1";"07:55:00";"07:55:00";"1002188";"";"";"";"20";"";"";
"5079154783";"";"4418_100031109_3_1";"07:32:00";"07:32:00";"3694";"";"";"";"4";"";"";
"5079154811";"";"4418_100031109_3_1";"08:31:00";"08:31:00";"15357";"";"";"";"41";"";"";
"5079154849";"";"4418_100031109_3_1";"07:36:00";"07:36:00";"3697";"";"";"";"7";"";"";
"5079154981";"";"4418_100031109_3_1";"08:25:00";"08:25:00";"5326";"";"";"";"37";"";"";
"5079155025";"";"4418_100031109_3_1";"07:53:00";"07:53:00";"3950";"";"";"";"19";"";"";
"5079155028";"";"4418_100031109_3_1";"07:40:00";"07:40:00";"4531";"";"";"";"9";"";"";
"5079155048";"";"4418_100031109_3_1";"08:14:00";"08:14:00";"10755";"";"";"";"32";"";"";
"5079155051";"";"4418_100031109_3_1";"07:47:00";"07:47:00";"7114";"";"";"";"14";"";"";
"5079155110";"";"4418_100031109_3_1";"07:34:00";"07:34:00";"3696";"";"";"";"6";"";"";
"5079155123";"";"4418_100031109_3_1";"08:02:00";"08:02:00";"10745";"";"";"";"24";"";"";
"5079155136";"";"4418_100031109_3_1";"08:01:00";"08:01:00";"6166";"";"";"";"23";"";"";
"5079155172";"";"4418_100031109_3_1";"08:08:00";"08:08:00";"1000866";"";"";"";"28";"";"";
"5079155215";"";"4418_100031109_3_1";"08:22:00";"08:22:00";"5325";"";"";"";"36";"";"";
"5079155232";"";"4418_100031109_3_1";"07:28:00";"07:28:00";"8605";"";"";"";"1";"";"";
"5079155287";"";"4418_100031109_3_1";"07:37:00";"07:37:00";"3698";"";"";"";"8";"";"";
"5079155300";"";"4418_100031109_3_1";"07:57:00";"07:57:00";"6164";"";"";"";"21";"";"";
"5079155339";"";"4418_100031109_3_1";"08:18:00";"08:18:00";"6064";"";"";"";"34";"";"";
"5079155353";"";"4418_100031109_3_1";"08:05:00";"08:05:00";"4167";"";"";"";"26";"";"";
"5079155357";"";"4418_100031109_3_1";"07:51:00";"07:51:00";"7117";"";"";"";"18";"";"";
"5079155360";"";"4418_100031109_3_1";"08:20:00";"08:20:00";"5324";"";"";"";"35";"";"";
"5079155391";"";"4418_100031109_3_1";"08:03:00";"08:03:00";"10604";"";"";"";"25";"";"";
"5079155531";"";"4418_100031109_3_1";"07:59:00";"07:59:00";"6165";"";"";"";"22";"";"";
"5079155607";"";"4418_100031109_3_1";"07:46:00";"07:46:00";"3700";"";"";"";"13";"";"";
"5079155646";"";"4418_100031109_3_1";"07:31:00";"07:31:00";"3693";"";"";"";"3";"";"";
"5079155649";"";"4418_100031109_3_1";"07:45:00";"07:45:00";"3699";"";"";"";"12";"";"";
"5079155780";"";"4418_100031109_3_1";"07:49:00";"07:49:00";"3701";"";"";"";"16";"";"";
"5079155786";"";"4418_100031109_3_1";"07:41:00";"07:41:00";"3656";"";"";"";"10";"";"";
"5079231180";"";"4429_100019690_10_3";"13:26:00";"13:26:00";"3660";"";"";"";"16";"";"";
"5079231199";"";"4429_100019690_10_3";"13:15:00";"13:15:00";"3702";"";"";"";"9";"";"";
"5079231275";"";"4429_100019690_10_3";"13:25:00";"13:25:00";"10492";"";"";"";"15";"";"";
"5079231283";"";"4429_100019690_10_3";"13:18:00";"13:18:00";"6159";"";"";"";"11";"";"";
"5079231304";"";"4429_100019690_10_3";"13:10:00";"13:10:00";"6760";"";"";"";"6";"";"";
"5079231333";"";"4429_100019690_10_3";"13:34:00";"13:34:00";"3926";"";"";"";"20";"";"";
"5079231350";"";"4429_100019690_10_3";"13:14:00";"13:14:00";"14018";"";"";"";"8";"";"";
"5079231500";"";"4429_100019690_10_3";"13:28:00";"13:28:00";"8697";"";"";"";"17";"";"";
"5079231510";"";"4429_100019690_10_3";"13:20:00";"13:20:00";"3703";"";"";"";"12";"";"";
"5079231514";"";"4429_100019690_10_3";"13:41:00";"13:41:00";"3949";"";"";"";"25";"";"";
"5079231524";"";"4429_100019690_10_3";"13:24:00";"13:24:00";"1002232";"";"";"";"14";"";"";
"5079231536";"";"4429_100019690_10_3";"13:37:00";"13:37:00";"3946";"";"";"";"22";"";"";
"5079231556";"";"4429_100019690_10_3";"13:36:00";"13:36:00";"3945";"";"";"";"21";"";"";
"5079231690";"";"4429_100019690_10_3";"13:12:00";"13:12:00";"6157";"";"";"";"7";"";"";
"5079231714";"";"4429_100019690_10_3";"13:30:00";"13:30:00";"6244";"";"";"";"18";"";"";
"5079231738";"";"4429_100019690_10_3";"13:16:00";"13:16:00";"6158";"";"";"";"10";"";"";
"5079231739";"";"4429_100019690_10_3";"13:04:00";"13:04:00";"22640";"";"";"";"3";"";"";
"5079231749";"";"4429_100019690_10_3";"13:32:00";"13:32:00";"7118";"";"";"";"19";"";"";
"5079231843";"";"4429_100019690_10_3";"13:02:00";"13:02:00";"5339";"";"";"";"1";"";"";
"5079231891";"";"4429_100019690_10_3";"13:38:00";"13:38:00";"3947";"";"";"";"23";"";"";
"5079232033";"";"4429_100019690_10_3";"13:22:00";"13:22:00";"6241";"";"";"";"13";"";"";
"5079232138";"";"4429_100019690_10_3";"13:42:00";"13:42:00";"5365";"";"";"";"26";"";"";
"5079232235";"";"4429_100019690_10_3";"13:03:00";"13:03:00";"3422";"";"";"";"2";"";"";
"5079232295";"";"4429_100019690_10_3";"13:40:00";"13:40:00";"6245";"";"";"";"24";"";"";
"5079232350";"";"4429_100019690_10_3";"13:08:00";"13:08:00";"4190";"";"";"";"5";"";"";
"5079232466";"";"4429_100019690_10_3";"13:05:00";"13:05:00";"13920";"";"";"";"4";"";"";
"5079292815";"";"4428_100019706_5_3";"12:12:00";"12:12:00";"10463";"";"";"";"1";"";"";
"5079292869";"";"4428_100019706_5_3";"12:29:00";"12:29:00";"8843";"";"";"";"13";"";"";
"5079293084";"";"4428_100019706_5_3";"13:07:00";"13:07:00";"6011";"";"";"";"37";"";"";
"5079293142";"";"4428_100019706_5_3";"12:13:00";"12:13:00";"3707";"";"";"";"2";"";"";
"5079293156";"";"4428_100019706_5_3";"12:27:00";"12:27:00";"7897";"";"";"";"12";"";"";
"5079293262";"";"4428_100019706_5_3";"12:21:00";"12:21:00";"3640";"";"";"";"9";"";"";
"5079293274";"";"4428_100019706_5_3";"12:15:00";"12:15:00";"3637";"";"";"";"4";"";"";
"5079293285";"";"4428_100019706_5_3";"12:14:00";"12:14:00";"3636";"";"";"";"3";"";"";
"5079293298";"";"4428_100019706_5_3";"12:45:00";"12:45:00";"3927";"";"";"";"22";"";"";
"5079293376";"";"4428_100019706_5_3";"13:08:00";"13:08:00";"6012";"";"";"";"38";"";"";
"5079293398";"";"4428_100019706_5_3";"12:51:00";"12:51:00";"3941";"";"";"";"27";"";"";
"5079293407";"";"4428_100019706_5_3";"12:46:00";"12:46:00";"4657";"";"";"";"23";"";"";
"5079293429";"";"4428_100019706_5_3";"12:17:00";"12:17:00";"4073";"";"";"";"6";"";"";
"5079293474";"";"4428_100019706_5_3";"12:19:00";"12:19:00";"3638";"";"";"";"7";"";"";
"5079293512";"";"4428_100019706_5_3";"13:12:00";"13:12:00";"6014";"";"";"";"41";"";"";
"5079293513";"";"4428_100019706_5_3";"13:23:00";"13:23:00";"5387";"";"";"";"48";"";"";
"5079293524";"";"4428_100019706_5_3";"12:16:00";"12:16:00";"4070";"";"";"";"5";"";"";
"5079293527";"";"4428_100019706_5_3";"13:09:00";"13:09:00";"6013";"";"";"";"39";"";"";
"5079293528";"";"4428_100019706_5_3";"12:39:00";"12:39:00";"21450";"";"";"";"18";"";"";
"5079293538";"";"4428_100019706_5_3";"12:23:00";"12:23:00";"6257";"";"";"";"10";"";"";
"5079293548";"";"4428_100019706_5_3";"12:47:00";"12:47:00";"10406";"";"";"";"24";"";"";
"5079293553";"";"4428_100019706_5_3";"12:59:00";"12:59:00";"14572";"";"";"";"31";"";"";
"5079293560";"";"4428_100019706_5_3";"12:53:00";"12:53:00";"6090";"";"";"";"28";"";"";
"5079293561";"";"4428_100019706_5_3";"13:19:00";"13:19:00";"1000509";"";"";"";"45";"";"";
"5079293563";"";"4428_100019706_5_3";"13:01:00";"13:01:00";"6009";"";"";"";"33";"";"";
"5079293565";"";"4428_100019706_5_3";"12:25:00";"12:25:00";"7896";"";"";"";"11";"";"";
"5079293578";"";"4428_100019706_5_3";"13:26:00";"13:26:00";"8439";"";"";"";"50";"";"";
"5079293628";"";"4428_100019706_5_3";"12:50:00";"12:50:00";"16114";"";"";"";"26";"";"";
"5079293633";"";"4428_100019706_5_3";"12:56:00";"12:56:00";"6264";"";"";"";"29";"";"";
"5079293676";"";"4428_100019706_5_3";"12:31:00";"12:31:00";"16917";"";"";"";"14";"";"";
"5079293699";"";"4428_100019706_5_3";"13:18:00";"13:18:00";"8611";"";"";"";"44";"";"";
"5079293733";"";"4428_100019706_5_3";"12:37:00";"12:37:00";"3646";"";"";"";"17";"";"";
"5079293748";"";"4428_100019706_5_3";"13:05:00";"13:05:00";"14922";"";"";"";"36";"";"";
"5079293780";"";"4428_100019706_5_3";"13:20:00";"13:20:00";"6016";"";"";"";"46";"";"";
"5079293786";"";"4428_100019706_5_3";"13:02:00";"13:02:00";"15496";"";"";"";"34";"";"";
"5079293797";"";"4428_100019706_5_3";"13:00:00";"13:00:00";"22095";"";"";"";"32";"";"";
"5079293826";"";"4428_100019706_5_3";"12:44:00";"12:44:00";"4074";"";"";"";"21";"";"";
"5079293828";"";"4428_100019706_5_3";"12:42:00";"12:42:00";"4659";"";"";"";"19";"";"";
"5079293843";"";"4428_100019706_5_3";"12:20:00";"12:20:00";"3639";"";"";"";"8";"";"";
"5079293887";"";"4428_100019706_5_3";"13:16:00";"13:16:00";"8610";"";"";"";"43";"";"";
"5079293915";"";"4428_100019706_5_3";"13:15:00";"13:15:00";"6023";"";"";"";"42";"";"";
"5079293931";"";"4428_100019706_5_3";"13:10:00";"13:10:00";"22949";"";"";"";"40";"";"";
"5079293978";"";"4428_100019706_5_3";"12:57:00";"12:57:00";"1009094";"";"";"";"30";"";"";
"5079294015";"";"4428_100019706_5_3";"13:25:00";"13:25:00";"10737";"";"";"";"49";"";"";
"5079294026";"";"4428_100019706_5_3";"12:35:00";"12:35:00";"3645";"";"";"";"16";"";"";
"5079294040";"";"4428_100019706_5_3";"12:43:00";"12:43:00";"22816";"";"";"";"20";"";"";
"5079294087";"";"4428_100019706_5_3";"12:48:00";"12:48:00";"4661";"";"";"";"25";"";"";
"5079294111";"";"4428_100019706_5_3";"13:03:00";"13:03:00";"7606";"";"";"";"35";"";"";
"5079294157";"";"4428_100019706_5_3";"12:33:00";"12:33:00";"3644";"";"";"";"15";"";"";
"5079294417";"";"4428_100019706_5_3";"13:21:00";"13:21:00";"6020";"";"";"";"47";"";"";
"5079535076";"";"4422_100016870_21_4";"16:51:00";"16:51:00";"854";"";"";"";"3";"";"";
"5079535190";"";"4422_100016870_21_4";"17:02:00";"17:02:00";"849";"";"";"";"7";"";"";
"5079535477";"";"4422_100016870_21_4";"16:50:00";"16:50:00";"1425";"";"";"";"1";"";"";
"5079535536";"";"4422_100016870_21_4";"17:06:00";"17:06:00";"858";"";"";"";"9";"";"";
"5079535633";"";"4422_100016870_21_4";"16:59:00";"16:59:00";"1406";"";"";"";"5";"";"";
"5079535768";"";"4422_100016870_21_4";"17:07:00";"17:07:00";"859";"";"";"";"10";"";"";
"5079535906";"";"4422_100016870_21_4";"17:08:00";"17:08:00";"1000512";"";"";"";"11";"";"";
"5079535981";"";"4422_100016870_21_4";"16:53:00";"16:53:00";"15355";"";"";"";"4";"";"";
"5079536025";"";"4422_100016870_21_4";"16:50:00";"16:50:00";"1426";"";"";"";"2";"";"";
"5079536225";"";"4422_100016870_21_4";"17:04:00";"17:04:00";"857";"";"";"";"8";"";"";
"5079536421";"";"4422_100016870_21_4";"17:00:00";"17:00:00";"1405";"";"";"";"6";"";"";
"5079761976";"";"4423_100029121_5_18";"14:02:00";"14:02:00";"10463";"";"";"";"42";"";"";
"5079762281";"";"4423_100029121_5_18";"13:57:00";"13:57:00";"4072";"";"";"";"39";"";"";
"5079762308";"";"4423_100029121_5_18";"14:00:00";"14:00:00";"3633";"";"";"";"41";"";"";
"5079762325";"";"4423_100029121_5_18";"13:52:00";"13:52:00";"3629";"";"";"";"35";"";"";
"5079762342";"";"4423_100029121_5_18";"13:01:00";"13:01:00";"3611";"";"";"";"5";"";"";
"5079762397";"";"4423_100029121_5_18";"13:58:00";"13:58:00";"3691";"";"";"";"40";"";"";
"5079762456";"";"4423_100029121_5_18";"13:18:00";"13:18:00";"3614";"";"";"";"17";"";"";
"5079762475";"";"4423_100029121_5_18";"13:31:00";"13:31:00";"7144";"";"";"";"26";"";"";
"5079762557";"";"4423_100029121_5_18";"13:23:00";"13:23:00";"3618";"";"";"";"21";"";"";
"5079762562";"";"4423_100029121_5_18";"13:55:00";"13:55:00";"3632";"";"";"";"38";"";"";
"5079762564";"";"4423_100029121_5_18";"13:02:00";"13:02:00";"11288";"";"";"";"6";"";"";
"5079762567";"";"4423_100029121_5_18";"13:29:00";"13:29:00";"22814";"";"";"";"24";"";"";
"5079762612";"";"4423_100029121_5_18";"13:53:00";"13:53:00";"3630";"";"";"";"36";"";"";
"5079762637";"";"4423_100029121_5_18";"13:04:00";"13:04:00";"10148";"";"";"";"7";"";"";
"5079762643";"";"4423_100029121_5_18";"13:08:00";"13:08:00";"1213";"";"";"";"10";"";"";
"5079762698";"";"4423_100029121_5_18";"13:28:00";"13:28:00";"3850";"";"";"";"23";"";"";
"5079762725";"";"4423_100029121_5_18";"13:13:00";"13:13:00";"7163";"";"";"";"14";"";"";
"5079762730";"";"4423_100029121_5_18";"13:09:00";"13:09:00";"1214";"";"";"";"11";"";"";
"5079762763";"";"4423_100029121_5_18";"13:15:00";"13:15:00";"1001713";"";"";"";"15";"";"";
"5079762788";"";"4423_100029121_5_18";"13:11:00";"13:11:00";"1215";"";"";"";"12";"";"";
"5079762799";"";"4423_100029121_5_18";"13:21:00";"13:21:00";"3617";"";"";"";"20";"";"";
"5079762882";"";"4423_100029121_5_18";"13:12:00";"13:12:00";"1216";"";"";"";"13";"";"";
"5079762933";"";"4423_100029121_5_18";"13:46:00";"13:46:00";"3627";"";"";"";"32";"";"";
"5079762969";"";"4423_100029121_5_18";"13:54:00";"13:54:00";"3631";"";"";"";"37";"";"";
"5079763014";"";"4423_100029121_5_18";"13:35:00";"13:35:00";"3622";"";"";"";"27";"";"";
"5079763097";"";"4423_100029121_5_18";"12:59:00";"12:59:00";"3609";"";"";"";"3";"";"";
"5079763112";"";"4423_100029121_5_18";"13:16:00";"13:16:00";"3613";"";"";"";"16";"";"";
"5079763130";"";"4423_100029121_5_18";"12:57:00";"12:57:00";"6152";"";"";"";"1";"";"";
"5079763185";"";"4423_100029121_5_18";"13:20:00";"13:20:00";"3616";"";"";"";"19";"";"";
"5079763208";"";"4423_100029121_5_18";"13:30:00";"13:30:00";"3649";"";"";"";"25";"";"";
"5079763213";"";"4423_100029121_5_18";"13:39:00";"13:39:00";"3624";"";"";"";"29";"";"";
"5079763229";"";"4423_100029121_5_18";"13:42:00";"13:42:00";"16916";"";"";"";"30";"";"";
"5079763230";"";"4423_100029121_5_18";"12:58:00";"12:58:00";"6153";"";"";"";"2";"";"";
"5079763231";"";"4423_100029121_5_18";"13:00:00";"13:00:00";"3610";"";"";"";"4";"";"";
"5079763241";"";"4423_100029121_5_18";"13:07:00";"13:07:00";"1212";"";"";"";"9";"";"";
"5079763276";"";"4423_100029121_5_18";"13:25:00";"13:25:00";"8630";"";"";"";"22";"";"";
"5079763300";"";"4423_100029121_5_18";"13:06:00";"13:06:00";"22810";"";"";"";"8";"";"";
"5079763365";"";"4423_100029121_5_18";"13:19:00";"13:19:00";"3615";"";"";"";"18";"";"";
"5079763366";"";"4423_100029121_5_18";"13:49:00";"13:49:00";"7894";"";"";"";"33";"";"";
"5079763509";"";"4423_100029121_5_18";"13:50:00";"13:50:00";"3628";"";"";"";"34";"";"";
"5079763656";"";"4423_100029121_5_18";"13:44:00";"13:44:00";"8844";"";"";"";"31";"";"";
"5079763679";"";"4423_100029121_5_18";"13:37:00";"13:37:00";"3623";"";"";"";"28";"";"";
"5080098482";"";"4414_100031418_8_9";"17:11:00";"17:11:00";"10323";"";"";"";"3";"";"";
"5080098498";"";"4414_100031418_8_9";"17:15:00";"17:15:00";"1000596";"";"";"";"7";"";"";
"5080098721";"";"4414_100031418_8_9";"17:14:00";"17:14:00";"10560";"";"";"";"5";"";"";
"5080098738";"";"4414_100031418_8_9";"17:08:00";"17:08:00";"6595";"";"";"";"1";"";"";
"5080098795";"";"4414_100031418_8_9";"17:10:00";"17:10:00";"6596";"";"";"";"2";"";"";
"5080098843";"";"4414_100031418_8_9";"18:10:00";"18:10:00";"1001697";"";"";"";"44";"";"";
"5080098861";"";"4414_100031418_8_9";"17:13:00";"17:13:00";"21549";"";"";"";"4";"";"";
"5080099016";"";"4414_100031418_8_9";"18:08:00";"18:08:00";"6266";"";"";"";"43";"";"";
"5080099029";"";"4414_100031418_8_9";"18:05:00";"18:05:00";"5342";"";"";"";"41";"";"";
"5080099110";"";"4414_100031418_8_9";"17:45:00";"17:45:00";"10604";"";"";"";"29";"";"";
"5080099155";"";"4414_100031418_8_9";"18:06:00";"18:06:00";"1009095";"";"";"";"42";"";"";
"5080099203";"";"4414_100031418_8_9";"17:20:00";"17:20:00";"1009846";"";"";"";"11";"";"";
"5080099227";"";"4414_100031418_8_9";"17:39:00";"17:39:00";"22640";"";"";"";"25";"";"";
"5080099230";"";"4414_100031418_8_9";"17:54:00";"17:54:00";"10755";"";"";"";"36";"";"";
"5080099288";"";"4414_100031418_8_9";"17:44:00";"17:44:00";"10745";"";"";"";"28";"";"";
"5080099297";"";"4414_100031418_8_9";"17:49:00";"17:49:00";"1000866";"";"";"";"32";"";"";
"5080099309";"";"4414_100031418_8_9";"17:16:00";"17:16:00";"6295";"";"";"";"8";"";"";
"5080099315";"";"4414_100031418_8_9";"17:56:00";"17:56:00";"4198";"";"";"";"37";"";"";
"5080099332";"";"4414_100031418_8_9";"17:36:00";"17:36:00";"21542";"";"";"";"23";"";"";
"5080099337";"";"4414_100031418_8_9";"18:02:00";"18:02:00";"6151";"";"";"";"40";"";"";
"5080099378";"";"4414_100031418_8_9";"17:38:00";"17:38:00";"3422";"";"";"";"24";"";"";
"5080099381";"";"4414_100031418_8_9";"17:25:00";"17:25:00";"13136";"";"";"";"14";"";"";
"5080099489";"";"4414_100031418_8_9";"17:43:00";"17:43:00";"4190";"";"";"";"27";"";"";
"5080099495";"";"4414_100031418_8_9";"17:46:00";"17:46:00";"4167";"";"";"";"30";"";"";
"5080099523";"";"4414_100031418_8_9";"17:17:00";"17:17:00";"22621";"";"";"";"9";"";"";
"5080099551";"";"4414_100031418_8_9";"17:33:00";"17:33:00";"16515";"";"";"";"19";"";"";
"5080099585";"";"4414_100031418_8_9";"17:35:00";"17:35:00";"13135";"";"";"";"21";"";"";
"5080099630";"";"4414_100031418_8_9";"17:51:00";"17:51:00";"1001044";"";"";"";"33";"";"";
"5080099637";"";"4414_100031418_8_9";"17:29:00";"17:29:00";"4185";"";"";"";"16";"";"";
"5080099669";"";"4414_100031418_8_9";"17:52:00";"17:52:00";"4196";"";"";"";"34";"";"";
"5080099700";"";"4414_100031418_8_9";"17:40:00";"17:40:00";"13920";"";"";"";"26";"";"";
"5080099730";"";"4414_100031418_8_9";"17:48:00";"17:48:00";"10603";"";"";"";"31";"";"";
"5080099737";"";"4414_100031418_8_9";"17:53:00";"17:53:00";"4197";"";"";"";"35";"";"";
"5080099759";"";"4414_100031418_8_9";"17:18:00";"17:18:00";"6576";"";"";"";"10";"";"";
"5080099780";"";"4414_100031418_8_9";"17:26:00";"17:26:00";"4184";"";"";"";"15";"";"";
"5080099781";"";"4414_100031418_8_9";"17:22:00";"17:22:00";"4181";"";"";"";"12";"";"";
"5080099791";"";"4414_100031418_8_9";"17:23:00";"17:23:00";"4182";"";"";"";"13";"";"";
"5080099807";"";"4414_100031418_8_9";"17:31:00";"17:31:00";"4186";"";"";"";"17";"";"";
"5080099853";"";"4414_100031418_8_9";"17:34:00";"17:34:00";"4187";"";"";"";"20";"";"";
"5080099866";"";"4414_100031418_8_9";"17:35:00";"17:35:00";"4172";"";"";"";"22";"";"";
"5080099869";"";"4414_100031418_8_9";"18:00:00";"18:00:00";"6150";"";"";"";"39";"";"";
"5080099896";"";"4414_100031418_8_9";"17:58:00";"17:58:00";"6149";"";"";"";"38";"";"";
"5080099949";"";"4414_100031418_8_9";"17:15:00";"17:15:00";"6294";"";"";"";"6";"";"";
"5080100090";"";"4414_100031418_8_9";"17:32:00";"17:32:00";"13137";"";"";"";"18";"";"";
"5080221093";"";"4418_100031109_7_16";"19:11:00";"19:11:00";"8499";"";"";"";"1";"";"";
"5080221395";"";"4418_100031109_7_16";"19:25:00";"19:25:00";"5321";"";"";"";"8";"";"";
"5080221527";"";"4418_100031109_7_16";"19:26:00";"19:26:00";"6062";"";"";"";"9";"";"";
"5080221586";"";"4418_100031109_7_16";"19:57:00";"19:57:00";"3664";"";"";"";"30";"";"";
"5080221598";"";"4418_100031109_7_16";"19:13:00";"19:13:00";"8500";"";"";"";"2";"";"";
"5080221601";"";"4418_100031109_7_16";"19:56:00";"19:56:00";"3663";"";"";"";"29";"";"";
"5080221669";"";"4418_100031109_7_16";"19:18:00";"19:18:00";"5318";"";"";"";"5";"";"";
"5080221671";"";"4418_100031109_7_16";"20:01:00";"20:01:00";"1001713";"";"";"";"32";"";"";
"5080221674";"";"4418_100031109_7_16";"20:07:00";"20:07:00";"3666";"";"";"";"35";"";"";
"5080221679";"";"4418_100031109_7_16";"19:49:00";"19:49:00";"6243";"";"";"";"23";"";"";
"5080221707";"";"4418_100031109_7_16";"19:53:00";"19:53:00";"3662";"";"";"";"26";"";"";
"5080221727";"";"4418_100031109_7_16";"19:54:00";"19:54:00";"7112";"";"";"";"27";"";"";
"5080221773";"";"4418_100031109_7_16";"19:28:00";"19:28:00";"6740";"";"";"";"10";"";"";
"5080221800";"";"4418_100031109_7_16";"19:23:00";"19:23:00";"5320";"";"";"";"7";"";"";
"5080221824";"";"4418_100031109_7_16";"20:05:00";"20:05:00";"3665";"";"";"";"34";"";"";
"5080221828";"";"4418_100031109_7_16";"19:20:00";"19:20:00";"5319";"";"";"";"6";"";"";
"5080221868";"";"4418_100031109_7_16";"20:03:00";"20:03:00";"6160";"";"";"";"33";"";"";
"5080221884";"";"4418_100031109_7_16";"19:59:00";"19:59:00";"7195";"";"";"";"31";"";"";
"5080221892";"";"4418_100031109_7_16";"19:40:00";"19:40:00";"4168";"";"";"";"18";"";"";
"5080221902";"";"4418_100031109_7_16";"20:08:00";"20:08:00";"3667";"";"";"";"36";"";"";
"5080221982";"";"4418_100031109_7_16";"19:35:00";"19:35:00";"4164";"";"";"";"14";"";"";
"5080221989";"";"4418_100031109_7_16";"20:13:00";"20:13:00";"8605";"";"";"";"40";"";"";
"5080221996";"";"4418_100031109_7_16";"19:46:00";"19:46:00";"6157";"";"";"";"21";"";"";
"5080222018";"";"4418_100031109_7_16";"19:42:00";"19:42:00";"10605";"";"";"";"19";"";"";
"5080222028";"";"4418_100031109_7_16";"19:37:00";"19:37:00";"13382";"";"";"";"16";"";"";
"5080222046";"";"4418_100031109_7_16";"19:33:00";"19:33:00";"4162";"";"";"";"12";"";"";
"5080222063";"";"4418_100031109_7_16";"19:47:00";"19:47:00";"14018";"";"";"";"22";"";"";
"5080222067";"";"4418_100031109_7_16";"19:36:00";"19:36:00";"1000865";"";"";"";"15";"";"";
"5080222073";"";"4418_100031109_7_16";"19:31:00";"19:31:00";"4161";"";"";"";"11";"";"";
"5080222086";"";"4418_100031109_7_16";"19:52:00";"19:52:00";"7111";"";"";"";"25";"";"";
"5080222147";"";"4418_100031109_7_16";"19:16:00";"19:16:00";"4023";"";"";"";"4";"";"";
"5080222174";"";"4418_100031109_7_16";"19:55:00";"19:55:00";"7113";"";"";"";"28";"";"";
"5080222177";"";"4418_100031109_7_16";"19:14:00";"19:14:00";"13143";"";"";"";"3";"";"";
"5080222273";"";"4418_100031109_7_16";"20:10:00";"20:10:00";"3668";"";"";"";"38";"";"";
"5080222290";"";"4418_100031109_7_16";"20:11:00";"20:11:00";"3692";"";"";"";"39";"";"";
"5080222310";"";"4418_100031109_7_16";"19:39:00";"19:39:00";"4192";"";"";"";"17";"";"";
"5080222332";"";"4418_100031109_7_16";"19:44:00";"19:44:00";"6760";"";"";"";"20";"";"";
"5080222366";"";"4418_100031109_7_16";"20:09:00";"20:09:00";"3952";"";"";"";"37";"";"";
"5080222498";"";"4418_100031109_7_16";"19:51:00";"19:51:00";"6246";"";"";"";"24";"";"";
"5080222542";"";"4418_100031109_7_16";"19:34:00";"19:34:00";"4163";"";"";"";"13";"";"";
"5080286429";"";"4440_100031133_9_13";"19:46:00";"19:46:00";"22819";"";"";"";"35";"";"";
"5080286508";"";"4440_100031133_9_13";"19:43:00";"19:43:00";"15244";"";"";"";"33";"";"";
"5080286774";"";"4440_100031133_9_13";"19:53:00";"19:53:00";"4611";"";"";"";"40";"";"";
"5080286841";"";"4440_100031133_9_13";"19:39:00";"19:39:00";"3938";"";"";"";"30";"";"";
"5080286919";"";"4440_100031133_9_13";"19:45:00";"19:45:00";"4075";"";"";"";"34";"";"";
"5080286932";"";"4440_100031133_9_13";"19:08:00";"19:08:00";"3704";"";"";"";"11";"";"";
"5080286948";"";"4440_100031133_9_13";"19:50:00";"19:50:00";"4613";"";"";"";"38";"";"";
"5080286991";"";"4440_100031133_9_13";"19:56:00";"19:56:00";"4078";"";"";"";"43";"";"";
"5080287068";"";"4440_100031133_9_13";"19:54:00";"19:54:00";"4076";"";"";"";"41";"";"";
"5080287092";"";"4440_100031133_9_13";"19:48:00";"19:48:00";"5344";"";"";"";"37";"";"";
"5080287115";"";"4440_100031133_9_13";"19:47:00";"19:47:00";"5343";"";"";"";"36";"";"";
"5080287126";"";"4440_100031133_9_13";"19:58:00";"19:58:00";"6239";"";"";"";"44";"";"";
"5080287135";"";"4440_100031133_9_13";"19:11:00";"19:11:00";"14882";"";"";"";"13";"";"";
"5080287136";"";"4440_100031133_9_13";"19:01:00";"19:01:00";"7110";"";"";"";"7";"";"";
"5080287205";"";"4440_100031133_9_13";"19:55:00";"19:55:00";"4077";"";"";"";"42";"";"";
"5080287208";"";"4440_100031133_9_13";"18:56:00";"18:56:00";"3925";"";"";"";"5";"";"";
"5080287223";"";"4440_100031133_9_13";"19:52:00";"19:52:00";"4612";"";"";"";"39";"";"";
"5080287224";"";"4440_100031133_9_13";"19:34:00";"19:34:00";"3941";"";"";"";"26";"";"";
"5080287236";"";"4440_100031133_9_13";"18:52:00";"18:52:00";"3948";"";"";"";"2";"";"";
"5080287269";"";"4440_100031133_9_13";"19:24:00";"19:24:00";"4659";"";"";"";"18";"";"";
"5080287306";"";"4440_100031133_9_13";"18:54:00";"18:54:00";"3923";"";"";"";"3";"";"";
"5080287312";"";"4440_100031133_9_13";"19:42:00";"19:42:00";"4508";"";"";"";"32";"";"";
"5080287361";"";"4440_100031133_9_13";"19:31:00";"19:31:00";"4661";"";"";"";"24";"";"";
"5080287392";"";"4440_100031133_9_13";"19:41:00";"19:41:00";"1002766";"";"";"";"31";"";"";
"5080287409";"";"4440_100031133_9_13";"19:38:00";"19:38:00";"3932";"";"";"";"29";"";"";
"5080287439";"";"4440_100031133_9_13";"19:37:00";"19:37:00";"1001340";"";"";"";"28";"";"";
"5080287478";"";"4440_100031133_9_13";"19:32:00";"19:32:00";"16114";"";"";"";"25";"";"";
"5080287533";"";"4440_100031133_9_13";"19:59:00";"19:59:00";"6240";"";"";"";"45";"";"";
"5080287564";"";"4440_100031133_9_13";"19:06:00";"19:06:00";"3705";"";"";"";"10";"";"";
"5080287569";"";"4440_100031133_9_13";"19:02:00";"19:02:00";"3706";"";"";"";"8";"";"";
"5080287622";"";"4440_100031133_9_13";"19:09:00";"19:09:00";"1002231";"";"";"";"12";"";"";
"5080287666";"";"4440_100031133_9_13";"18:51:00";"18:51:00";"5365";"";"";"";"1";"";"";
"5080287727";"";"4440_100031133_9_13";"19:13:00";"19:13:00";"3850";"";"";"";"14";"";"";
"5080287730";"";"4440_100031133_9_13";"18:55:00";"18:55:00";"3924";"";"";"";"4";"";"";
"5080287732";"";"4440_100031133_9_13";"19:29:00";"19:29:00";"4657";"";"";"";"22";"";"";
"5080287739";"";"4440_100031133_9_13";"19:25:00";"19:25:00";"22816";"";"";"";"19";"";"";
"5080287740";"";"4440_100031133_9_13";"19:30:00";"19:30:00";"10406";"";"";"";"23";"";"";
"5080287741";"";"4440_100031133_9_13";"19:04:00";"19:04:00";"8696";"";"";"";"9";"";"";
"5080287779";"";"4440_100031133_9_13";"19:27:00";"19:27:00";"4074";"";"";"";"20";"";"";
"5080287803";"";"4440_100031133_9_13";"18:58:00";"18:58:00";"3944";"";"";"";"6";"";"";
"5080287828";"";"4440_100031133_9_13";"19:21:00";"19:21:00";"21450";"";"";"";"17";"";"";
"5080287860";"";"4440_100031133_9_13";"19:16:00";"19:16:00";"3649";"";"";"";"15";"";"";
"5080287872";"";"4440_100031133_9_13";"19:17:00";"19:17:00";"7144";"";"";"";"16";"";"";
"5080287877";"";"4440_100031133_9_13";"19:35:00";"19:35:00";"3940";"";"";"";"27";"";"";
"5080287935";"";"4440_100031133_9_13";"19:28:00";"19:28:00";"3927";"";"";"";"21";"";"";
"5080332104";"";"4425_100019350_11_7";"23:37:00";"23:37:00";"7521";"";"";"";"3";"";"";
"5080332139";"";"4425_100019350_11_7";"24:12:00";"24:12:00";"7573";"";"";"";"28";"";"";
"5080332164";"";"4425_100019350_11_7";"24:25:00";"24:25:00";"7581";"";"";"";"37";"";"";
"5080332174";"";"4425_100019350_11_7";"23:50:00";"23:50:00";"10763";"";"";"";"13";"";"";
"5080332188";"";"4425_100019350_11_7";"24:19:00";"24:19:00";"7577";"";"";"";"33";"";"";
"5080332255";"";"4425_100019350_11_7";"24:02:00";"24:02:00";"6743";"";"";"";"21";"";"";
"5080332305";"";"4425_100019350_11_7";"24:01:00";"24:01:00";"6719";"";"";"";"20";"";"";
"5080332340";"";"4425_100019350_11_7";"24:13:00";"24:13:00";"7574";"";"";"";"29";"";"";
"5080332360";"";"4425_100019350_11_7";"23:45:00";"23:45:00";"7565";"";"";"";"9";"";"";
"5080332376";"";"4425_100019350_11_7";"23:55:00";"23:55:00";"7571";"";"";"";"16";"";"";
"5080332488";"";"4425_100019350_11_7";"24:10:00";"24:10:00";"1002102";"";"";"";"27";"";"";
"5080332526";"";"4425_100019350_11_7";"23:41:00";"23:41:00";"7523";"";"";"";"6";"";"";
"5080332531";"";"4425_100019350_11_7";"23:37:00";"23:37:00";"7520";"";"";"";"2";"";"";
"5080332549";"";"4425_100019350_11_7";"23:40:00";"23:40:00";"10267";"";"";"";"5";"";"";
"5080332558";"";"4425_100019350_11_7";"24:03:00";"24:03:00";"1000401";"";"";"";"22";"";"";
"5080332589";"";"4425_100019350_11_7";"24:08:00";"24:08:00";"6723";"";"";"";"25";"";"";
"5080332605";"";"4425_100019350_11_7";"23:52:00";"23:52:00";"7569";"";"";"";"14";"";"";
"5080332608";"";"4425_100019350_11_7";"24:23:00";"24:23:00";"7580";"";"";"";"36";"";"";
"5080332614";"";"4425_100019350_11_7";"23:49:00";"23:49:00";"7568";"";"";"";"12";"";"";
"5080332640";"";"4425_100019350_11_7";"24:06:00";"24:06:00";"6722";"";"";"";"24";"";"";
"5080332647";"";"4425_100019350_11_7";"23:36:00";"23:36:00";"10483";"";"";"";"1";"";"";
"5080332651";"";"4425_100019350_11_7";"24:21:00";"24:21:00";"7578";"";"";"";"34";"";"";
"5080332663";"";"4425_100019350_11_7";"23:47:00";"23:47:00";"7567";"";"";"";"11";"";"";
"5080332678";"";"4425_100019350_11_7";"23:59:00";"23:59:00";"7519";"";"";"";"19";"";"";
"5080332683";"";"4425_100019350_11_7";"23:53:00";"23:53:00";"7570";"";"";"";"15";"";"";
"5080332684";"";"4425_100019350_11_7";"24:04:00";"24:04:00";"6720";"";"";"";"23";"";"";
"5080332754";"";"4425_100019350_11_7";"24:17:00";"24:17:00";"7576";"";"";"";"32";"";"";
"5080332805";"";"4425_100019350_11_7";"24:09:00";"24:09:00";"20893";"";"";"";"26";"";"";
"5080332828";"";"4425_100019350_11_7";"23:42:00";"23:42:00";"7563";"";"";"";"7";"";"";
"5080332838";"";"4425_100019350_11_7";"24:26:00";"24:26:00";"7582";"";"";"";"38";"";"";
"5080332842";"";"4425_100019350_11_7";"23:39:00";"23:39:00";"7522";"";"";"";"4";"";"";
"5080332868";"";"4425_100019350_11_7";"23:56:00";"23:56:00";"21216";"";"";"";"17";"";"";
"5080332914";"";"4425_100019350_11_7";"23:46:00";"23:46:00";"7566";"";"";"";"10";"";"";
"5080333100";"";"4425_100019350_11_7";"23:57:00";"23:57:00";"7518";"";"";"";"18";"";"";
"5080333159";"";"4425_100019350_11_7";"24:22:00";"24:22:00";"14190";"";"";"";"35";"";"";
"5080333343";"";"4425_100019350_11_7";"24:15:00";"24:15:00";"7575";"";"";"";"31";"";"";
"5080333376";"";"4425_100019350_11_7";"24:14:00";"24:14:00";"9356";"";"";"";"30";"";"";
"5080333451";"";"4425_100019350_11_7";"23:44:00";"23:44:00";"7564";"";"";"";"8";"";"";
"5080430201";"";"4432_100016835_8_2";"11:58:00";"11:58:00";"3804";"";"";"";"5";"";"";
"5080430277";"";"4432_100016835_8_2";"12:09:00";"12:09:00";"2602";"";"";"";"12";"";"";
"5080430392";"";"4432_100016835_8_2";"12:32:00";"12:32:00";"7610";"";"";"";"27";"";"";
"5080430399";"";"4432_100016835_8_2";"11:57:00";"11:57:00";"2597";"";"";"";"4";"";"";
"5080430411";"";"4432_100016835_8_2";"11:53:00";"11:53:00";"2594";"";"";"";"1";"";"";
"5080430675";"";"4432_100016835_8_2";"12:23:00";"12:23:00";"7881";"";"";"";"22";"";"";
"5080430731";"";"4432_100016835_8_2";"12:02:00";"12:02:00";"2599";"";"";"";"8";"";"";
"5080430749";"";"4432_100016835_8_2";"12:19:00";"12:19:00";"2610";"";"";"";"20";"";"";
"5080430775";"";"4432_100016835_8_2";"11:55:00";"11:55:00";"2595";"";"";"";"2";"";"";
"5080430784";"";"4432_100016835_8_2";"12:01:00";"12:01:00";"2598";"";"";"";"7";"";"";
"5080430817";"";"4432_100016835_8_2";"12:00:00";"12:00:00";"7880";"";"";"";"6";"";"";
"5080430818";"";"4432_100016835_8_2";"12:07:00";"12:07:00";"7883";"";"";"";"11";"";"";
"5080430828";"";"4432_100016835_8_2";"12:21:00";"12:21:00";"2611";"";"";"";"21";"";"";
"5080430863";"";"4432_100016835_8_2";"12:04:00";"12:04:00";"2600";"";"";"";"9";"";"";
"5080430878";"";"4432_100016835_8_2";"12:05:00";"12:05:00";"3805";"";"";"";"10";"";"";
"5080430897";"";"4432_100016835_8_2";"12:17:00";"12:17:00";"2609";"";"";"";"19";"";"";
"5080430945";"";"4432_100016835_8_2";"12:14:00";"12:14:00";"2606";"";"";"";"16";"";"";
"5080430950";"";"4432_100016835_8_2";"12:26:00";"12:26:00";"10779";"";"";"";"24";"";"";
"5080430992";"";"4432_100016835_8_2";"12:33:00";"12:33:00";"7611";"";"";"";"28";"";"";
"5080431034";"";"4432_100016835_8_2";"12:13:00";"12:13:00";"2605";"";"";"";"15";"";"";
"5080431059";"";"4432_100016835_8_2";"12:29:00";"12:29:00";"7608";"";"";"";"25";"";"";
"5080431084";"";"4432_100016835_8_2";"12:16:00";"12:16:00";"2608";"";"";"";"18";"";"";
"5080431090";"";"4432_100016835_8_2";"12:10:00";"12:10:00";"2603";"";"";"";"13";"";"";
"5080431097";"";"4432_100016835_8_2";"12:42:00";"12:42:00";"1002258";"";"";"";"33";"";"";
"5080431107";"";"4432_100016835_8_2";"12:36:00";"12:36:00";"6714";"";"";"";"30";"";"";
"5080431254";"";"4432_100016835_8_2";"11:56:00";"11:56:00";"7879";"";"";"";"3";"";"";
"5080431264";"";"4432_100016835_8_2";"12:31:00";"12:31:00";"7609";"";"";"";"26";"";"";
"5080431303";"";"4432_100016835_8_2";"12:35:00";"12:35:00";"6713";"";"";"";"29";"";"";
"5080431322";"";"4432_100016835_8_2";"12:38:00";"12:38:00";"6715";"";"";"";"31";"";"";
"5080431443";"";"4432_100016835_8_2";"12:15:00";"12:15:00";"2607";"";"";"";"17";"";"";
"5080431447";"";"4432_100016835_8_2";"12:24:00";"12:24:00";"7882";"";"";"";"23";"";"";
"5080431534";"";"4432_100016835_8_2";"12:40:00";"12:40:00";"6716";"";"";"";"32";"";"";
"5080431586";"";"4432_100016835_8_2";"12:11:00";"12:11:00";"2604";"";"";"";"14";"";"";
"5080496243";"";"4424_100031444_39_3";"21:16:00";"21:16:00";"1029";"";"";"";"13";"";"";
"5080496279";"";"4424_100031444_39_3";"21:07:00";"21:07:00";"1025";"";"";"";"5";"";"";
"5080496308";"";"4424_100031444_39_3";"21:07:00";"21:07:00";"1026";"";"";"";"6";"";"";
"5080496535";"";"4424_100031444_39_3";"21:09:00";"21:09:00";"1027";"";"";"";"8";"";"";
"5080496546";"";"4424_100031444_39_3";"21:04:00";"21:04:00";"456";"";"";"";"2";"";"";
"5080496560";"";"4424_100031444_39_3";"21:17:00";"21:17:00";"445";"";"";"";"14";"";"";
"5080496601";"";"4424_100031444_39_3";"21:10:00";"21:10:00";"443";"";"";"";"9";"";"";
"5080496603";"";"4424_100031444_39_3";"21:14:00";"21:14:00";"444";"";"";"";"12";"";"";
"5080496654";"";"4424_100031444_39_3";"21:11:00";"21:11:00";"1028";"";"";"";"10";"";"";
"5080496661";"";"4424_100031444_39_3";"21:18:00";"21:18:00";"446";"";"";"";"15";"";"";
"5080496907";"";"4424_100031444_39_3";"21:08:00";"21:08:00";"442";"";"";"";"7";"";"";
"5080496914";"";"4424_100031444_39_3";"21:05:00";"21:05:00";"457";"";"";"";"3";"";"";
"5080496917";"";"4424_100031444_39_3";"21:06:00";"21:06:00";"1024";"";"";"";"4";"";"";
"5080496927";"";"4424_100031444_39_3";"21:12:00";"21:12:00";"8729";"";"";"";"11";"";"";
"5080497013";"";"4424_100031444_39_3";"21:20:00";"21:20:00";"21762";"";"";"";"16";"";"";
"5080497103";"";"4424_100031444_39_3";"21:03:00";"21:03:00";"471";"";"";"";"1";"";"";
"5080499456";"";"4433_100029120_1_18";"07:30:00";"07:30:00";"6152";"";"";"";"27";"";"";
"5080499474";"";"4433_100029120_1_18";"07:03:00";"07:03:00";"3289";"";"";"";"8";"";"";
"5080499558";"";"4433_100029120_1_18";"07:09:00";"07:09:00";"3294";"";"";"";"13";"";"";
"5080499703";"";"4433_100029120_1_18";"07:15:00";"07:15:00";"3297";"";"";"";"17";"";"";
"5080499849";"";"4433_100029120_1_18";"06:56:00";"06:56:00";"13175";"";"";"";"3";"";"";
"5080499893";"";"4433_100029120_1_18";"06:57:00";"06:57:00";"3286";"";"";"";"4";"";"";
"5080499938";"";"4433_100029120_1_18";"06:59:00";"06:59:00";"3287";"";"";"";"6";"";"";
"5080499990";"";"4433_100029120_1_18";"07:22:00";"07:22:00";"13139";"";"";"";"21";"";"";
"5080500150";"";"4433_100029120_1_18";"07:04:00";"07:04:00";"3290";"";"";"";"9";"";"";
"5080500156";"";"4433_100029120_1_18";"07:28:00";"07:28:00";"3659";"";"";"";"26";"";"";
"5080500165";"";"4433_100029120_1_18";"07:13:00";"07:13:00";"3296";"";"";"";"16";"";"";
"5080500168";"";"4433_100029120_1_18";"06:55:00";"06:55:00";"3329";"";"";"";"1";"";"";
"5080500222";"";"4433_100029120_1_18";"07:10:00";"07:10:00";"10828";"";"";"";"14";"";"";
"5080500226";"";"4433_100029120_1_18";"06:58:00";"06:58:00";"3331";"";"";"";"5";"";"";
"5080500319";"";"4433_100029120_1_18";"07:27:00";"07:27:00";"3658";"";"";"";"25";"";"";
"5080500320";"";"4433_100029120_1_18";"07:08:00";"07:08:00";"3293";"";"";"";"12";"";"";
"5080500343";"";"4433_100029120_1_18";"07:26:00";"07:26:00";"3657";"";"";"";"24";"";"";
"5080500373";"";"4433_100029120_1_18";"07:16:00";"07:16:00";"3298";"";"";"";"18";"";"";
"5080500379";"";"4433_100029120_1_18";"07:20:00";"07:20:00";"3300";"";"";"";"20";"";"";
"5080500422";"";"4433_100029120_1_18";"07:05:00";"07:05:00";"3291";"";"";"";"10";"";"";
"5080500426";"";"4433_100029120_1_18";"07:18:00";"07:18:00";"3299";"";"";"";"19";"";"";
"5080500444";"";"4433_100029120_1_18";"07:07:00";"07:07:00";"3292";"";"";"";"11";"";"";
"5080500452";"";"4433_100029120_1_18";"07:01:00";"07:01:00";"3288";"";"";"";"7";"";"";
"5080500495";"";"4433_100029120_1_18";"07:11:00";"07:11:00";"3295";"";"";"";"15";"";"";
"5080500571";"";"4433_100029120_1_18";"07:23:00";"07:23:00";"10149";"";"";"";"22";"";"";
"5080500831";"";"4433_100029120_1_18";"06:55:00";"06:55:00";"3330";"";"";"";"2";"";"";
"5080501155";"";"4433_100029120_1_18";"07:25:00";"07:25:00";"10150";"";"";"";"23";"";"";
"5081097147";"";"4430_100031143_22_3";"20:47:00";"20:47:00";"7597";"";"";"";"12";"";"";
"5081097401";"";"4430_100031143_22_3";"20:40:00";"20:40:00";"7594";"";"";"";"8";"";"";
"5081097451";"";"4430_100031143_22_3";"20:30:00";"20:30:00";"17247";"";"";"";"1";"";"";
"5081097460";"";"4430_100031143_22_3";"20:55:00";"20:55:00";"4894";"";"";"";"17";"";"";
"5081097495";"";"4430_100031143_22_3";"20:39:00";"20:39:00";"7593";"";"";"";"7";"";"";
"5081097504";"";"4430_100031143_22_3";"20:48:00";"20:48:00";"7598";"";"";"";"13";"";"";
"5081097509";"";"4430_100031143_22_3";"20:31:00";"20:31:00";"1001581";"";"";"";"2";"";"";
"5081097510";"";"4430_100031143_22_3";"20:37:00";"20:37:00";"7516";"";"";"";"5";"";"";
"5081097531";"";"4430_100031143_22_3";"21:01:00";"21:01:00";"5457";"";"";"";"21";"";"";
"5081097596";"";"4430_100031143_22_3";"20:43:00";"20:43:00";"10761";"";"";"";"10";"";"";
"5081097598";"";"4430_100031143_22_3";"21:02:00";"21:02:00";"10483";"";"";"";"22";"";"";
"5081097605";"";"4430_100031143_22_3";"20:58:00";"20:58:00";"4893";"";"";"";"19";"";"";
"5081097635";"";"4430_100031143_22_3";"20:53:00";"20:53:00";"7600";"";"";"";"16";"";"";
"5081097646";"";"4430_100031143_22_3";"20:33:00";"20:33:00";"7514";"";"";"";"3";"";"";
"5081097724";"";"4430_100031143_22_3";"20:35:00";"20:35:00";"7515";"";"";"";"4";"";"";
"5081097736";"";"4430_100031143_22_3";"20:56:00";"20:56:00";"7414";"";"";"";"18";"";"";
"5081097777";"";"4430_100031143_22_3";"20:51:00";"20:51:00";"8154";"";"";"";"15";"";"";
"5081097969";"";"4430_100031143_22_3";"20:42:00";"20:42:00";"7595";"";"";"";"9";"";"";
"5081098010";"";"4430_100031143_22_3";"20:49:00";"20:49:00";"7599";"";"";"";"14";"";"";
"5081098085";"";"4430_100031143_22_3";"20:38:00";"20:38:00";"21217";"";"";"";"6";"";"";
"5081098178";"";"4430_100031143_22_3";"21:00:00";"21:00:00";"4892";"";"";"";"20";"";"";
"5081098347";"";"4430_100031143_22_3";"20:45:00";"20:45:00";"7596";"";"";"";"11";"";"";
"5081102054";"";"4416_100031135_19_3";"21:43:00";"21:43:00";"6699";"";"";"";"17";"";"";
"5081102122";"";"4416_100031135_19_3";"21:36:00";"21:36:00";"6695";"";"";"";"12";"";"";
"5081102143";"";"4416_100031135_19_3";"21:28:00";"21:28:00";"15388";"";"";"";"5";"";"";
"5081102155";"";"4416_100031135_19_3";"21:35:00";"21:35:00";"6694";"";"";"";"11";"";"";
"5081102196";"";"4416_100031135_19_3";"21:33:00";"21:33:00";"6692";"";"";"";"9";"";"";
"5081102231";"";"4416_100031135_19_3";"21:26:00";"21:26:00";"3523";"";"";"";"4";"";"";
"5081102246";"";"4416_100031135_19_3";"21:23:00";"21:23:00";"6688";"";"";"";"2";"";"";
"5081102339";"";"4416_100031135_19_3";"21:34:00";"21:34:00";"6693";"";"";"";"10";"";"";
"5081102348";"";"4416_100031135_19_3";"21:30:00";"21:30:00";"6689";"";"";"";"6";"";"";
"5081102371";"";"4416_100031135_19_3";"21:21:00";"21:21:00";"1002258";"";"";"";"1";"";"";
"5081102385";"";"4416_100031135_19_3";"21:31:00";"21:31:00";"6690";"";"";"";"7";"";"";
"5081102434";"";"4416_100031135_19_3";"21:25:00";"21:25:00";"1002799";"";"";"";"3";"";"";
"5081102491";"";"4416_100031135_19_3";"21:47:00";"21:47:00";"10387";"";"";"";"19";"";"";
"5081102499";"";"4416_100031135_19_3";"21:42:00";"21:42:00";"6698";"";"";"";"16";"";"";
"5081102505";"";"4416_100031135_19_3";"21:45:00";"21:45:00";"6700";"";"";"";"18";"";"";
"5081102569";"";"4416_100031135_19_3";"21:40:00";"21:40:00";"6697";"";"";"";"15";"";"";
"5081102632";"";"4416_100031135_19_3";"21:37:00";"21:37:00";"1010191";"";"";"";"13";"";"";
"5081102642";"";"4416_100031135_19_3";"21:39:00";"21:39:00";"6696";"";"";"";"14";"";"";
"5081102923";"";"4416_100031135_19_3";"21:32:00";"21:32:00";"6691";"";"";"";"8";"";"";
"5081135957";"";"4423_100031407_10_2";"17:53:00";"17:53:00";"3639";"";"";"";"8";"";"";
"5081135970";"";"4423_100031407_10_2";"18:09:00";"18:09:00";"3645";"";"";"";"16";"";"";
"5081135983";"";"4423_100031407_10_2";"18:21:00";"18:21:00";"3651";"";"";"";"24";"";"";
"5081136026";"";"4423_100031407_10_2";"18:34:00";"18:34:00";"21896";"";"";"";"33";"";"";
"5081136044";"";"4423_100031407_10_2";"18:29:00";"18:29:00";"3656";"";"";"";"30";"";"";
"5081136053";"";"4423_100031407_10_2";"18:28:00";"18:28:00";"4531";"";"";"";"29";"";"";
"5081136062";"";"4423_100031407_10_2";"18:40:00";"18:40:00";"1238";"";"";"";"37";"";"";
"5081136096";"";"4423_100031407_10_2";"18:36:00";"18:36:00";"1235";"";"";"";"34";"";"";
"5081136215";"";"4423_100031407_10_2";"18:24:00";"18:24:00";"3653";"";"";"";"26";"";"";
"5081136242";"";"4423_100031407_10_2";"18:17:00";"18:17:00";"5854";"";"";"";"21";"";"";
"5081136254";"";"4423_100031407_10_2";"18:15:00";"18:15:00";"3648";"";"";"";"19";"";"";
"5081136274";"";"4423_100031407_10_2";"18:31:00";"18:31:00";"7120";"";"";"";"31";"";"";
"5081136282";"";"4423_100031407_10_2";"18:19:00";"18:19:00";"3650";"";"";"";"23";"";"";
"5081136345";"";"4423_100031407_10_2";"18:13:00";"18:13:00";"22812";"";"";"";"18";"";"";
"5081136348";"";"4423_100031407_10_2";"17:56:00";"17:56:00";"6257";"";"";"";"10";"";"";
"5081136360";"";"4423_100031407_10_2";"17:54:00";"17:54:00";"3640";"";"";"";"9";"";"";
"5081136389";"";"4423_100031407_10_2";"18:04:00";"18:04:00";"16917";"";"";"";"14";"";"";
"5081136397";"";"4423_100031407_10_2";"17:47:00";"17:47:00";"3636";"";"";"";"3";"";"";
"5081136439";"";"4423_100031407_10_2";"18:45:00";"18:45:00";"3658";"";"";"";"41";"";"";
"5081136449";"";"4423_100031407_10_2";"18:11:00";"18:11:00";"3646";"";"";"";"17";"";"";
"5081136499";"";"4423_100031407_10_2";"18:37:00";"18:37:00";"7164";"";"";"";"35";"";"";
"5081136566";"";"4423_100031407_10_2";"18:23:00";"18:23:00";"3652";"";"";"";"25";"";"";
"5081136583";"";"4423_100031407_10_2";"18:25:00";"18:25:00";"3654";"";"";"";"27";"";"";
"5081136617";"";"4423_100031407_10_2";"18:43:00";"18:43:00";"10150";"";"";"";"39";"";"";
"5081136618";"";"4423_100031407_10_2";"18:33:00";"18:33:00";"1233";"";"";"";"32";"";"";
"5081136622";"";"4423_100031407_10_2";"18:48:00";"18:48:00";"6152";"";"";"";"43";"";"";
"5081136623";"";"4423_100031407_10_2";"18:00:00";"18:00:00";"7897";"";"";"";"12";"";"";
"5081136630";"";"4423_100031407_10_2";"17:45:00";"17:45:00";"10463";"";"";"";"1";"";"";
"5081136642";"";"4423_100031407_10_2";"17:52:00";"17:52:00";"3638";"";"";"";"7";"";"";
"5081136672";"";"4423_100031407_10_2";"18:44:00";"18:44:00";"3657";"";"";"";"40";"";"";
"5081136735";"";"4423_100031407_10_2";"17:46:00";"17:46:00";"3707";"";"";"";"2";"";"";
"5081136823";"";"4423_100031407_10_2";"18:07:00";"18:07:00";"3644";"";"";"";"15";"";"";
"5081136852";"";"4423_100031407_10_2";"18:46:00";"18:46:00";"3659";"";"";"";"42";"";"";
"5081136860";"";"4423_100031407_10_2";"18:16:00";"18:16:00";"22817";"";"";"";"20";"";"";
"5081136863";"";"4423_100031407_10_2";"17:50:00";"17:50:00";"4073";"";"";"";"6";"";"";
"5081136890";"";"4423_100031407_10_2";"18:18:00";"18:18:00";"8595";"";"";"";"22";"";"";
"5081136900";"";"4423_100031407_10_2";"17:49:00";"17:49:00";"4070";"";"";"";"5";"";"";
"5081136960";"";"4423_100031407_10_2";"18:26:00";"18:26:00";"3655";"";"";"";"28";"";"";
"5081136962";"";"4423_100031407_10_2";"18:41:00";"18:41:00";"10149";"";"";"";"38";"";"";
"5081136970";"";"4423_100031407_10_2";"18:38:00";"18:38:00";"7165";"";"";"";"36";"";"";
"5081137004";"";"4423_100031407_10_2";"17:58:00";"17:58:00";"7896";"";"";"";"11";"";"";
"5081137009";"";"4423_100031407_10_2";"18:02:00";"18:02:00";"8843";"";"";"";"13";"";"";
"5081137079";"";"4423_100031407_10_2";"17:48:00";"17:48:00";"3637";"";"";"";"4";"";"";
"5081284588";"";"4412_100031134_17_9";"20:10:00";"20:10:00";"6677";"";"";"";"10";"";"";
"5081284593";"";"4412_100031134_17_9";"20:25:00";"20:25:00";"7577";"";"";"";"19";"";"";
"5081284700";"";"4412_100031134_17_9";"20:20:00";"20:20:00";"7575";"";"";"";"17";"";"";
"5081284787";"";"4412_100031134_17_9";"20:31:00";"20:31:00";"7580";"";"";"";"22";"";"";
"5081284836";"";"4412_100031134_17_9";"20:17:00";"20:17:00";"7574";"";"";"";"15";"";"";
"5081284899";"";"4412_100031134_17_9";"19:55:00";"19:55:00";"6673";"";"";"";"2";"";"";
"5081285096";"";"4412_100031134_17_9";"20:22:00";"20:22:00";"7576";"";"";"";"18";"";"";
"5081285161";"";"4412_100031134_17_9";"20:19:00";"20:19:00";"9356";"";"";"";"16";"";"";
"5081285172";"";"4412_100031134_17_9";"20:29:00";"20:29:00";"14190";"";"";"";"21";"";"";
"5081285218";"";"4412_100031134_17_9";"20:27:00";"20:27:00";"7578";"";"";"";"20";"";"";
"5081285255";"";"4412_100031134_17_9";"20:33:00";"20:33:00";"7581";"";"";"";"23";"";"";
"5081285258";"";"4412_100031134_17_9";"20:07:00";"20:07:00";"6676";"";"";"";"9";"";"";
"5081285358";"";"4412_100031134_17_9";"19:58:00";"19:58:00";"6759";"";"";"";"4";"";"";
"5081285404";"";"4412_100031134_17_9";"20:34:00";"20:34:00";"7582";"";"";"";"24";"";"";
"5081285418";"";"4412_100031134_17_9";"20:06:00";"20:06:00";"6675";"";"";"";"8";"";"";
"5081285474";"";"4412_100031134_17_9";"20:12:00";"20:12:00";"6678";"";"";"";"11";"";"";
"5081285505";"";"4412_100031134_17_9";"19:57:00";"19:57:00";"10894";"";"";"";"3";"";"";
"5081285543";"";"4412_100031134_17_9";"20:14:00";"20:14:00";"1002102";"";"";"";"13";"";"";
"5081285618";"";"4412_100031134_17_9";"20:00:00";"20:00:00";"6758";"";"";"";"5";"";"";
"5081285619";"";"4412_100031134_17_9";"20:03:00";"20:03:00";"6014";"";"";"";"7";"";"";
"5081285751";"";"4412_100031134_17_9";"20:15:00";"20:15:00";"7573";"";"";"";"14";"";"";
"5081285752";"";"4412_100031134_17_9";"20:13:00";"20:13:00";"1009111";"";"";"";"12";"";"";
"5081285786";"";"4412_100031134_17_9";"20:01:00";"20:01:00";"22949";"";"";"";"6";"";"";
"5081285824";"";"4412_100031134_17_9";"19:54:00";"19:54:00";"6672";"";"";"";"1";"";"";
"5081293357";"";"4428_100019706_5_13";"14:07:00";"14:07:00";"22815";"";"";"";"30";"";"";
"5081293423";"";"4428_100019706_5_13";"14:23:00";"14:23:00";"3627";"";"";"";"37";"";"";
"5081293540";"";"4428_100019706_5_13";"14:06:00";"14:06:00";"4069";"";"";"";"29";"";"";
"5081293690";"";"4428_100019706_5_13";"14:29:00";"14:29:00";"3629";"";"";"";"40";"";"";
"5081293693";"";"4428_100019706_5_13";"14:32:00";"14:32:00";"3632";"";"";"";"43";"";"";
"5081293746";"";"4428_100019706_5_13";"14:35:00";"14:35:00";"3691";"";"";"";"45";"";"";
"5081293882";"";"4428_100019706_5_13";"14:27:00";"14:27:00";"3628";"";"";"";"39";"";"";
"5081293986";"";"4428_100019706_5_13";"14:05:00";"14:05:00";"3943";"";"";"";"28";"";"";
"5081293997";"";"4428_100019706_5_13";"13:35:00";"13:35:00";"7193";"";"";"";"9";"";"";
"5081293998";"";"4428_100019706_5_13";"14:16:00";"14:16:00";"3624";"";"";"";"34";"";"";
"5081294055";"";"4428_100019706_5_13";"13:54:00";"13:54:00";"6266";"";"";"";"21";"";"";
"5081294062";"";"4428_100019706_5_13";"13:29:00";"13:29:00";"6021";"";"";"";"5";"";"";
"5081294070";"";"4428_100019706_5_13";"13:43:00";"13:43:00";"6027";"";"";"";"13";"";"";
"5081294151";"";"4428_100019706_5_13";"14:34:00";"14:34:00";"4072";"";"";"";"44";"";"";
"5081294188";"";"4428_100019706_5_13";"14:12:00";"14:12:00";"3622";"";"";"";"32";"";"";
"5081294213";"";"4428_100019706_5_13";"14:30:00";"14:30:00";"3630";"";"";"";"41";"";"";
"5081294218";"";"4428_100019706_5_13";"14:08:00";"14:08:00";"4658";"";"";"";"31";"";"";
"5081294226";"";"4428_100019706_5_13";"14:14:00";"14:14:00";"3623";"";"";"";"33";"";"";
"5081294230";"";"4428_100019706_5_13";"14:39:00";"14:39:00";"10463";"";"";"";"47";"";"";
"5081294237";"";"4428_100019706_5_13";"14:03:00";"14:03:00";"10702";"";"";"";"26";"";"";
"5081294254";"";"4428_100019706_5_13";"14:37:00";"14:37:00";"3633";"";"";"";"46";"";"";
"5081294255";"";"4428_100019706_5_13";"13:50:00";"13:50:00";"22096";"";"";"";"18";"";"";
"5081294262";"";"4428_100019706_5_13";"13:59:00";"13:59:00";"3930";"";"";"";"23";"";"";
"5081294302";"";"4428_100019706_5_13";"14:04:00";"14:04:00";"4660";"";"";"";"27";"";"";
"5081294358";"";"4428_100019706_5_13";"13:27:00";"13:27:00";"6017";"";"";"";"4";"";"";
"5081294372";"";"4428_100019706_5_13";"14:00:00";"14:00:00";"7143";"";"";"";"24";"";"";
"5081294429";"";"4428_100019706_5_13";"13:24:00";"13:24:00";"8098";"";"";"";"2";"";"";
"5081294448";"";"4428_100019706_5_13";"14:21:00";"14:21:00";"8844";"";"";"";"36";"";"";
"5081294474";"";"4428_100019706_5_13";"13:45:00";"13:45:00";"8459";"";"";"";"14";"";"";
"5081294502";"";"4428_100019706_5_13";"13:47:00";"13:47:00";"7605";"";"";"";"15";"";"";
"5081294511";"";"4428_100019706_5_13";"13:26:00";"13:26:00";"6019";"";"";"";"3";"";"";
"5081294515";"";"4428_100019706_5_13";"14:19:00";"14:19:00";"16916";"";"";"";"35";"";"";
"5081294521";"";"4428_100019706_5_13";"13:23:00";"13:23:00";"8439";"";"";"";"1";"";"";
"5081294532";"";"4428_100019706_5_13";"14:26:00";"14:26:00";"7894";"";"";"";"38";"";"";
"5081294548";"";"4428_100019706_5_13";"14:31:00";"14:31:00";"3631";"";"";"";"42";"";"";
"5081294572";"";"4428_100019706_5_13";"13:42:00";"13:42:00";"6026";"";"";"";"12";"";"";
"5081294579";"";"4428_100019706_5_13";"13:48:00";"13:48:00";"15495";"";"";"";"16";"";"";
"5081294646";"";"4428_100019706_5_13";"13:53:00";"13:53:00";"1009095";"";"";"";"20";"";"";
"5081294699";"";"4428_100019706_5_13";"13:40:00";"13:40:00";"6025";"";"";"";"11";"";"";
"5081294808";"";"4428_100019706_5_13";"13:33:00";"13:33:00";"8613";"";"";"";"8";"";"";
"5081294928";"";"4428_100019706_5_13";"13:38:00";"13:38:00";"6024";"";"";"";"10";"";"";
"5081295028";"";"4428_100019706_5_13";"14:01:00";"14:01:00";"3863";"";"";"";"25";"";"";
"5081295056";"";"4428_100019706_5_13";"13:57:00";"13:57:00";"6087";"";"";"";"22";"";"";
"5081295065";"";"4428_100019706_5_13";"13:49:00";"13:49:00";"6029";"";"";"";"17";"";"";
"5081295164";"";"4428_100019706_5_13";"13:32:00";"13:32:00";"8612";"";"";"";"7";"";"";
"5081295305";"";"4428_100019706_5_13";"13:30:00";"13:30:00";"3788";"";"";"";"6";"";"";
"5081295349";"";"4428_100019706_5_13";"13:51:00";"13:51:00";"5342";"";"";"";"19";"";"";
"5081315342";"";"4412_100031134_16_6";"18:49:00";"18:49:00";"9358";"";"";"";"9";"";"";
"5081315416";"";"4412_100031134_16_6";"18:42:00";"18:42:00";"16121";"";"";"";"6";"";"";
"5081315492";"";"4412_100031134_16_6";"18:48:00";"18:48:00";"7588";"";"";"";"8";"";"";
"5081315522";"";"4412_100031134_16_6";"19:11:00";"19:11:00";"10895";"";"";"";"21";"";"";
"5081315625";"";"4412_100031134_16_6";"18:33:00";"18:33:00";"7582";"";"";"";"1";"";"";
"5081315638";"";"4412_100031134_16_6";"18:53:00";"18:53:00";"7590";"";"";"";"11";"";"";
"5081315647";"";"4412_100031134_16_6";"18:46:00";"18:46:00";"7587";"";"";"";"7";"";"";
"5081315679";"";"4412_100031134_16_6";"19:01:00";"19:01:00";"6728";"";"";"";"15";"";"";
"5081315741";"";"4412_100031134_16_6";"18:57:00";"18:57:00";"6727";"";"";"";"14";"";"";
"5081315767";"";"4412_100031134_16_6";"19:13:00";"19:13:00";"6729";"";"";"";"22";"";"";
"5081315806";"";"4412_100031134_16_6";"19:14:00";"19:14:00";"6672";"";"";"";"23";"";"";
"5081315834";"";"4412_100031134_16_6";"18:34:00";"18:34:00";"7583";"";"";"";"2";"";"";
"5081315843";"";"4412_100031134_16_6";"18:36:00";"18:36:00";"7584";"";"";"";"3";"";"";
"5081315896";"";"4412_100031134_16_6";"18:54:00";"18:54:00";"1009112";"";"";"";"12";"";"";
"5081315901";"";"4412_100031134_16_6";"19:08:00";"19:08:00";"6762";"";"";"";"19";"";"";
"5081315998";"";"4412_100031134_16_6";"19:10:00";"19:10:00";"6761";"";"";"";"20";"";"";
"5081316089";"";"4412_100031134_16_6";"18:51:00";"18:51:00";"7589";"";"";"";"10";"";"";
"5081316214";"";"4412_100031134_16_6";"19:05:00";"19:05:00";"6024";"";"";"";"17";"";"";
"5081316237";"";"4412_100031134_16_6";"19:07:00";"19:07:00";"6025";"";"";"";"18";"";"";
"5081316250";"";"4412_100031134_16_6";"18:56:00";"18:56:00";"6726";"";"";"";"13";"";"";
"5081316378";"";"4412_100031134_16_6";"18:40:00";"18:40:00";"7586";"";"";"";"5";"";"";
"5081316404";"";"4412_100031134_16_6";"18:38:00";"18:38:00";"7585";"";"";"";"4";"";"";
"5081316613";"";"4412_100031134_16_6";"19:02:00";"19:02:00";"7193";"";"";"";"16";"";"";
"5081391273";"";"4430_100031143_21_3";"20:13:00";"20:13:00";"21196";"";"";"";"17";"";"";
"5081391354";"";"4430_100031143_21_3";"19:59:00";"19:59:00";"7565";"";"";"";"9";"";"";
"5081391510";"";"4430_100031143_21_3";"19:51:00";"19:51:00";"7522";"";"";"";"4";"";"";
"5081391512";"";"4430_100031143_21_3";"19:53:00";"19:53:00";"7523";"";"";"";"6";"";"";
"5081391526";"";"4430_100031143_21_3";"20:11:00";"20:11:00";"7571";"";"";"";"16";"";"";
"5081391586";"";"4430_100031143_21_3";"20:02:00";"20:02:00";"7567";"";"";"";"11";"";"";
"5081391636";"";"4430_100031143_21_3";"20:07:00";"20:07:00";"10763";"";"";"";"13";"";"";
"5081391668";"";"4430_100031143_21_3";"19:48:00";"19:48:00";"7520";"";"";"";"2";"";"";
"5081391682";"";"4430_100031143_21_3";"19:49:00";"19:49:00";"7521";"";"";"";"3";"";"";
"5081391696";"";"4430_100031143_21_3";"20:08:00";"20:08:00";"7569";"";"";"";"14";"";"";
"5081391743";"";"4430_100031143_21_3";"20:16:00";"20:16:00";"7510";"";"";"";"19";"";"";
"5081391770";"";"4430_100031143_21_3";"19:55:00";"19:55:00";"7563";"";"";"";"7";"";"";
"5081391780";"";"4430_100031143_21_3";"20:01:00";"20:01:00";"7566";"";"";"";"10";"";"";
"5081391915";"";"4430_100031143_21_3";"20:04:00";"20:04:00";"7568";"";"";"";"12";"";"";
"5081391947";"";"4430_100031143_21_3";"19:52:00";"19:52:00";"10267";"";"";"";"5";"";"";
"5081391950";"";"4430_100031143_21_3";"19:57:00";"19:57:00";"7564";"";"";"";"8";"";"";
"5081392008";"";"4430_100031143_21_3";"20:21:00";"20:21:00";"17247";"";"";"";"22";"";"";
"5081392126";"";"4430_100031143_21_3";"20:20:00";"20:20:00";"1000531";"";"";"";"21";"";"";
"5081392166";"";"4430_100031143_21_3";"19:47:00";"19:47:00";"10483";"";"";"";"1";"";"";
"5081392209";"";"4430_100031143_21_3";"20:18:00";"20:18:00";"7511";"";"";"";"20";"";"";
"5081392291";"";"4430_100031143_21_3";"20:15:00";"20:15:00";"7509";"";"";"";"18";"";"";
"5081392681";"";"4430_100031143_21_3";"20:09:00";"20:09:00";"7570";"";"";"";"15";"";"";
"5081409371";"";"4422_100016870_2_2";"08:44:00";"08:44:00";"1404";"";"";"";"6";"";"";
"5081409537";"";"4422_100016870_2_2";"08:40:00";"08:40:00";"848";"";"";"";"4";"";"";
"5081409718";"";"4422_100016870_2_2";"08:42:00";"08:42:00";"15926";"";"";"";"5";"";"";
"5081409748";"";"4422_100016870_2_2";"08:54:00";"08:54:00";"1425";"";"";"";"9";"";"";
"5081409785";"";"4422_100016870_2_2";"08:36:00";"08:36:00";"1000512";"";"";"";"1";"";"";
"5081409839";"";"4422_100016870_2_2";"08:37:00";"08:37:00";"846";"";"";"";"2";"";"";
"5081409919";"";"4422_100016870_2_2";"08:38:00";"08:38:00";"847";"";"";"";"3";"";"";
"5081410214";"";"4422_100016870_2_2";"08:45:00";"08:45:00";"1403";"";"";"";"7";"";"";
"5081410375";"";"4422_100016870_2_2";"08:51:00";"08:51:00";"15354";"";"";"";"8";"";"";
"5081494157";"";"4447_100031139_18_13";"22:45:00";"22:45:00";"7548";"";"";"";"13";"";"";
"5081494252";"";"4447_100031139_18_13";"22:46:00";"22:46:00";"7549";"";"";"";"14";"";"";
"5081494272";"";"4447_100031139_18_13";"23:03:00";"23:03:00";"7414";"";"";"";"23";"";"";
"5081494291";"";"4447_100031139_18_13";"22:59:00";"22:59:00";"7556";"";"";"";"21";"";"";
"5081494467";"";"4447_100031139_18_13";"22:38:00";"22:38:00";"7543";"";"";"";"8";"";"";
"5081494519";"";"4447_100031139_18_13";"22:54:00";"22:54:00";"7553";"";"";"";"18";"";"";
"5081494596";"";"4447_100031139_18_13";"22:27:00";"22:27:00";"1001581";"";"";"";"2";"";"";
"5081494605";"";"4447_100031139_18_13";"22:48:00";"22:48:00";"7550";"";"";"";"15";"";"";
"5081494663";"";"4447_100031139_18_13";"22:43:00";"22:43:00";"7547";"";"";"";"12";"";"";
"5081494714";"";"4447_100031139_18_13";"22:42:00";"22:42:00";"7546";"";"";"";"11";"";"";
"5081494716";"";"4447_100031139_18_13";"22:36:00";"22:36:00";"7542";"";"";"";"7";"";"";
"5081494726";"";"4447_100031139_18_13";"22:41:00";"22:41:00";"7545";"";"";"";"10";"";"";
"5081494836";"";"4447_100031139_18_13";"22:50:00";"22:50:00";"7551";"";"";"";"16";"";"";
"5081494837";"";"4447_100031139_18_13";"22:29:00";"22:29:00";"7514";"";"";"";"3";"";"";
"5081494868";"";"4447_100031139_18_13";"23:02:00";"23:02:00";"4894";"";"";"";"22";"";"";
"5081494877";"";"4447_100031139_18_13";"22:40:00";"22:40:00";"7544";"";"";"";"9";"";"";
"5081494881";"";"4447_100031139_18_13";"22:31:00";"22:31:00";"7515";"";"";"";"4";"";"";
"5081494892";"";"4447_100031139_18_13";"22:35:00";"22:35:00";"7541";"";"";"";"6";"";"";
"5081494894";"";"4447_100031139_18_13";"23:07:00";"23:07:00";"5457";"";"";"";"26";"";"";
"5081494931";"";"4447_100031139_18_13";"22:52:00";"22:52:00";"7552";"";"";"";"17";"";"";
"5081494964";"";"4447_100031139_18_13";"22:33:00";"22:33:00";"7516";"";"";"";"5";"";"";
"5081495024";"";"4447_100031139_18_13";"22:57:00";"22:57:00";"7555";"";"";"";"20";"";"";
"5081495139";"";"4447_100031139_18_13";"22:55:00";"22:55:00";"7554";"";"";"";"19";"";"";
"5081495236";"";"4447_100031139_18_13";"23:05:00";"23:05:00";"4893";"";"";"";"24";"";"";
"5081495340";"";"4447_100031139_18_13";"22:26:00";"22:26:00";"17247";"";"";"";"1";"";"";
"5081495353";"";"4447_100031139_18_13";"23:06:00";"23:06:00";"4892";"";"";"";"25";"";"";
"5081495502";"";"4447_100031139_18_13";"23:08:00";"23:08:00";"10483";"";"";"";"27";"";"";
"5081845582";"";"4421_100031132_7_13";"18:15:00";"18:15:00";"21235";"";"";"";"35";"";"";
"5081845744";"";"4421_100031132_7_13";"18:25:00";"18:25:00";"6011";"";"";"";"43";"";"";
"5081845762";"";"4421_100031132_7_13";"18:12:00";"18:12:00";"6037";"";"";"";"33";"";"";
"5081845853";"";"4421_100031132_7_13";"18:37:00";"18:37:00";"6672";"";"";"";"50";"";"";
"5081845875";"";"4421_100031132_7_13";"18:20:00";"18:20:00";"6009";"";"";"";"39";"";"";
"5081845881";"";"4421_100031132_7_13";"18:16:00";"18:16:00";"1007269";"";"";"";"36";"";"";
"5081845944";"";"4421_100031132_7_13";"17:20:00";"17:20:00";"3923";"";"";"";"3";"";"";
"5081845966";"";"4421_100031132_7_13";"17:38:00";"17:38:00";"6162";"";"";"";"14";"";"";
"5081846023";"";"4421_100031132_7_13";"17:33:00";"17:33:00";"3696";"";"";"";"11";"";"";
"5081846024";"";"4421_100031132_7_13";"17:29:00";"17:29:00";"3693";"";"";"";"8";"";"";
"5081846040";"";"4421_100031132_7_13";"17:32:00";"17:32:00";"3695";"";"";"";"10";"";"";
"5081846044";"";"4421_100031132_7_13";"18:17:00";"18:17:00";"8454";"";"";"";"37";"";"";
"5081846065";"";"4421_100031132_7_13";"18:22:00";"18:22:00";"7606";"";"";"";"41";"";"";
"5081846098";"";"4421_100031132_7_13";"17:30:00";"17:30:00";"3694";"";"";"";"9";"";"";
"5081846133";"";"4421_100031132_7_13";"17:42:00";"17:42:00";"3616";"";"";"";"17";"";"";
"5081846156";"";"4421_100031132_7_13";"18:26:00";"18:26:00";"6012";"";"";"";"44";"";"";
"5081846162";"";"4421_100031132_7_13";"18:36:00";"18:36:00";"6729";"";"";"";"49";"";"";
"5081846178";"";"4421_100031132_7_13";"18:02:00";"18:02:00";"6032";"";"";"";"28";"";"";
"5081846180";"";"4421_100031132_7_13";"17:21:00";"17:21:00";"3924";"";"";"";"4";"";"";
"5081846181";"";"4421_100031132_7_13";"18:08:00";"18:08:00";"21316";"";"";"";"31";"";"";
"5081846209";"";"4421_100031132_7_13";"17:18:00";"17:18:00";"3948";"";"";"";"2";"";"";
"5081846213";"";"4421_100031132_7_13";"17:35:00";"17:35:00";"3697";"";"";"";"12";"";"";
"5081846222";"";"4421_100031132_7_13";"18:28:00";"18:28:00";"6013";"";"";"";"45";"";"";
"5081846234";"";"4421_100031132_7_13";"18:31:00";"18:31:00";"6762";"";"";"";"46";"";"";
"5081846249";"";"4421_100031132_7_13";"17:51:00";"17:51:00";"3649";"";"";"";"23";"";"";
"5081846255";"";"4421_100031132_7_13";"18:21:00";"18:21:00";"15496";"";"";"";"40";"";"";
"5081846260";"";"4421_100031132_7_13";"17:59:00";"17:59:00";"7504";"";"";"";"26";"";"";
"5081846269";"";"4421_100031132_7_13";"17:43:00";"17:43:00";"3617";"";"";"";"18";"";"";
"5081846270";"";"4421_100031132_7_13";"17:46:00";"17:46:00";"8630";"";"";"";"20";"";"";
"5081846278";"";"4421_100031132_7_13";"18:34:00";"18:34:00";"10895";"";"";"";"48";"";"";
"5081846295";"";"4421_100031132_7_13";"17:49:00";"17:49:00";"3850";"";"";"";"21";"";"";
"5081846308";"";"4421_100031132_7_13";"18:13:00";"18:13:00";"6756";"";"";"";"34";"";"";
"5081846313";"";"4421_100031132_7_13";"17:17:00";"17:17:00";"5365";"";"";"";"1";"";"";
"5081846315";"";"4421_100031132_7_13";"18:33:00";"18:33:00";"6761";"";"";"";"47";"";"";
"5081846329";"";"4421_100031132_7_13";"18:05:00";"18:05:00";"6033";"";"";"";"29";"";"";
"5081846337";"";"4421_100031132_7_13";"17:52:00";"17:52:00";"7144";"";"";"";"24";"";"";
"5081846361";"";"4421_100031132_7_13";"17:50:00";"17:50:00";"22814";"";"";"";"22";"";"";
"5081846365";"";"4421_100031132_7_13";"17:39:00";"17:39:00";"3614";"";"";"";"15";"";"";
"5081846368";"";"4421_100031132_7_13";"17:22:00";"17:22:00";"3925";"";"";"";"5";"";"";
"5081846418";"";"4421_100031132_7_13";"17:27:00";"17:27:00";"8604";"";"";"";"7";"";"";
"5081846449";"";"4421_100031132_7_13";"18:07:00";"18:07:00";"6034";"";"";"";"30";"";"";
"5081846450";"";"4421_100031132_7_13";"18:18:00";"18:18:00";"22095";"";"";"";"38";"";"";
"5081846456";"";"4421_100031132_7_13";"17:36:00";"17:36:00";"3698";"";"";"";"13";"";"";
"5081846470";"";"4421_100031132_7_13";"18:23:00";"18:23:00";"14922";"";"";"";"42";"";"";
"5081846489";"";"4421_100031132_7_13";"17:24:00";"17:24:00";"3944";"";"";"";"6";"";"";
"5081846495";"";"4421_100031132_7_13";"18:09:00";"18:09:00";"21314";"";"";"";"32";"";"";
"5081846529";"";"4421_100031132_7_13";"17:56:00";"17:56:00";"21450";"";"";"";"25";"";"";
"5081846530";"";"4421_100031132_7_13";"17:41:00";"17:41:00";"3615";"";"";"";"16";"";"";
"5081846536";"";"4421_100031132_7_13";"17:45:00";"17:45:00";"3618";"";"";"";"19";"";"";
"5081846618";"";"4421_100031132_7_13";"18:00:00";"18:00:00";"7505";"";"";"";"27";"";"";
"5082128125";"";"4421_100031132_9_12";"19:24:00";"19:24:00";"6042";"";"";"";"17";"";"";
"5082128303";"";"4421_100031132_9_12";"19:38:00";"19:38:00";"7503";"";"";"";"24";"";"";
"5082128319";"";"4421_100031132_9_12";"19:57:00";"19:57:00";"3653";"";"";"";"33";"";"";
"5082128384";"";"4421_100031132_9_12";"19:42:00";"19:42:00";"22812";"";"";"";"25";"";"";
"5082128414";"";"4421_100031132_9_12";"18:58:00";"18:58:00";"6672";"";"";"";"1";"";"";
"5082128418";"";"4421_100031132_9_12";"18:59:00";"18:59:00";"6673";"";"";"";"2";"";"";
"5082128450";"";"4421_100031132_9_12";"19:28:00";"19:28:00";"6044";"";"";"";"18";"";"";
"5082128468";"";"4421_100031132_9_12";"19:16:00";"19:16:00";"22096";"";"";"";"12";"";"";
"5082128471";"";"4421_100031132_9_12";"19:22:00";"19:22:00";"6038";"";"";"";"16";"";"";
"5082128493";"";"4421_100031132_9_12";"20:05:00";"20:05:00";"3667";"";"";"";"39";"";"";
"5082128542";"";"4421_100031132_9_12";"19:04:00";"19:04:00";"6758";"";"";"";"5";"";"";
"5082128555";"";"4421_100031132_9_12";"19:32:00";"19:32:00";"6045";"";"";"";"21";"";"";
"5082128565";"";"4421_100031132_9_12";"19:46:00";"19:46:00";"22817";"";"";"";"27";"";"";
"5082128577";"";"4421_100031132_9_12";"19:48:00";"19:48:00";"5854";"";"";"";"28";"";"";
"5082128590";"";"4421_100031132_9_12";"20:17:00";"20:17:00";"3946";"";"";"";"46";"";"";
"5082128610";"";"4421_100031132_9_12";"19:18:00";"19:18:00";"11369";"";"";"";"14";"";"";
"5082128630";"";"4421_100031132_9_12";"19:13:00";"19:13:00";"15495";"";"";"";"10";"";"";
"5082128631";"";"4421_100031132_9_12";"19:34:00";"19:34:00";"6046";"";"";"";"22";"";"";
"5082128633";"";"4421_100031132_9_12";"19:30:00";"19:30:00";"7501";"";"";"";"20";"";"";
"5082128642";"";"4421_100031132_9_12";"20:14:00";"20:14:00";"3926";"";"";"";"44";"";"";
"5082128663";"";"4421_100031132_9_12";"19:59:00";"19:59:00";"3654";"";"";"";"34";"";"";
"5082128665";"";"4421_100031132_9_12";"20:10:00";"20:10:00";"3692";"";"";"";"42";"";"";
"5082128694";"";"4421_100031132_9_12";"20:09:00";"20:09:00";"3668";"";"";"";"41";"";"";
"5082128700";"";"4421_100031132_9_12";"20:20:00";"20:20:00";"6245";"";"";"";"48";"";"";
"5082128718";"";"4421_100031132_9_12";"20:03:00";"20:03:00";"3665";"";"";"";"37";"";"";
"5082128740";"";"4421_100031132_9_12";"19:45:00";"19:45:00";"3648";"";"";"";"26";"";"";
"5082128742";"";"4421_100031132_9_12";"20:22:00";"20:22:00";"5365";"";"";"";"50";"";"";
"5082128749";"";"4421_100031132_9_12";"19:01:00";"19:01:00";"10894";"";"";"";"3";"";"";
"5082128794";"";"4421_100031132_9_12";"19:29:00";"19:29:00";"22950";"";"";"";"19";"";"";
"5082128805";"";"4421_100031132_9_12";"19:02:00";"19:02:00";"6759";"";"";"";"4";"";"";
"5082128812";"";"4421_100031132_9_12";"20:02:00";"20:02:00";"6160";"";"";"";"36";"";"";
"5082128827";"";"4421_100031132_9_12";"19:37:00";"19:37:00";"7502";"";"";"";"23";"";"";
"5082128846";"";"4421_100031132_9_12";"19:15:00";"19:15:00";"6029";"";"";"";"11";"";"";
"5082128853";"";"4421_100031132_9_12";"20:04:00";"20:04:00";"3666";"";"";"";"38";"";"";
"5082128881";"";"4421_100031132_9_12";"20:12:00";"20:12:00";"8605";"";"";"";"43";"";"";
"5082128885";"";"4421_100031132_9_12";"19:56:00";"19:56:00";"3652";"";"";"";"32";"";"";
"5082128896";"";"4421_100031132_9_12";"19:11:00";"19:11:00";"8459";"";"";"";"8";"";"";
"5082128898";"";"4421_100031132_9_12";"20:07:00";"20:07:00";"3952";"";"";"";"40";"";"";
"5082128904";"";"4421_100031132_9_12";"19:52:00";"19:52:00";"3650";"";"";"";"30";"";"";
"5082128913";"";"4421_100031132_9_12";"20:21:00";"20:21:00";"3949";"";"";"";"49";"";"";
"5082128973";"";"4421_100031132_9_12";"19:17:00";"19:17:00";"5336";"";"";"";"13";"";"";
"5082129008";"";"4421_100031132_9_12";"19:08:00";"19:08:00";"6026";"";"";"";"6";"";"";
"5082129029";"";"4421_100031132_9_12";"19:19:00";"19:19:00";"15570";"";"";"";"15";"";"";
"5082129038";"";"4421_100031132_9_12";"19:09:00";"19:09:00";"6027";"";"";"";"7";"";"";
"5082129102";"";"4421_100031132_9_12";"20:01:00";"20:01:00";"3655";"";"";"";"35";"";"";
"5082129103";"";"4421_100031132_9_12";"19:12:00";"19:12:00";"7605";"";"";"";"9";"";"";
"5082129104";"";"4421_100031132_9_12";"19:54:00";"19:54:00";"3651";"";"";"";"31";"";"";
"5082129128";"";"4421_100031132_9_12";"19:50:00";"19:50:00";"8595";"";"";"";"29";"";"";
"5082129209";"";"4421_100031132_9_12";"20:18:00";"20:18:00";"3947";"";"";"";"47";"";"";
"5082129239";"";"4421_100031132_9_12";"20:16:00";"20:16:00";"3945";"";"";"";"45";"";"";
"5085175516";"";"4436_100034096_10_2";"24:03:00";"24:03:00";"6264";"";"";"";"2";"";"";
"5085175672";"";"4436_100034096_10_2";"24:38:00";"24:38:00";"21698";"";"";"";"27";"";"";
"5085176006";"";"4436_100034096_10_2";"24:26:00";"24:26:00";"6678";"";"";"";"18";"";"";
"5085176048";"";"4436_100034096_10_2";"24:41:00";"24:41:00";"7507";"";"";"";"29";"";"";
"5085176087";"";"4436_100034096_10_2";"24:40:00";"24:40:00";"7506";"";"";"";"28";"";"";
"5085176152";"";"4436_100034096_10_2";"24:45:00";"24:45:00";"7542";"";"";"";"31";"";"";
"5085176176";"";"4436_100034096_10_2";"24:57:00";"24:57:00";"7550";"";"";"";"39";"";"";
"5085176193";"";"4436_100034096_10_2";"24:49:00";"24:49:00";"7544";"";"";"";"33";"";"";
"5085176194";"";"4436_100034096_10_2";"24:14:00";"24:14:00";"6012";"";"";"";"11";"";"";
"5085176226";"";"4436_100034096_10_2";"24:18:00";"24:18:00";"6014";"";"";"";"14";"";"";
"5085176231";"";"4436_100034096_10_2";"24:06:00";"24:06:00";"14572";"";"";"";"4";"";"";
"5085176237";"";"4436_100034096_10_2";"24:25:00";"24:25:00";"6677";"";"";"";"17";"";"";
"5085176245";"";"4436_100034096_10_2";"24:13:00";"24:13:00";"6011";"";"";"";"10";"";"";
"5085176247";"";"4436_100034096_10_2";"24:08:00";"24:08:00";"6009";"";"";"";"6";"";"";
"5085176271";"";"4436_100034096_10_2";"24:44:00";"24:44:00";"7541";"";"";"";"30";"";"";
"5085176275";"";"4436_100034096_10_2";"24:16:00";"24:16:00";"22949";"";"";"";"13";"";"";
"5085176279";"";"4436_100034096_10_2";"24:36:00";"24:36:00";"10044";"";"";"";"26";"";"";
"5085176299";"";"4436_100034096_10_2";"24:28:00";"24:28:00";"6680";"";"";"";"20";"";"";
"5085176322";"";"4436_100034096_10_2";"24:04:00";"24:04:00";"1009094";"";"";"";"3";"";"";
"5085176348";"";"4436_100034096_10_2";"24:52:00";"24:52:00";"7547";"";"";"";"36";"";"";
"5085176355";"";"4436_100034096_10_2";"24:02:00";"24:02:00";"1001697";"";"";"";"1";"";"";
"5085176365";"";"4436_100034096_10_2";"24:07:00";"24:07:00";"22095";"";"";"";"5";"";"";
"5085176378";"";"4436_100034096_10_2";"24:50:00";"24:50:00";"7545";"";"";"";"34";"";"";
"5085176414";"";"4436_100034096_10_2";"24:34:00";"24:34:00";"6684";"";"";"";"24";"";"";
"5085176448";"";"4436_100034096_10_2";"24:27:00";"24:27:00";"1009111";"";"";"";"19";"";"";
"5085176492";"";"4436_100034096_10_2";"24:35:00";"24:35:00";"6742";"";"";"";"25";"";"";
"5085176508";"";"4436_100034096_10_2";"24:29:00";"24:29:00";"6681";"";"";"";"21";"";"";
"5085176529";"";"4436_100034096_10_2";"24:59:00";"24:59:00";"7604";"";"";"";"40";"";"";
"5085176538";"";"4436_100034096_10_2";"24:31:00";"24:31:00";"6682";"";"";"";"22";"";"";
"5085176556";"";"4436_100034096_10_2";"24:22:00";"24:22:00";"6676";"";"";"";"16";"";"";
"5085176561";"";"4436_100034096_10_2";"24:10:00";"24:10:00";"7606";"";"";"";"8";"";"";
"5085176572";"";"4436_100034096_10_2";"24:32:00";"24:32:00";"6683";"";"";"";"23";"";"";
"5085176608";"";"4436_100034096_10_2";"24:12:00";"24:12:00";"14922";"";"";"";"9";"";"";
"5085176660";"";"4436_100034096_10_2";"24:21:00";"24:21:00";"6675";"";"";"";"15";"";"";
"5085176762";"";"4436_100034096_10_2";"24:09:00";"24:09:00";"15496";"";"";"";"7";"";"";
"5085176778";"";"4436_100034096_10_2";"24:53:00";"24:53:00";"7548";"";"";"";"37";"";"";
"5085176845";"";"4436_100034096_10_2";"24:15:00";"24:15:00";"6013";"";"";"";"12";"";"";
"5085176849";"";"4436_100034096_10_2";"24:55:00";"24:55:00";"7549";"";"";"";"38";"";"";
"5085176864";"";"4436_100034096_10_2";"24:47:00";"24:47:00";"7543";"";"";"";"32";"";"";
"5085177089";"";"4436_100034096_10_2";"24:51:00";"24:51:00";"7546";"";"";"";"35";"";"";
"5086564826";"";"4436_100034096_8_8";"14:40:00";"14:40:00";"21216";"";"";"";"12";"";"";
"5086565155";"";"4436_100034096_8_8";"15:18:00";"15:18:00";"15495";"";"";"";"33";"";"";
"5086565182";"";"4436_100034096_8_8";"15:17:00";"15:17:00";"7605";"";"";"";"32";"";"";
"5086565233";"";"4436_100034096_8_8";"14:58:00";"14:58:00";"1009112";"";"";"";"22";"";"";
"5086565277";"";"4436_100034096_8_8";"15:23:00";"15:23:00";"6266";"";"";"";"38";"";"";
"5086565333";"";"4436_100034096_8_8";"15:24:00";"15:24:00";"1001697";"";"";"";"39";"";"";
"5086565353";"";"4436_100034096_8_8";"15:15:00";"15:15:00";"8459";"";"";"";"31";"";"";
"5086565404";"";"4436_100034096_8_8";"14:24:00";"14:24:00";"7604";"";"";"";"1";"";"";
"5086565407";"";"4436_100034096_8_8";"15:19:00";"15:19:00";"6029";"";"";"";"34";"";"";
"5086565432";"";"4436_100034096_8_8";"14:50:00";"14:50:00";"6720";"";"";"";"18";"";"";
"5086565450";"";"4436_100034096_8_8";"14:27:00";"14:27:00";"7531";"";"";"";"3";"";"";
"5086565453";"";"4436_100034096_8_8";"14:52:00";"14:52:00";"6722";"";"";"";"19";"";"";
"5086565459";"";"4436_100034096_8_8";"14:26:00";"14:26:00";"7530";"";"";"";"2";"";"";
"5086565488";"";"4436_100034096_8_8";"14:33:00";"14:33:00";"7535";"";"";"";"7";"";"";
"5086565531";"";"4436_100034096_8_8";"14:37:00";"14:37:00";"7538";"";"";"";"10";"";"";
"5086565571";"";"4436_100034096_8_8";"15:22:00";"15:22:00";"1009095";"";"";"";"37";"";"";
"5086565634";"";"4436_100034096_8_8";"15:10:00";"15:10:00";"6025";"";"";"";"28";"";"";
"5086565647";"";"4436_100034096_8_8";"14:49:00";"14:49:00";"1000401";"";"";"";"17";"";"";
"5086565707";"";"4436_100034096_8_8";"14:31:00";"14:31:00";"7533";"";"";"";"5";"";"";
"5086565772";"";"4436_100034096_8_8";"15:20:00";"15:20:00";"22096";"";"";"";"35";"";"";
"5086565803";"";"4436_100034096_8_8";"15:06:00";"15:06:00";"7193";"";"";"";"26";"";"";
"5086565819";"";"4436_100034096_8_8";"14:30:00";"14:30:00";"7532";"";"";"";"4";"";"";
"5086565837";"";"4436_100034096_8_8";"15:12:00";"15:12:00";"6026";"";"";"";"29";"";"";
"5086565840";"";"4436_100034096_8_8";"14:54:00";"14:54:00";"6723";"";"";"";"20";"";"";
"5086565842";"";"4436_100034096_8_8";"14:32:00";"14:32:00";"7534";"";"";"";"6";"";"";
"5086565850";"";"4436_100034096_8_8";"14:42:00";"14:42:00";"7518";"";"";"";"13";"";"";
"5086565877";"";"4436_100034096_8_8";"14:56:00";"14:56:00";"20893";"";"";"";"21";"";"";
"5086565894";"";"4436_100034096_8_8";"15:04:00";"15:04:00";"6728";"";"";"";"25";"";"";
"5086565942";"";"4436_100034096_8_8";"14:48:00";"14:48:00";"6743";"";"";"";"16";"";"";
"5086565947";"";"4436_100034096_8_8";"14:47:00";"14:47:00";"6719";"";"";"";"15";"";"";
"5086566005";"";"4436_100034096_8_8";"14:44:00";"14:44:00";"7519";"";"";"";"14";"";"";
"5086566119";"";"4436_100034096_8_8";"15:21:00";"15:21:00";"5342";"";"";"";"36";"";"";
"5086566126";"";"4436_100034096_8_8";"15:01:00";"15:01:00";"6727";"";"";"";"24";"";"";
"5086566136";"";"4436_100034096_8_8";"15:08:00";"15:08:00";"6024";"";"";"";"27";"";"";
"5086566175";"";"4436_100034096_8_8";"14:34:00";"14:34:00";"7536";"";"";"";"8";"";"";
"5086566220";"";"4436_100034096_8_8";"14:36:00";"14:36:00";"7537";"";"";"";"9";"";"";
"5086566309";"";"4436_100034096_8_8";"15:00:00";"15:00:00";"6726";"";"";"";"23";"";"";
"5086566412";"";"4436_100034096_8_8";"15:13:00";"15:13:00";"6027";"";"";"";"30";"";"";
"5086566431";"";"4436_100034096_8_8";"14:38:00";"14:38:00";"7539";"";"";"";"11";"";"";
"5089692717";"";"4419_100034624_2_15";"08:29:00";"08:29:00";"467";"";"";"";"17";"";"";
"5089692745";"";"4419_100034624_2_15";"08:11:00";"08:11:00";"451";"";"";"";"7";"";"";
"5089692754";"";"4419_100034624_2_15";"08:20:00";"08:20:00";"674";"";"";"";"11";"";"";
"5089692767";"";"4419_100034624_2_15";"08:16:00";"08:16:00";"462";"";"";"";"9";"";"";
"5089692784";"";"4419_100034624_2_15";"08:02:00";"08:02:00";"17830";"";"";"";"3";"";"";
"5089692820";"";"4419_100034624_2_15";"08:34:00";"08:34:00";"1042";"";"";"";"21";"";"";
"5089692871";"";"4419_100034624_2_15";"08:32:00";"08:32:00";"1041";"";"";"";"19";"";"";
"5089692929";"";"4419_100034624_2_15";"08:01:00";"08:01:00";"17832";"";"";"";"2";"";"";
"5089693117";"";"4419_100034624_2_15";"08:07:00";"08:07:00";"460";"";"";"";"5";"";"";
"5089693129";"";"4419_100034624_2_15";"08:03:00";"08:03:00";"14865";"";"";"";"4";"";"";
"5089693136";"";"4419_100034624_2_15";"08:33:00";"08:33:00";"468";"";"";"";"20";"";"";
"5089693239";"";"4419_100034624_2_15";"08:39:00";"08:39:00";"549";"";"";"";"27";"";"";
"5089693293";"";"4419_100034624_2_15";"08:14:00";"08:14:00";"372";"";"";"";"8";"";"";
"5089693491";"";"4419_100034624_2_15";"08:26:00";"08:26:00";"466";"";"";"";"15";"";"";
"5089693557";"";"4419_100034624_2_15";"08:27:00";"08:27:00";"1040";"";"";"";"16";"";"";
"5089693567";"";"4419_100034624_2_15";"08:18:00";"08:18:00";"463";"";"";"";"10";"";"";
"5089693612";"";"4419_100034624_2_15";"08:36:00";"08:36:00";"1043";"";"";"";"23";"";"";
"5089693642";"";"4419_100034624_2_15";"08:35:00";"08:35:00";"469";"";"";"";"22";"";"";
"5089693671";"";"4419_100034624_2_15";"08:38:00";"08:38:00";"470";"";"";"";"26";"";"";
"5089693748";"";"4419_100034624_2_15";"08:41:00";"08:41:00";"471";"";"";"";"28";"";"";
"5089693809";"";"4419_100034624_2_15";"08:08:00";"08:08:00";"1037";"";"";"";"6";"";"";
"5089693956";"";"4419_100034624_2_15";"08:25:00";"08:25:00";"465";"";"";"";"14";"";"";
"5089693973";"";"4419_100034624_2_15";"08:21:00";"08:21:00";"1039";"";"";"";"12";"";"";
"5089694374";"";"4419_100034624_2_15";"07:58:00";"07:58:00";"17827";"";"";"";"1";"";"";
"5089694416";"";"4419_100034624_2_15";"08:31:00";"08:31:00";"15438";"";"";"";"18";"";"";
"5089694476";"";"4419_100034624_2_15";"08:23:00";"08:23:00";"464";"";"";"";"13";"";"";
"5089694804";"";"4419_100034624_2_15";"08:38:00";"08:38:00";"1045";"";"";"";"25";"";"";
"5089695066";"";"4419_100034624_2_15";"08:37:00";"08:37:00";"1044";"";"";"";"24";"";"";
"5091914694";"";"4419_100034624_13_13";"16:32:00";"16:32:00";"1026";"";"";"";"6";"";"";
"5091914766";"";"4419_100034624_13_13";"16:31:00";"16:31:00";"1025";"";"";"";"5";"";"";
"5091915144";"";"4419_100034624_13_13";"16:41:00";"16:41:00";"1029";"";"";"";"13";"";"";
"5091915163";"";"4419_100034624_13_13";"16:28:00";"16:28:00";"456";"";"";"";"2";"";"";
"5091915255";"";"4419_100034624_13_13";"16:49:00";"16:49:00";"1031";"";"";"";"18";"";"";
"5091915287";"";"4419_100034624_13_13";"16:30:00";"16:30:00";"1024";"";"";"";"4";"";"";
"5091915386";"";"4419_100034624_13_13";"16:47:00";"16:47:00";"1030";"";"";"";"17";"";"";
"5091915466";"";"4419_100034624_13_13";"16:27:00";"16:27:00";"471";"";"";"";"1";"";"";
"5091915509";"";"4419_100034624_13_13";"16:52:00";"16:52:00";"449";"";"";"";"20";"";"";
"5091915607";"";"4419_100034624_13_13";"16:33:00";"16:33:00";"442";"";"";"";"7";"";"";
"5091915614";"";"4419_100034624_13_13";"16:34:00";"16:34:00";"1027";"";"";"";"8";"";"";
"5091915630";"";"4419_100034624_13_13";"16:59:00";"16:59:00";"452";"";"";"";"23";"";"";
"5091915683";"";"4419_100034624_13_13";"17:04:00";"17:04:00";"14864";"";"";"";"26";"";"";
"5091915690";"";"4419_100034624_13_13";"16:37:00";"16:37:00";"8729";"";"";"";"11";"";"";
"5091915695";"";"4419_100034624_13_13";"16:29:00";"16:29:00";"457";"";"";"";"3";"";"";
"5091915708";"";"4419_100034624_13_13";"16:36:00";"16:36:00";"1028";"";"";"";"10";"";"";
"5091915743";"";"4419_100034624_13_13";"17:00:00";"17:00:00";"1032";"";"";"";"24";"";"";
"5091915765";"";"4419_100034624_13_13";"16:42:00";"16:42:00";"445";"";"";"";"14";"";"";
"5091915769";"";"4419_100034624_13_13";"16:39:00";"16:39:00";"444";"";"";"";"12";"";"";
"5091915797";"";"4419_100034624_13_13";"17:01:00";"17:01:00";"453";"";"";"";"25";"";"";
"5091915923";"";"4419_100034624_13_13";"16:54:00";"16:54:00";"450";"";"";"";"21";"";"";
"5091915977";"";"4419_100034624_13_13";"16:43:00";"16:43:00";"446";"";"";"";"15";"";"";
"5091916020";"";"4419_100034624_13_13";"16:57:00";"16:57:00";"8639";"";"";"";"22";"";"";
"5091916111";"";"4419_100034624_13_13";"16:35:00";"16:35:00";"443";"";"";"";"9";"";"";
"5091916156";"";"4419_100034624_13_13";"17:08:00";"17:08:00";"17827";"";"";"";"29";"";"";
"5091916226";"";"4419_100034624_13_13";"17:06:00";"17:06:00";"17833";"";"";"";"28";"";"";
"5091916248";"";"4419_100034624_13_13";"16:45:00";"16:45:00";"18168";"";"";"";"16";"";"";
"5091916286";"";"4419_100034624_13_13";"17:05:00";"17:05:00";"17831";"";"";"";"27";"";"";
"5091916369";"";"4419_100034624_13_13";"16:50:00";"16:50:00";"448";"";"";"";"19";"";"";
"5096284087";"";"4413_100036120_22_7";"22:39:00";"22:39:00";"3931";"";"";"";"8";"";"";
"5096284121";"";"4413_100036120_22_7";"22:46:00";"22:46:00";"14572";"";"";"";"12";"";"";
"5096284154";"";"4413_100036120_22_7";"22:52:00";"22:52:00";"14922";"";"";"";"17";"";"";
"5096284160";"";"4413_100036120_22_7";"22:59:00";"22:59:00";"8499";"";"";"";"22";"";"";
"5096284229";"";"4413_100036120_22_7";"22:57:00";"22:57:00";"6054";"";"";"";"20";"";"";
"5096284291";"";"4413_100036120_22_7";"22:48:00";"22:48:00";"6009";"";"";"";"14";"";"";
"5096284331";"";"4413_100036120_22_7";"22:49:00";"22:49:00";"15496";"";"";"";"15";"";"";
"5096284342";"";"4413_100036120_22_7";"22:56:00";"22:56:00";"4083";"";"";"";"19";"";"";
"5096284355";"";"4413_100036120_22_7";"22:31:00";"22:31:00";"3937";"";"";"";"3";"";"";
"5096284378";"";"4413_100036120_22_7";"22:30:00";"22:30:00";"15245";"";"";"";"2";"";"";
"5096284397";"";"4413_100036120_22_7";"22:54:00";"22:54:00";"22021";"";"";"";"18";"";"";
"5096284408";"";"4413_100036120_22_7";"22:50:00";"22:50:00";"7606";"";"";"";"16";"";"";
"5096284414";"";"4413_100036120_22_7";"22:44:00";"22:44:00";"1009094";"";"";"";"11";"";"";
"5096284421";"";"4413_100036120_22_7";"22:43:00";"22:43:00";"6264";"";"";"";"10";"";"";
"5096284425";"";"4413_100036120_22_7";"22:47:00";"22:47:00";"22095";"";"";"";"13";"";"";
"5096284461";"";"4413_100036120_22_7";"22:40:00";"22:40:00";"6090";"";"";"";"9";"";"";
"5096284503";"";"4413_100036120_22_7";"22:35:00";"22:35:00";"3939";"";"";"";"6";"";"";
"5096284505";"";"4413_100036120_22_7";"22:28:00";"22:28:00";"10509";"";"";"";"1";"";"";
"5096284573";"";"4413_100036120_22_7";"22:37:00";"22:37:00";"1001339";"";"";"";"7";"";"";
"5096284641";"";"4413_100036120_22_7";"22:34:00";"22:34:00";"3933";"";"";"";"5";"";"";
"5096284648";"";"4413_100036120_22_7";"22:58:00";"22:58:00";"15357";"";"";"";"21";"";"";
"5096284738";"";"4413_100036120_22_7";"22:32:00";"22:32:00";"1002767";"";"";"";"4";"";"";
"5097092187";"";"4413_100036120_17_7";"19:16:00";"19:16:00";"1002766";"";"";"";"19";"";"";
"5097092233";"";"4413_100036120_17_7";"18:59:00";"18:59:00";"15495";"";"";"";"8";"";"";
"5097092309";"";"4413_100036120_17_7";"19:01:00";"19:01:00";"22096";"";"";"";"10";"";"";
"5097092320";"";"4413_100036120_17_7";"19:02:00";"19:02:00";"5342";"";"";"";"11";"";"";
"5097092392";"";"4413_100036120_17_7";"18:50:00";"18:50:00";"13143";"";"";"";"3";"";"";
"5097092398";"";"4413_100036120_17_7";"19:14:00";"19:14:00";"3938";"";"";"";"18";"";"";
"5097092418";"";"4413_100036120_17_7";"19:00:00";"19:00:00";"6029";"";"";"";"9";"";"";
"5097092426";"";"4413_100036120_17_7";"18:58:00";"18:58:00";"7605";"";"";"";"7";"";"";
"5097092450";"";"4413_100036120_17_7";"19:13:00";"19:13:00";"3932";"";"";"";"17";"";"";
"5097092460";"";"4413_100036120_17_7";"19:10:00";"19:10:00";"3940";"";"";"";"15";"";"";
"5097092473";"";"4413_100036120_17_7";"19:18:00";"19:18:00";"15244";"";"";"";"21";"";"";
"5097092475";"";"4413_100036120_17_7";"19:08:00";"19:08:00";"6087";"";"";"";"14";"";"";
"5097092543";"";"4413_100036120_17_7";"19:12:00";"19:12:00";"1001340";"";"";"";"16";"";"";
"5097092597";"";"4413_100036120_17_7";"18:49:00";"18:49:00";"8500";"";"";"";"2";"";"";
"5097092608";"";"4413_100036120_17_7";"19:05:00";"19:05:00";"6266";"";"";"";"13";"";"";
"5097092615";"";"4413_100036120_17_7";"18:52:00";"18:52:00";"4023";"";"";"";"4";"";"";
"5097092618";"";"4413_100036120_17_7";"19:04:00";"19:04:00";"1009095";"";"";"";"12";"";"";
"5097092622";"";"4413_100036120_17_7";"18:47:00";"18:47:00";"8499";"";"";"";"1";"";"";
"5097092644";"";"4413_100036120_17_7";"18:54:00";"18:54:00";"22022";"";"";"";"5";"";"";
"5097092646";"";"4413_100036120_17_7";"19:20:00";"19:20:00";"10509";"";"";"";"22";"";"";
"5097092753";"";"4413_100036120_17_7";"18:56:00";"18:56:00";"8459";"";"";"";"6";"";"";
"5097093000";"";"4413_100036120_17_7";"19:17:00";"19:17:00";"4508";"";"";"";"20";"";"";
"5100869308";"";"4434_100037352_11_3";"13:38:00";"13:38:00";"854";"";"";"";"3";"";"";
"5100869488";"";"4434_100037352_11_3";"13:37:00";"13:37:00";"1426";"";"";"";"2";"";"";
"5100869521";"";"4434_100037352_11_3";"13:49:00";"13:49:00";"1427";"";"";"";"7";"";"";
"5100869596";"";"4434_100037352_11_3";"13:51:00";"13:51:00";"1428";"";"";"";"8";"";"";
"5100869605";"";"4434_100037352_11_3";"13:46:00";"13:46:00";"1406";"";"";"";"5";"";"";
"5100869670";"";"4434_100037352_11_3";"13:59:00";"13:59:00";"1000512";"";"";"";"13";"";"";
"5100869707";"";"4434_100037352_11_3";"13:37:00";"13:37:00";"1425";"";"";"";"1";"";"";
"5100869753";"";"4434_100037352_11_3";"13:53:00";"13:53:00";"1429";"";"";"";"9";"";"";
"5100869832";"";"4434_100037352_11_3";"13:55:00";"13:55:00";"1430";"";"";"";"10";"";"";
"5100869839";"";"4434_100037352_11_3";"13:58:00";"13:58:00";"1432";"";"";"";"12";"";"";
"5100870005";"";"4434_100037352_11_3";"13:47:00";"13:47:00";"1405";"";"";"";"6";"";"";
"5100870170";"";"4434_100037352_11_3";"13:57:00";"13:57:00";"1431";"";"";"";"11";"";"";
"5100870352";"";"4434_100037352_11_3";"13:40:00";"13:40:00";"15355";"";"";"";"4";"";"";
"5100924429";"";"4434_100037459_22_6";"19:01:00";"19:01:00";"1403";"";"";"";"9";"";"";
"5100924457";"";"4434_100037459_22_6";"18:58:00";"18:58:00";"1424";"";"";"";"7";"";"";
"5100924560";"";"4434_100037459_22_6";"19:09:00";"19:09:00";"1425";"";"";"";"11";"";"";
"5100924562";"";"4434_100037459_22_6";"19:00:00";"19:00:00";"1404";"";"";"";"8";"";"";
"5100924580";"";"4434_100037459_22_6";"18:47:00";"18:47:00";"1000512";"";"";"";"1";"";"";
"5100924624";"";"4434_100037459_22_6";"18:50:00";"18:50:00";"1420";"";"";"";"3";"";"";
"5100924638";"";"4434_100037459_22_6";"18:49:00";"18:49:00";"1419";"";"";"";"2";"";"";
"5100924668";"";"4434_100037459_22_6";"18:54:00";"18:54:00";"1422";"";"";"";"5";"";"";
"5100924679";"";"4434_100037459_22_6";"19:07:00";"19:07:00";"15354";"";"";"";"10";"";"";
"5100924760";"";"4434_100037459_22_6";"18:56:00";"18:56:00";"1423";"";"";"";"6";"";"";
"5100924768";"";"4434_100037459_22_6";"18:52:00";"18:52:00";"1421";"";"";"";"4";"";"";
"5100986283";"";"4448_100038073_28_7";"24:34:00";"24:34:00";"1116";"";"";"";"24";"";"";
"5100986284";"";"4448_100038073_28_7";"24:27:00";"24:27:00";"699";"";"";"";"20";"";"";
"5100986285";"";"4448_100038073_28_7";"24:22:00";"24:22:00";"694";"";"";"";"15";"";"";
"5100986288";"";"4448_100038073_28_7";"24:26:00";"24:26:00";"698";"";"";"";"19";"";"";
"5100986296";"";"4448_100038073_28_7";"24:29:00";"24:29:00";"738";"";"";"";"22";"";"";
"5100986302";"";"4448_100038073_28_7";"24:19:00";"24:19:00";"688";"";"";"";"13";"";"";
"5100986304";"";"4448_100038073_28_7";"24:25:00";"24:25:00";"697";"";"";"";"18";"";"";
"5100986306";"";"4448_100038073_28_7";"24:10:00";"24:10:00";"681";"";"";"";"5";"";"";
"5100986318";"";"4448_100038073_28_7";"24:28:00";"24:28:00";"701";"";"";"";"21";"";"";
"5100986319";"";"4448_100038073_28_7";"24:12:00";"24:12:00";"683";"";"";"";"7";"";"";
"5100986324";"";"4448_100038073_28_7";"24:14:00";"24:14:00";"8726";"";"";"";"9";"";"";
"5100986339";"";"4448_100038073_28_7";"24:24:00";"24:24:00";"696";"";"";"";"17";"";"";
"5100986344";"";"4448_100038073_28_7";"24:13:00";"24:13:00";"684";"";"";"";"8";"";"";
"5100986350";"";"4448_100038073_28_7";"24:21:00";"24:21:00";"693";"";"";"";"14";"";"";
"5100986353";"";"4448_100038073_28_7";"24:31:00";"24:31:00";"9783";"";"";"";"23";"";"";
"5100986361";"";"4448_100038073_28_7";"24:06:00";"24:06:00";"10143";"";"";"";"2";"";"";
"5100986365";"";"4448_100038073_28_7";"24:17:00";"24:17:00";"687";"";"";"";"12";"";"";
"5100986394";"";"4448_100038073_28_7";"24:08:00";"24:08:00";"10109";"";"";"";"3";"";"";
"5100986407";"";"4448_100038073_28_7";"24:11:00";"24:11:00";"682";"";"";"";"6";"";"";
"5100986433";"";"4448_100038073_28_7";"24:16:00";"24:16:00";"308";"";"";"";"11";"";"";
"5100986437";"";"4448_100038073_28_7";"24:06:00";"24:06:00";"10108";"";"";"";"1";"";"";
"5100986483";"";"4448_100038073_28_7";"24:23:00";"24:23:00";"695";"";"";"";"16";"";"";
"5100986497";"";"4448_100038073_28_7";"24:09:00";"24:09:00";"1115";"";"";"";"4";"";"";
"5100986536";"";"4448_100038073_28_7";"24:15:00";"24:15:00";"685";"";"";"";"10";"";"";
"5101200244";"";"4445_100037666_26_4";"18:52:00";"18:52:00";"10109";"";"";"";"3";"";"";
"5101200381";"";"4445_100037666_26_4";"19:11:00";"19:11:00";"10650";"";"";"";"16";"";"";
"5101200473";"";"4445_100037666_26_4";"19:04:00";"19:04:00";"687";"";"";"";"12";"";"";
"5101200509";"";"4445_100037666_26_4";"18:55:00";"18:55:00";"681";"";"";"";"5";"";"";
"5101200533";"";"4445_100037666_26_4";"18:50:00";"18:50:00";"10143";"";"";"";"2";"";"";
"5101200567";"";"4445_100037666_26_4";"19:00:00";"19:00:00";"8726";"";"";"";"9";"";"";
"5101200586";"";"4445_100037666_26_4";"18:50:00";"18:50:00";"10108";"";"";"";"1";"";"";
"5101200636";"";"4445_100037666_26_4";"18:56:00";"18:56:00";"682";"";"";"";"6";"";"";
"5101200734";"";"4445_100037666_26_4";"19:10:00";"19:10:00";"820";"";"";"";"14";"";"";
"5101200763";"";"4445_100037666_26_4";"18:57:00";"18:57:00";"683";"";"";"";"7";"";"";
"5101200783";"";"4445_100037666_26_4";"19:02:00";"19:02:00";"308";"";"";"";"11";"";"";
"5101200845";"";"4445_100037666_26_4";"18:53:00";"18:53:00";"1115";"";"";"";"4";"";"";
"5101200963";"";"4445_100037666_26_4";"19:01:00";"19:01:00";"685";"";"";"";"10";"";"";
"5101201403";"";"4445_100037666_26_4";"19:11:00";"19:11:00";"821";"";"";"";"15";"";"";
"5101201572";"";"4445_100037666_26_4";"19:06:00";"19:06:00";"688";"";"";"";"13";"";"";
"5101201801";"";"4445_100037666_26_4";"18:58:00";"18:58:00";"684";"";"";"";"8";"";"";
"5101279008";"";"4445_100037666_11_3";"17:02:00";"17:02:00";"714";"";"";"";"9";"";"";
"5101279035";"";"4445_100037666_11_3";"17:10:00";"17:10:00";"10108";"";"";"";"16";"";"";
"5101279061";"";"4445_100037666_11_3";"17:04:00";"17:04:00";"716";"";"";"";"11";"";"";
"5101279199";"";"4445_100037666_11_3";"16:54:00";"16:54:00";"710";"";"";"";"4";"";"";
"5101279202";"";"4445_100037666_11_3";"17:00:00";"17:00:00";"8728";"";"";"";"8";"";"";
"5101279284";"";"4445_100037666_11_3";"17:06:00";"17:06:00";"1117";"";"";"";"13";"";"";
"5101279350";"";"4445_100037666_11_3";"17:05:00";"17:05:00";"717";"";"";"";"12";"";"";
"5101279372";"";"4445_100037666_11_3";"16:59:00";"16:59:00";"713";"";"";"";"7";"";"";
"5101279391";"";"4445_100037666_11_3";"17:08:00";"17:08:00";"10107";"";"";"";"15";"";"";
"5101279461";"";"4445_100037666_11_3";"17:07:00";"17:07:00";"718";"";"";"";"14";"";"";
"5101279588";"";"4445_100037666_11_3";"16:52:00";"16:52:00";"729";"";"";"";"3";"";"";
"5101279669";"";"4445_100037666_11_3";"16:56:00";"16:56:00";"711";"";"";"";"5";"";"";
"5101279728";"";"4445_100037666_11_3";"17:03:00";"17:03:00";"715";"";"";"";"10";"";"";
"5101279737";"";"4445_100037666_11_3";"16:51:00";"16:51:00";"728";"";"";"";"2";"";"";
"5101279751";"";"4445_100037666_11_3";"16:50:00";"16:50:00";"10650";"";"";"";"1";"";"";
"5101279794";"";"4445_100037666_11_3";"16:58:00";"16:58:00";"287";"";"";"";"6";"";"";
"5101336558";"";"4446_100037748_19_5";"15:14:00";"15:14:00";"1119";"";"";"";"8";"";"";
"5101336594";"";"4446_100037748_19_5";"15:18:00";"15:18:00";"453";"";"";"";"12";"";"";
"5101336629";"";"4446_100037748_19_5";"15:07:00";"15:07:00";"1411";"";"";"";"5";"";"";
"5101336660";"";"4446_100037748_19_5";"15:22:00";"15:22:00";"17831";"";"";"";"14";"";"";
"5101336728";"";"4446_100037748_19_5";"15:15:00";"15:15:00";"851";"";"";"";"9";"";"";
"5101336834";"";"4446_100037748_19_5";"15:25:00";"15:25:00";"17827";"";"";"";"16";"";"";
"5101336863";"";"4446_100037748_19_5";"15:21:00";"15:21:00";"14864";"";"";"";"13";"";"";
"5101336884";"";"4446_100037748_19_5";"15:01:00";"15:01:00";"1408";"";"";"";"2";"";"";
"5101336907";"";"4446_100037748_19_5";"15:17:00";"15:17:00";"1032";"";"";"";"11";"";"";
"5101336919";"";"4446_100037748_19_5";"15:16:00";"15:16:00";"852";"";"";"";"10";"";"";
"5101336939";"";"4446_100037748_19_5";"15:09:00";"15:09:00";"1412";"";"";"";"6";"";"";
"5101336971";"";"4446_100037748_19_5";"15:05:00";"15:05:00";"1410";"";"";"";"4";"";"";
"5101337095";"";"4446_100037748_19_5";"15:03:00";"15:03:00";"1409";"";"";"";"3";"";"";
"5101337215";"";"4446_100037748_19_5";"15:23:00";"15:23:00";"17833";"";"";"";"15";"";"";
"5101337238";"";"4446_100037748_19_5";"15:11:00";"15:11:00";"15354";"";"";"";"7";"";"";
"5101337377";"";"4446_100037748_19_5";"15:01:00";"15:01:00";"1418";"";"";"";"1";"";"";
"5101516940";"";"4446_100037748_8_5";"09:30:00";"09:30:00";"1037";"";"";"";"6";"";"";
"5101516960";"";"4446_100037748_8_5";"09:38:00";"09:38:00";"1414";"";"";"";"11";"";"";
"5101516988";"";"4446_100037748_8_5";"09:33:00";"09:33:00";"13637";"";"";"";"8";"";"";
"5101517031";"";"4446_100037748_8_5";"09:40:00";"09:40:00";"1415";"";"";"";"12";"";"";
"5101517032";"";"4446_100037748_8_5";"09:46:00";"09:46:00";"1418";"";"";"";"15";"";"";
"5101517056";"";"4446_100037748_8_5";"09:29:00";"09:29:00";"460";"";"";"";"5";"";"";
"5101517097";"";"4446_100037748_8_5";"09:24:00";"09:24:00";"17830";"";"";"";"3";"";"";
"5101517102";"";"4446_100037748_8_5";"09:44:00";"09:44:00";"1417";"";"";"";"14";"";"";
"5101517135";"";"4446_100037748_8_5";"09:32:00";"09:32:00";"853";"";"";"";"7";"";"";
"5101517154";"";"4446_100037748_8_5";"09:36:00";"09:36:00";"15355";"";"";"";"10";"";"";
"5101517183";"";"4446_100037748_8_5";"09:25:00";"09:25:00";"14865";"";"";"";"4";"";"";
"5101517184";"";"4446_100037748_8_5";"09:34:00";"09:34:00";"854";"";"";"";"9";"";"";
"5101517186";"";"4446_100037748_8_5";"09:20:00";"09:20:00";"17827";"";"";"";"1";"";"";
"5101517209";"";"4446_100037748_8_5";"09:42:00";"09:42:00";"1416";"";"";"";"13";"";"";
"5101517219";"";"4446_100037748_8_5";"09:23:00";"09:23:00";"17832";"";"";"";"2";"";"";
"5101564691";"";"4448_100038073_11_8";"17:56:00";"17:56:00";"739";"";"";"";"2";"";"";
"5101564864";"";"4448_100038073_11_8";"18:06:00";"18:06:00";"709";"";"";"";"10";"";"";
"5101564903";"";"4448_100038073_11_8";"18:16:00";"18:16:00";"714";"";"";"";"16";"";"";
"5101564937";"";"4448_100038073_11_8";"18:17:00";"18:17:00";"715";"";"";"";"17";"";"";
"5101564966";"";"4448_100038073_11_8";"18:04:00";"18:04:00";"708";"";"";"";"9";"";"";
"5101564967";"";"4448_100038073_11_8";"18:00:00";"18:00:00";"704";"";"";"";"5";"";"";
"5101565076";"";"4448_100038073_11_8";"17:54:00";"17:54:00";"1116";"";"";"";"1";"";"";
"5101565200";"";"4448_100038073_11_8";"18:02:00";"18:02:00";"706";"";"";"";"7";"";"";
"5101565208";"";"4448_100038073_11_8";"17:57:00";"17:57:00";"702";"";"";"";"3";"";"";
"5101565246";"";"4448_100038073_11_8";"18:12:00";"18:12:00";"287";"";"";"";"13";"";"";
"5101565259";"";"4448_100038073_11_8";"18:10:00";"18:10:00";"711";"";"";"";"12";"";"";
"5101565300";"";"4448_100038073_11_8";"18:22:00";"18:22:00";"10107";"";"";"";"22";"";"";
"5101565325";"";"4448_100038073_11_8";"18:14:00";"18:14:00";"8728";"";"";"";"15";"";"";
"5101565342";"";"4448_100038073_11_8";"18:13:00";"18:13:00";"713";"";"";"";"14";"";"";
"5101565391";"";"4448_100038073_11_8";"18:08:00";"18:08:00";"710";"";"";"";"11";"";"";
"5101565404";"";"4448_100038073_11_8";"18:20:00";"18:20:00";"1117";"";"";"";"20";"";"";
"5101565413";"";"4448_100038073_11_8";"18:24:00";"18:24:00";"10108";"";"";"";"23";"";"";
"5101565419";"";"4448_100038073_11_8";"18:19:00";"18:19:00";"717";"";"";"";"19";"";"";
"5101565475";"";"4448_100038073_11_8";"17:59:00";"17:59:00";"703";"";"";"";"4";"";"";
"5101565482";"";"4448_100038073_11_8";"18:21:00";"18:21:00";"718";"";"";"";"21";"";"";
"5101565490";"";"4448_100038073_11_8";"18:01:00";"18:01:00";"705";"";"";"";"6";"";"";
"5101565522";"";"4448_100038073_11_8";"18:18:00";"18:18:00";"716";"";"";"";"18";"";"";
"5101565535";"";"4448_100038073_11_8";"18:03:00";"18:03:00";"707";"";"";"";"8";"";"";
"5101616442";"";"4449_100037474_4_1";"07:41:00";"07:41:00";"1424";"";"";"";"7";"";"";
"5101616570";"";"4449_100037474_4_1";"07:57:00";"07:57:00";"453";"";"";"";"15";"";"";
"5101616590";"";"4449_100037474_4_1";"07:56:00";"07:56:00";"1032";"";"";"";"14";"";"";
"5101616608";"";"4449_100037474_4_1";"08:01:00";"08:01:00";"17831";"";"";"";"17";"";"";
"5101616652";"";"4449_100037474_4_1";"08:00:00";"08:00:00";"14864";"";"";"";"16";"";"";
"5101616730";"";"4449_100037474_4_1";"07:39:00";"07:39:00";"1423";"";"";"";"6";"";"";
"5101616743";"";"4449_100037474_4_1";"07:30:00";"07:30:00";"1000512";"";"";"";"1";"";"";
"5101616756";"";"4449_100037474_4_1";"08:02:00";"08:02:00";"17833";"";"";"";"18";"";"";
"5101616770";"";"4449_100037474_4_1";"07:35:00";"07:35:00";"1421";"";"";"";"4";"";"";
"5101616794";"";"4449_100037474_4_1";"08:04:00";"08:04:00";"17827";"";"";"";"19";"";"";
"5101616828";"";"4449_100037474_4_1";"07:50:00";"07:50:00";"15354";"";"";"";"10";"";"";
"5101616842";"";"4449_100037474_4_1";"07:32:00";"07:32:00";"1419";"";"";"";"2";"";"";
"5101617015";"";"4449_100037474_4_1";"07:53:00";"07:53:00";"1119";"";"";"";"11";"";"";
"5101617053";"";"4449_100037474_4_1";"07:33:00";"07:33:00";"1420";"";"";"";"3";"";"";
"5101617056";"";"4449_100037474_4_1";"07:54:00";"07:54:00";"851";"";"";"";"12";"";"";
"5101617089";"";"4449_100037474_4_1";"07:55:00";"07:55:00";"852";"";"";"";"13";"";"";
"5101617155";"";"4449_100037474_4_1";"07:44:00";"07:44:00";"1403";"";"";"";"9";"";"";
"5101617198";"";"4449_100037474_4_1";"07:37:00";"07:37:00";"1422";"";"";"";"5";"";"";
"5101617542";"";"4449_100037474_4_1";"07:43:00";"07:43:00";"1404";"";"";"";"8";"";"";
"5101843637";"";"4449_100037474_19_8";"21:23:00";"21:23:00";"1432";"";"";"";"18";"";"";
"5101843669";"";"4449_100037474_19_8";"21:24:00";"21:24:00";"1000512";"";"";"";"19";"";"";
"5101843707";"";"4449_100037474_19_8";"21:12:00";"21:12:00";"1406";"";"";"";"11";"";"";
"5101843733";"";"4449_100037474_19_8";"21:22:00";"21:22:00";"1431";"";"";"";"17";"";"";
"5101843744";"";"4449_100037474_19_8";"20:55:00";"20:55:00";"14865";"";"";"";"4";"";"";
"5101843749";"";"4449_100037474_19_8";"21:13:00";"21:13:00";"1405";"";"";"";"12";"";"";
"5101843751";"";"4449_100037474_19_8";"21:20:00";"21:20:00";"1430";"";"";"";"16";"";"";
"5101843758";"";"4449_100037474_19_8";"21:15:00";"21:15:00";"1427";"";"";"";"13";"";"";
"5101843779";"";"4449_100037474_19_8";"20:54:00";"20:54:00";"17830";"";"";"";"3";"";"";
"5101843788";"";"4449_100037474_19_8";"20:59:00";"20:59:00";"460";"";"";"";"5";"";"";
"5101843808";"";"4449_100037474_19_8";"21:03:00";"21:03:00";"13637";"";"";"";"8";"";"";
"5101843834";"";"4449_100037474_19_8";"21:18:00";"21:18:00";"1429";"";"";"";"15";"";"";
"5101843835";"";"4449_100037474_19_8";"20:53:00";"20:53:00";"17832";"";"";"";"2";"";"";
"5101843845";"";"4449_100037474_19_8";"21:16:00";"21:16:00";"1428";"";"";"";"14";"";"";
"5101843853";"";"4449_100037474_19_8";"21:06:00";"21:06:00";"15355";"";"";"";"10";"";"";
"5101843854";"";"4449_100037474_19_8";"20:51:00";"20:51:00";"17827";"";"";"";"1";"";"";
"5101843893";"";"4449_100037474_19_8";"21:00:00";"21:00:00";"1037";"";"";"";"6";"";"";
"5101843923";"";"4449_100037474_19_8";"21:04:00";"21:04:00";"854";"";"";"";"9";"";"";
"5101844001";"";"4449_100037474_19_8";"21:02:00";"21:02:00";"853";"";"";"";"7";"";"";
"5106746716";"";"3733_3180772_9_215";"24:12:00";"24:12:00";"5365";"";"";"";"65";"";"";
"5106747183";"";"3733_3180772_9_215";"24:09:00";"24:09:00";"3947";"";"";"";"62";"";"";
"5106747235";"";"3733_3180772_9_215";"24:11:00";"24:11:00";"3949";"";"";"";"64";"";"";
"5106747370";"";"3733_3180772_9_215";"24:07:00";"24:07:00";"3945";"";"";"";"60";"";"";
"5106747429";"";"3733_3180772_9_215";"24:02:00";"24:02:00";"6244";"";"";"";"57";"";"";
"5106747594";"";"3733_3180772_9_215";"24:08:00";"24:08:00";"3946";"";"";"";"61";"";"";
"5106747599";"";"3733_3180772_9_215";"24:10:00";"24:10:00";"6245";"";"";"";"63";"";"";
"5106747693";"";"3733_3180772_9_215";"24:05:00";"24:05:00";"3926";"";"";"";"59";"";"";
"5106748346";"";"3733_3180772_9_215";"23:58:00";"23:58:00";"3660";"";"";"";"55";"";"";
"5106748403";"";"3733_3180772_9_215";"24:03:00";"24:03:00";"7118";"";"";"";"58";"";"";
"5106748452";"";"3733_3180772_9_215";"23:56:00";"23:56:00";"1002232";"";"";"";"53";"";"";
"5106748709";"";"3733_3180772_9_215";"23:54:00";"23:54:00";"6241";"";"";"";"52";"";"";
"5106748909";"";"3733_3180772_9_215";"24:00:00";"24:00:00";"8697";"";"";"";"56";"";"";
"5106748963";"";"3733_3180772_9_215";"23:57:00";"23:57:00";"10492";"";"";"";"54";"";"";
"5106749095";"";"3733_3180772_9_215";"23:50:00";"23:50:00";"6159";"";"";"";"50";"";"";
"5106749408";"";"3733_3180772_9_215";"23:48:00";"23:48:00";"3702";"";"";"";"48";"";"";
"5106749463";"";"3733_3180772_9_215";"23:52:00";"23:52:00";"3703";"";"";"";"51";"";"";
"5106749804";"";"3733_3180772_9_215";"23:41:00";"23:41:00";"4190";"";"";"";"44";"";"";
"5106749906";"";"3733_3180772_9_215";"23:43:00";"23:43:00";"6760";"";"";"";"45";"";"";
"5106749950";"";"3733_3180772_9_215";"23:49:00";"23:49:00";"6158";"";"";"";"49";"";"";
"5106750279";"";"3733_3180772_9_215";"23:47:00";"23:47:00";"14018";"";"";"";"47";"";"";
"5106750348";"";"3733_3180772_9_215";"23:45:00";"23:45:00";"6157";"";"";"";"46";"";"";
"5106750656";"";"3733_3180772_9_215";"23:38:00";"23:38:00";"22640";"";"";"";"42";"";"";
"5106750965";"";"3733_3180772_9_215";"23:36:00";"23:36:00";"22637";"";"";"";"41";"";"";
"5106751023";"";"3733_3180772_9_215";"23:31:00";"23:31:00";"22567";"";"";"";"38";"";"";
"5106751188";"";"3733_3180772_9_215";"23:30:00";"23:30:00";"7581";"";"";"";"37";"";"";
"5106751371";"";"3733_3180772_9_215";"23:35:00";"23:35:00";"22635";"";"";"";"40";"";"";
"5106751401";"";"3733_3180772_9_215";"23:32:00";"23:32:00";"22455";"";"";"";"39";"";"";
"5106751403";"";"3733_3180772_9_215";"23:39:00";"23:39:00";"13920";"";"";"";"43";"";"";
"5106752110";"";"3733_3180772_9_215";"23:27:00";"23:27:00";"14190";"";"";"";"35";"";"";
"5106752287";"";"3733_3180772_9_215";"23:26:00";"23:26:00";"7578";"";"";"";"34";"";"";
"5106752384";"";"3733_3180772_9_215";"23:28:00";"23:28:00";"7580";"";"";"";"36";"";"";
"5106752404";"";"3733_3180772_9_215";"23:24:00";"23:24:00";"7577";"";"";"";"33";"";"";
"5106752507";"";"3733_3180772_9_215";"23:19:00";"23:19:00";"9356";"";"";"";"30";"";"";
"5106752690";"";"3733_3180772_9_215";"23:21:00";"23:21:00";"7576";"";"";"";"32";"";"";
"5106752813";"";"3733_3180772_9_215";"23:20:00";"23:20:00";"7575";"";"";"";"31";"";"";
"5106753156";"";"3733_3180772_9_215";"23:16:00";"23:16:00";"7573";"";"";"";"28";"";"";
"5106753288";"";"3733_3180772_9_215";"23:13:00";"23:13:00";"6723";"";"";"";"25";"";"";
"5106753494";"";"3733_3180772_9_215";"23:17:00";"23:17:00";"7574";"";"";"";"29";"";"";
"5106753850";"";"3733_3180772_9_215";"23:08:00";"23:08:00";"1000401";"";"";"";"22";"";"";
"5106753938";"";"3733_3180772_9_215";"23:09:00";"23:09:00";"6720";"";"";"";"23";"";"";
"5106754440";"";"3733_3180772_9_215";"23:11:00";"23:11:00";"6722";"";"";"";"24";"";"";
"5106754524";"";"3733_3180772_9_215";"23:14:00";"23:14:00";"20893";"";"";"";"26";"";"";
"5106754581";"";"3733_3180772_9_215";"23:15:00";"23:15:00";"1002102";"";"";"";"27";"";"";
"5106754654";"";"3733_3180772_9_215";"23:04:00";"23:04:00";"7519";"";"";"";"19";"";"";
"5106754992";"";"3733_3180772_9_215";"23:06:00";"23:06:00";"6719";"";"";"";"20";"";"";
"5106755020";"";"3733_3180772_9_215";"23:03:00";"23:03:00";"7518";"";"";"";"18";"";"";
"5106755109";"";"3733_3180772_9_215";"23:01:00";"23:01:00";"21216";"";"";"";"17";"";"";
"5106755391";"";"3733_3180772_9_215";"23:07:00";"23:07:00";"6743";"";"";"";"21";"";"";
"5106755698";"";"3733_3180772_9_215";"22:58:00";"22:58:00";"7570";"";"";"";"15";"";"";
"5106755870";"";"3733_3180772_9_215";"22:54:00";"22:54:00";"7568";"";"";"";"12";"";"";
"5106755929";"";"3733_3180772_9_215";"22:56:00";"22:56:00";"10763";"";"";"";"13";"";"";
"5106756325";"";"3733_3180772_9_215";"22:59:00";"22:59:00";"7571";"";"";"";"16";"";"";
"5106756332";"";"3733_3180772_9_215";"22:52:00";"22:52:00";"7567";"";"";"";"11";"";"";
"5106756427";"";"3733_3180772_9_215";"22:57:00";"22:57:00";"7569";"";"";"";"14";"";"";
"5106756564";"";"3733_3180772_9_215";"22:50:00";"22:50:00";"7565";"";"";"";"9";"";"";
"5106756930";"";"3733_3180772_9_215";"22:46:00";"22:46:00";"7563";"";"";"";"7";"";"";
"5106757092";"";"3733_3180772_9_215";"22:51:00";"22:51:00";"7566";"";"";"";"10";"";"";
"5106757238";"";"3733_3180772_9_215";"22:45:00";"22:45:00";"7523";"";"";"";"6";"";"";
"5106757257";"";"3733_3180772_9_215";"22:44:00";"22:44:00";"10267";"";"";"";"5";"";"";
"5106757292";"";"3733_3180772_9_215";"22:42:00";"22:42:00";"7521";"";"";"";"3";"";"";
"5106757577";"";"3733_3180772_9_215";"22:48:00";"22:48:00";"7564";"";"";"";"8";"";"";
"5106757608";"";"3733_3180772_9_215";"22:41:00";"22:41:00";"7520";"";"";"";"2";"";"";
"5106757984";"";"3733_3180772_9_215";"22:43:00";"22:43:00";"7522";"";"";"";"4";"";"";
"5106758323";"";"3733_3180772_9_215";"22:40:00";"22:40:00";"10483";"";"";"";"1";"";"";
"5106879961";"";"4442_100038149_15_8";"17:31:00";"17:31:00";"639";"";"";"";"20";"";"";
"5106879966";"";"4442_100038149_15_8";"17:24:00";"17:24:00";"818";"";"";"";"17";"";"";
"5106879973";"";"4442_100038149_15_8";"17:00:00";"17:00:00";"1418";"";"";"";"1";"";"";
"5106879975";"";"4442_100038149_15_8";"17:23:00";"17:23:00";"817";"";"";"";"16";"";"";
"5106879984";"";"4442_100038149_15_8";"17:22:00";"17:22:00";"816";"";"";"";"15";"";"";
"5106879994";"";"4442_100038149_15_8";"17:27:00";"17:27:00";"9783";"";"";"";"19";"";"";
"5106879996";"";"4442_100038149_15_8";"17:14:00";"17:14:00";"851";"";"";"";"9";"";"";
"5106880000";"";"4442_100038149_15_8";"17:21:00";"17:21:00";"815";"";"";"";"14";"";"";
"5106880002";"";"4442_100038149_15_8";"17:13:00";"17:13:00";"1119";"";"";"";"8";"";"";
"5106880016";"";"4442_100038149_15_8";"17:10:00";"17:10:00";"15354";"";"";"";"7";"";"";
"5106880018";"";"4442_100038149_15_8";"17:08:00";"17:08:00";"1412";"";"";"";"6";"";"";
"5106880021";"";"4442_100038149_15_8";"17:26:00";"17:26:00";"819";"";"";"";"18";"";"";
"5106880032";"";"4442_100038149_15_8";"17:20:00";"17:20:00";"18070";"";"";"";"13";"";"";
"5106880039";"";"4442_100038149_15_8";"17:16:00";"17:16:00";"1032";"";"";"";"11";"";"";
"5106880079";"";"4442_100038149_15_8";"17:02:00";"17:02:00";"1409";"";"";"";"3";"";"";
"5106880091";"";"4442_100038149_15_8";"17:06:00";"17:06:00";"1411";"";"";"";"5";"";"";
"5106880106";"";"4442_100038149_15_8";"17:04:00";"17:04:00";"1410";"";"";"";"4";"";"";
"5106880128";"";"4442_100038149_15_8";"17:00:00";"17:00:00";"1408";"";"";"";"2";"";"";
"5106880136";"";"4442_100038149_15_8";"17:15:00";"17:15:00";"852";"";"";"";"10";"";"";
"5106880141";"";"4442_100038149_15_8";"17:17:00";"17:17:00";"453";"";"";"";"12";"";"";
"5106927667";"";"3733_3180772_6_314";"17:55:00";"17:55:00";"5457";"";"";"";"63";"";"";
"5106927772";"";"3733_3180772_6_314";"17:50:00";"17:50:00";"7414";"";"";"";"60";"";"";
"5106927774";"";"3733_3180772_6_314";"17:56:00";"17:56:00";"10483";"";"";"";"64";"";"";
"5106927943";"";"3733_3180772_6_314";"17:54:00";"17:54:00";"4892";"";"";"";"62";"";"";
"5106928186";"";"3733_3180772_6_314";"17:53:00";"17:53:00";"4893";"";"";"";"61";"";"";
"5106928457";"";"3733_3180772_6_314";"17:49:00";"17:49:00";"4894";"";"";"";"59";"";"";
"5106928682";"";"3733_3180772_6_314";"17:47:00";"17:47:00";"7600";"";"";"";"58";"";"";
"5106929144";"";"3733_3180772_6_314";"17:45:00";"17:45:00";"8154";"";"";"";"57";"";"";
"5106929154";"";"3733_3180772_6_314";"17:39:00";"17:39:00";"7596";"";"";"";"53";"";"";
"5106929166";"";"3733_3180772_6_314";"17:42:00";"17:42:00";"7598";"";"";"";"55";"";"";
"5106929243";"";"3733_3180772_6_314";"17:43:00";"17:43:00";"7599";"";"";"";"56";"";"";
"5106929322";"";"3733_3180772_6_314";"17:37:00";"17:37:00";"10761";"";"";"";"52";"";"";
"5106929727";"";"3733_3180772_6_314";"17:41:00";"17:41:00";"7597";"";"";"";"54";"";"";
"5106929814";"";"3733_3180772_6_314";"17:33:00";"17:33:00";"7593";"";"";"";"49";"";"";
"5106930009";"";"3733_3180772_6_314";"17:36:00";"17:36:00";"7595";"";"";"";"51";"";"";
"5106930080";"";"3733_3180772_6_314";"17:34:00";"17:34:00";"7594";"";"";"";"50";"";"";
"5106930303";"";"3733_3180772_6_314";"17:26:00";"17:26:00";"7506";"";"";"";"46";"";"";
"5106930505";"";"3733_3180772_6_314";"17:25:00";"17:25:00";"21698";"";"";"";"45";"";"";
"5106930734";"";"3733_3180772_6_314";"17:32:00";"17:32:00";"21217";"";"";"";"48";"";"";
"5106930757";"";"3733_3180772_6_314";"17:28:00";"17:28:00";"7507";"";"";"";"47";"";"";
"5106931007";"";"3733_3180772_6_314";"17:23:00";"17:23:00";"10044";"";"";"";"44";"";"";
"5106931072";"";"3733_3180772_6_314";"17:20:00";"17:20:00";"6684";"";"";"";"42";"";"";
"5106931208";"";"3733_3180772_6_314";"17:19:00";"17:19:00";"6683";"";"";"";"41";"";"";
"5106931367";"";"3733_3180772_6_314";"17:17:00";"17:17:00";"6682";"";"";"";"40";"";"";
"5106931621";"";"3733_3180772_6_314";"17:21:00";"17:21:00";"6742";"";"";"";"43";"";"";
"5106931652";"";"3733_3180772_6_314";"17:14:00";"17:14:00";"7590";"";"";"";"37";"";"";
"5106932301";"";"3733_3180772_6_314";"17:10:00";"17:10:00";"9358";"";"";"";"35";"";"";
"5106932553";"";"3733_3180772_6_314";"17:09:00";"17:09:00";"7588";"";"";"";"34";"";"";
"5106932565";"";"3733_3180772_6_314";"17:12:00";"17:12:00";"7589";"";"";"";"36";"";"";
"5106932619";"";"3733_3180772_6_314";"17:16:00";"17:16:00";"6681";"";"";"";"39";"";"";
"5106932640";"";"3733_3180772_6_314";"17:15:00";"17:15:00";"6680";"";"";"";"38";"";"";
"5106933209";"";"3733_3180772_6_314";"16:59:00";"16:59:00";"7585";"";"";"";"30";"";"";
"5106933366";"";"3733_3180772_6_314";"17:07:00";"17:07:00";"7587";"";"";"";"33";"";"";
"5106933446";"";"3733_3180772_6_314";"16:55:00";"16:55:00";"22568";"";"";"";"27";"";"";
"5106933473";"";"3733_3180772_6_314";"17:01:00";"17:01:00";"7586";"";"";"";"31";"";"";
"5106933722";"";"3733_3180772_6_314";"17:03:00";"17:03:00";"16121";"";"";"";"32";"";"";
"5106934203";"";"3733_3180772_6_314";"16:51:00";"16:51:00";"22634";"";"";"";"25";"";"";
"5106934272";"";"3733_3180772_6_314";"16:56:00";"16:56:00";"7583";"";"";"";"28";"";"";
"5106934298";"";"3733_3180772_6_314";"16:57:00";"16:57:00";"7584";"";"";"";"29";"";"";
"5106934466";"";"3733_3180772_6_314";"16:46:00";"16:46:00";"13919";"";"";"";"22";"";"";
"5106934636";"";"3733_3180772_6_314";"16:47:00";"16:47:00";"22639";"";"";"";"23";"";"";
"5106934652";"";"3733_3180772_6_314";"16:54:00";"16:54:00";"22454";"";"";"";"26";"";"";
"5106934932";"";"3733_3180772_6_314";"16:40:00";"16:40:00";"6164";"";"";"";"19";"";"";
"5106935110";"";"3733_3180772_6_314";"16:49:00";"16:49:00";"22636";"";"";"";"24";"";"";
"5106935132";"";"3733_3180772_6_314";"16:42:00";"16:42:00";"6165";"";"";"";"20";"";"";
"5106935275";"";"3733_3180772_6_314";"16:38:00";"16:38:00";"1002188";"";"";"";"18";"";"";
"5106935499";"";"3733_3180772_6_314";"16:36:00";"16:36:00";"6366";"";"";"";"17";"";"";
"5106935604";"";"3733_3180772_6_314";"16:44:00";"16:44:00";"6166";"";"";"";"21";"";"";
"5106935803";"";"3733_3180772_6_314";"16:35:00";"16:35:00";"6365";"";"";"";"16";"";"";
"5106936074";"";"3733_3180772_6_314";"16:33:00";"16:33:00";"3445";"";"";"";"15";"";"";
"5106936198";"";"3733_3180772_6_314";"16:26:00";"16:26:00";"1002231";"";"";"";"12";"";"";
"5106936472";"";"3733_3180772_6_314";"16:30:00";"16:30:00";"6242";"";"";"";"14";"";"";
"5106936713";"";"3733_3180772_6_314";"16:25:00";"16:25:00";"3704";"";"";"";"11";"";"";
"5106936755";"";"3733_3180772_6_314";"16:23:00";"16:23:00";"3705";"";"";"";"10";"";"";
"5106937051";"";"3733_3180772_6_314";"16:28:00";"16:28:00";"14882";"";"";"";"13";"";"";
"5106937130";"";"3733_3180772_6_314";"16:21:00";"16:21:00";"8696";"";"";"";"9";"";"";
"5106937757";"";"3733_3180772_6_314";"16:18:00";"16:18:00";"7110";"";"";"";"7";"";"";
"5106937766";"";"3733_3180772_6_314";"16:13:00";"16:13:00";"3925";"";"";"";"5";"";"";
"5106938055";"";"3733_3180772_6_314";"16:19:00";"16:19:00";"3706";"";"";"";"8";"";"";
"5106938093";"";"3733_3180772_6_314";"16:15:00";"16:15:00";"3944";"";"";"";"6";"";"";
"5106938680";"";"3733_3180772_6_314";"16:11:00";"16:11:00";"3923";"";"";"";"3";"";"";
"5106938733";"";"3733_3180772_6_314";"16:09:00";"16:09:00";"3948";"";"";"";"2";"";"";
"5106938866";"";"3733_3180772_6_314";"16:12:00";"16:12:00";"3924";"";"";"";"4";"";"";
"5106939122";"";"3733_3180772_6_314";"16:08:00";"16:08:00";"5365";"";"";"";"1";"";"";
"5106994762";"";"3734_3180896_6_208";"20:54:00";"20:54:00";"6240";"";"";"";"79";"";"";
"5106994984";"";"3734_3180896_6_208";"20:50:00";"20:50:00";"4077";"";"";"";"76";"";"";
"5106994998";"";"3734_3180896_6_208";"20:51:00";"20:51:00";"4078";"";"";"";"77";"";"";
"5106995074";"";"3734_3180896_6_208";"20:47:00";"20:47:00";"4612";"";"";"";"73";"";"";
"5106995268";"";"3734_3180896_6_208";"20:53:00";"20:53:00";"6239";"";"";"";"78";"";"";
"5106995469";"";"3734_3180896_6_208";"20:45:00";"20:45:00";"4613";"";"";"";"72";"";"";
"5106995478";"";"3734_3180896_6_208";"20:49:00";"20:49:00";"4076";"";"";"";"75";"";"";
"5106995487";"";"3734_3180896_6_208";"20:48:00";"20:48:00";"4611";"";"";"";"74";"";"";
"5106995578";"";"3734_3180896_6_208";"20:43:00";"20:43:00";"5344";"";"";"";"71";"";"";
"5106995785";"";"3734_3180896_6_208";"20:42:00";"20:42:00";"5343";"";"";"";"70";"";"";
"5106995943";"";"3734_3180896_6_208";"20:40:00";"20:40:00";"4075";"";"";"";"68";"";"";
"5106996240";"";"3734_3180896_6_208";"20:37:00";"20:37:00";"4508";"";"";"";"66";"";"";
"5106996244";"";"3734_3180896_6_208";"20:41:00";"20:41:00";"22819";"";"";"";"69";"";"";
"5106996558";"";"3734_3180896_6_208";"20:33:00";"20:33:00";"3932";"";"";"";"63";"";"";
"5106996647";"";"3734_3180896_6_208";"20:38:00";"20:38:00";"15244";"";"";"";"67";"";"";
"5106997090";"";"3734_3180896_6_208";"20:32:00";"20:32:00";"1001340";"";"";"";"62";"";"";
"5106997175";"";"3734_3180896_6_208";"20:36:00";"20:36:00";"1002766";"";"";"";"65";"";"";
"5106997342";"";"3734_3180896_6_208";"20:30:00";"20:30:00";"3940";"";"";"";"61";"";"";
"5106997375";"";"3734_3180896_6_208";"20:28:00";"20:28:00";"6087";"";"";"";"60";"";"";
"5106997628";"";"3734_3180896_6_208";"20:34:00";"20:34:00";"3938";"";"";"";"64";"";"";
"5106997756";"";"3734_3180896_6_208";"20:24:00";"20:24:00";"6266";"";"";"";"59";"";"";
"5106997974";"";"3734_3180896_6_208";"20:16:00";"20:16:00";"6150";"";"";"";"55";"";"";
"5106998002";"";"3734_3180896_6_208";"20:22:00";"20:22:00";"5342";"";"";"";"57";"";"";
"5106998350";"";"3734_3180896_6_208";"20:23:00";"20:23:00";"1009095";"";"";"";"58";"";"";
"5106998723";"";"3734_3180896_6_208";"20:19:00";"20:19:00";"6151";"";"";"";"56";"";"";
"5106998841";"";"3734_3180896_6_208";"20:12:00";"20:12:00";"4198";"";"";"";"53";"";"";
"5106998954";"";"3734_3180896_6_208";"20:10:00";"20:10:00";"10755";"";"";"";"52";"";"";
"5106999076";"";"3734_3180896_6_208";"20:09:00";"20:09:00";"4197";"";"";"";"51";"";"";
"5106999206";"";"3734_3180896_6_208";"20:14:00";"20:14:00";"6149";"";"";"";"54";"";"";
"5106999246";"";"3734_3180896_6_208";"20:07:00";"20:07:00";"1001044";"";"";"";"49";"";"";
"5106999270";"";"3734_3180896_6_208";"20:08:00";"20:08:00";"4196";"";"";"";"50";"";"";
"5106999514";"";"3734_3180896_6_208";"20:02:00";"20:02:00";"4167";"";"";"";"46";"";"";
"5107000076";"";"3734_3180896_6_208";"20:05:00";"20:05:00";"1000866";"";"";"";"48";"";"";
"5107000100";"";"3734_3180896_6_208";"19:59:00";"19:59:00";"10745";"";"";"";"44";"";"";
"5107000373";"";"3734_3180896_6_208";"20:01:00";"20:01:00";"10604";"";"";"";"45";"";"";
"5107000523";"";"3734_3180896_6_208";"20:04:00";"20:04:00";"10603";"";"";"";"47";"";"";
"5107000693";"";"3734_3180896_6_208";"19:50:00";"19:50:00";"22635";"";"";"";"39";"";"";
"5107000833";"";"3734_3180896_6_208";"19:55:00";"19:55:00";"13920";"";"";"";"42";"";"";
"5107000940";"";"3734_3180896_6_208";"19:58:00";"19:58:00";"4190";"";"";"";"43";"";"";
"5107001252";"";"3734_3180896_6_208";"19:45:00";"19:45:00";"22567";"";"";"";"37";"";"";
"5107001543";"";"3734_3180896_6_208";"19:47:00";"19:47:00";"22455";"";"";"";"38";"";"";
"5107001592";"";"3734_3180896_6_208";"19:54:00";"19:54:00";"22640";"";"";"";"41";"";"";
"5107001992";"";"3734_3180896_6_208";"19:52:00";"19:52:00";"22637";"";"";"";"40";"";"";
"5107002194";"";"3734_3180896_6_208";"19:38:00";"19:38:00";"7578";"";"";"";"33";"";"";
"5107002268";"";"3734_3180896_6_208";"19:31:00";"19:31:00";"7575";"";"";"";"30";"";"";
"5107002304";"";"3734_3180896_6_208";"19:40:00";"19:40:00";"14190";"";"";"";"34";"";"";
"5107002390";"";"3734_3180896_6_208";"19:44:00";"19:44:00";"7581";"";"";"";"36";"";"";
"5107002816";"";"3734_3180896_6_208";"19:33:00";"19:33:00";"7576";"";"";"";"31";"";"";
"5107002964";"";"3734_3180896_6_208";"19:36:00";"19:36:00";"7577";"";"";"";"32";"";"";
"5107003061";"";"3734_3180896_6_208";"19:21:00";"19:21:00";"6722";"";"";"";"23";"";"";
"5107003092";"";"3734_3180896_6_208";"19:42:00";"19:42:00";"7580";"";"";"";"35";"";"";
"5107003297";"";"3734_3180896_6_208";"19:30:00";"19:30:00";"9356";"";"";"";"29";"";"";
"5107003395";"";"3734_3180896_6_208";"19:26:00";"19:26:00";"7573";"";"";"";"27";"";"";
"5107003473";"";"3734_3180896_6_208";"19:28:00";"19:28:00";"7574";"";"";"";"28";"";"";
"5107003745";"";"3734_3180896_6_208";"19:24:00";"19:24:00";"20893";"";"";"";"25";"";"";
"5107003761";"";"3734_3180896_6_208";"19:23:00";"19:23:00";"6723";"";"";"";"24";"";"";
"5107004227";"";"3734_3180896_6_208";"19:11:00";"19:11:00";"6717";"";"";"";"17";"";"";
"5107004247";"";"3734_3180896_6_208";"19:14:00";"19:14:00";"6719";"";"";"";"19";"";"";
"5107004543";"";"3734_3180896_6_208";"19:13:00";"19:13:00";"6718";"";"";"";"18";"";"";
"5107004727";"";"3734_3180896_6_208";"19:25:00";"19:25:00";"1002102";"";"";"";"26";"";"";
"5107005082";"";"3734_3180896_6_208";"19:07:00";"19:07:00";"6715";"";"";"";"15";"";"";
"5107005209";"";"3734_3180896_6_208";"19:19:00";"19:19:00";"6720";"";"";"";"22";"";"";
"5107005262";"";"3734_3180896_6_208";"19:18:00";"19:18:00";"1000401";"";"";"";"21";"";"";
"5107005334";"";"3734_3180896_6_208";"19:05:00";"19:05:00";"6714";"";"";"";"14";"";"";
"5107005434";"";"3734_3180896_6_208";"19:16:00";"19:16:00";"6743";"";"";"";"20";"";"";
"5107005537";"";"3734_3180896_6_208";"19:09:00";"19:09:00";"6716";"";"";"";"16";"";"";
"5107005934";"";"3734_3180896_6_208";"19:04:00";"19:04:00";"6713";"";"";"";"13";"";"";
"5107005982";"";"3734_3180896_6_208";"19:02:00";"19:02:00";"7611";"";"";"";"12";"";"";
"5107006132";"";"3734_3180896_6_208";"19:01:00";"19:01:00";"7610";"";"";"";"11";"";"";
"5107006564";"";"3734_3180896_6_208";"18:55:00";"18:55:00";"10779";"";"";"";"8";"";"";
"5107006634";"";"3734_3180896_6_208";"18:58:00";"18:58:00";"7608";"";"";"";"9";"";"";
"5107006863";"";"3734_3180896_6_208";"18:53:00";"18:53:00";"7882";"";"";"";"7";"";"";
"5107006969";"";"3734_3180896_6_208";"18:44:00";"18:44:00";"2608";"";"";"";"2";"";"";
"5107007008";"";"3734_3180896_6_208";"18:52:00";"18:52:00";"7881";"";"";"";"6";"";"";
"5107007227";"";"3734_3180896_6_208";"18:45:00";"18:45:00";"2609";"";"";"";"3";"";"";
"5107007329";"";"3734_3180896_6_208";"19:00:00";"19:00:00";"7609";"";"";"";"10";"";"";
"5107007367";"";"3734_3180896_6_208";"18:47:00";"18:47:00";"2610";"";"";"";"4";"";"";
"5107007421";"";"3734_3180896_6_208";"18:43:00";"18:43:00";"7607";"";"";"";"1";"";"";
"5107007707";"";"3734_3180896_6_208";"18:49:00";"18:49:00";"2611";"";"";"";"5";"";"";
"5107133909";"";"4442_100038149_16_8";"17:54:00";"17:54:00";"1414";"";"";"";"14";"";"";
"5107133913";"";"4442_100038149_16_8";"17:48:00";"17:48:00";"853";"";"";"";"10";"";"";
"5107133917";"";"4442_100038149_16_8";"17:49:00";"17:49:00";"13637";"";"";"";"11";"";"";
"5107133922";"";"4442_100038149_16_8";"17:45:00";"17:45:00";"460";"";"";"";"8";"";"";
"5107133928";"";"4442_100038149_16_8";"17:52:00";"17:52:00";"15355";"";"";"";"13";"";"";
"5107133935";"";"4442_100038149_16_8";"17:39:00";"17:39:00";"776";"";"";"";"6";"";"";
"5107133937";"";"4442_100038149_16_8";"17:38:00";"17:38:00";"775";"";"";"";"5";"";"";
"5107133958";"";"4442_100038149_16_8";"17:33:00";"17:33:00";"639";"";"";"";"1";"";"";
"5107133964";"";"4442_100038149_16_8";"17:36:00";"17:36:00";"773";"";"";"";"3";"";"";
"5107133968";"";"4442_100038149_16_8";"18:02:00";"18:02:00";"1418";"";"";"";"18";"";"";
"5107133997";"";"4442_100038149_16_8";"17:46:00";"17:46:00";"1037";"";"";"";"9";"";"";
"5107134000";"";"4442_100038149_16_8";"17:37:00";"17:37:00";"774";"";"";"";"4";"";"";
"5107134004";"";"4442_100038149_16_8";"17:35:00";"17:35:00";"14917";"";"";"";"2";"";"";
"5107134015";"";"4442_100038149_16_8";"17:56:00";"17:56:00";"1415";"";"";"";"15";"";"";
"5107134017";"";"4442_100038149_16_8";"17:41:00";"17:41:00";"18071";"";"";"";"7";"";"";
"5107134069";"";"4442_100038149_16_8";"17:50:00";"17:50:00";"854";"";"";"";"12";"";"";
"5107134186";"";"4442_100038149_16_8";"18:00:00";"18:00:00";"1417";"";"";"";"17";"";"";
"5107134210";"";"4442_100038149_16_8";"17:58:00";"17:58:00";"1416";"";"";"";"16";"";"";
"5107344465";"";"4427_100038105_3_5";"08:21:00";"08:21:00";"7193";"";"";"";"12";"";"";
"5107344499";"";"4427_100038105_3_5";"09:00:00";"09:00:00";"4168";"";"";"";"31";"";"";
"5107344629";"";"4427_100038105_3_5";"08:16:00";"08:16:00";"3788";"";"";"";"9";"";"";
"5107344650";"";"4427_100038105_3_5";"09:07:00";"09:07:00";"6157";"";"";"";"34";"";"";
"5107344671";"";"4427_100038105_3_5";"09:02:00";"09:02:00";"10605";"";"";"";"32";"";"";
"5107344721";"";"4427_100038105_3_5";"08:45:00";"08:45:00";"6740";"";"";"";"23";"";"";
"5107344740";"";"4427_100038105_3_5";"08:12:00";"08:12:00";"6019";"";"";"";"6";"";"";
"5107344751";"";"4427_100038105_3_5";"08:15:00";"08:15:00";"6021";"";"";"";"8";"";"";
"5107344823";"";"4427_100038105_3_5";"08:48:00";"08:48:00";"4161";"";"";"";"24";"";"";
"5107344852";"";"4427_100038105_3_5";"08:07:00";"08:07:00";"8594";"";"";"";"2";"";"";
"5107344915";"";"4427_100038105_3_5";"08:50:00";"08:50:00";"4162";"";"";"";"25";"";"";
"5107344948";"";"4427_100038105_3_5";"08:34:00";"08:34:00";"5318";"";"";"";"18";"";"";
"5107344949";"";"4427_100038105_3_5";"08:37:00";"08:37:00";"5319";"";"";"";"19";"";"";
"5107344951";"";"4427_100038105_3_5";"09:10:00";"09:10:00";"6243";"";"";"";"36";"";"";
"5107344979";"";"4427_100038105_3_5";"08:39:00";"08:39:00";"5320";"";"";"";"20";"";"";
"5107344993";"";"4427_100038105_3_5";"09:04:00";"09:04:00";"6760";"";"";"";"33";"";"";
"5107345003";"";"4427_100038105_3_5";"09:08:00";"09:08:00";"14018";"";"";"";"35";"";"";
"5107345012";"";"4427_100038105_3_5";"08:52:00";"08:52:00";"4163";"";"";"";"26";"";"";
"5107345035";"";"4427_100038105_3_5";"08:08:00";"08:08:00";"6049";"";"";"";"3";"";"";
"5107345099";"";"4427_100038105_3_5";"08:29:00";"08:29:00";"6648";"";"";"";"15";"";"";
"5107345124";"";"4427_100038105_3_5";"08:41:00";"08:41:00";"5321";"";"";"";"21";"";"";
"5107345178";"";"4427_100038105_3_5";"08:24:00";"08:24:00";"6024";"";"";"";"13";"";"";
"5107345184";"";"4427_100038105_3_5";"08:19:00";"08:19:00";"8613";"";"";"";"11";"";"";
"5107345203";"";"4427_100038105_3_5";"08:27:00";"08:27:00";"6025";"";"";"";"14";"";"";
"5107345243";"";"4427_100038105_3_5";"08:09:00";"08:09:00";"6061";"";"";"";"4";"";"";
"5107345306";"";"4427_100038105_3_5";"08:54:00";"08:54:00";"1000865";"";"";"";"28";"";"";
"5107345312";"";"4427_100038105_3_5";"08:18:00";"08:18:00";"8612";"";"";"";"10";"";"";
"5107345331";"";"4427_100038105_3_5";"08:43:00";"08:43:00";"6062";"";"";"";"22";"";"";
"5107345346";"";"4427_100038105_3_5";"08:13:00";"08:13:00";"6017";"";"";"";"7";"";"";
"5107345448";"";"4427_100038105_3_5";"08:32:00";"08:32:00";"6052";"";"";"";"17";"";"";
"5107345489";"";"4427_100038105_3_5";"09:11:00";"09:11:00";"6741";"";"";"";"37";"";"";
"5107345518";"";"4427_100038105_3_5";"08:11:00";"08:11:00";"8098";"";"";"";"5";"";"";
"5107345555";"";"4427_100038105_3_5";"08:06:00";"08:06:00";"6048";"";"";"";"1";"";"";
"5107345777";"";"4427_100038105_3_5";"08:59:00";"08:59:00";"4192";"";"";"";"30";"";"";
"5107345817";"";"4427_100038105_3_5";"08:53:00";"08:53:00";"4164";"";"";"";"27";"";"";
"5107346388";"";"4427_100038105_3_5";"08:57:00";"08:57:00";"13382";"";"";"";"29";"";"";
"5107346494";"";"4427_100038105_3_5";"08:31:00";"08:31:00";"6051";"";"";"";"16";"";"";
"5107416794";"";"4427_100038106_3_11";"10:35:00";"10:35:00";"4196";"";"";"";"14";"";"";
"5107416830";"";"4427_100038106_3_11";"11:20:00";"11:20:00";"10662";"";"";"";"38";"";"";
"5107416855";"";"4427_100038106_3_11";"10:42:00";"10:42:00";"6064";"";"";"";"18";"";"";
"5107416924";"";"4427_100038106_3_11";"11:06:00";"11:06:00";"8611";"";"";"";"30";"";"";
"5107416966";"";"4427_100038106_3_11";"11:11:00";"11:11:00";"5387";"";"";"";"34";"";"";
"5107417012";"";"4427_100038106_3_11";"11:18:00";"11:18:00";"6059";"";"";"";"37";"";"";
"5107417025";"";"4427_100038106_3_11";"10:36:00";"10:36:00";"4197";"";"";"";"15";"";"";
"5107417074";"";"4427_100038106_3_11";"10:49:00";"10:49:00";"5326";"";"";"";"21";"";"";
"5107417076";"";"4427_100038106_3_11";"10:32:00";"10:32:00";"1000866";"";"";"";"12";"";"";
"5107417088";"";"4427_100038106_3_11";"11:08:00";"11:08:00";"6016";"";"";"";"32";"";"";
"5107417118";"";"4427_100038106_3_11";"11:00:00";"11:00:00";"6014";"";"";"";"27";"";"";
"5107417156";"";"4427_100038106_3_11";"10:46:00";"10:46:00";"5325";"";"";"";"20";"";"";
"5107417161";"";"4427_100038106_3_11";"10:15:00";"10:15:00";"1000242";"";"";"";"2";"";"";
"5107417188";"";"4427_100038106_3_11";"10:21:00";"10:21:00";"6164";"";"";"";"5";"";"";
"5107417208";"";"4427_100038106_3_11";"10:40:00";"10:40:00";"6063";"";"";"";"17";"";"";
"5107417223";"";"4427_100038106_3_11";"10:55:00";"10:55:00";"6057";"";"";"";"24";"";"";
"5107417228";"";"4427_100038106_3_11";"11:16:00";"11:16:00";"6058";"";"";"";"36";"";"";
"5107417237";"";"4427_100038106_3_11";"11:04:00";"11:04:00";"8610";"";"";"";"29";"";"";
"5107417239";"";"4427_100038106_3_11";"10:57:00";"10:57:00";"6649";"";"";"";"25";"";"";
"5107417243";"";"4427_100038106_3_11";"10:51:00";"10:51:00";"5327";"";"";"";"22";"";"";
"5107417295";"";"4427_100038106_3_11";"10:17:00";"10:17:00";"3950";"";"";"";"3";"";"";
"5107417297";"";"4427_100038106_3_11";"10:15:00";"10:15:00";"6741";"";"";"";"1";"";"";
"5107417364";"";"4427_100038106_3_11";"11:13:00";"11:13:00";"10737";"";"";"";"35";"";"";
"5107417365";"";"4427_100038106_3_11";"11:09:00";"11:09:00";"6020";"";"";"";"33";"";"";
"5107417373";"";"4427_100038106_3_11";"10:38:00";"10:38:00";"10755";"";"";"";"16";"";"";
"5107417374";"";"4427_100038106_3_11";"10:19:00";"10:19:00";"1002188";"";"";"";"4";"";"";
"5107417379";"";"4427_100038106_3_11";"11:07:00";"11:07:00";"1000509";"";"";"";"31";"";"";
"5107417393";"";"4427_100038106_3_11";"10:27:00";"10:27:00";"10604";"";"";"";"9";"";"";
"5107417409";"";"4427_100038106_3_11";"11:21:00";"11:21:00";"6048";"";"";"";"39";"";"";
"5107417446";"";"4427_100038106_3_11";"10:25:00";"10:25:00";"6166";"";"";"";"7";"";"";
"5107417466";"";"4427_100038106_3_11";"10:23:00";"10:23:00";"6165";"";"";"";"6";"";"";
"5107417488";"";"4427_100038106_3_11";"10:58:00";"10:58:00";"22949";"";"";"";"26";"";"";
"5107417511";"";"4427_100038106_3_11";"11:03:00";"11:03:00";"6023";"";"";"";"28";"";"";
"5107417525";"";"4427_100038106_3_11";"10:44:00";"10:44:00";"5324";"";"";"";"19";"";"";
"5107417544";"";"4427_100038106_3_11";"10:53:00";"10:53:00";"11333";"";"";"";"23";"";"";
"5107417549";"";"4427_100038106_3_11";"10:26:00";"10:26:00";"10745";"";"";"";"8";"";"";
"5107417556";"";"4427_100038106_3_11";"10:29:00";"10:29:00";"4167";"";"";"";"10";"";"";
"5107417561";"";"4427_100038106_3_11";"10:31:00";"10:31:00";"10603";"";"";"";"11";"";"";
"5107417592";"";"4427_100038106_3_11";"10:34:00";"10:34:00";"1001044";"";"";"";"13";"";"";
"5107436248";"";"3734_3180896_7_204";"22:00:00";"22:00:00";"7607";"";"";"";"79";"";"";
"5107436599";"";"3734_3180896_7_204";"21:58:00";"21:58:00";"2616";"";"";"";"78";"";"";
"5107437232";"";"3734_3180896_7_204";"21:57:00";"21:57:00";"2615";"";"";"";"77";"";"";
"5107437874";"";"3734_3180896_7_204";"21:56:00";"21:56:00";"2614";"";"";"";"76";"";"";
"5107438319";"";"3734_3180896_7_204";"21:53:00";"21:53:00";"7890";"";"";"";"74";"";"";
"5107438581";"";"3734_3180896_7_204";"21:55:00";"21:55:00";"2613";"";"";"";"75";"";"";
"5107439009";"";"3734_3180896_7_204";"21:44:00";"21:44:00";"1000607";"";"";"";"69";"";"";
"5107439510";"";"3734_3180896_7_204";"21:52:00";"21:52:00";"10787";"";"";"";"73";"";"";
"5107439914";"";"3734_3180896_7_204";"21:39:00";"21:39:00";"3523";"";"";"";"66";"";"";
"5107440088";"";"3734_3180896_7_204";"21:45:00";"21:45:00";"3038";"";"";"";"70";"";"";
"5107440137";"";"3734_3180896_7_204";"21:47:00";"21:47:00";"3037";"";"";"";"71";"";"";
"5107440199";"";"3734_3180896_7_204";"21:50:00";"21:50:00";"7887";"";"";"";"72";"";"";
"5107440871";"";"3734_3180896_7_204";"21:41:00";"21:41:00";"15388";"";"";"";"67";"";"";
"5107441523";"";"3734_3180896_7_204";"21:43:00";"21:43:00";"7612";"";"";"";"68";"";"";
"5107441775";"";"3734_3180896_7_204";"21:32:00";"21:32:00";"1008969";"";"";"";"61";"";"";
"5107441856";"";"3734_3180896_7_204";"21:34:00";"21:34:00";"6687";"";"";"";"63";"";"";
"5107442265";"";"3734_3180896_7_204";"21:33:00";"21:33:00";"6686";"";"";"";"62";"";"";
"5107442424";"";"3734_3180896_7_204";"21:38:00";"21:38:00";"1002799";"";"";"";"65";"";"";
"5107442585";"";"3734_3180896_7_204";"21:29:00";"21:29:00";"6742";"";"";"";"59";"";"";
"5107442626";"";"3734_3180896_7_204";"21:30:00";"21:30:00";"10044";"";"";"";"60";"";"";
"5107442720";"";"3734_3180896_7_204";"21:36:00";"21:36:00";"6688";"";"";"";"64";"";"";
"5107444387";"";"3734_3180896_7_204";"21:25:00";"21:25:00";"6682";"";"";"";"56";"";"";
"5107444550";"";"3734_3180896_7_204";"21:27:00";"21:27:00";"6683";"";"";"";"57";"";"";
"5107444681";"";"3734_3180896_7_204";"21:28:00";"21:28:00";"6684";"";"";"";"58";"";"";
"5107444874";"";"3734_3180896_7_204";"21:24:00";"21:24:00";"6681";"";"";"";"55";"";"";
"5107445501";"";"3734_3180896_7_204";"21:23:00";"21:23:00";"6680";"";"";"";"54";"";"";
"5107446281";"";"3734_3180896_7_204";"21:20:00";"21:20:00";"7589";"";"";"";"52";"";"";
"5107446333";"";"3734_3180896_7_204";"21:18:00";"21:18:00";"9358";"";"";"";"51";"";"";
"5107446439";"";"3734_3180896_7_204";"21:15:00";"21:15:00";"7587";"";"";"";"49";"";"";
"5107447000";"";"3734_3180896_7_204";"21:22:00";"21:22:00";"7590";"";"";"";"53";"";"";
"5107447610";"";"3734_3180896_7_204";"21:13:00";"21:13:00";"16121";"";"";"";"48";"";"";
"5107448073";"";"3734_3180896_7_204";"21:05:00";"21:05:00";"22568";"";"";"";"43";"";"";
"5107448152";"";"3734_3180896_7_204";"21:11:00";"21:11:00";"7586";"";"";"";"47";"";"";
"5107448350";"";"3734_3180896_7_204";"21:17:00";"21:17:00";"7588";"";"";"";"50";"";"";
"5107448688";"";"3734_3180896_7_204";"21:09:00";"21:09:00";"7585";"";"";"";"46";"";"";
"5107448818";"";"3734_3180896_7_204";"21:07:00";"21:07:00";"7584";"";"";"";"45";"";"";
"5107449650";"";"3734_3180896_7_204";"21:06:00";"21:06:00";"7583";"";"";"";"44";"";"";
"5107449922";"";"3734_3180896_7_204";"21:00:00";"21:00:00";"22634";"";"";"";"41";"";"";
"5107450355";"";"3734_3180896_7_204";"21:04:00";"21:04:00";"22454";"";"";"";"42";"";"";
"5107450389";"";"3734_3180896_7_204";"20:58:00";"20:58:00";"22636";"";"";"";"40";"";"";
"5107450628";"";"3734_3180896_7_204";"20:56:00";"20:56:00";"22639";"";"";"";"39";"";"";
"5107451755";"";"3734_3180896_7_204";"20:51:00";"20:51:00";"4168";"";"";"";"36";"";"";
"5107452055";"";"3734_3180896_7_204";"20:53:00";"20:53:00";"10605";"";"";"";"37";"";"";
"5107452493";"";"3734_3180896_7_204";"20:50:00";"20:50:00";"4192";"";"";"";"35";"";"";
"5107452647";"";"3734_3180896_7_204";"20:55:00";"20:55:00";"13919";"";"";"";"38";"";"";
"5107453011";"";"3734_3180896_7_204";"20:48:00";"20:48:00";"13382";"";"";"";"34";"";"";
"5107453077";"";"3734_3180896_7_204";"20:43:00";"20:43:00";"4163";"";"";"";"31";"";"";
"5107453409";"";"3734_3180896_7_204";"20:44:00";"20:44:00";"4164";"";"";"";"32";"";"";
"5107453752";"";"3734_3180896_7_204";"20:42:00";"20:42:00";"4162";"";"";"";"30";"";"";
"5107454325";"";"3734_3180896_7_204";"20:46:00";"20:46:00";"1000865";"";"";"";"33";"";"";
"5107454458";"";"3734_3180896_7_204";"20:35:00";"20:35:00";"6146";"";"";"";"26";"";"";
"5107454514";"";"3734_3180896_7_204";"20:40:00";"20:40:00";"4161";"";"";"";"29";"";"";
"5107455174";"";"3734_3180896_7_204";"20:38:00";"20:38:00";"6265";"";"";"";"28";"";"";
"5107455661";"";"3734_3180896_7_204";"20:32:00";"20:32:00";"6145";"";"";"";"25";"";"";
"5107456086";"";"3734_3180896_7_204";"20:29:00";"20:29:00";"14572";"";"";"";"24";"";"";
"5107456326";"";"3734_3180896_7_204";"20:36:00";"20:36:00";"6147";"";"";"";"27";"";"";
"5107457187";"";"3734_3180896_7_204";"20:18:00";"20:18:00";"3939";"";"";"";"18";"";"";
"5107457285";"";"3734_3180896_7_204";"20:28:00";"20:28:00";"1009094";"";"";"";"23";"";"";
"5107457812";"";"3734_3180896_7_204";"20:21:00";"20:21:00";"3931";"";"";"";"20";"";"";
"5107457894";"";"3734_3180896_7_204";"20:23:00";"20:23:00";"6090";"";"";"";"21";"";"";
"5107458648";"";"3734_3180896_7_204";"20:13:00";"20:13:00";"3937";"";"";"";"15";"";"";
"5107458916";"";"3734_3180896_7_204";"20:27:00";"20:27:00";"6264";"";"";"";"22";"";"";
"5107459125";"";"3734_3180896_7_204";"20:19:00";"20:19:00";"1001339";"";"";"";"19";"";"";
"5107459479";"";"3734_3180896_7_204";"20:14:00";"20:14:00";"1002767";"";"";"";"16";"";"";
"5107460765";"";"3734_3180896_7_204";"20:17:00";"20:17:00";"3933";"";"";"";"17";"";"";
"5107461168";"";"3734_3180896_7_204";"20:09:00";"20:09:00";"22818";"";"";"";"12";"";"";
"5107461409";"";"3734_3180896_7_204";"20:08:00";"20:08:00";"4067";"";"";"";"11";"";"";
"5107461500";"";"3734_3180896_7_204";"20:10:00";"20:10:00";"4068";"";"";"";"13";"";"";
"5107461654";"";"3734_3180896_7_204";"20:12:00";"20:12:00";"15245";"";"";"";"14";"";"";
"5107462252";"";"3734_3180896_7_204";"20:07:00";"20:07:00";"5366";"";"";"";"10";"";"";
"5107462569";"";"3734_3180896_7_204";"20:03:00";"20:03:00";"4066";"";"";"";"8";"";"";
"5107462887";"";"3734_3180896_7_204";"20:05:00";"20:05:00";"4614";"";"";"";"9";"";"";
"5107462966";"";"3734_3180896_7_204";"20:02:00";"20:02:00";"4530";"";"";"";"7";"";"";
"5107463120";"";"3734_3180896_7_204";"19:59:00";"19:59:00";"4527";"";"";"";"4";"";"";
"5107463400";"";"3734_3180896_7_204";"19:56:00";"19:56:00";"6238";"";"";"";"2";"";"";
"5107463491";"";"3734_3180896_7_204";"20:01:00";"20:01:00";"4529";"";"";"";"6";"";"";
"5107464589";"";"3734_3180896_7_204";"19:55:00";"19:55:00";"6240";"";"";"";"1";"";"";
"5107464642";"";"3734_3180896_7_204";"20:00:00";"20:00:00";"4528";"";"";"";"5";"";"";
"5107465097";"";"3734_3180896_7_204";"19:57:00";"19:57:00";"6263";"";"";"";"3";"";"";
"5107493151";"";"4435_100038393_6_7";"10:48:00";"10:48:00";"698";"";"";"";"9";"";"";
"5107493255";"";"4435_100038393_6_7";"10:57:00";"10:57:00";"776";"";"";"";"17";"";"";
"5107493420";"";"4435_100038393_6_7";"10:51:00";"10:51:00";"738";"";"";"";"12";"";"";
"5107493472";"";"4435_100038393_6_7";"10:42:00";"10:42:00";"693";"";"";"";"4";"";"";
"5107493590";"";"4435_100038393_6_7";"11:00:00";"11:00:00";"14864";"";"";"";"19";"";"";
"5107493635";"";"4435_100038393_6_7";"10:50:00";"10:50:00";"701";"";"";"";"11";"";"";
"5107493744";"";"4435_100038393_6_7";"11:04:00";"11:04:00";"17827";"";"";"";"22";"";"";
"5107493753";"";"4435_100038393_6_7";"10:47:00";"10:47:00";"697";"";"";"";"8";"";"";
"5107493789";"";"4435_100038393_6_7";"10:43:00";"10:43:00";"694";"";"";"";"5";"";"";
"5107493809";"";"4435_100038393_6_7";"10:56:00";"10:56:00";"775";"";"";"";"16";"";"";
"5107493822";"";"4435_100038393_6_7";"10:59:00";"10:59:00";"18071";"";"";"";"18";"";"";
"5107493868";"";"4435_100038393_6_7";"10:53:00";"10:53:00";"14917";"";"";"";"13";"";"";
"5107493905";"";"4435_100038393_6_7";"10:49:00";"10:49:00";"699";"";"";"";"10";"";"";
"5107494076";"";"4435_100038393_6_7";"10:55:00";"10:55:00";"774";"";"";"";"15";"";"";
"5107494178";"";"4435_100038393_6_7";"11:02:00";"11:02:00";"17833";"";"";"";"21";"";"";
"5107494292";"";"4435_100038393_6_7";"11:01:00";"11:01:00";"17831";"";"";"";"20";"";"";
"5107494309";"";"4435_100038393_6_7";"10:54:00";"10:54:00";"773";"";"";"";"14";"";"";
"5107494337";"";"4435_100038393_6_7";"10:44:00";"10:44:00";"695";"";"";"";"6";"";"";
"5107494510";"";"4435_100038393_6_7";"10:40:00";"10:40:00";"729";"";"";"";"3";"";"";
"5107494530";"";"4435_100038393_6_7";"10:45:00";"10:45:00";"696";"";"";"";"7";"";"";
"5107495249";"";"4435_100038393_6_7";"10:38:00";"10:38:00";"10650";"";"";"";"1";"";"";
"5107495704";"";"4435_100038393_6_7";"10:39:00";"10:39:00";"728";"";"";"";"2";"";"";
"5107748028";"";"4435_100038393_15_5";"20:10:00";"20:10:00";"639";"";"";"";"12";"";"";
"5107748054";"";"4435_100038393_15_5";"20:18:00";"20:18:00";"706";"";"";"";"18";"";"";
"5107748087";"";"4435_100038393_15_5";"20:07:00";"20:07:00";"9783";"";"";"";"11";"";"";
"5107748103";"";"4435_100038393_15_5";"20:06:00";"20:06:00";"819";"";"";"";"10";"";"";
"5107748108";"";"4435_100038393_15_5";"20:16:00";"20:16:00";"704";"";"";"";"16";"";"";
"5107748143";"";"4435_100038393_15_5";"20:17:00";"20:17:00";"705";"";"";"";"17";"";"";
"5107748149";"";"4435_100038393_15_5";"20:19:00";"20:19:00";"707";"";"";"";"19";"";"";
"5107748196";"";"4435_100038393_15_5";"20:12:00";"20:12:00";"739";"";"";"";"13";"";"";
"5107748265";"";"4435_100038393_15_5";"20:15:00";"20:15:00";"703";"";"";"";"15";"";"";
"5107748277";"";"4435_100038393_15_5";"20:04:00";"20:04:00";"818";"";"";"";"9";"";"";
"5107748289";"";"4435_100038393_15_5";"20:22:00";"20:22:00";"709";"";"";"";"21";"";"";
"5107748296";"";"4435_100038393_15_5";"20:13:00";"20:13:00";"702";"";"";"";"14";"";"";
"5107748315";"";"4435_100038393_15_5";"20:20:00";"20:20:00";"708";"";"";"";"20";"";"";
"5107748332";"";"4435_100038393_15_5";"20:26:00";"20:26:00";"821";"";"";"";"23";"";"";
"5107748391";"";"4435_100038393_15_5";"20:26:00";"20:26:00";"10650";"";"";"";"24";"";"";
"5107748423";"";"4435_100038393_15_5";"20:03:00";"20:03:00";"817";"";"";"";"8";"";"";
"5107748447";"";"4435_100038393_15_5";"20:25:00";"20:25:00";"820";"";"";"";"22";"";"";
"5107748547";"";"4435_100038393_15_5";"19:57:00";"19:57:00";"17832";"";"";"";"2";"";"";
"5107748631";"";"4435_100038393_15_5";"20:00:00";"20:00:00";"18070";"";"";"";"5";"";"";
"5107748772";"";"4435_100038393_15_5";"19:59:00";"19:59:00";"14865";"";"";"";"4";"";"";
"5107748780";"";"4435_100038393_15_5";"19:58:00";"19:58:00";"17830";"";"";"";"3";"";"";
"5107748787";"";"4435_100038393_15_5";"20:02:00";"20:02:00";"816";"";"";"";"7";"";"";
"5107748893";"";"4435_100038393_15_5";"20:01:00";"20:01:00";"815";"";"";"";"6";"";"";
"5107748921";"";"4435_100038393_15_5";"19:54:00";"19:54:00";"17827";"";"";"";"1";"";"";
